date,sector,sentiment_score,ticker_count,tickers_with_headlines,headline_count,sentiment_lag1
2020-01-02,Comm,0.6,5,4,11,0.0
2020-01-02,Consumer,0.0,5,5,22,0.0
2020-01-02,Energy,0.4,5,5,21,0.0
2020-01-02,Financials,0.2,5,5,12,0.0
2020-01-02,Healthcare,0.7333333333333333,5,5,23,0.0
2020-01-02,Industrials,0.2,5,5,13,0.0
2020-01-02,Materials,0.0,5,3,7,0.0
2020-01-02,RealEstate,0.0,5,2,3,0.0
2020-01-02,Tech,0.5,5,4,25,0.0
2020-01-02,Utilities,0.2,5,1,1,0.0
2020-01-03,Comm,0.0,5,2,3,0.6
2020-01-03,Consumer,0.2,5,4,10,0.0
2020-01-03,Energy,0.8,5,5,28,0.4
2020-01-03,Financials,0.06666666666666667,5,3,8,0.2
2020-01-03,Healthcare,0.2,5,2,6,0.7333333333333333
2020-01-03,Industrials,-0.4,5,4,7,0.2
2020-01-03,Materials,0.26666666666666666,5,2,3,0.0
2020-01-03,RealEstate,0.2,5,3,5,0.0
2020-01-03,Tech,0.2,5,4,17,0.5
2020-01-03,Utilities,0.4,5,2,4,0.2
2020-01-06,Comm,0.2,5,3,16,0.0
2020-01-06,Consumer,0.5,5,5,44,0.2
2020-01-06,Energy,0.4,5,5,34,0.8
2020-01-06,Financials,-0.3,5,5,12,0.06666666666666667
2020-01-06,Healthcare,0.8,5,5,12,0.2
2020-01-06,Industrials,-0.26666666666666666,5,3,14,-0.4
2020-01-06,Materials,0.4,5,4,9,0.26666666666666666
2020-01-06,RealEstate,0.0,5,3,4,0.2
2020-01-06,Tech,0.0,5,5,13,0.2
2020-01-06,Utilities,0.0,5,4,6,0.4
2020-01-07,Comm,0.2,5,3,5,0.2
2020-01-07,Consumer,0.6,5,5,22,0.5
2020-01-07,Energy,0.24,5,3,12,0.4
2020-01-07,Financials,0.4,5,4,11,-0.3
2020-01-07,Healthcare,0.2,5,5,15,0.8
2020-01-07,Industrials,0.2,5,4,13,-0.26666666666666666
2020-01-07,Materials,0.2,5,3,3,0.4
2020-01-07,RealEstate,0.2,5,2,2,0.0
2020-01-07,Tech,0.6,5,4,21,0.0
2020-01-07,Utilities,0.2,5,1,1,0.0
2020-01-08,Comm,0.4,5,4,20,0.2
2020-01-08,Consumer,0.0,5,4,16,0.6
2020-01-08,Energy,0.33333333333333337,5,5,17,0.24
2020-01-08,Financials,0.2,5,3,4,0.4
2020-01-08,Healthcare,0.34285714285714286,5,3,13,0.2
2020-01-08,Industrials,0.0,5,3,12,0.2
2020-01-08,Materials,-0.2,5,2,6,0.2
2020-01-08,RealEstate,0.4,5,2,3,0.2
2020-01-08,Tech,0.8,5,4,22,0.6
2020-01-08,Utilities,0.0,5,3,3,0.2
2020-01-09,Comm,0.4,5,5,6,0.4
2020-01-09,Consumer,0.8,5,5,25,0.0
2020-01-09,Energy,0.2,5,4,10,0.33333333333333337
2020-01-09,Financials,0.2,5,5,11,0.2
2020-01-09,Healthcare,0.6,5,3,8,0.34285714285714286
2020-01-09,Industrials,0.0,5,5,9,0.0
2020-01-09,Materials,0.2,5,3,6,-0.2
2020-01-09,RealEstate,0.0,5,1,1,0.4
2020-01-09,Tech,0.6,5,5,17,0.8
2020-01-09,Utilities,0.2,5,4,5,0.0
2020-01-10,Comm,0.2,5,4,8,0.4
2020-01-10,Consumer,0.0,5,5,15,0.8
2020-01-10,Energy,0.0,5,5,15,0.2
2020-01-10,Financials,0.06666666666666667,5,3,7,0.2
2020-01-10,Healthcare,0.0,5,5,12,0.6
2020-01-10,Industrials,0.0,5,3,8,0.0
2020-01-10,Materials,0.4,5,4,4,0.2
2020-01-10,RealEstate,0.0,5,5,6,0.0
2020-01-10,Tech,0.5666666666666667,5,4,21,0.6
2020-01-10,Utilities,0.4,5,4,7,0.2
2020-01-13,Comm,0.2,5,2,14,0.2
2020-01-13,Consumer,0.5666666666666667,5,5,29,0.0
2020-01-13,Energy,0.4,5,5,19,0.0
2020-01-13,Financials,0.12,5,5,33,0.06666666666666667
2020-01-13,Healthcare,0.8,5,5,24,0.0
2020-01-13,Industrials,0.0,5,4,10,0.0
2020-01-13,Materials,0.2,5,2,4,0.4
2020-01-13,RealEstate,0.2,5,1,3,0.0
2020-01-13,Tech,0.4666666666666666,5,5,39,0.5666666666666667
2020-01-13,Utilities,0.2,5,4,6,0.4
2020-01-14,Comm,0.0,5,2,4,0.2
2020-01-14,Consumer,0.6,5,5,19,0.5666666666666667
2020-01-14,Energy,0.8,5,5,23,0.4
2020-01-14,Financials,0.12,5,5,38,0.12
2020-01-14,Healthcare,0.2,5,4,9,0.8
2020-01-14,Industrials,0.2,5,3,10,0.0
2020-01-14,Materials,0.2,5,2,4,0.2
2020-01-14,RealEstate,0.0,5,1,2,0.2
2020-01-14,Tech,0.6,5,3,12,0.4666666666666666
2020-01-14,Utilities,0.0,5,3,5,0.2
2020-01-15,Comm,0.0,5,3,9,0.0
2020-01-15,Consumer,0.6,5,4,27,0.6
2020-01-15,Energy,0.7333333333333334,5,5,13,0.8
2020-01-15,Financials,0.13999999999999999,5,5,36,0.12
2020-01-15,Healthcare,0.2,5,3,12,0.2
2020-01-15,Industrials,0.6,5,4,10,0.2
2020-01-15,Materials,0.2,5,2,4,0.2
2020-01-15,RealEstate,0.2,5,2,7,0.0
2020-01-15,Tech,0.4,5,5,24,0.6
2020-01-15,Utilities,0.2,5,4,10,0.0
2020-01-16,Comm,0.6,5,4,17,0.0
2020-01-16,Consumer,0.2,5,4,19,0.6
2020-01-16,Energy,0.4,5,3,13,0.7333333333333334
2020-01-16,Financials,0.6666666666666666,5,5,46,0.13999999999999999
2020-01-16,Healthcare,0.4,5,4,8,0.2
2020-01-16,Industrials,0.2,5,2,4,0.6
2020-01-16,Materials,0.4,5,4,4,0.2
2020-01-16,RealEstate,0.2,5,3,3,0.2
2020-01-16,Tech,0.7,5,4,19,0.4
2020-01-16,Utilities,0.2,5,4,11,0.2
2020-01-17,Comm,0.0,5,3,8,0.6
2020-01-17,Consumer,0.6,5,5,23,0.2
2020-01-17,Energy,0.27999999999999997,5,4,31,0.4
2020-01-17,Financials,0.6,5,5,17,0.6666666666666666
2020-01-17,Healthcare,-0.2,5,3,11,0.4
2020-01-17,Industrials,0.4,5,4,12,0.2
2020-01-17,Materials,0.2,5,3,5,0.4
2020-01-17,RealEstate,0.2,5,2,3,0.2
2020-01-17,Tech,0.9,5,5,38,0.7
2020-01-17,Utilities,0.2,5,5,17,0.2
2020-01-21,Comm,0.4,5,4,19,0.0
2020-01-21,Consumer,0.8,5,5,51,0.6
2020-01-21,Energy,0.1,5,4,28,0.27999999999999997
2020-01-21,Financials,0.7333333333333334,5,5,29,0.6
2020-01-21,Healthcare,0.4,5,5,21,-0.2
2020-01-21,Industrials,0.26666666666666666,5,5,16,0.4
2020-01-21,Materials,0.2,5,4,11,0.2
2020-01-21,RealEstate,0.4,5,3,7,0.2
2020-01-21,Tech,0.5,5,5,44,0.9
2020-01-21,Utilities,0.2,5,5,15,0.2
2020-01-22,Comm,0.0,5,3,4,0.4
2020-01-22,Consumer,0.5333333333333333,5,5,32,0.8
2020-01-22,Energy,0.6,5,4,11,0.1
2020-01-22,Financials,0.0,5,3,4,0.7333333333333334
2020-01-22,Healthcare,0.8,5,4,13,0.4
2020-01-22,Industrials,0.2,5,3,12,0.26666666666666666
2020-01-22,Materials,-0.2,5,3,4,0.2
2020-01-22,RealEstate,0.2,5,3,7,0.4
2020-01-22,Tech,0.4,5,4,14,0.5
2020-01-22,Utilities,0.8,5,4,18,0.2
2020-01-23,Comm,0.5599999999999999,5,5,22,0.0
2020-01-23,Consumer,0.6,5,5,22,0.5333333333333333
2020-01-23,Energy,0.0,5,5,17,0.6
2020-01-23,Financials,0.2,5,5,14,0.0
2020-01-23,Healthcare,0.4,5,5,20,0.8
2020-01-23,Industrials,0.4,5,4,14,0.2
2020-01-23,Materials,0.4,5,5,9,-0.2
2020-01-23,RealEstate,0.4,5,3,4,0.2
2020-01-23,Tech,0.4545454545454545,5,5,36,0.4
2020-01-23,Utilities,0.0,5,4,8,0.8
2020-01-24,Comm,0.5,5,4,24,0.5599999999999999
2020-01-24,Consumer,0.34285714285714286,5,5,23,0.6
2020-01-24,Energy,0.26666666666666666,5,5,14,0.0
2020-01-24,Financials,-0.26666666666666666,5,3,6,0.2
2020-01-24,Healthcare,0.4,5,5,14,0.4
2020-01-24,Industrials,0.2,5,3,11,0.4
2020-01-24,Materials,0.0,5,3,11,0.4
2020-01-24,RealEstate,0.0,5,2,5,0.4
2020-01-24,Tech,0.6380952380952382,5,5,46,0.4545454545454545
2020-01-24,Utilities,0.4,5,5,28,0.0
2020-01-27,Comm,-0.08,5,4,20,0.5
2020-01-27,Consumer,0.6,5,5,42,0.34285714285714286
2020-01-27,Energy,-0.2,5,5,22,0.26666666666666666
2020-01-27,Financials,0.33333333333333337,5,3,5,-0.26666666666666666
2020-01-27,Healthcare,0.8666666666666666,5,5,23,0.4
2020-01-27,Industrials,-0.13333333333333336,5,5,18,0.2
2020-01-27,Materials,-0.2,5,4,14,0.0
2020-01-27,RealEstate,0.2,5,3,6,0.0
2020-01-27,Tech,0.0,5,5,31,0.6380952380952382
2020-01-27,Utilities,0.4,5,4,21,0.4
2020-01-28,Comm,0.4,5,4,15,-0.08
2020-01-28,Consumer,0.34285714285714286,5,4,37,0.6
2020-01-28,Energy,0.2,5,2,6,-0.2
2020-01-28,Financials,0.2,5,4,10,0.33333333333333337
2020-01-28,Healthcare,1.0,5,5,12,0.8666666666666666
2020-01-28,Industrials,-0.14285714285714288,5,4,34,-0.13333333333333336
2020-01-28,Materials,0.2,5,5,16,-0.2
2020-01-28,RealEstate,0.2,5,3,4,0.2
2020-01-28,Tech,0.4333333333333333,5,4,30,0.0
2020-01-28,Utilities,0.6,5,4,14,0.4
2020-01-29,Comm,0.6,5,4,11,0.4
2020-01-29,Consumer,0.16,5,5,35,0.34285714285714286
2020-01-29,Energy,0.2,5,4,13,0.2
2020-01-29,Financials,0.0,5,4,7,0.2
2020-01-29,Healthcare,0.6,5,5,12,1.0
2020-01-29,Industrials,0.27999999999999997,5,4,28,-0.14285714285714288
2020-01-29,Materials,0.13333333333333333,5,3,20,0.2
2020-01-29,RealEstate,0.0,5,3,5,0.2
2020-01-29,Tech,0.5714285714285714,5,4,33,0.4333333333333333
2020-01-29,Utilities,0.6,5,4,11,0.6
2020-01-30,Comm,0.13333333333333336,5,4,18,0.6
2020-01-30,Consumer,0.4909090909090909,5,5,40,0.16
2020-01-30,Energy,0.4,5,4,15,0.2
2020-01-30,Financials,0.0,5,3,9,0.0
2020-01-30,Healthcare,0.24,5,3,16,0.6
2020-01-30,Industrials,0.2,5,4,13,0.27999999999999997
2020-01-30,Materials,-0.2,5,4,32,0.13333333333333333
2020-01-30,RealEstate,0.2,5,5,7,0.0
2020-01-30,Tech,0.2,5,4,21,0.5714285714285714
2020-01-30,Utilities,-0.02666666666666666,5,4,11,0.6
2020-01-31,Comm,0.3666666666666667,5,4,15,0.13333333333333336
2020-01-31,Consumer,0.5733333333333334,5,4,25,0.4909090909090909
2020-01-31,Energy,0.06222222222222222,5,5,31,0.4
2020-01-31,Financials,0.0,5,4,12,0.0
2020-01-31,Healthcare,0.2,5,4,25,0.24
2020-01-31,Industrials,-0.046153846153846156,5,5,26,0.2
2020-01-31,Materials,-0.06666666666666665,5,4,15,-0.2
2020-01-31,RealEstate,0.2,5,3,4,0.2
2020-01-31,Tech,0.4666666666666667,5,4,15,0.2
2020-01-31,Utilities,0.2,5,4,9,-0.02666666666666666
2020-02-03,Comm,0.12,5,5,21,0.3666666666666667
2020-02-03,Consumer,0.8,5,5,39,0.5733333333333334
2020-02-03,Energy,0.05714285714285714,5,5,25,0.06222222222222222
2020-02-03,Financials,0.2,5,4,6,0.0
2020-02-03,Healthcare,0.6666666666666666,5,5,51,0.2
2020-02-03,Industrials,0.4,5,5,14,-0.046153846153846156
2020-02-03,Materials,0.4,5,4,12,-0.06666666666666665
2020-02-03,RealEstate,0.2,5,2,3,0.2
2020-02-03,Tech,0.4,5,3,11,0.4666666666666667
2020-02-03,Utilities,0.36,5,4,14,0.2
2020-02-04,Comm,0.6,5,5,17,0.12
2020-02-04,Consumer,0.8,5,5,52,0.8
2020-02-04,Energy,0.33333333333333337,5,5,20,0.05714285714285714
2020-02-04,Financials,0.4,5,4,6,0.2
2020-02-04,Healthcare,0.24,5,4,26,0.6666666666666666
2020-02-04,Industrials,0.2,5,4,11,0.4
2020-02-04,Materials,0.2,5,4,7,0.4
2020-02-04,RealEstate,0.4,5,4,8,0.2
2020-02-04,Tech,0.6,5,5,20,0.4
2020-02-04,Utilities,0.4,5,4,7,0.36
2020-02-05,Comm,0.2,5,4,12,0.6
2020-02-05,Consumer,-0.11428571428571428,5,4,43,0.8
2020-02-05,Energy,0.8,5,5,18,0.33333333333333337
2020-02-05,Financials,-0.2,5,3,4,0.4
2020-02-05,Healthcare,0.6266666666666667,5,5,50,0.24
2020-02-05,Industrials,0.4,5,4,12,0.2
2020-02-05,Materials,0.4,5,4,9,0.2
2020-02-05,RealEstate,0.0,5,1,3,0.4
2020-02-05,Tech,0.6,5,4,32,0.6
2020-02-05,Utilities,0.6,5,5,18,0.4
2020-02-06,Comm,0.8,5,5,19,0.2
2020-02-06,Consumer,0.4,5,4,24,-0.11428571428571428
2020-02-06,Energy,0.26666666666666666,5,4,11,0.8
2020-02-06,Financials,0.4,5,5,11,-0.2
2020-02-06,Healthcare,0.8,5,5,25,0.6266666666666667
2020-02-06,Industrials,0.0,5,2,6,0.4
2020-02-06,Materials,0.4,5,4,14,0.4
2020-02-06,RealEstate,0.2,5,4,7,0.0
2020-02-06,Tech,0.4444444444444445,5,5,22,0.6
2020-02-06,Utilities,0.6,5,4,12,0.6
2020-02-07,Comm,-0.2,5,4,13,0.8
2020-02-07,Consumer,0.32,5,4,21,0.4
2020-02-07,Energy,0.0,5,5,14,0.26666666666666666
2020-02-07,Financials,0.2,5,3,9,0.4
2020-02-07,Healthcare,0.2,5,5,25,0.8
2020-02-07,Industrials,0.2,5,2,6,0.0
2020-02-07,Materials,0.16,5,3,9,0.4
2020-02-07,RealEstate,0.0,5,2,3,0.2
2020-02-07,Tech,0.12000000000000002,5,5,13,0.4444444444444445
2020-02-07,Utilities,0.2,5,4,11,0.6
2020-02-10,Comm,0.3,5,4,20,-0.2
2020-02-10,Consumer,0.6285714285714286,5,5,37,0.32
2020-02-10,Energy,0.2,5,5,11,0.0
2020-02-10,Financials,0.4,5,3,6,0.2
2020-02-10,Healthcare,0.6666666666666666,5,4,25,0.2
2020-02-10,Industrials,0.2,5,4,19,0.2
2020-02-10,Materials,0.0,5,5,7,0.16
2020-02-10,RealEstate,0.2,5,4,13,0.0
2020-02-10,Tech,1.0,5,5,24,0.12000000000000002
2020-02-10,Utilities,0.2,5,4,10,0.2
2020-02-11,Comm,0.4,5,4,24,0.3
2020-02-11,Consumer,0.4,5,5,28,0.6285714285714286
2020-02-11,Energy,0.6,5,5,21,0.2
2020-02-11,Financials,0.2,5,4,11,0.4
2020-02-11,Healthcare,0.3333333333333333,5,3,17,0.6666666666666666
2020-02-11,Industrials,0.4,5,4,7,0.2
2020-02-11,Materials,0.2,5,5,14,0.0
2020-02-11,RealEstate,0.42000000000000004,5,3,14,0.2
2020-02-11,Tech,0.49333333333333335,5,4,28,1.0
2020-02-11,Utilities,-0.08,5,4,26,0.2
2020-02-12,Comm,0.8,5,5,18,0.4
2020-02-12,Consumer,0.6,5,5,26,0.4
2020-02-12,Energy,0.2,5,5,17,0.6
2020-02-12,Financials,0.2,5,4,6,0.2
2020-02-12,Healthcare,0.8,5,4,15,0.3333333333333333
2020-02-12,Industrials,0.6,5,5,7,0.4
2020-02-12,Materials,0.0,5,4,4,0.2
2020-02-12,RealEstate,0.4,5,2,5,0.42000000000000004
2020-02-12,Tech,0.6666666666666667,5,4,15,0.49333333333333335
2020-02-12,Utilities,0.6,5,4,17,-0.08
2020-02-13,Comm,0.8,5,5,20,0.8
2020-02-13,Consumer,0.7,5,5,37,0.6
2020-02-13,Energy,0.4,5,4,22,0.2
2020-02-13,Financials,0.6,5,5,12,0.2
2020-02-13,Healthcare,0.8,5,5,14,0.8
2020-02-13,Industrials,0.2,5,5,14,0.6
2020-02-13,Materials,0.4,5,3,13,0.0
2020-02-13,RealEstate,0.2,5,4,12,0.4
2020-02-13,Tech,0.4,5,4,19,0.6666666666666667
2020-02-13,Utilities,0.18333333333333332,5,4,28,0.6
2020-02-14,Comm,0.0,5,1,1,0.8
2020-02-14,Consumer,0.6,5,5,23,0.7
2020-02-14,Energy,0.0,5,4,12,0.4
2020-02-14,Financials,-0.2,5,3,7,0.6
2020-02-14,Healthcare,0.2,5,4,7,0.8
2020-02-14,Industrials,0.8,5,5,13,0.2
2020-02-14,Materials,0.2,5,3,10,0.4
2020-02-14,RealEstate,0.4,5,4,9,0.2
2020-02-14,Tech,0.5888888888888889,5,4,45,0.4
2020-02-14,Utilities,0.6,5,4,19,0.18333333333333332
2020-02-18,Comm,0.4,5,5,23,0.0
2020-02-18,Consumer,0.25,5,5,54,0.6
2020-02-18,Energy,0.4666666666666666,5,5,22,0.0
2020-02-18,Financials,-0.2,5,5,20,-0.2
2020-02-18,Healthcare,0.6761904761904762,5,4,30,0.2
2020-02-18,Industrials,-0.2,5,3,5,0.8
2020-02-18,Materials,0.24,5,5,24,0.2
2020-02-18,RealEstate,0.4,5,4,14,0.4
2020-02-18,Tech,0.2533333333333333,5,5,28,0.5888888888888889
2020-02-18,Utilities,0.5,5,4,33,0.6
2020-02-19,Comm,0.4,5,2,7,0.4
2020-02-19,Consumer,0.6,5,5,20,0.25
2020-02-19,Energy,0.2,5,4,9,0.4666666666666666
2020-02-19,Financials,0.2,5,4,8,-0.2
2020-02-19,Healthcare,0.6,5,5,19,0.6761904761904762
2020-02-19,Industrials,0.0,5,4,6,-0.2
2020-02-19,Materials,0.2,5,3,8,0.24
2020-02-19,RealEstate,0.8,5,5,11,0.4
2020-02-19,Tech,1.0,5,5,28,0.2533333333333333
2020-02-19,Utilities,-0.1,5,3,13,0.5
2020-02-20,Comm,0.4,5,3,15,0.4
2020-02-20,Consumer,0.2,5,5,18,0.6
2020-02-20,Energy,0.2,5,3,8,0.2
2020-02-20,Financials,0.02857142857142856,5,4,43,0.2
2020-02-20,Healthcare,0.2,5,3,11,0.6
2020-02-20,Industrials,0.2,5,4,10,0.0
2020-02-20,Materials,0.13333333333333333,5,3,18,0.2
2020-02-20,RealEstate,0.6,5,4,13,0.8
2020-02-20,Tech,0.0,5,5,30,1.0
2020-02-20,Utilities,-0.02666666666666666,5,5,27,-0.1
2020-02-21,Comm,0.6,5,3,7,0.4
2020-02-21,Consumer,0.6,5,4,22,0.2
2020-02-21,Energy,-0.8,5,5,15,0.2
2020-02-21,Financials,0.16,5,5,19,0.02857142857142856
2020-02-21,Healthcare,0.6,5,4,14,0.2
2020-02-21,Industrials,0.6,5,5,7,0.2
2020-02-21,Materials,0.4,5,3,9,0.13333333333333333
2020-02-21,RealEstate,0.4,5,4,5,0.6
2020-02-21,Tech,-0.4,5,5,16,0.0
2020-02-21,Utilities,0.4,5,2,10,-0.02666666666666666
2020-02-24,Comm,0.2,5,3,10,0.6
2020-02-24,Consumer,0.33333333333333337,5,5,28,0.6
2020-02-24,Energy,-0.33333333333333337,5,5,24,-0.8
2020-02-24,Financials,0.06666666666666667,5,4,15,0.16
2020-02-24,Healthcare,0.6,5,5,28,0.6
2020-02-24,Industrials,0.6,5,5,21,0.6
2020-02-24,Materials,0.36666666666666664,5,5,22,0.4
2020-02-24,RealEstate,0.0,5,3,7,0.4
2020-02-24,Tech,0.4333333333333333,5,5,24,-0.4
2020-02-24,Utilities,0.2,5,5,13,0.4
2020-02-25,Comm,0.0,5,3,5,0.2
2020-02-25,Consumer,0.2,5,5,29,0.33333333333333337
2020-02-25,Energy,-0.6,5,5,17,-0.33333333333333337
2020-02-25,Financials,-0.06666666666666667,5,5,15,0.06666666666666667
2020-02-25,Healthcare,0.33333333333333337,5,5,24,0.6
2020-02-25,Industrials,-0.3,5,4,9,0.6
2020-02-25,Materials,-0.2,5,3,6,0.36666666666666664
2020-02-25,RealEstate,0.06666666666666667,5,4,18,0.0
2020-02-25,Tech,0.6666666666666666,5,5,15,0.4333333333333333
2020-02-25,Utilities,0.8,5,4,12,0.2
2020-02-26,Comm,0.3,5,4,10,0.0
2020-02-26,Consumer,0.27,5,5,49,0.2
2020-02-26,Energy,0.5,5,5,17,-0.6
2020-02-26,Financials,0.4,5,5,15,-0.06666666666666667
2020-02-26,Healthcare,0.5,5,5,32,0.33333333333333337
2020-02-26,Industrials,0.0,5,3,15,-0.3
2020-02-26,Materials,0.2,5,3,4,-0.2
2020-02-26,RealEstate,0.13333333333333336,5,5,22,0.06666666666666667
2020-02-26,Tech,0.6666666666666666,5,5,20,0.6666666666666666
2020-02-26,Utilities,0.4,5,2,5,0.8
2020-02-27,Comm,0.4,5,4,8,0.3
2020-02-27,Consumer,0.09523809523809523,5,5,30,0.27
2020-02-27,Energy,0.05714285714285714,5,5,32,0.5
2020-02-27,Financials,0.2,5,5,16,0.4
2020-02-27,Healthcare,0.34285714285714286,5,5,37,0.5
2020-02-27,Industrials,0.6,5,4,12,0.0
2020-02-27,Materials,-0.2,5,4,12,0.2
2020-02-27,RealEstate,-0.26666666666666666,5,4,19,0.13333333333333336
2020-02-27,Tech,-0.8,5,5,24,0.6666666666666666
2020-02-27,Utilities,0.06666666666666667,5,5,21,0.4
2020-02-28,Comm,0.0,5,5,17,0.4
2020-02-28,Consumer,-0.06666666666666665,5,5,26,0.09523809523809523
2020-02-28,Energy,0.4,5,5,26,0.05714285714285714
2020-02-28,Financials,-0.4666666666666666,5,4,16,0.2
2020-02-28,Healthcare,0.11111111111111112,5,5,27,0.34285714285714286
2020-02-28,Industrials,-0.08,5,4,16,0.6
2020-02-28,Materials,-0.2,5,3,8,-0.2
2020-02-28,RealEstate,-0.22857142857142856,5,5,19,-0.26666666666666666
2020-02-28,Tech,0.4,5,3,9,-0.8
2020-02-28,Utilities,-0.8,5,4,12,0.06666666666666667
2020-03-02,Comm,0.8,5,4,17,0.0
2020-03-02,Consumer,0.3333333333333333,5,5,40,-0.06666666666666665
2020-03-02,Energy,-0.2,5,4,16,0.4
2020-03-02,Financials,0.6,5,4,11,-0.4666666666666666
2020-03-02,Healthcare,0.975,5,5,46,0.11111111111111112
2020-03-02,Industrials,0.0,5,4,8,-0.08
2020-03-02,Materials,0.4,5,5,12,-0.2
2020-03-02,RealEstate,0.33333333333333337,5,3,14,-0.22857142857142856
2020-03-02,Tech,0.6,5,5,20,0.4
2020-03-02,Utilities,0.4,5,5,13,-0.8
2020-03-03,Comm,0.2,5,4,11,0.8
2020-03-03,Consumer,0.1,5,5,28,0.3333333333333333
2020-03-03,Energy,0.24761904761904763,5,5,23,-0.2
2020-03-03,Financials,-0.8666666666666666,5,5,16,0.6
2020-03-03,Healthcare,0.2,5,5,19,0.975
2020-03-03,Industrials,0.0,5,2,5,0.0
2020-03-03,Materials,0.33333333333333337,5,3,8,0.4
2020-03-03,RealEstate,0.0,5,3,6,0.33333333333333337
2020-03-03,Tech,0.15555555555555553,5,5,24,0.6
2020-03-03,Utilities,0.4,5,4,9,0.4
2020-03-04,Comm,0.0,5,4,7,0.2
2020-03-04,Consumer,0.32,5,5,24,0.1
2020-03-04,Energy,0.16666666666666666,5,5,19,0.24761904761904763
2020-03-04,Financials,0.6,5,5,14,-0.8666666666666666
2020-03-04,Healthcare,0.5333333333333333,5,5,23,0.2
2020-03-04,Industrials,0.2,5,5,20,0.0
2020-03-04,Materials,0.2,5,3,4,0.33333333333333337
2020-03-04,RealEstate,0.4666666666666666,5,3,7,0.0
2020-03-04,Tech,1.0,5,5,18,0.15555555555555553
2020-03-04,Utilities,0.64,5,4,10,0.4
2020-03-05,Comm,0.4,5,5,10,0.0
2020-03-05,Consumer,0.0,5,5,27,0.32
2020-03-05,Energy,-0.1,5,5,20,0.16666666666666666
2020-03-05,Financials,0.16666666666666666,5,5,17,0.6
2020-03-05,Healthcare,0.6666666666666666,5,4,22,0.5333333333333333
2020-03-05,Industrials,-0.4,5,4,12,0.2
2020-03-05,Materials,0.0,5,3,8,0.2
2020-03-05,RealEstate,0.2,5,3,3,0.4666666666666666
2020-03-05,Tech,0.0,5,5,14,1.0
2020-03-05,Utilities,0.4,5,4,7,0.64
2020-03-06,Comm,0.0,5,2,6,0.4
2020-03-06,Consumer,0.25,5,4,26,0.0
2020-03-06,Energy,-0.5714285714285714,5,5,29,-0.1
2020-03-06,Financials,-0.05333333333333333,5,4,17,0.16666666666666666
2020-03-06,Healthcare,0.2,5,3,19,0.6666666666666666
2020-03-06,Industrials,0.0,5,4,9,-0.4
2020-03-06,Materials,0.0,5,4,7,0.0
2020-03-06,RealEstate,0.4,5,2,3,0.2
2020-03-06,Tech,-0.18333333333333335,5,5,25,0.0
2020-03-06,Utilities,-0.6,5,4,12,0.4
2020-03-09,Comm,0.1,5,4,16,0.0
2020-03-09,Consumer,0.2,5,5,31,0.25
2020-03-09,Energy,-0.5657142857142857,5,5,54,-0.5714285714285714
2020-03-09,Financials,-0.6,5,5,25,-0.05333333333333333
2020-03-09,Healthcare,0.4,5,5,34,0.2
2020-03-09,Industrials,-0.2,5,5,13,0.0
2020-03-09,Materials,0.0,5,4,17,0.0
2020-03-09,RealEstate,-0.2,5,4,7,0.4
2020-03-09,Tech,-0.1,5,5,21,-0.18333333333333335
2020-03-09,Utilities,0.4,5,4,12,-0.6
2020-03-10,Comm,0.8,5,5,18,0.1
2020-03-10,Consumer,0.4,5,4,26,0.2
2020-03-10,Energy,0.2,5,5,48,-0.5657142857142857
2020-03-10,Financials,0.6,5,5,21,-0.6
2020-03-10,Healthcare,0.2,5,3,19,0.4
2020-03-10,Industrials,0.2,5,5,12,-0.2
2020-03-10,Materials,0.2,5,4,10,0.0
2020-03-10,RealEstate,0.0,5,3,3,-0.2
2020-03-10,Tech,1.0,5,5,9,-0.1
2020-03-10,Utilities,0.2,5,4,6,0.4
2020-03-11,Comm,0.0,5,4,9,0.8
2020-03-11,Consumer,-0.2,5,4,23,0.4
2020-03-11,Energy,0.02857142857142859,5,5,33,0.2
2020-03-11,Financials,0.0,5,5,10,0.6
2020-03-11,Healthcare,0.0,5,5,22,0.2
2020-03-11,Industrials,-0.26666666666666666,5,4,14,0.2
2020-03-11,Materials,0.4666666666666666,5,3,21,0.2
2020-03-11,RealEstate,0.2,5,5,7,0.0
2020-03-11,Tech,0.06666666666666668,5,5,17,1.0
2020-03-11,Utilities,0.0,5,4,7,0.2
2020-03-12,Comm,0.13333333333333336,5,3,12,0.0
2020-03-12,Consumer,0.3111111111111111,5,5,47,-0.2
2020-03-12,Energy,-0.033333333333333326,5,5,29,0.02857142857142859
2020-03-12,Financials,0.0,5,5,22,0.0
2020-03-12,Healthcare,-0.2,5,5,21,0.0
2020-03-12,Industrials,-0.6,5,5,18,-0.26666666666666666
2020-03-12,Materials,-0.3333333333333333,5,3,11,0.4666666666666666
2020-03-12,RealEstate,-0.2,5,4,6,0.2
2020-03-12,Tech,-0.09333333333333332,5,5,26,0.06666666666666668
2020-03-12,Utilities,-0.8,5,4,26,0.0
2020-03-13,Comm,0.25333333333333335,5,3,16,0.13333333333333336
2020-03-13,Consumer,0.29523809523809524,5,3,31,0.3111111111111111
2020-03-13,Energy,0.75,5,5,30,-0.033333333333333326
2020-03-13,Financials,0.8,5,5,15,0.0
2020-03-13,Healthcare,0.4,5,4,15,-0.2
2020-03-13,Industrials,0.26666666666666666,5,5,9,-0.6
2020-03-13,Materials,-0.2,5,3,6,-0.3333333333333333
2020-03-13,RealEstate,0.6,5,4,6,-0.2
2020-03-13,Tech,0.8,5,5,37,-0.09333333333333332
2020-03-13,Utilities,0.4,5,4,7,-0.8
2020-03-16,Comm,0.26666666666666666,5,4,28,0.25333333333333335
2020-03-16,Consumer,-0.3,5,5,54,0.29523809523809524
2020-03-16,Energy,-0.5866666666666667,5,5,42,0.75
2020-03-16,Financials,0.4,5,5,25,0.8
2020-03-16,Healthcare,0.26666666666666666,5,4,21,0.4
2020-03-16,Industrials,0.3111111111111111,5,5,23,0.26666666666666666
2020-03-16,Materials,-0.06666666666666665,5,4,13,-0.2
2020-03-16,RealEstate,-0.6,5,4,13,0.6
2020-03-16,Tech,-0.7333333333333334,5,5,26,0.8
2020-03-16,Utilities,-0.1,5,4,17,0.4
2020-03-17,Comm,0.2,5,4,17,0.26666666666666666
2020-03-17,Consumer,1.0,5,5,36,-0.3
2020-03-17,Energy,-0.31999999999999995,5,5,18,-0.5866666666666667
2020-03-17,Financials,0.4666666666666667,5,5,15,0.4
2020-03-17,Healthcare,0.6,5,5,20,0.26666666666666666
2020-03-17,Industrials,0.4,5,4,14,0.3111111111111111
2020-03-17,Materials,0.4,5,3,11,-0.06666666666666665
2020-03-17,RealEstate,0.4,5,2,5,-0.6
2020-03-17,Tech,0.9,5,5,21,-0.7333333333333334
2020-03-17,Utilities,0.8,5,4,7,-0.1
2020-03-18,Comm,0.2,5,4,11,0.2
2020-03-18,Consumer,0.4,5,5,35,1.0
2020-03-18,Energy,-0.12,5,5,29,-0.31999999999999995
2020-03-18,Financials,-0.2,5,5,13,0.4666666666666667
2020-03-18,Healthcare,0.4,5,3,25,0.6
2020-03-18,Industrials,0.4,5,5,17,0.4
2020-03-18,Materials,0.2,5,3,7,0.4
2020-03-18,RealEstate,0.2,5,2,4,0.4
2020-03-18,Tech,-0.3333333333333333,5,5,21,0.9
2020-03-18,Utilities,0.0,5,4,6,0.8
2020-03-19,Comm,0.4,5,5,14,0.2
2020-03-19,Consumer,0.2,5,5,34,0.4
2020-03-19,Energy,0.4666666666666667,5,4,15,-0.12
2020-03-19,Financials,-0.4,5,4,10,-0.2
2020-03-19,Healthcare,0.1,5,2,24,0.4
2020-03-19,Industrials,0.18666666666666668,5,3,16,0.4
2020-03-19,Materials,0.4,5,4,13,0.2
2020-03-19,RealEstate,0.2,5,3,5,0.2
2020-03-19,Tech,0.4533333333333333,5,5,19,-0.3333333333333333
2020-03-19,Utilities,0.4,5,3,6,0.0
2020-03-20,Comm,0.0,5,3,6,0.4
2020-03-20,Consumer,0.7666666666666666,5,5,54,0.2
2020-03-20,Energy,-0.13333333333333336,5,5,29,0.4666666666666667
2020-03-20,Financials,0.4,5,5,12,-0.4
2020-03-20,Healthcare,0.4,5,4,19,0.1
2020-03-20,Industrials,0.4,5,3,19,0.18666666666666668
2020-03-20,Materials,0.2,5,3,5,0.4
2020-03-20,RealEstate,0.2,5,3,7,0.2
2020-03-20,Tech,1.0,5,5,20,0.4533333333333333
2020-03-20,Utilities,0.2,5,4,10,0.4
2020-03-23,Comm,0.5333333333333334,5,5,28,0.0
2020-03-23,Consumer,0.6461538461538462,5,5,64,0.7666666666666666
2020-03-23,Energy,-0.4,5,5,26,-0.13333333333333336
2020-03-23,Financials,0.0,5,5,18,0.4
2020-03-23,Healthcare,0.2,5,4,30,0.4
2020-03-23,Industrials,-0.33333333333333337,5,5,23,0.4
2020-03-23,Materials,0.4,5,5,15,0.2
2020-03-23,RealEstate,0.2,5,4,7,0.2
2020-03-23,Tech,0.7333333333333333,5,5,12,1.0
2020-03-23,Utilities,-0.6,5,4,21,0.2
2020-03-24,Comm,0.2,5,4,18,0.5333333333333334
2020-03-24,Consumer,0.6857142857142857,5,5,43,0.6461538461538462
2020-03-24,Energy,0.6066666666666667,5,5,31,-0.4
2020-03-24,Financials,0.5333333333333334,5,5,7,0.0
2020-03-24,Healthcare,1.0,5,5,15,0.2
2020-03-24,Industrials,0.36,5,5,27,-0.33333333333333337
2020-03-24,Materials,0.6,5,5,7,0.4
2020-03-24,RealEstate,0.6,5,4,9,0.2
2020-03-24,Tech,0.7,5,4,25,0.7333333333333333
2020-03-24,Utilities,0.2,5,2,4,-0.6
2020-03-25,Comm,0.2,5,5,15,0.2
2020-03-25,Consumer,1.0,5,5,41,0.6857142857142857
2020-03-25,Energy,0.44000000000000006,5,3,22,0.6066666666666667
2020-03-25,Financials,0.52,5,4,13,0.5333333333333334
2020-03-25,Healthcare,0.5733333333333334,5,5,24,1.0
2020-03-25,Industrials,0.4,5,4,14,0.36
2020-03-25,Materials,0.4,5,4,5,0.6
2020-03-25,RealEstate,0.4,5,3,6,0.6
2020-03-25,Tech,0.44000000000000006,5,4,10,0.7
2020-03-25,Utilities,0.4,5,4,9,0.2
2020-03-26,Comm,0.2,5,5,13,0.2
2020-03-26,Consumer,1.0,5,5,33,1.0
2020-03-26,Energy,0.6,5,5,17,0.44000000000000006
2020-03-26,Financials,0.6,5,5,17,0.52
2020-03-26,Healthcare,0.8,5,5,19,0.5733333333333334
2020-03-26,Industrials,0.4,5,3,19,0.4
2020-03-26,Materials,0.6,5,4,14,0.4
2020-03-26,RealEstate,0.6,5,4,10,0.4
2020-03-26,Tech,1.0,5,5,20,0.44000000000000006
2020-03-26,Utilities,0.8,5,5,13,0.4
2020-03-27,Comm,0.3,5,3,11,0.2
2020-03-27,Consumer,0.5352380952380952,5,5,33,1.0
2020-03-27,Energy,-0.06666666666666665,5,5,23,0.6
2020-03-27,Financials,-0.4666666666666666,5,5,18,0.6
2020-03-27,Healthcare,0.0,5,3,11,0.8
2020-03-27,Industrials,-0.36,5,5,21,0.4
2020-03-27,Materials,0.2,5,2,3,0.6
2020-03-27,RealEstate,0.4,5,3,4,0.6
2020-03-27,Tech,0.1,5,5,13,1.0
2020-03-27,Utilities,-0.4,5,3,12,0.8
2020-03-30,Comm,0.8,5,4,15,0.3
2020-03-30,Consumer,0.32,5,5,35,0.5352380952380952
2020-03-30,Energy,-0.5,5,5,20,-0.06666666666666665
2020-03-30,Financials,0.13333333333333336,5,5,14,-0.4666666666666666
2020-03-30,Healthcare,0.9333333333333332,5,5,34,0.0
2020-03-30,Industrials,0.8,5,5,22,-0.36
2020-03-30,Materials,0.2857142857142857,5,3,10,0.2
2020-03-30,RealEstate,0.4,5,4,10,0.4
2020-03-30,Tech,1.0,5,5,9,0.1
2020-03-30,Utilities,0.7333333333333333,5,4,14,-0.4
2020-03-31,Comm,0.2,5,3,6,0.8
2020-03-31,Consumer,0.0,5,5,12,0.32
2020-03-31,Energy,0.16666666666666666,5,5,19,-0.5
2020-03-31,Financials,-0.4,5,3,7,0.13333333333333336
2020-03-31,Healthcare,0.0,5,4,18,0.9333333333333332
2020-03-31,Industrials,0.6,5,5,22,0.8
2020-03-31,Materials,1.0,5,5,13,0.2857142857142857
2020-03-31,RealEstate,-0.4,5,4,10,0.4
2020-03-31,Tech,0.2,5,5,18,1.0
2020-03-31,Utilities,-0.8,5,4,12,0.7333333333333333
2020-04-01,Comm,0.6,5,4,21,0.2
2020-04-01,Consumer,-0.2,5,5,30,0.0
2020-04-01,Energy,0.06666666666666665,5,5,26,0.16666666666666666
2020-04-01,Financials,0.016666666666666673,5,5,20,-0.4
2020-04-01,Healthcare,-0.2,5,4,13,0.0
2020-04-01,Industrials,0.1,5,4,15,0.6
2020-04-01,Materials,0.0,5,4,14,1.0
2020-04-01,RealEstate,-0.2,5,3,6,-0.4
2020-04-01,Tech,0.4666666666666667,5,5,6,0.2
2020-04-01,Utilities,-0.6,5,5,12,-0.8
2020-04-02,Comm,0.6,5,5,10,0.6
2020-04-02,Consumer,-0.09333333333333335,5,5,35,-0.2
2020-04-02,Energy,0.2866666666666667,5,5,39,0.06666666666666665
2020-04-02,Financials,0.36666666666666664,5,5,16,0.016666666666666673
2020-04-02,Healthcare,0.2,5,5,27,-0.2
2020-04-02,Industrials,0.2,5,3,19,0.1
2020-04-02,Materials,0.4,5,3,12,0.0
2020-04-02,RealEstate,0.4,5,4,7,-0.2
2020-04-02,Tech,-0.2,5,4,7,0.4666666666666667
2020-04-02,Utilities,0.4,5,3,4,-0.6
2020-04-03,Comm,0.4666666666666666,5,5,16,0.6
2020-04-03,Consumer,0.18222222222222223,5,4,32,-0.09333333333333335
2020-04-03,Energy,-0.22626262626262625,5,5,42,0.2866666666666667
2020-04-03,Financials,-0.4,5,5,17,0.36666666666666664
2020-04-03,Healthcare,0.4,5,3,14,0.2
2020-04-03,Industrials,-0.42666666666666664,5,5,44,0.2
2020-04-03,Materials,0.0,5,3,4,0.4
2020-04-03,RealEstate,0.2,5,2,3,0.4
2020-04-03,Tech,-0.4,5,4,12,-0.2
2020-04-03,Utilities,0.0,5,4,6,0.4
2020-04-06,Comm,0.6,5,4,16,0.4666666666666666
2020-04-06,Consumer,1.0,5,5,59,0.18222222222222223
2020-04-06,Energy,0.4533333333333333,5,5,27,-0.22626262626262625
2020-04-06,Financials,0.9,5,5,62,-0.4
2020-04-06,Healthcare,0.95,5,5,46,0.4
2020-04-06,Industrials,0.8,5,5,46,-0.42666666666666664
2020-04-06,Materials,0.0,5,4,10,0.0
2020-04-06,RealEstate,0.2,5,2,6,0.2
2020-04-06,Tech,1.0,5,5,28,-0.4
2020-04-06,Utilities,0.8,5,4,12,0.0
2020-04-07,Comm,0.6,5,4,20,0.6
2020-04-07,Consumer,0.06666666666666667,5,5,33,1.0
2020-04-07,Energy,0.14901960784313725,5,5,43,0.4533333333333333
2020-04-07,Financials,0.8,5,5,27,0.9
2020-04-07,Healthcare,0.2,5,5,32,0.95
2020-04-07,Industrials,0.2,5,5,34,0.8
2020-04-07,Materials,0.4,5,4,7,0.0
2020-04-07,RealEstate,0.26666666666666666,5,4,10,0.2
2020-04-07,Tech,0.8,5,5,14,1.0
2020-04-07,Utilities,0.0,5,4,14,0.8
2020-04-08,Comm,0.4,5,4,13,0.6
2020-04-08,Consumer,0.02222222222222222,5,4,54,0.06666666666666667
2020-04-08,Energy,0.14857142857142858,5,5,35,0.14901960784313725
2020-04-08,Financials,0.4,5,5,24,0.8
2020-04-08,Healthcare,0.2,5,4,19,0.2
2020-04-08,Industrials,0.6,5,5,39,0.2
2020-04-08,Materials,0.8,5,4,14,0.4
2020-04-08,RealEstate,0.6,5,4,7,0.26666666666666666
2020-04-08,Tech,0.7333333333333333,5,5,19,0.8
2020-04-08,Utilities,0.0,5,2,5,0.0
2020-04-09,Comm,0.8,5,5,16,0.4
2020-04-09,Consumer,0.8099999999999999,5,5,84,0.02222222222222222
2020-04-09,Energy,0.15,5,5,54,0.14857142857142858
2020-04-09,Financials,0.6666666666666667,5,5,26,0.4
2020-04-09,Healthcare,0.0,5,4,16,0.2
2020-04-09,Industrials,-0.2,5,5,28,0.6
2020-04-09,Materials,0.6,5,5,23,0.8
2020-04-09,RealEstate,0.8,5,4,17,0.6
2020-04-09,Tech,0.2,5,5,17,0.7333333333333333
2020-04-09,Utilities,0.8,5,4,9,0.0
2020-04-13,Comm,-0.06666666666666665,5,4,16,0.8
2020-04-13,Consumer,0.4705263157894737,5,5,78,0.8099999999999999
2020-04-13,Energy,-0.09142857142857144,5,5,44,0.15
2020-04-13,Financials,0.21666666666666665,5,5,40,0.6666666666666667
2020-04-13,Healthcare,0.52,5,5,50,0.0
2020-04-13,Industrials,0.022222222222222233,5,5,36,-0.2
2020-04-13,Materials,0.2,5,5,24,0.6
2020-04-13,RealEstate,-0.4,5,4,13,0.8
2020-04-13,Tech,0.7,5,4,23,0.2
2020-04-13,Utilities,0.06666666666666668,5,4,21,0.8
2020-04-14,Comm,0.3,5,4,16,-0.06666666666666665
2020-04-14,Consumer,0.9,5,5,29,0.4705263157894737
2020-04-14,Energy,-0.2,5,4,22,-0.09142857142857144
2020-04-14,Financials,0.22666666666666666,5,4,63,0.21666666666666665
2020-04-14,Healthcare,0.4666666666666666,5,4,14,0.52
2020-04-14,Industrials,0.3,5,5,31,0.022222222222222233
2020-04-14,Materials,0.4,5,3,12,0.2
2020-04-14,RealEstate,0.6,5,3,7,-0.4
2020-04-14,Tech,1.0,5,5,18,0.7
2020-04-14,Utilities,0.4,5,4,14,0.06666666666666668
2020-04-15,Comm,0.2,5,4,16,0.3
2020-04-15,Consumer,0.4,5,5,35,0.9
2020-04-15,Energy,-0.6063492063492063,5,5,39,-0.2
2020-04-15,Financials,0.17936507936507937,5,5,62,0.22666666666666666
2020-04-15,Healthcare,0.1,5,5,26,0.4666666666666666
2020-04-15,Industrials,-0.1,5,5,18,0.3
2020-04-15,Materials,-0.4666666666666666,5,3,17,0.4
2020-04-15,RealEstate,-0.4,5,4,9,0.6
2020-04-15,Tech,-0.13999999999999999,5,5,25,1.0
2020-04-15,Utilities,-0.2,5,4,15,0.4
2020-04-16,Comm,0.33333333333333337,5,4,16,0.2
2020-04-16,Consumer,0.6,5,4,40,0.4
2020-04-16,Energy,-0.1511111111111111,5,5,35,-0.6063492063492063
2020-04-16,Financials,0.5604395604395604,5,5,67,0.17936507936507937
2020-04-16,Healthcare,0.9064935064935066,5,5,58,0.1
2020-04-16,Industrials,0.6,5,5,23,-0.1
2020-04-16,Materials,0.8,5,5,13,-0.4666666666666666
2020-04-16,RealEstate,0.0,5,2,4,-0.4
2020-04-16,Tech,0.9333333333333332,5,5,32,-0.13999999999999999
2020-04-16,Utilities,0.5,5,4,16,-0.2
2020-04-17,Comm,0.6,5,4,15,0.33333333333333337
2020-04-17,Consumer,0.6,5,5,28,0.6
2020-04-17,Energy,0.1051948051948052,5,5,51,-0.1511111111111111
2020-04-17,Financials,0.33999999999999997,5,5,35,0.5604395604395604
2020-04-17,Healthcare,0.15555555555555556,5,5,97,0.9064935064935066
2020-04-17,Industrials,0.2,5,3,31,0.6
2020-04-17,Materials,0.4,5,3,5,0.8
2020-04-17,RealEstate,0.4,5,4,10,0.0
2020-04-17,Tech,0.4,5,5,28,0.9333333333333332
2020-04-17,Utilities,0.6,5,4,14,0.5
2020-04-20,Comm,0.4,5,4,12,0.6
2020-04-20,Consumer,0.6666666666666666,5,5,56,0.6
2020-04-20,Energy,-0.5761111111111111,5,5,67,0.1051948051948052
2020-04-20,Financials,0.4,5,5,19,0.33999999999999997
2020-04-20,Healthcare,0.4,5,5,67,0.15555555555555556
2020-04-20,Industrials,0.0,5,4,27,0.2
2020-04-20,Materials,0.05333333333333333,5,5,21,0.4
2020-04-20,RealEstate,0.0,5,3,5,0.4
2020-04-20,Tech,0.2,5,5,27,0.4
2020-04-20,Utilities,0.48571428571428565,5,5,18,0.6
2020-04-21,Comm,0.8,5,5,15,0.4
2020-04-21,Consumer,-0.36,5,5,70,0.6666666666666666
2020-04-21,Energy,-0.13333333333333333,5,5,43,-0.5761111111111111
2020-04-21,Financials,-0.36666666666666664,5,5,18,0.4
2020-04-21,Healthcare,0.06666666666666665,5,5,21,0.4
2020-04-21,Industrials,0.06666666666666665,5,5,20,0.0
2020-04-21,Materials,0.2,5,3,10,0.05333333333333333
2020-04-21,RealEstate,-0.06666666666666665,5,4,10,0.0
2020-04-21,Tech,-0.4666666666666666,5,5,14,0.2
2020-04-21,Utilities,-0.8,5,5,9,0.48571428571428565
2020-04-22,Comm,0.24545454545454545,5,4,26,0.8
2020-04-22,Consumer,0.8,5,5,39,-0.36
2020-04-22,Energy,0.47619047619047616,5,5,38,-0.13333333333333333
2020-04-22,Financials,0.26666666666666666,5,4,15,-0.36666666666666664
2020-04-22,Healthcare,0.8,5,5,30,0.06666666666666665
2020-04-22,Industrials,0.26666666666666666,5,4,15,0.06666666666666665
2020-04-22,Materials,0.4,5,4,10,0.2
2020-04-22,RealEstate,0.0,5,4,11,-0.06666666666666665
2020-04-22,Tech,0.8,5,5,23,-0.4666666666666666
2020-04-22,Utilities,0.2,5,4,25,-0.8
2020-04-23,Comm,0.8,5,4,24,0.24545454545454545
2020-04-23,Consumer,0.36666666666666664,5,5,43,0.8
2020-04-23,Energy,0.16,5,5,35,0.47619047619047616
2020-04-23,Financials,0.2,5,5,10,0.26666666666666666
2020-04-23,Healthcare,0.676923076923077,5,5,59,0.8
2020-04-23,Industrials,0.0,5,5,12,0.26666666666666666
2020-04-23,Materials,0.4,5,5,17,0.4
2020-04-23,RealEstate,0.0,5,3,6,0.0
2020-04-23,Tech,0.7076923076923076,5,5,40,0.8
2020-04-23,Utilities,0.0,5,4,13,0.2
2020-04-24,Comm,0.6,5,4,17,0.8
2020-04-24,Consumer,0.4666666666666666,5,5,29,0.36666666666666664
2020-04-24,Energy,0.3923809523809524,5,4,20,0.16
2020-04-24,Financials,-0.2,5,4,9,0.2
2020-04-24,Healthcare,0.2444444444444444,5,4,50,0.676923076923077
2020-04-24,Industrials,0.26666666666666666,5,4,22,0.0
2020-04-24,Materials,-0.06666666666666667,5,3,7,0.4
2020-04-24,RealEstate,0.2,5,4,8,0.0
2020-04-24,Tech,0.49333333333333335,5,4,38,0.7076923076923076
2020-04-24,Utilities,0.2,5,3,6,0.0
2020-04-27,Comm,0.8,5,5,21,0.6
2020-04-27,Consumer,0.36666666666666664,5,5,50,0.4666666666666666
2020-04-27,Energy,0.21666666666666665,5,5,44,0.3923809523809524
2020-04-27,Financials,0.6,5,5,25,-0.2
2020-04-27,Healthcare,0.7166666666666667,5,5,58,0.2444444444444444
2020-04-27,Industrials,0.6345238095238095,5,5,75,0.26666666666666666
2020-04-27,Materials,0.2,5,5,11,-0.06666666666666667
2020-04-27,RealEstate,0.4,5,5,11,0.2
2020-04-27,Tech,0.9,5,5,31,0.49333333333333335
2020-04-27,Utilities,0.1,5,4,20,0.2
2020-04-28,Comm,0.8,5,5,36,0.8
2020-04-28,Consumer,0.26666666666666666,5,4,58,0.36666666666666664
2020-04-28,Energy,-0.24,5,4,23,0.21666666666666665
2020-04-28,Financials,0.6,5,5,12,0.6
2020-04-28,Healthcare,0.6823529411764706,5,5,44,0.7166666666666667
2020-04-28,Industrials,0.03324675324675323,5,5,74,0.6345238095238095
2020-04-28,Materials,0.26666666666666666,5,5,17,0.2
2020-04-28,RealEstate,0.2,5,5,15,0.4
2020-04-28,Tech,0.4523809523809524,5,4,35,0.9
2020-04-28,Utilities,0.0,5,3,5,0.1
2020-04-29,Comm,0.2857142857142857,5,3,19,0.8
2020-04-29,Consumer,0.6836363636363637,5,5,60,0.26666666666666666
2020-04-29,Energy,0.31999999999999995,5,5,38,-0.24
2020-04-29,Financials,0.6,5,5,22,0.6
2020-04-29,Healthcare,0.4554838709677419,5,4,104,0.6823529411764706
2020-04-29,Industrials,0.3230769230769231,5,5,68,0.03324675324675323
2020-04-29,Materials,0.6285714285714286,5,5,19,0.26666666666666666
2020-04-29,RealEstate,0.2,5,4,18,0.2
2020-04-29,Tech,0.5636363636363637,5,5,50,0.4523809523809524
2020-04-29,Utilities,0.2,5,3,6,0.0
2020-04-30,Comm,0.22222222222222224,5,4,27,0.2857142857142857
2020-04-30,Consumer,0.7,5,5,33,0.6836363636363637
2020-04-30,Energy,0.10484848484848483,5,5,53,0.31999999999999995
2020-04-30,Financials,0.0,5,5,23,0.6
2020-04-30,Healthcare,0.5333333333333333,5,5,83,0.4554838709677419
2020-04-30,Industrials,0.02857142857142856,5,5,21,0.3230769230769231
2020-04-30,Materials,0.28888888888888886,5,5,36,0.6285714285714286
2020-04-30,RealEstate,0.6,5,4,11,0.2
2020-04-30,Tech,0.52,5,5,23,0.5636363636363637
2020-04-30,Utilities,0.26666666666666666,5,4,11,0.2
2020-05-01,Comm,-0.039999999999999994,5,4,19,0.22222222222222224
2020-05-01,Consumer,0.5333333333333333,5,5,39,0.7
2020-05-01,Energy,-0.47333333333333333,5,5,75,0.10484848484848483
2020-05-01,Financials,-0.6,5,5,18,0.0
2020-05-01,Healthcare,0.42666666666666664,5,5,84,0.5333333333333333
2020-05-01,Industrials,0.4622222222222222,5,5,45,0.02857142857142856
2020-05-01,Materials,0.06666666666666667,5,3,17,0.28888888888888886
2020-05-01,RealEstate,0.24,5,3,10,0.6
2020-05-01,Tech,-0.2,5,5,17,0.52
2020-05-01,Utilities,0.04,5,4,16,0.26666666666666666
2020-05-04,Comm,0.6,5,3,23,-0.039999999999999994
2020-05-04,Consumer,0.28484848484848485,5,5,63,0.5333333333333333
2020-05-04,Energy,0.5333333333333334,5,5,40,-0.47333333333333333
2020-05-04,Financials,0.13333333333333336,5,5,23,-0.6
2020-05-04,Healthcare,0.5238095238095238,5,5,51,0.42666666666666664
2020-05-04,Industrials,0.22857142857142856,5,5,35,0.4622222222222222
2020-05-04,Materials,0.06666666666666667,5,5,13,0.06666666666666667
2020-05-04,RealEstate,-0.2,5,4,10,0.24
2020-05-04,Tech,0.9333333333333332,5,5,31,-0.2
2020-05-04,Utilities,0.2,5,5,10,0.04
2020-05-05,Comm,0.34285714285714286,5,5,35,0.6
2020-05-05,Consumer,0.5304347826086957,5,5,49,0.28484848484848485
2020-05-05,Energy,0.34545454545454546,5,5,36,0.5333333333333334
2020-05-05,Financials,0.6,5,5,22,0.13333333333333336
2020-05-05,Healthcare,0.52,5,5,35,0.5238095238095238
2020-05-05,Industrials,0.6,5,5,31,0.22857142857142856
2020-05-05,Materials,0.41010101010101013,5,4,38,0.06666666666666667
2020-05-05,RealEstate,0.4,5,4,7,-0.2
2020-05-05,Tech,0.6,5,4,20,0.9333333333333332
2020-05-05,Utilities,-0.4666666666666667,5,4,26,0.2
2020-05-06,Comm,0.39166666666666666,5,4,33,0.34285714285714286
2020-05-06,Consumer,0.6461538461538462,5,4,51,0.5304347826086957
2020-05-06,Energy,0.07384615384615384,5,4,36,0.34545454545454546
2020-05-06,Financials,0.6,5,5,19,0.6
2020-05-06,Healthcare,0.5,5,5,32,0.52
2020-05-06,Industrials,0.0,5,4,12,0.6
2020-05-06,Materials,0.3,5,4,22,0.41010101010101013
2020-05-06,RealEstate,0.4,5,4,7,0.4
2020-05-06,Tech,0.5599999999999999,5,4,21,0.6
2020-05-06,Utilities,0.4,5,4,14,-0.4666666666666667
2020-05-07,Comm,0.64,5,4,23,0.39166666666666666
2020-05-07,Consumer,0.8666666666666666,5,5,34,0.6461538461538462
2020-05-07,Energy,0.6666666666666666,5,5,25,0.07384615384615384
2020-05-07,Financials,-0.06666666666666665,5,5,14,0.6
2020-05-07,Healthcare,0.2,5,3,24,0.5
2020-05-07,Industrials,0.0,5,3,14,0.0
2020-05-07,Materials,0.2,5,3,8,0.3
2020-05-07,RealEstate,0.1,5,4,10,0.4
2020-05-07,Tech,0.8,5,5,14,0.5599999999999999
2020-05-07,Utilities,0.6,5,5,15,0.4
2020-05-08,Comm,0.4,5,3,9,0.64
2020-05-08,Consumer,0.42000000000000004,5,5,55,0.8666666666666666
2020-05-08,Energy,0.52,5,5,22,0.6666666666666666
2020-05-08,Financials,0.12000000000000002,5,5,15,-0.06666666666666665
2020-05-08,Healthcare,0.2,5,5,32,0.2
2020-05-08,Industrials,0.0,5,4,12,0.0
2020-05-08,Materials,0.32,5,3,18,0.2
2020-05-08,RealEstate,0.2,5,2,5,0.1
2020-05-08,Tech,0.4,5,4,14,0.8
2020-05-08,Utilities,0.24,5,4,21,0.6
2020-05-11,Comm,0.4,5,5,23,0.4
2020-05-11,Consumer,-1.1102230246251566e-17,5,5,52,0.42000000000000004
2020-05-11,Energy,-0.1,5,5,25,0.52
2020-05-11,Financials,0.0,5,5,18,0.12000000000000002
2020-05-11,Healthcare,1.0,5,5,56,0.2
2020-05-11,Industrials,0.6,5,5,19,0.0
2020-05-11,Materials,0.2,5,4,13,0.32
2020-05-11,RealEstate,0.0,5,3,6,0.2
2020-05-11,Tech,0.6,5,5,25,0.4
2020-05-11,Utilities,0.4,5,4,10,0.24
2020-05-12,Comm,0.8,5,5,18,0.4
2020-05-12,Consumer,0.2,5,4,38,-1.1102230246251566e-17
2020-05-12,Energy,-0.039999999999999994,5,5,26,-0.1
2020-05-12,Financials,-0.48571428571428577,5,5,20,0.0
2020-05-12,Healthcare,0.2333333333333333,5,3,23,1.0
2020-05-12,Industrials,0.2,5,4,14,0.6
2020-05-12,Materials,0.2,5,3,13,0.2
2020-05-12,RealEstate,-0.2,5,4,8,0.0
2020-05-12,Tech,-0.06666666666666668,5,5,23,0.6
2020-05-12,Utilities,-0.06666666666666667,5,4,19,0.4
2020-05-13,Comm,0.0,5,3,4,0.8
2020-05-13,Consumer,0.2,5,5,36,0.2
2020-05-13,Energy,-0.48666666666666664,5,5,25,-0.039999999999999994
2020-05-13,Financials,-0.3,5,5,34,-0.48571428571428577
2020-05-13,Healthcare,0.5333333333333333,5,5,52,0.2333333333333333
2020-05-13,Industrials,0.4,5,5,19,0.2
2020-05-13,Materials,0.2,5,5,18,0.2
2020-05-13,RealEstate,0.0,5,4,6,-0.2
2020-05-13,Tech,0.6,5,4,17,-0.06666666666666668
2020-05-13,Utilities,0.2,5,3,6,-0.06666666666666667
2020-05-14,Comm,0.13333333333333336,5,5,14,0.0
2020-05-14,Consumer,0.4,5,5,39,0.2
2020-05-14,Energy,0.2,5,5,12,-0.48666666666666664
2020-05-14,Financials,0.5,5,5,30,-0.3
2020-05-14,Healthcare,0.6,5,5,29,0.5333333333333333
2020-05-14,Industrials,0.03333333333333334,5,4,27,0.4
2020-05-14,Materials,0.4,5,5,16,0.2
2020-05-14,RealEstate,0.0,5,5,14,0.0
2020-05-14,Tech,0.6,5,5,28,0.6
2020-05-14,Utilities,0.0,5,5,10,0.2
2020-05-15,Comm,0.6,5,5,16,0.13333333333333336
2020-05-15,Consumer,0.4,5,5,47,0.4
2020-05-15,Energy,0.26666666666666666,5,5,17,0.2
2020-05-15,Financials,0.2,5,5,35,0.5
2020-05-15,Healthcare,0.2666666666666667,5,5,39,0.6
2020-05-15,Industrials,0.2,5,5,19,0.03333333333333334
2020-05-15,Materials,0.2,5,4,17,0.4
2020-05-15,RealEstate,0.0,5,4,8,0.0
2020-05-15,Tech,0.22666666666666666,5,5,45,0.6
2020-05-15,Utilities,-0.4,5,5,15,0.0
2020-05-18,Comm,0.5333333333333333,5,5,20,0.6
2020-05-18,Consumer,0.8,5,5,49,0.4
2020-05-18,Energy,0.12,5,5,48,0.26666666666666666
2020-05-18,Financials,0.2,5,5,35,0.2
2020-05-18,Healthcare,0.3,5,5,32,0.2666666666666667
2020-05-18,Industrials,1.0,5,5,26,0.2
2020-05-18,Materials,0.4,5,4,12,0.2
2020-05-18,RealEstate,0.8,5,4,7,0.0
2020-05-18,Tech,0.6666666666666667,5,5,26,0.22666666666666666
2020-05-18,Utilities,0.5,5,4,13,-0.4
2020-05-19,Comm,-0.2,5,5,20,0.5333333333333333
2020-05-19,Consumer,0.48571428571428565,5,5,44,0.8
2020-05-19,Energy,0.2,5,4,9,0.12
2020-05-19,Financials,-0.2,5,5,20,0.2
2020-05-19,Healthcare,0.6,5,5,16,0.3
2020-05-19,Industrials,0.0,5,4,12,1.0
2020-05-19,Materials,0.06666666666666667,5,3,10,0.4
2020-05-19,RealEstate,0.2,5,3,6,0.8
2020-05-19,Tech,0.7333333333333333,5,4,17,0.6666666666666667
2020-05-19,Utilities,0.0,5,1,1,0.5
2020-05-20,Comm,0.6666666666666666,5,5,27,-0.2
2020-05-20,Consumer,0.44000000000000006,5,5,34,0.48571428571428565
2020-05-20,Energy,1.0,5,5,21,0.2
2020-05-20,Financials,0.8,5,5,18,-0.2
2020-05-20,Healthcare,0.4,5,3,30,0.6
2020-05-20,Industrials,0.2,5,4,8,0.0
2020-05-20,Materials,0.6,5,3,15,0.06666666666666667
2020-05-20,RealEstate,0.4,5,5,7,0.2
2020-05-20,Tech,0.6,5,5,17,0.7333333333333333
2020-05-20,Utilities,0.2,5,2,5,0.0
2020-05-21,Comm,-0.26666666666666666,5,5,11,0.6666666666666666
2020-05-21,Consumer,1.0,5,5,40,0.44000000000000006
2020-05-21,Energy,0.0,5,5,13,1.0
2020-05-21,Financials,0.6,5,5,22,0.8
2020-05-21,Healthcare,0.5,5,5,21,0.4
2020-05-21,Industrials,0.2,5,4,9,0.2
2020-05-21,Materials,0.2,5,5,9,0.6
2020-05-21,RealEstate,0.0,5,2,2,0.4
2020-05-21,Tech,0.2,5,5,21,0.6
2020-05-21,Utilities,0.2,5,4,9,0.2
2020-05-22,Comm,0.4,5,5,10,-0.26666666666666666
2020-05-22,Consumer,0.2,5,3,18,1.0
2020-05-22,Energy,0.6,5,5,19,0.0
2020-05-22,Financials,0.0,5,4,8,0.6
2020-05-22,Healthcare,0.4,5,5,22,0.5
2020-05-22,Industrials,0.0,5,3,4,0.2
2020-05-22,Materials,0.4,5,4,7,0.2
2020-05-22,RealEstate,0.4,5,3,14,0.0
2020-05-22,Tech,0.2,5,5,28,0.2
2020-05-22,Utilities,0.2,5,2,5,0.2
2020-05-26,Comm,0.2,5,5,20,0.4
2020-05-26,Consumer,1.0,5,5,46,0.2
2020-05-26,Energy,0.9199999999999999,5,5,29,0.6
2020-05-26,Financials,1.0,5,5,28,0.0
2020-05-26,Healthcare,0.6,5,5,61,0.4
2020-05-26,Industrials,0.8,5,5,16,0.0
2020-05-26,Materials,0.4,5,3,9,0.4
2020-05-26,RealEstate,0.3,5,3,5,0.4
2020-05-26,Tech,0.8,5,5,29,0.2
2020-05-26,Utilities,0.2,5,3,5,0.2
2020-05-27,Comm,0.4,5,5,22,0.2
2020-05-27,Consumer,0.45,5,5,37,1.0
2020-05-27,Energy,-0.44000000000000006,5,4,14,0.9199999999999999
2020-05-27,Financials,0.8,5,5,25,1.0
2020-05-27,Healthcare,0.4,5,4,24,0.6
2020-05-27,Industrials,0.72,5,5,27,0.8
2020-05-27,Materials,0.2,5,2,5,0.4
2020-05-27,RealEstate,0.0,5,1,1,0.3
2020-05-27,Tech,0.06666666666666667,5,5,13,0.8
2020-05-27,Utilities,0.2,5,4,7,0.2
2020-05-28,Comm,0.711111111111111,5,5,23,0.4
2020-05-28,Consumer,0.7166666666666666,5,5,33,0.45
2020-05-28,Energy,-0.4,5,5,10,-0.44000000000000006
2020-05-28,Financials,0.5333333333333334,5,5,24,0.8
2020-05-28,Healthcare,0.2,5,5,20,0.4
2020-05-28,Industrials,0.3333333333333333,5,5,45,0.72
2020-05-28,Materials,0.0,5,4,8,0.2
2020-05-28,RealEstate,0.4,5,4,4,0.0
2020-05-28,Tech,0.8,5,5,19,0.06666666666666667
2020-05-28,Utilities,-0.2,5,4,10,0.2
2020-05-29,Comm,0.6,5,4,14,0.711111111111111
2020-05-29,Consumer,0.6,5,5,18,0.7166666666666666
2020-05-29,Energy,0.1733333333333333,5,5,20,-0.4
2020-05-29,Financials,-0.06666666666666667,5,5,25,0.5333333333333334
2020-05-29,Healthcare,0.4,5,4,25,0.2
2020-05-29,Industrials,0.0,5,4,13,0.3333333333333333
2020-05-29,Materials,0.0,5,2,7,0.0
2020-05-29,RealEstate,0.4,5,3,6,0.4
2020-05-29,Tech,0.2,5,4,12,0.8
2020-05-29,Utilities,0.2,5,4,12,-0.2
2020-06-01,Comm,0.4,5,5,17,0.6
2020-06-01,Consumer,0.62,5,5,47,0.6
2020-06-01,Energy,0.3333333333333333,5,4,19,0.1733333333333333
2020-06-01,Financials,1.0,5,5,23,-0.06666666666666667
2020-06-01,Healthcare,0.6666666666666666,5,4,60,0.4
2020-06-01,Industrials,0.8,5,5,19,0.0
2020-06-01,Materials,0.2,5,3,7,0.0
2020-06-01,RealEstate,0.3333333333333333,5,4,6,0.4
2020-06-01,Tech,0.4666666666666666,5,5,15,0.2
2020-06-01,Utilities,0.4,5,4,8,0.2
2020-06-02,Comm,0.4,5,3,9,0.4
2020-06-02,Consumer,0.16,5,5,20,0.62
2020-06-02,Energy,0.13999999999999999,5,4,16,0.3333333333333333
2020-06-02,Financials,-0.1,5,5,26,1.0
2020-06-02,Healthcare,0.4,5,5,25,0.6666666666666666
2020-06-02,Industrials,0.6,5,5,14,0.8
2020-06-02,Materials,0.6,5,4,8,0.2
2020-06-02,RealEstate,0.2,5,3,5,0.3333333333333333
2020-06-02,Tech,0.6,5,5,13,0.4666666666666666
2020-06-02,Utilities,0.0,5,3,6,0.4
2020-06-03,Comm,0.0,5,5,12,0.4
2020-06-03,Consumer,0.4666666666666667,5,5,33,0.16
2020-06-03,Energy,-0.06666666666666667,5,4,12,0.13999999999999999
2020-06-03,Financials,0.72,5,5,26,-0.1
2020-06-03,Healthcare,0.06666666666666667,5,5,20,0.4
2020-06-03,Industrials,0.20512820512820512,5,5,37,0.6
2020-06-03,Materials,-0.13333333333333336,5,4,11,0.6
2020-06-03,RealEstate,0.2,5,5,6,0.2
2020-06-03,Tech,0.2,5,2,6,0.6
2020-06-03,Utilities,0.0,5,1,1,0.0
2020-06-04,Comm,0.4,5,5,11,0.0
2020-06-04,Consumer,0.6,5,4,11,0.4666666666666667
2020-06-04,Energy,0.1,5,5,12,-0.06666666666666667
2020-06-04,Financials,0.5,5,5,20,0.72
2020-06-04,Healthcare,0.6,5,5,21,0.06666666666666667
2020-06-04,Industrials,0.6,5,4,20,0.20512820512820512
2020-06-04,Materials,0.4,5,4,4,-0.13333333333333336
2020-06-04,RealEstate,0.2,5,2,2,0.2
2020-06-04,Tech,0.2,5,3,11,0.2
2020-06-04,Utilities,0.4,5,3,7,0.0
2020-06-05,Comm,0.2,5,4,11,0.4
2020-06-05,Consumer,0.3,5,3,14,0.6
2020-06-05,Energy,0.1333333333333333,5,5,33,0.1
2020-06-05,Financials,1.0,5,5,20,0.5
2020-06-05,Healthcare,0.4,5,3,8,0.6
2020-06-05,Industrials,0.7,5,5,25,0.6
2020-06-05,Materials,0.0,5,4,7,0.4
2020-06-05,RealEstate,0.0,5,2,2,0.2
2020-06-05,Tech,0.6,5,3,15,0.2
2020-06-05,Utilities,0.4,5,2,6,0.4
2020-06-08,Comm,0.2,5,5,16,0.2
2020-06-08,Consumer,0.4,5,5,20,0.3
2020-06-08,Energy,0.06666666666666665,5,5,19,0.1333333333333333
2020-06-08,Financials,0.13333333333333336,5,5,13,1.0
2020-06-08,Healthcare,0.8285714285714285,5,5,33,0.4
2020-06-08,Industrials,0.25555555555555554,5,5,25,0.7
2020-06-08,Materials,0.4,5,2,3,0.0
2020-06-08,RealEstate,0.4,5,2,3,0.0
2020-06-08,Tech,0.8,5,5,16,0.6
2020-06-08,Utilities,0.4,5,2,2,0.4
2020-06-09,Comm,0.33333333333333337,5,3,6,0.2
2020-06-09,Consumer,0.35,5,3,26,0.4
2020-06-09,Energy,0.04,5,5,20,0.06666666666666665
2020-06-09,Financials,0.33999999999999997,5,5,21,0.13333333333333336
2020-06-09,Healthcare,0.0,5,3,12,0.8285714285714285
2020-06-09,Industrials,0.02857142857142856,5,4,24,0.25555555555555554
2020-06-09,Materials,0.0,5,2,2,0.4
2020-06-09,RealEstate,0.2,5,2,3,0.4
2020-06-09,Tech,0.6,5,5,22,0.8
2020-06-09,Utilities,0.2,5,2,5,0.4
2020-06-10,Comm,0.0,5,4,6,0.33333333333333337
2020-06-10,Consumer,0.5714285714285714,5,5,48,0.35
2020-06-10,Energy,-0.09333333333333335,5,5,24,0.04
2020-06-10,Financials,-0.24,5,4,19,0.33999999999999997
2020-06-10,Healthcare,0.4,5,4,24,0.0
2020-06-10,Industrials,0.08571428571428572,5,2,16,0.02857142857142856
2020-06-10,Materials,0.0,5,0,0,0.0
2020-06-10,RealEstate,0.2,5,1,4,0.2
2020-06-10,Tech,0.6,5,4,16,0.6
2020-06-10,Utilities,0.4,5,3,3,0.2
2020-06-11,Comm,0.6666666666666666,5,5,14,0.0
2020-06-11,Consumer,0.2,5,5,38,0.5714285714285714
2020-06-11,Energy,0.06666666666666667,5,5,27,-0.09333333333333335
2020-06-11,Financials,-0.8,5,5,28,-0.24
2020-06-11,Healthcare,0.2,5,5,8,0.4
2020-06-11,Industrials,-0.2,5,5,25,0.08571428571428572
2020-06-11,Materials,-0.2,5,3,4,0.0
2020-06-11,RealEstate,0.2,5,3,4,0.2
2020-06-11,Tech,0.6,5,4,14,0.6
2020-06-11,Utilities,-0.4,5,2,2,0.4
2020-06-12,Comm,0.2,5,3,9,0.6666666666666666
2020-06-12,Consumer,0.6,5,5,20,0.2
2020-06-12,Energy,0.4,5,5,10,0.06666666666666667
2020-06-12,Financials,0.4,5,3,6,-0.8
2020-06-12,Healthcare,0.8,5,4,10,0.2
2020-06-12,Industrials,0.0,5,4,15,-0.2
2020-06-12,Materials,0.4,5,3,4,-0.2
2020-06-12,RealEstate,0.0,5,1,1,0.2
2020-06-12,Tech,0.13333333333333333,5,4,19,0.6
2020-06-12,Utilities,0.2,5,1,1,-0.4
2020-06-15,Comm,0.2,5,4,16,0.2
2020-06-15,Consumer,0.8,5,5,33,0.6
2020-06-15,Energy,0.1,5,3,20,0.4
2020-06-15,Financials,0.6,5,4,14,0.4
2020-06-15,Healthcare,0.6,5,5,19,0.8
2020-06-15,Industrials,0.6666666666666666,5,4,22,0.0
2020-06-15,Materials,0.0,5,1,1,0.4
2020-06-15,RealEstate,0.2,5,1,2,0.0
2020-06-15,Tech,0.2,5,4,13,0.13333333333333333
2020-06-15,Utilities,0.0,5,2,4,0.2
2020-06-16,Comm,-0.02857142857142857,5,5,23,0.2
2020-06-16,Consumer,0.2,5,4,12,0.8
2020-06-16,Energy,0.2,5,4,15,0.1
2020-06-16,Financials,0.2,5,4,10,0.6
2020-06-16,Healthcare,0.2,5,4,11,0.6
2020-06-16,Industrials,0.8,5,4,24,0.6666666666666666
2020-06-16,Materials,0.0,5,1,1,0.0
2020-06-16,RealEstate,0.2,5,2,4,0.2
2020-06-16,Tech,0.6,5,4,10,0.2
2020-06-16,Utilities,-0.2,5,2,3,0.0
2020-06-17,Comm,-0.4,5,5,12,-0.02857142857142857
2020-06-17,Consumer,0.48,5,5,20,0.2
2020-06-17,Energy,-0.2,5,4,10,0.2
2020-06-17,Financials,0.2,5,4,10,0.2
2020-06-17,Healthcare,0.0,5,4,9,0.2
2020-06-17,Industrials,0.0,5,3,6,0.8
2020-06-17,Materials,0.0,5,1,1,0.0
2020-06-17,RealEstate,-0.2,5,2,3,0.2
2020-06-17,Tech,0.0,5,4,6,0.6
2020-06-17,Utilities,0.0,5,3,3,-0.2
2020-06-18,Comm,-0.1,5,4,16,-0.4
2020-06-18,Consumer,0.8,5,5,29,0.48
2020-06-18,Energy,0.2,5,4,12,-0.2
2020-06-18,Financials,0.0,5,5,9,0.2
2020-06-18,Healthcare,0.6,5,4,8,0.0
2020-06-18,Industrials,0.2,5,3,10,0.0
2020-06-18,Materials,0.0,5,3,3,0.0
2020-06-18,RealEstate,0.2,5,3,3,-0.2
2020-06-18,Tech,0.0,5,4,5,0.0
2020-06-18,Utilities,0.2,5,1,2,0.0
2020-06-19,Comm,0.2,5,4,11,-0.1
2020-06-19,Consumer,0.6,5,5,21,0.8
2020-06-19,Energy,0.6,5,3,17,0.2
2020-06-19,Financials,0.26666666666666666,5,4,8,0.0
2020-06-19,Healthcare,0.4,5,4,9,0.6
2020-06-19,Industrials,0.2,5,4,5,0.2
2020-06-19,Materials,0.2,5,2,2,0.0
2020-06-19,RealEstate,0.0,5,0,0,0.2
2020-06-19,Tech,0.0,5,3,5,0.0
2020-06-19,Utilities,0.4,5,2,2,0.2
2020-06-22,Comm,0.1,5,4,11,0.2
2020-06-22,Consumer,0.4533333333333333,5,5,49,0.6
2020-06-22,Energy,0.6,5,4,7,0.6
2020-06-22,Financials,0.2,5,4,9,0.26666666666666666
2020-06-22,Healthcare,0.6,5,4,12,0.4
2020-06-22,Industrials,0.0,5,3,6,0.2
2020-06-22,Materials,0.2,5,2,6,0.2
2020-06-22,RealEstate,0.0,5,0,0,0.0
2020-06-22,Tech,0.4,5,3,13,0.0
2020-06-22,Utilities,0.2,5,3,6,0.4
2020-06-23,Comm,0.2,5,3,8,0.1
2020-06-23,Consumer,0.8,5,5,40,0.4533333333333333
2020-06-23,Energy,0.4,5,4,8,0.6
2020-06-23,Financials,0.4,5,4,12,0.2
2020-06-23,Healthcare,0.2,5,4,14,0.6
2020-06-23,Industrials,0.37894736842105264,5,5,15,0.0
2020-06-23,Materials,0.0,5,3,5,0.2
2020-06-23,RealEstate,0.0,5,3,4,0.0
2020-06-23,Tech,0.0,5,4,12,0.4
2020-06-23,Utilities,0.2,5,4,5,0.2
2020-06-24,Comm,0.3,5,3,16,0.2
2020-06-24,Consumer,0.3,5,5,25,0.8
2020-06-24,Energy,-0.2,5,5,16,0.4
2020-06-24,Financials,-0.06666666666666667,5,3,10,0.4
2020-06-24,Healthcare,0.4,5,4,8,0.2
2020-06-24,Industrials,0.2,5,5,13,0.37894736842105264
2020-06-24,Materials,0.0,5,1,1,0.0
2020-06-24,RealEstate,0.2,5,2,2,0.0
2020-06-24,Tech,0.0,5,4,7,0.0
2020-06-24,Utilities,0.2,5,1,1,0.2
2020-06-25,Comm,0.2,5,3,10,0.3
2020-06-25,Consumer,0.5313131313131313,5,5,44,0.3
2020-06-25,Energy,0.0,5,5,17,-0.2
2020-06-25,Financials,0.6533333333333333,5,5,22,-0.06666666666666667
2020-06-25,Healthcare,0.2,5,3,12,0.4
2020-06-25,Industrials,0.08571428571428572,5,4,20,0.2
2020-06-25,Materials,0.0,5,1,1,0.0
2020-06-25,RealEstate,0.0,5,0,0,0.2
2020-06-25,Tech,0.0,5,3,5,0.0
2020-06-25,Utilities,0.2,5,1,2,0.2
2020-06-26,Comm,0.4,5,2,5,0.2
2020-06-26,Consumer,0.41818181818181815,5,5,24,0.5313131313131313
2020-06-26,Energy,0.2,5,3,9,0.0
2020-06-26,Financials,-0.2,5,4,15,0.6533333333333333
2020-06-26,Healthcare,0.2,5,3,10,0.2
2020-06-26,Industrials,0.0,5,3,12,0.08571428571428572
2020-06-26,Materials,0.2,5,1,1,0.0
2020-06-26,RealEstate,0.0,5,1,2,0.0
2020-06-26,Tech,0.2,5,2,3,0.0
2020-06-26,Utilities,0.6,5,3,4,0.2
2020-06-29,Comm,0.4,5,5,22,0.4
2020-06-29,Consumer,0.5866666666666667,5,5,46,0.41818181818181815
2020-06-29,Energy,-0.1333333333333333,5,4,8,0.2
2020-06-29,Financials,0.36666666666666664,5,4,18,-0.2
2020-06-29,Healthcare,0.6428571428571429,5,5,26,0.2
2020-06-29,Industrials,0.16923076923076924,5,2,30,0.0
2020-06-29,Materials,0.2,5,2,2,0.2
2020-06-29,RealEstate,0.2,5,1,1,0.0
2020-06-29,Tech,0.2,5,2,6,0.2
2020-06-29,Utilities,0.2,5,1,1,0.6
2020-06-30,Comm,0.4,5,3,9,0.4
2020-06-30,Consumer,0.9,5,5,29,0.5866666666666667
2020-06-30,Energy,0.0,5,4,15,-0.1333333333333333
2020-06-30,Financials,0.43809523809523804,5,5,22,0.36666666666666664
2020-06-30,Healthcare,0.4,5,3,8,0.6428571428571429
2020-06-30,Industrials,0.6285714285714286,5,4,20,0.16923076923076924
2020-06-30,Materials,0.2,5,3,3,0.2
2020-06-30,RealEstate,0.4,5,2,2,0.2
2020-06-30,Tech,0.4,5,2,9,0.2
2020-06-30,Utilities,0.2,5,1,2,0.2
2020-07-01,Comm,0.4,5,4,6,0.4
2020-07-01,Consumer,1.0,5,5,29,0.9
2020-07-01,Energy,0.0,5,4,7,0.0
2020-07-01,Financials,0.06666666666666667,5,3,7,0.43809523809523804
2020-07-01,Healthcare,0.4,5,4,16,0.4
2020-07-01,Industrials,0.2,5,3,12,0.6285714285714286
2020-07-01,Materials,0.2,5,2,2,0.2
2020-07-01,RealEstate,0.0,5,2,2,0.4
2020-07-01,Tech,0.2,5,3,5,0.4
2020-07-01,Utilities,0.4,5,4,6,0.2
2020-07-02,Comm,0.4,5,3,7,0.4
2020-07-02,Consumer,0.26666666666666666,5,5,23,1.0
2020-07-02,Energy,0.33333333333333337,5,5,22,0.0
2020-07-02,Financials,0.8,5,5,24,0.06666666666666667
2020-07-02,Healthcare,0.2,5,3,8,0.4
2020-07-02,Industrials,0.2,5,4,15,0.2
2020-07-02,Materials,0.0,5,1,1,0.2
2020-07-02,RealEstate,0.2,5,2,3,0.0
2020-07-02,Tech,0.4,5,2,5,0.2
2020-07-02,Utilities,0.0,5,2,2,0.4
2020-07-06,Comm,0.6,5,5,21,0.4
2020-07-06,Consumer,1.0,5,5,44,0.26666666666666666
2020-07-06,Energy,0.6,5,5,16,0.33333333333333337
2020-07-06,Financials,0.4666666666666667,5,4,15,0.8
2020-07-06,Healthcare,1.0,5,5,28,0.2
2020-07-06,Industrials,0.06666666666666667,5,5,16,0.2
2020-07-06,Materials,0.0,5,2,5,0.0
2020-07-06,RealEstate,0.0,5,2,2,0.2
2020-07-06,Tech,0.5333333333333333,5,4,23,0.4
2020-07-06,Utilities,0.36666666666666664,5,3,37,0.0
2020-07-07,Comm,0.4,5,5,14,0.6
2020-07-07,Consumer,0.49333333333333335,5,4,23,1.0
2020-07-07,Energy,0.1,5,3,13,0.6
2020-07-07,Financials,0.2,5,2,3,0.4666666666666667
2020-07-07,Healthcare,0.6,5,4,11,1.0
2020-07-07,Industrials,0.11111111111111112,5,2,8,0.06666666666666667
2020-07-07,Materials,0.0,5,1,1,0.0
2020-07-07,RealEstate,0.06666666666666667,5,1,2,0.0
2020-07-07,Tech,0.0,5,2,2,0.5333333333333333
2020-07-07,Utilities,0.2,5,2,3,0.36666666666666664
2020-07-08,Comm,0.4666666666666666,5,4,8,0.4
2020-07-08,Consumer,0.5,5,5,22,0.49333333333333335
2020-07-08,Energy,0.0,5,1,2,0.1
2020-07-08,Financials,0.2,5,4,8,0.2
2020-07-08,Healthcare,0.52,5,4,17,0.6
2020-07-08,Industrials,0.0,5,5,10,0.11111111111111112
2020-07-08,Materials,0.0,5,1,1,0.0
2020-07-08,RealEstate,0.2,5,1,1,0.06666666666666667
2020-07-08,Tech,0.4,5,3,9,0.0
2020-07-08,Utilities,0.2,5,3,8,0.2
2020-07-09,Comm,0.4,5,2,6,0.4666666666666666
2020-07-09,Consumer,0.6,5,5,24,0.5
2020-07-09,Energy,0.6,5,4,11,0.0
2020-07-09,Financials,0.36,5,4,18,0.2
2020-07-09,Healthcare,-0.2,5,3,7,0.52
2020-07-09,Industrials,0.0,5,3,5,0.0
2020-07-09,Materials,0.0,5,2,2,0.0
2020-07-09,RealEstate,0.0,5,2,2,0.2
2020-07-09,Tech,0.2,5,3,11,0.4
2020-07-09,Utilities,0.0,5,3,3,0.2
2020-07-10,Comm,0.0,5,2,4,0.4
2020-07-10,Consumer,0.4,5,5,15,0.6
2020-07-10,Energy,0.4666666666666667,5,5,9,0.6
2020-07-10,Financials,0.5333333333333333,5,5,19,0.36
2020-07-10,Healthcare,0.5,5,5,28,-0.2
2020-07-10,Industrials,0.0,5,3,9,0.0
2020-07-10,Materials,0.0,5,1,1,0.0
2020-07-10,RealEstate,0.0,5,1,1,0.0
2020-07-10,Tech,0.4,5,3,5,0.2
2020-07-10,Utilities,0.4,5,2,2,0.0
2020-07-13,Comm,0.6,5,3,11,0.0
2020-07-13,Consumer,0.6,5,5,29,0.4
2020-07-13,Energy,0.0,5,3,4,0.4666666666666667
2020-07-13,Financials,0.76,5,5,18,0.5333333333333333
2020-07-13,Healthcare,0.4,5,5,14,0.5
2020-07-13,Industrials,0.4,5,4,7,0.0
2020-07-13,Materials,0.0,5,2,2,0.0
2020-07-13,RealEstate,0.2,5,1,1,0.0
2020-07-13,Tech,0.6,5,4,8,0.4
2020-07-13,Utilities,0.2,5,4,6,0.4
2020-07-14,Comm,0.2,5,4,10,0.6
2020-07-14,Consumer,1.0,5,5,23,0.6
2020-07-14,Energy,0.0,5,1,2,0.0
2020-07-14,Financials,0.23809523809523808,5,4,47,0.76
2020-07-14,Healthcare,0.2,5,5,8,0.4
2020-07-14,Industrials,0.8,5,5,17,0.4
2020-07-14,Materials,0.0,5,0,0,0.0
2020-07-14,RealEstate,0.2,5,1,1,0.2
2020-07-14,Tech,0.2,5,4,12,0.6
2020-07-14,Utilities,0.4,5,2,2,0.2
2020-07-15,Comm,0.2,5,4,7,0.2
2020-07-15,Consumer,0.6,5,5,29,1.0
2020-07-15,Energy,0.0,5,3,8,0.0
2020-07-15,Financials,0.9358974358974359,5,5,44,0.23809523809523808
2020-07-15,Healthcare,0.2,5,2,5,0.2
2020-07-15,Industrials,0.4,5,5,8,0.8
2020-07-15,Materials,0.0,5,0,0,0.0
2020-07-15,RealEstate,0.06666666666666667,5,3,5,0.2
2020-07-15,Tech,0.8,5,4,9,0.2
2020-07-15,Utilities,0.6,5,3,4,0.4
2020-07-16,Comm,0.5,5,4,7,0.2
2020-07-16,Consumer,0.6666666666666666,5,5,25,0.6
2020-07-16,Energy,0.2,5,3,10,0.0
2020-07-16,Financials,0.20952380952380953,5,3,19,0.9358974358974359
2020-07-16,Healthcare,0.3333333333333333,5,4,13,0.2
2020-07-16,Industrials,0.0,5,4,9,0.4
2020-07-16,Materials,0.0,5,3,3,0.0
2020-07-16,RealEstate,0.0,5,0,0,0.06666666666666667
2020-07-16,Tech,0.6,5,4,11,0.8
2020-07-16,Utilities,0.8,5,4,5,0.6
2020-07-17,Comm,0.0,5,1,2,0.5
2020-07-17,Consumer,0.8,5,5,19,0.6666666666666666
2020-07-17,Energy,-0.13333333333333336,5,4,8,0.2
2020-07-17,Financials,0.1,5,4,18,0.20952380952380953
2020-07-17,Healthcare,0.2,5,4,11,0.3333333333333333
2020-07-17,Industrials,0.2,5,2,5,0.0
2020-07-17,Materials,0.0,5,2,2,0.0
2020-07-17,RealEstate,0.0,5,0,0,0.0
2020-07-17,Tech,0.06666666666666667,5,3,7,0.6
2020-07-17,Utilities,0.2,5,3,3,0.8
2020-07-20,Comm,0.2,5,3,8,0.0
2020-07-20,Consumer,0.06666666666666665,5,4,31,0.8
2020-07-20,Energy,0.4428571428571429,5,5,26,-0.13333333333333336
2020-07-20,Financials,0.4,5,3,13,0.1
2020-07-20,Healthcare,0.3,5,3,7,0.2
2020-07-20,Industrials,0.6,5,3,14,0.2
2020-07-20,Materials,0.2,5,1,1,0.0
2020-07-20,RealEstate,0.0,5,4,5,0.0
2020-07-20,Tech,0.52,5,4,22,0.06666666666666667
2020-07-20,Utilities,0.0,5,3,7,0.2
2020-07-21,Comm,0.4,5,5,10,0.2
2020-07-21,Consumer,0.6799999999999999,5,5,46,0.06666666666666665
2020-07-21,Energy,1.0,5,5,32,0.4428571428571429
2020-07-21,Financials,0.4,5,4,12,0.4
2020-07-21,Healthcare,0.6,5,4,15,0.3
2020-07-21,Industrials,-0.13333333333333336,5,2,9,0.6
2020-07-21,Materials,0.0,5,0,0,0.2
2020-07-21,RealEstate,0.2,5,1,5,0.0
2020-07-21,Tech,0.4,5,4,12,0.52
2020-07-21,Utilities,0.4,5,2,3,0.0
2020-07-22,Comm,0.2,5,4,7,0.4
2020-07-22,Consumer,0.6,5,5,17,0.6799999999999999
2020-07-22,Energy,0.4,5,5,13,1.0
2020-07-22,Financials,0.0,5,4,15,0.4
2020-07-22,Healthcare,0.4,5,3,5,0.6
2020-07-22,Industrials,-0.3,5,3,14,-0.13333333333333336
2020-07-22,Materials,0.2,5,2,2,0.0
2020-07-22,RealEstate,0.0,5,1,2,0.2
2020-07-22,Tech,0.2,5,3,9,0.4
2020-07-22,Utilities,0.0,5,0,0,0.4
2020-07-23,Comm,0.06666666666666667,5,3,10,0.2
2020-07-23,Consumer,0.5428571428571429,5,5,32,0.6
2020-07-23,Energy,0.6,5,4,7,0.4
2020-07-23,Financials,0.6,5,5,10,0.0
2020-07-23,Healthcare,0.2,5,5,7,0.4
2020-07-23,Industrials,0.33333333333333337,5,5,12,-0.3
2020-07-23,Materials,0.48,5,4,11,0.2
2020-07-23,RealEstate,0.0,5,2,3,0.0
2020-07-23,Tech,0.5,5,3,15,0.2
2020-07-23,Utilities,0.0,5,2,4,0.0
2020-07-24,Comm,0.6,5,4,18,0.06666666666666667
2020-07-24,Consumer,0.1,5,5,19,0.5428571428571429
2020-07-24,Energy,0.06666666666666668,5,4,18,0.6
2020-07-24,Financials,-0.13999999999999999,5,4,16,0.6
2020-07-24,Healthcare,0.2,5,5,10,0.2
2020-07-24,Industrials,0.0,5,4,14,0.33333333333333337
2020-07-24,Materials,0.4,5,3,5,0.48
2020-07-24,RealEstate,0.0,5,1,1,0.0
2020-07-24,Tech,-0.1181818181818182,5,3,44,0.5
2020-07-24,Utilities,0.2,5,3,9,0.0
2020-07-27,Comm,0.0,5,2,5,0.6
2020-07-27,Consumer,0.4,5,4,21,0.1
2020-07-27,Energy,0.33999999999999997,5,4,14,0.06666666666666668
2020-07-27,Financials,0.1,5,4,14,-0.13999999999999999
2020-07-27,Healthcare,0.4,5,4,14,0.2
2020-07-27,Industrials,0.4,5,4,13,0.0
2020-07-27,Materials,0.2,5,4,9,0.4
2020-07-27,RealEstate,0.0,5,2,3,0.0
2020-07-27,Tech,0.52,5,4,34,-0.1181818181818182
2020-07-27,Utilities,0.2,5,4,12,0.2
2020-07-28,Comm,0.2,5,2,9,0.0
2020-07-28,Consumer,0.4,5,5,21,0.4
2020-07-28,Energy,0.0,5,2,2,0.33999999999999997
2020-07-28,Financials,0.06666666666666667,5,4,17,0.1
2020-07-28,Healthcare,0.6,5,4,14,0.4
2020-07-28,Industrials,0.48,5,4,29,0.4
2020-07-28,Materials,0.2,5,2,9,0.2
2020-07-28,RealEstate,0.0,5,0,0,0.0
2020-07-28,Tech,0.0,5,3,17,0.52
2020-07-28,Utilities,0.0,5,1,2,0.2
2020-07-29,Comm,0.2,5,4,12,0.2
2020-07-29,Consumer,0.5111111111111111,5,5,39,0.4
2020-07-29,Energy,0.2,5,4,5,0.0
2020-07-29,Financials,0.2,5,4,13,0.06666666666666667
2020-07-29,Healthcare,0.6,5,5,11,0.6
2020-07-29,Industrials,0.11538461538461538,5,4,40,0.48
2020-07-29,Materials,0.2,5,3,4,0.2
2020-07-29,RealEstate,0.2,5,5,6,0.0
2020-07-29,Tech,0.7272727272727273,5,4,43,0.0
2020-07-29,Utilities,0.0,5,3,5,0.0
2020-07-30,Comm,0.6,5,5,15,0.2
2020-07-30,Consumer,0.8,5,5,24,0.5111111111111111
2020-07-30,Energy,0.039999999999999994,5,5,29,0.2
2020-07-30,Financials,0.26666666666666666,5,3,9,0.2
2020-07-30,Healthcare,0.0,5,4,11,0.6
2020-07-30,Industrials,0.05454545454545454,5,5,46,0.11538461538461538
2020-07-30,Materials,0.13333333333333336,5,5,12,0.2
2020-07-30,RealEstate,0.4,5,4,6,0.2
2020-07-30,Tech,0.2666666666666667,5,4,40,0.7272727272727273
2020-07-30,Utilities,0.4,5,3,5,0.0
2020-07-31,Comm,0.0,5,3,6,0.6
2020-07-31,Consumer,0.6,5,5,19,0.8
2020-07-31,Energy,0.13968253968253969,5,2,36,0.039999999999999994
2020-07-31,Financials,0.26666666666666666,5,3,6,0.26666666666666666
2020-07-31,Healthcare,0.4057142857142857,5,3,35,0.0
2020-07-31,Industrials,0.3866666666666666,5,5,24,0.05454545454545454
2020-07-31,Materials,0.0,5,1,1,0.13333333333333336
2020-07-31,RealEstate,0.0,5,2,3,0.4
2020-07-31,Tech,0.4,5,2,4,0.2666666666666667
2020-07-31,Utilities,0.2,5,2,7,0.4
2020-08-03,Comm,0.6,5,5,22,0.0
2020-08-03,Consumer,0.6,5,5,36,0.6
2020-08-03,Energy,0.4,5,5,16,0.13968253968253969
2020-08-03,Financials,0.0,5,5,13,0.26666666666666666
2020-08-03,Healthcare,0.2,5,5,24,0.4057142857142857
2020-08-03,Industrials,0.4,5,5,27,0.3866666666666666
2020-08-03,Materials,0.2,5,2,2,0.0
2020-08-03,RealEstate,0.0,5,2,2,0.0
2020-08-03,Tech,0.4,5,3,15,0.4
2020-08-03,Utilities,0.2,5,2,4,0.2
2020-08-04,Comm,0.6,5,5,21,0.6
2020-08-04,Consumer,0.32727272727272727,5,5,40,0.6
2020-08-04,Energy,0.3,5,2,10,0.4
2020-08-04,Financials,0.4,5,5,11,0.0
2020-08-04,Healthcare,0.13333333333333336,5,4,11,0.2
2020-08-04,Industrials,-0.06666666666666667,5,3,16,0.4
2020-08-04,Materials,0.6,5,4,4,0.2
2020-08-04,RealEstate,0.2,5,1,2,0.0
2020-08-04,Tech,0.6,5,3,23,0.4
2020-08-04,Utilities,0.4,5,3,5,0.2
2020-08-05,Comm,0.8,5,4,10,0.6
2020-08-05,Consumer,0.2,5,5,52,0.32727272727272727
2020-08-05,Energy,0.4,5,3,15,0.3
2020-08-05,Financials,0.4,5,3,13,0.4
2020-08-05,Healthcare,0.0,5,3,3,0.13333333333333336
2020-08-05,Industrials,0.24,5,5,12,-0.06666666666666667
2020-08-05,Materials,0.4,5,3,4,0.6
2020-08-05,RealEstate,0.2,5,2,3,0.2
2020-08-05,Tech,0.6,5,4,19,0.6
2020-08-05,Utilities,0.2,5,3,4,0.4
2020-08-06,Comm,0.6,5,3,13,0.8
2020-08-06,Consumer,0.52,5,5,17,0.2
2020-08-06,Energy,0.06666666666666667,5,2,5,0.4
2020-08-06,Financials,0.8,5,4,8,0.4
2020-08-06,Healthcare,0.2,5,3,11,0.0
2020-08-06,Industrials,0.2,5,3,5,0.24
2020-08-06,Materials,0.2,5,3,3,0.4
2020-08-06,RealEstate,0.2,5,2,3,0.2
2020-08-06,Tech,0.6,5,3,7,0.6
2020-08-06,Utilities,0.0,5,2,8,0.2
2020-08-07,Comm,0.3333333333333333,5,2,28,0.6
2020-08-07,Consumer,0.6,5,4,15,0.52
2020-08-07,Energy,0.2,5,3,9,0.06666666666666667
2020-08-07,Financials,0.26666666666666666,5,3,7,0.8
2020-08-07,Healthcare,0.4,5,5,13,0.2
2020-08-07,Industrials,0.4,5,4,8,0.2
2020-08-07,Materials,0.0,5,0,0,0.2
2020-08-07,RealEstate,0.4,5,4,6,0.2
2020-08-07,Tech,0.2,5,2,3,0.6
2020-08-07,Utilities,0.0,5,1,1,0.0
2020-08-10,Comm,0.8,5,5,11,0.3333333333333333
2020-08-10,Consumer,0.5666666666666667,5,5,24,0.6
2020-08-10,Energy,0.3,5,5,18,0.2
2020-08-10,Financials,0.0,5,5,10,0.26666666666666666
2020-08-10,Healthcare,0.4,5,3,8,0.4
2020-08-10,Industrials,0.6,5,3,10,0.4
2020-08-10,Materials,0.4,5,3,5,0.0
2020-08-10,RealEstate,0.0,5,1,1,0.4
2020-08-10,Tech,0.0,5,4,11,0.2
2020-08-10,Utilities,-0.2,5,3,6,0.0
2020-08-11,Comm,0.2,5,3,9,0.8
2020-08-11,Consumer,0.2,5,4,22,0.5666666666666667
2020-08-11,Energy,0.2,5,4,14,0.3
2020-08-11,Financials,0.2,5,4,21,0.0
2020-08-11,Healthcare,0.4,5,3,6,0.4
2020-08-11,Industrials,0.26666666666666666,5,3,12,0.6
2020-08-11,Materials,0.0,5,1,4,0.4
2020-08-11,RealEstate,0.2,5,1,1,0.0
2020-08-11,Tech,0.4,5,3,11,0.0
2020-08-11,Utilities,0.2,5,2,2,-0.2
2020-08-12,Comm,0.0,5,3,7,0.2
2020-08-12,Consumer,0.4,5,4,14,0.2
2020-08-12,Energy,0.4,5,5,11,0.2
2020-08-12,Financials,0.0,5,4,22,0.2
2020-08-12,Healthcare,0.0,5,3,4,0.4
2020-08-12,Industrials,0.13333333333333336,5,4,11,0.26666666666666666
2020-08-12,Materials,0.0,5,0,0,0.0
2020-08-12,RealEstate,0.0,5,1,1,0.2
2020-08-12,Tech,0.6,5,4,18,0.4
2020-08-12,Utilities,0.2,5,5,9,0.2
2020-08-13,Comm,0.4,5,4,10,0.0
2020-08-13,Consumer,0.4666666666666666,5,5,16,0.4
2020-08-13,Energy,0.2,5,2,3,0.4
2020-08-13,Financials,0.0,5,5,12,0.0
2020-08-13,Healthcare,0.2,5,5,5,0.0
2020-08-13,Industrials,0.2,5,3,8,0.13333333333333336
2020-08-13,Materials,0.0,5,1,1,0.0
2020-08-13,RealEstate,0.0,5,1,2,0.0
2020-08-13,Tech,0.6,5,3,12,0.6
2020-08-13,Utilities,0.0,5,2,2,0.2
2020-08-14,Comm,0.4,5,4,6,0.4
2020-08-14,Consumer,0.0,5,4,12,0.4666666666666666
2020-08-14,Energy,0.6,5,3,8,0.2
2020-08-14,Financials,0.4,5,4,12,0.0
2020-08-14,Healthcare,0.2,5,2,3,0.2
2020-08-14,Industrials,0.0,5,5,12,0.2
2020-08-14,Materials,0.4,5,3,3,0.0
2020-08-14,RealEstate,0.6,5,3,3,0.0
2020-08-14,Tech,0.6,5,4,8,0.6
2020-08-14,Utilities,0.4,5,2,2,0.0
2020-08-17,Comm,0.6,5,5,9,0.4
2020-08-17,Consumer,0.5692307692307692,5,5,46,0.0
2020-08-17,Energy,0.6,5,4,17,0.6
2020-08-17,Financials,0.4,5,4,12,0.4
2020-08-17,Healthcare,0.6,5,5,8,0.2
2020-08-17,Industrials,0.2,5,3,11,0.0
2020-08-17,Materials,0.2,5,3,6,0.4
2020-08-17,RealEstate,0.2,5,2,2,0.6
2020-08-17,Tech,0.2,5,4,13,0.6
2020-08-17,Utilities,0.4,5,2,3,0.4
2020-08-18,Comm,0.35,5,5,13,0.6
2020-08-18,Consumer,0.6985507246376812,5,5,44,0.5692307692307692
2020-08-18,Energy,0.2,5,4,12,0.6
2020-08-18,Financials,0.6,5,4,12,0.4
2020-08-18,Healthcare,-0.2,5,3,6,0.6
2020-08-18,Industrials,-0.2,5,2,8,0.2
2020-08-18,Materials,0.0,5,3,3,0.2
2020-08-18,RealEstate,0.2,5,1,2,0.2
2020-08-18,Tech,0.4,5,4,13,0.2
2020-08-18,Utilities,0.0,5,1,1,0.4
2020-08-19,Comm,0.0,5,1,1,0.35
2020-08-19,Consumer,0.7714285714285715,5,5,32,0.6985507246376812
2020-08-19,Energy,0.2,5,3,8,0.2
2020-08-19,Financials,0.4,5,3,8,0.6
2020-08-19,Healthcare,0.4,5,4,17,-0.2
2020-08-19,Industrials,0.2,5,4,12,-0.2
2020-08-19,Materials,0.0,5,1,2,0.0
2020-08-19,RealEstate,0.4,5,3,3,0.2
2020-08-19,Tech,0.0,5,2,5,0.4
2020-08-19,Utilities,0.0,5,0,0,0.0
2020-08-20,Comm,0.4,5,4,8,0.0
2020-08-20,Consumer,0.6,5,5,19,0.7714285714285715
2020-08-20,Energy,0.8,5,4,14,0.2
2020-08-20,Financials,0.6,5,5,16,0.4
2020-08-20,Healthcare,0.0,5,5,7,0.4
2020-08-20,Industrials,0.2,5,4,14,0.2
2020-08-20,Materials,0.0,5,3,5,0.0
2020-08-20,RealEstate,0.0,5,2,2,0.4
2020-08-20,Tech,0.13333333333333333,5,2,19,0.0
2020-08-20,Utilities,0.0,5,5,8,0.0
2020-08-21,Comm,0.6,5,3,10,0.4
2020-08-21,Consumer,0.9,5,5,21,0.6
2020-08-21,Energy,0.0,5,2,7,0.8
2020-08-21,Financials,0.4,5,4,15,0.6
2020-08-21,Healthcare,0.2,5,2,5,0.0
2020-08-21,Industrials,0.0,5,5,14,0.2
2020-08-21,Materials,0.2,5,1,1,0.0
2020-08-21,RealEstate,0.0,5,2,4,0.0
2020-08-21,Tech,0.4,5,4,13,0.13333333333333333
2020-08-21,Utilities,0.2,5,2,3,0.0
2020-08-24,Comm,0.4,5,2,6,0.6
2020-08-24,Consumer,0.4,5,5,18,0.9
2020-08-24,Energy,0.0,5,3,22,0.0
2020-08-24,Financials,0.8,5,5,9,0.4
2020-08-24,Healthcare,0.4,5,4,6,0.2
2020-08-24,Industrials,0.2,5,4,16,0.0
2020-08-24,Materials,0.4,5,3,3,0.2
2020-08-24,RealEstate,0.4,5,4,4,0.0
2020-08-24,Tech,0.4,5,3,13,0.4
2020-08-24,Utilities,0.4,5,3,4,0.2
2020-08-25,Comm,0.4,5,2,4,0.4
2020-08-25,Consumer,0.2,5,4,15,0.4
2020-08-25,Energy,0.15555555555555556,5,2,16,0.0
2020-08-25,Financials,0.4,5,3,6,0.8
2020-08-25,Healthcare,0.5599999999999999,5,3,20,0.4
2020-08-25,Industrials,0.6,5,5,8,0.2
2020-08-25,Materials,0.0,5,1,1,0.4
2020-08-25,RealEstate,0.2,5,2,2,0.4
2020-08-25,Tech,0.4,5,4,12,0.4
2020-08-25,Utilities,0.4,5,2,2,0.4
2020-08-26,Comm,0.4,5,4,10,0.4
2020-08-26,Consumer,0.26666666666666666,5,4,15,0.2
2020-08-26,Energy,0.4,5,3,12,0.15555555555555556
2020-08-26,Financials,0.4,5,4,11,0.4
2020-08-26,Healthcare,0.8,5,5,10,0.5599999999999999
2020-08-26,Industrials,0.8,5,4,8,0.6
2020-08-26,Materials,0.0,5,1,1,0.0
2020-08-26,RealEstate,0.4,5,3,4,0.2
2020-08-26,Tech,0.2,5,3,9,0.4
2020-08-26,Utilities,0.6,5,3,8,0.4
2020-08-27,Comm,0.0,5,2,3,0.4
2020-08-27,Consumer,0.5333333333333333,5,5,27,0.26666666666666666
2020-08-27,Energy,0.06666666666666667,5,5,16,0.4
2020-08-27,Financials,0.0,5,3,4,0.4
2020-08-27,Healthcare,0.52,5,5,36,0.8
2020-08-27,Industrials,0.32,5,5,20,0.8
2020-08-27,Materials,0.2,5,2,3,0.0
2020-08-27,RealEstate,0.2,5,3,4,0.4
2020-08-27,Tech,0.4,5,4,13,0.2
2020-08-27,Utilities,0.2,5,2,2,0.6
2020-08-28,Comm,0.0,5,2,7,0.0
2020-08-28,Consumer,0.13333333333333333,5,3,23,0.5333333333333333
2020-08-28,Energy,0.2,5,3,7,0.06666666666666667
2020-08-28,Financials,-0.4,5,5,12,0.0
2020-08-28,Healthcare,0.4,5,5,14,0.52
2020-08-28,Industrials,0.2,5,3,8,0.32
2020-08-28,Materials,0.0,5,2,4,0.2
2020-08-28,RealEstate,0.0,5,1,1,0.2
2020-08-28,Tech,0.4,5,2,4,0.4
2020-08-28,Utilities,0.0,5,0,0,0.2
2020-08-31,Comm,0.4,5,3,5,0.0
2020-08-31,Consumer,0.12,5,5,27,0.13333333333333333
2020-08-31,Energy,0.6166666666666666,5,5,23,0.2
2020-08-31,Financials,0.4,5,5,8,-0.4
2020-08-31,Healthcare,0.2,5,4,16,0.4
2020-08-31,Industrials,0.6,5,5,16,0.2
2020-08-31,Materials,0.2,5,2,2,0.0
2020-08-31,RealEstate,0.2,5,2,2,0.0
2020-08-31,Tech,0.4,5,4,18,0.4
2020-08-31,Utilities,1.0,5,5,12,0.0
2020-09-01,Comm,0.0,5,3,4,0.4
2020-09-01,Consumer,0.0,5,4,29,0.12
2020-09-01,Energy,0.7428571428571429,5,4,13,0.6166666666666666
2020-09-01,Financials,0.4,5,5,9,0.4
2020-09-01,Healthcare,0.6666666666666666,5,4,21,0.2
2020-09-01,Industrials,0.0,5,3,4,0.6
2020-09-01,Materials,0.0,5,0,0,0.2
2020-09-01,RealEstate,0.06666666666666665,5,3,4,0.2
2020-09-01,Tech,0.6,5,4,15,0.4
2020-09-01,Utilities,0.0,5,1,1,1.0
2020-09-02,Comm,0.4,5,3,7,0.0
2020-09-02,Consumer,0.2,5,5,17,0.0
2020-09-02,Energy,-0.2,5,2,7,0.7428571428571429
2020-09-02,Financials,-0.2,5,3,10,0.4
2020-09-02,Healthcare,-0.4,5,4,8,0.6666666666666666
2020-09-02,Industrials,0.6,5,3,8,0.0
2020-09-02,Materials,0.0,5,3,3,0.0
2020-09-02,RealEstate,0.0,5,1,1,0.06666666666666665
2020-09-02,Tech,0.6,5,3,11,0.6
2020-09-02,Utilities,0.2,5,3,3,0.0
2020-09-03,Comm,0.2,5,3,10,0.4
2020-09-03,Consumer,0.7,5,4,20,0.2
2020-09-03,Energy,0.2,5,3,7,-0.2
2020-09-03,Financials,0.2,5,5,12,-0.2
2020-09-03,Healthcare,0.2,5,3,10,-0.4
2020-09-03,Industrials,0.2,5,4,10,0.6
2020-09-03,Materials,0.0,5,2,5,0.0
2020-09-03,RealEstate,0.0,5,1,1,0.0
2020-09-03,Tech,0.2,5,3,10,0.6
2020-09-03,Utilities,0.2,5,1,2,0.2
2020-09-04,Comm,0.0,5,2,7,0.2
2020-09-04,Consumer,0.4,5,5,16,0.7
2020-09-04,Energy,0.4,5,4,7,0.2
2020-09-04,Financials,0.0,5,5,16,0.2
2020-09-04,Healthcare,0.2,5,2,11,0.2
2020-09-04,Industrials,0.2,5,3,5,0.2
2020-09-04,Materials,0.4,5,3,5,0.0
2020-09-04,RealEstate,0.4,5,3,5,0.0
2020-09-04,Tech,0.2,5,4,5,0.2
2020-09-04,Utilities,0.2,5,1,1,0.2
2020-09-08,Comm,0.4,5,2,6,0.0
2020-09-08,Consumer,1.0,5,5,41,0.4
2020-09-08,Energy,0.6,5,5,21,0.4
2020-09-08,Financials,0.4,5,5,16,0.0
2020-09-08,Healthcare,0.4,5,5,15,0.2
2020-09-08,Industrials,0.3333333333333333,5,5,16,0.2
2020-09-08,Materials,0.2,5,2,2,0.4
2020-09-08,RealEstate,0.2,5,1,2,0.4
2020-09-08,Tech,0.2,5,4,13,0.2
2020-09-08,Utilities,-0.6666666666666667,5,5,11,0.2
2020-09-09,Comm,0.0,5,3,5,0.4
2020-09-09,Consumer,0.6,5,4,22,1.0
2020-09-09,Energy,0.0,5,1,2,0.6
2020-09-09,Financials,-0.2,5,4,6,0.4
2020-09-09,Healthcare,0.0,5,3,9,0.4
2020-09-09,Industrials,-0.2,5,3,10,0.3333333333333333
2020-09-09,Materials,0.0,5,0,0,0.2
2020-09-09,RealEstate,0.0,5,1,1,0.2
2020-09-09,Tech,0.6,5,4,14,0.2
2020-09-09,Utilities,0.0,5,1,1,-0.6666666666666667
2020-09-10,Comm,0.2,5,2,3,0.0
2020-09-10,Consumer,0.8,5,4,15,0.6
2020-09-10,Energy,0.0,5,2,2,0.0
2020-09-10,Financials,0.0,5,4,8,-0.2
2020-09-10,Healthcare,0.2,5,1,1,0.0
2020-09-10,Industrials,-0.2,5,2,8,-0.2
2020-09-10,Materials,0.2,5,2,2,0.0
2020-09-10,RealEstate,0.0,5,0,0,0.0
2020-09-10,Tech,0.0,5,3,11,0.6
2020-09-10,Utilities,0.0,5,2,2,0.0
2020-09-11,Comm,0.0,5,3,4,0.2
2020-09-11,Consumer,0.8,5,4,14,0.8
2020-09-11,Energy,-0.2,5,3,7,0.0
2020-09-11,Financials,0.2,5,3,6,0.0
2020-09-11,Healthcare,0.6,5,5,14,0.2
2020-09-11,Industrials,0.6,5,3,8,-0.2
2020-09-11,Materials,-0.2,5,1,1,0.2
2020-09-11,RealEstate,0.0,5,2,2,0.0
2020-09-11,Tech,0.2,5,3,7,0.0
2020-09-11,Utilities,0.2,5,1,1,0.0
2020-09-14,Comm,0.4,5,3,12,0.0
2020-09-14,Consumer,0.6,5,5,33,0.8
2020-09-14,Energy,0.0,5,2,11,-0.2
2020-09-14,Financials,-0.2,5,4,10,0.2
2020-09-14,Healthcare,0.9789473684210526,5,5,39,0.6
2020-09-14,Industrials,0.0,5,3,10,0.6
2020-09-14,Materials,0.13333333333333336,5,2,6,-0.2
2020-09-14,RealEstate,0.2,5,1,2,0.0
2020-09-14,Tech,0.7428571428571429,5,4,21,0.2
2020-09-14,Utilities,0.4,5,2,5,0.2
2020-09-15,Comm,0.0,5,3,11,0.4
2020-09-15,Consumer,0.4,5,4,18,0.6
2020-09-15,Energy,0.2,5,2,4,0.0
2020-09-15,Financials,0.2,5,2,5,-0.2
2020-09-15,Healthcare,0.6,5,5,14,0.9789473684210526
2020-09-15,Industrials,-0.2,5,5,12,0.0
2020-09-15,Materials,0.0,5,0,0,0.13333333333333336
2020-09-15,RealEstate,0.2,5,2,4,0.2
2020-09-15,Tech,0.6,5,4,16,0.7428571428571429
2020-09-15,Utilities,-0.06666666666666667,5,2,7,0.4
2020-09-16,Comm,0.2,5,3,8,0.0
2020-09-16,Consumer,0.14285714285714285,5,3,11,0.4
2020-09-16,Energy,0.26666666666666666,5,2,7,0.2
2020-09-16,Financials,0.2,5,5,10,0.2
2020-09-16,Healthcare,0.0,5,3,3,0.6
2020-09-16,Industrials,0.6,5,4,24,-0.2
2020-09-16,Materials,0.2,5,2,2,0.0
2020-09-16,RealEstate,0.0,5,1,1,0.2
2020-09-16,Tech,0.4,5,3,7,0.6
2020-09-16,Utilities,0.2,5,2,5,-0.06666666666666667
2020-09-17,Comm,0.4,5,3,5,0.2
2020-09-17,Consumer,0.26666666666666666,5,4,24,0.14285714285714285
2020-09-17,Energy,0.0,5,2,7,0.26666666666666666
2020-09-17,Financials,0.4,5,5,10,0.2
2020-09-17,Healthcare,0.64,5,5,13,0.0
2020-09-17,Industrials,0.2,5,5,27,0.6
2020-09-17,Materials,0.0,5,3,7,0.2
2020-09-17,RealEstate,0.0,5,2,2,0.0
2020-09-17,Tech,0.4,5,3,11,0.4
2020-09-17,Utilities,0.0,5,0,0,0.2
2020-09-18,Comm,0.0,5,4,7,0.4
2020-09-18,Consumer,0.6,5,5,26,0.26666666666666666
2020-09-18,Energy,-0.2,5,2,8,0.0
2020-09-18,Financials,0.4,5,4,8,0.4
2020-09-18,Healthcare,0.8,5,4,13,0.64
2020-09-18,Industrials,0.6,5,4,6,0.2
2020-09-18,Materials,0.0,5,0,0,0.0
2020-09-18,RealEstate,0.2,5,2,2,0.0
2020-09-18,Tech,0.2,5,2,5,0.4
2020-09-18,Utilities,0.0,5,1,1,0.0
2020-09-21,Comm,0.0,5,4,17,0.0
2020-09-21,Consumer,0.30769230769230765,5,4,35,0.6
2020-09-21,Energy,0.4,5,3,10,-0.2
2020-09-21,Financials,0.0,5,4,15,0.4
2020-09-21,Healthcare,0.4,5,4,9,0.8
2020-09-21,Industrials,0.2,5,4,16,0.6
2020-09-21,Materials,0.4,5,3,5,0.0
2020-09-21,RealEstate,0.0,5,1,1,0.2
2020-09-21,Tech,0.4,5,3,6,0.2
2020-09-21,Utilities,0.0,5,1,1,0.0
2020-09-22,Comm,0.2,5,3,5,0.0
2020-09-22,Consumer,0.6,5,5,30,0.30769230769230765
2020-09-22,Energy,0.6,5,3,4,0.4
2020-09-22,Financials,0.4,5,4,6,0.0
2020-09-22,Healthcare,0.4,5,4,5,0.4
2020-09-22,Industrials,0.0,5,5,12,0.2
2020-09-22,Materials,0.0,5,0,0,0.4
2020-09-22,RealEstate,0.2,5,1,1,0.0
2020-09-22,Tech,0.2,5,3,6,0.4
2020-09-22,Utilities,0.2,5,1,1,0.0
2020-09-23,Comm,0.2,5,2,3,0.2
2020-09-23,Consumer,0.4,5,4,32,0.6
2020-09-23,Energy,0.2,5,3,9,0.6
2020-09-23,Financials,0.2,5,4,9,0.4
2020-09-23,Healthcare,0.0,5,2,5,0.4
2020-09-23,Industrials,0.4,5,3,8,0.0
2020-09-23,Materials,0.0,5,1,1,0.0
2020-09-23,RealEstate,0.0,5,0,0,0.2
2020-09-23,Tech,-0.2,5,2,2,0.2
2020-09-23,Utilities,0.6,5,3,3,0.2
2020-09-24,Comm,0.4,5,2,7,0.2
2020-09-24,Consumer,0.6,5,4,19,0.4
2020-09-24,Energy,0.2,5,4,7,0.2
2020-09-24,Financials,0.3866666666666666,5,4,14,0.2
2020-09-24,Healthcare,0.2,5,3,4,0.0
2020-09-24,Industrials,-0.2,5,3,11,0.4
2020-09-24,Materials,0.0,5,1,1,0.0
2020-09-24,RealEstate,0.0,5,1,1,0.0
2020-09-24,Tech,0.4,5,4,10,-0.2
2020-09-24,Utilities,0.0,5,1,1,0.6
2020-09-25,Comm,0.4,5,2,3,0.4
2020-09-25,Consumer,0.8,5,4,14,0.6
2020-09-25,Energy,0.0,5,4,7,0.2
2020-09-25,Financials,0.2,5,3,5,0.3866666666666666
2020-09-25,Healthcare,0.4,5,2,5,0.2
2020-09-25,Industrials,0.36363636363636365,5,4,22,-0.2
2020-09-25,Materials,0.0,5,1,1,0.0
2020-09-25,RealEstate,0.0,5,0,0,0.0
2020-09-25,Tech,0.0,5,4,7,0.4
2020-09-25,Utilities,0.0,5,0,0,0.0
2020-09-28,Comm,0.6,5,4,16,0.4
2020-09-28,Consumer,0.5,5,5,34,0.8
2020-09-28,Energy,0.4,5,3,13,0.0
2020-09-28,Financials,0.8,5,5,17,0.2
2020-09-28,Healthcare,0.4,5,4,14,0.4
2020-09-28,Industrials,0.6,5,4,28,0.36363636363636365
2020-09-28,Materials,0.4,5,4,6,0.0
2020-09-28,RealEstate,0.4,5,2,2,0.0
2020-09-28,Tech,0.6,5,4,17,0.0
2020-09-28,Utilities,0.3,5,3,7,0.0
2020-09-29,Comm,0.2,5,1,3,0.6
2020-09-29,Consumer,0.6,5,5,30,0.5
2020-09-29,Energy,0.6,5,5,8,0.4
2020-09-29,Financials,-0.2,5,4,12,0.8
2020-09-29,Healthcare,0.2,5,4,11,0.4
2020-09-29,Industrials,0.8,5,5,8,0.6
2020-09-29,Materials,0.0,5,0,0,0.4
2020-09-29,RealEstate,0.0,5,1,1,0.4
2020-09-29,Tech,0.2,5,3,6,0.6
2020-09-29,Utilities,0.0,5,2,2,0.3
2020-09-30,Comm,0.4,5,4,5,0.2
2020-09-30,Consumer,0.26666666666666666,5,5,27,0.6
2020-09-30,Energy,-0.2,5,3,12,0.6
2020-09-30,Financials,0.12666666666666665,5,3,21,-0.2
2020-09-30,Healthcare,0.4,5,4,8,0.2
2020-09-30,Industrials,0.8,5,5,19,0.8
2020-09-30,Materials,0.0,5,2,2,0.0
2020-09-30,RealEstate,0.2,5,1,1,0.0
2020-09-30,Tech,0.4,5,4,12,0.2
2020-09-30,Utilities,0.4,5,3,21,0.0
2020-10-01,Comm,0.6,5,3,12,0.4
2020-10-01,Consumer,0.13333333333333336,5,3,16,0.26666666666666666
2020-10-01,Energy,0.18333333333333335,5,5,21,-0.2
2020-10-01,Financials,0.3,5,4,17,0.12666666666666665
2020-10-01,Healthcare,0.2,5,4,13,0.4
2020-10-01,Industrials,0.6,5,4,21,0.8
2020-10-01,Materials,0.0,5,0,0,0.0
2020-10-01,RealEstate,0.0,5,0,0,0.2
2020-10-01,Tech,0.0,5,1,1,0.4
2020-10-01,Utilities,0.0,5,2,2,0.4
2020-10-02,Comm,0.4,5,4,4,0.6
2020-10-02,Consumer,-0.3333333333333333,5,4,18,0.13333333333333336
2020-10-02,Energy,-0.4,5,4,16,0.18333333333333335
2020-10-02,Financials,-0.06666666666666667,5,3,18,0.3
2020-10-02,Healthcare,0.0,5,4,6,0.2
2020-10-02,Industrials,0.2,5,2,3,0.6
2020-10-02,Materials,0.0,5,0,0,0.0
2020-10-02,RealEstate,0.0,5,0,0,0.0
2020-10-02,Tech,0.2,5,2,8,0.0
2020-10-02,Utilities,0.2,5,3,3,0.0
2020-10-05,Comm,0.6,5,3,12,0.4
2020-10-05,Consumer,0.2,5,5,24,-0.3333333333333333
2020-10-05,Energy,0.33333333333333337,5,4,31,-0.4
2020-10-05,Financials,0.6,5,5,14,-0.06666666666666667
2020-10-05,Healthcare,0.4,5,5,20,0.0
2020-10-05,Industrials,0.5,5,4,17,0.2
2020-10-05,Materials,0.0,5,2,5,0.0
2020-10-05,RealEstate,0.2,5,2,2,0.0
2020-10-05,Tech,0.2,5,3,7,0.2
2020-10-05,Utilities,0.2,5,2,5,0.2
2020-10-06,Comm,0.4,5,4,7,0.6
2020-10-06,Consumer,0.4,5,5,18,0.2
2020-10-06,Energy,-0.4,5,3,6,0.33333333333333337
2020-10-06,Financials,0.4,5,4,8,0.6
2020-10-06,Healthcare,0.0,5,4,8,0.4
2020-10-06,Industrials,-0.2909090909090909,5,3,19,0.5
2020-10-06,Materials,0.0,5,0,0,0.0
2020-10-06,RealEstate,0.2,5,1,1,0.2
2020-10-06,Tech,0.6,5,3,7,0.2
2020-10-06,Utilities,0.0,5,3,5,0.2
2020-10-07,Comm,0.2,5,2,3,0.4
2020-10-07,Consumer,0.8,5,4,17,0.4
2020-10-07,Energy,0.2,5,2,6,-0.4
2020-10-07,Financials,-0.4666666666666666,5,3,12,0.4
2020-10-07,Healthcare,0.4,5,4,15,0.0
2020-10-07,Industrials,0.2,5,2,12,-0.2909090909090909
2020-10-07,Materials,0.2,5,1,1,0.0
2020-10-07,RealEstate,0.0,5,0,0,0.2
2020-10-07,Tech,0.6,5,4,8,0.6
2020-10-07,Utilities,0.0,5,3,4,0.0
2020-10-08,Comm,-0.1,5,3,8,0.2
2020-10-08,Consumer,0.6,5,5,21,0.8
2020-10-08,Energy,0.42000000000000004,5,3,16,0.2
2020-10-08,Financials,0.2,5,4,22,-0.4666666666666666
2020-10-08,Healthcare,0.2,5,4,18,0.4
2020-10-08,Industrials,0.0,5,3,9,0.2
2020-10-08,Materials,0.0,5,1,1,0.2
2020-10-08,RealEstate,0.0,5,0,0,0.0
2020-10-08,Tech,0.4,5,3,14,0.6
2020-10-08,Utilities,0.6,5,3,5,0.0
2020-10-09,Comm,0.8,5,4,14,-0.1
2020-10-09,Consumer,0.4,5,5,15,0.6
2020-10-09,Energy,0.0,5,0,0,0.42000000000000004
2020-10-09,Financials,-0.06666666666666665,5,5,13,0.2
2020-10-09,Healthcare,0.2,5,3,7,0.2
2020-10-09,Industrials,0.2,5,3,12,0.0
2020-10-09,Materials,0.0,5,1,2,0.0
2020-10-09,RealEstate,0.0,5,0,0,0.0
2020-10-09,Tech,0.6,5,4,21,0.4
2020-10-09,Utilities,0.4,5,2,2,0.6
2020-10-12,Comm,0.2,5,3,21,0.8
2020-10-12,Consumer,0.8,5,5,33,0.4
2020-10-12,Energy,0.2,5,4,13,0.0
2020-10-12,Financials,0.6,5,4,32,-0.06666666666666665
2020-10-12,Healthcare,0.6,5,4,17,0.2
2020-10-12,Industrials,0.6,5,5,17,0.2
2020-10-12,Materials,0.4,5,2,4,0.0
2020-10-12,RealEstate,0.0,5,2,2,0.0
2020-10-12,Tech,0.6,5,4,8,0.6
2020-10-12,Utilities,0.0,5,2,2,0.4
2020-10-13,Comm,0.4,5,3,12,0.2
2020-10-13,Consumer,0.6,5,5,31,0.8
2020-10-13,Energy,0.2,5,3,5,0.2
2020-10-13,Financials,0.052380952380952375,5,5,32,0.6
2020-10-13,Healthcare,0.2,5,4,8,0.6
2020-10-13,Industrials,0.4,5,4,16,0.6
2020-10-13,Materials,0.0,5,1,1,0.4
2020-10-13,RealEstate,0.0,5,0,0,0.0
2020-10-13,Tech,0.13333333333333336,5,3,8,0.6
2020-10-13,Utilities,0.2,5,2,2,0.0
2020-10-14,Comm,0.4,5,5,13,0.4
2020-10-14,Consumer,0.2,5,4,18,0.6
2020-10-14,Energy,0.2,5,3,9,0.2
2020-10-14,Financials,0.4412121212121212,5,4,52,0.052380952380952375
2020-10-14,Healthcare,0.8,5,4,11,0.2
2020-10-14,Industrials,0.0,5,4,8,0.4
2020-10-14,Materials,0.0,5,1,1,0.0
2020-10-14,RealEstate,0.2,5,1,2,0.0
2020-10-14,Tech,0.2,5,3,7,0.13333333333333336
2020-10-14,Utilities,0.0,5,3,3,0.2
2020-10-15,Comm,0.2,5,2,5,0.4
2020-10-15,Consumer,0.6,5,4,20,0.2
2020-10-15,Energy,0.4,5,4,8,0.2
2020-10-15,Financials,0.6333333333333333,5,5,25,0.4412121212121212
2020-10-15,Healthcare,0.0,5,5,10,0.8
2020-10-15,Industrials,0.4,5,5,11,0.0
2020-10-15,Materials,0.4,5,2,2,0.0
2020-10-15,RealEstate,0.0,5,0,0,0.2
2020-10-15,Tech,0.2,5,4,9,0.2
2020-10-15,Utilities,0.2,5,1,1,0.0
2020-10-16,Comm,0.4,5,3,6,0.2
2020-10-16,Consumer,0.5428571428571429,5,4,14,0.6
2020-10-16,Energy,0.14285714285714285,5,3,19,0.4
2020-10-16,Financials,0.2,5,5,7,0.6333333333333333
2020-10-16,Healthcare,0.2,5,3,16,0.0
2020-10-16,Industrials,0.4,5,3,20,0.4
2020-10-16,Materials,0.2,5,1,2,0.4
2020-10-16,RealEstate,0.0,5,0,0,0.0
2020-10-16,Tech,0.6,5,3,7,0.2
2020-10-16,Utilities,0.0,5,0,0,0.2
2020-10-19,Comm,1.0,5,5,13,0.4
2020-10-19,Consumer,0.8,5,5,23,0.5428571428571429
2020-10-19,Energy,0.25,5,5,22,0.14285714285714285
2020-10-19,Financials,0.6,5,5,13,0.2
2020-10-19,Healthcare,0.4,5,5,20,0.2
2020-10-19,Industrials,0.6,5,4,19,0.4
2020-10-19,Materials,0.4,5,2,2,0.2
2020-10-19,RealEstate,0.0,5,1,1,0.0
2020-10-19,Tech,0.7333333333333333,5,4,13,0.6
2020-10-19,Utilities,0.2,5,1,4,0.0
2020-10-20,Comm,0.0,5,1,3,1.0
2020-10-20,Consumer,0.4666666666666667,5,4,11,0.8
2020-10-20,Energy,0.2533333333333333,5,3,8,0.25
2020-10-20,Financials,0.4,5,4,14,0.6
2020-10-20,Healthcare,0.2,5,4,9,0.4
2020-10-20,Industrials,0.0,5,3,6,0.6
2020-10-20,Materials,0.0,5,0,0,0.4
2020-10-20,RealEstate,0.2,5,2,4,0.0
2020-10-20,Tech,0.4,5,2,6,0.7333333333333333
2020-10-20,Utilities,0.4,5,2,3,0.2
2020-10-21,Comm,0.0,5,2,6,0.0
2020-10-21,Consumer,0.6,5,4,19,0.4666666666666667
2020-10-21,Energy,-0.2,5,5,12,0.2533333333333333
2020-10-21,Financials,-0.13333333333333336,5,4,14,0.4
2020-10-21,Healthcare,0.2,5,3,9,0.2
2020-10-21,Industrials,0.4,5,4,6,0.0
2020-10-21,Materials,0.4,5,2,4,0.0
2020-10-21,RealEstate,0.0,5,1,2,0.2
2020-10-21,Tech,0.6,5,4,8,0.4
2020-10-21,Utilities,0.4,5,3,8,0.4
2020-10-22,Comm,0.4,5,4,16,0.0
2020-10-22,Consumer,0.26666666666666666,5,5,42,0.6
2020-10-22,Energy,0.2,5,3,8,-0.2
2020-10-22,Financials,0.2,5,4,14,-0.13333333333333336
2020-10-22,Healthcare,0.4,5,2,7,0.2
2020-10-22,Industrials,-0.2,5,3,10,0.4
2020-10-22,Materials,0.21666666666666665,5,2,15,0.4
2020-10-22,RealEstate,0.2,5,2,2,0.0
2020-10-22,Tech,-0.2,5,2,10,0.6
2020-10-22,Utilities,0.4,5,3,4,0.4
2020-10-23,Comm,0.2,5,2,9,0.4
2020-10-23,Consumer,0.6,5,5,15,0.26666666666666666
2020-10-23,Energy,0.6,5,3,6,0.2
2020-10-23,Financials,0.2,5,2,3,0.2
2020-10-23,Healthcare,0.2,5,3,23,0.4
2020-10-23,Industrials,0.0,5,4,7,-0.2
2020-10-23,Materials,0.2,5,1,2,0.21666666666666665
2020-10-23,RealEstate,0.2,5,1,1,0.2
2020-10-23,Tech,0.4,5,2,24,-0.2
2020-10-23,Utilities,0.2,5,2,5,0.4
2020-10-26,Comm,0.8,5,5,17,0.2
2020-10-26,Consumer,1.0,5,5,27,0.6
2020-10-26,Energy,0.5,5,5,17,0.6
2020-10-26,Financials,0.2,5,4,17,0.2
2020-10-26,Healthcare,0.4,5,4,16,0.2
2020-10-26,Industrials,0.8,5,5,21,0.0
2020-10-26,Materials,0.0,5,2,2,0.2
2020-10-26,RealEstate,0.2,5,3,3,0.2
2020-10-26,Tech,0.4666666666666666,5,4,18,0.4
2020-10-26,Utilities,0.2,5,2,8,0.2
2020-10-27,Comm,0.4,5,2,2,0.8
2020-10-27,Consumer,0.4,5,5,15,1.0
2020-10-27,Energy,0.2,5,3,6,0.5
2020-10-27,Financials,0.32,5,4,7,0.2
2020-10-27,Healthcare,0.4,5,5,12,0.4
2020-10-27,Industrials,0.6,5,5,42,0.8
2020-10-27,Materials,0.2,5,2,5,0.0
2020-10-27,RealEstate,0.0,5,0,0,0.2
2020-10-27,Tech,0.5428571428571429,5,4,41,0.4666666666666666
2020-10-27,Utilities,0.0,5,2,2,0.2
2020-10-28,Comm,0.4,5,3,17,0.4
2020-10-28,Consumer,0.3,5,4,14,0.4
2020-10-28,Energy,-0.2,5,5,29,0.2
2020-10-28,Financials,0.06666666666666667,5,5,29,0.32
2020-10-28,Healthcare,0.4,5,5,23,0.4
2020-10-28,Industrials,0.4346153846153847,5,5,43,0.6
2020-10-28,Materials,0.0,5,0,0,0.2
2020-10-28,RealEstate,0.0,5,2,2,0.0
2020-10-28,Tech,0.6,5,4,20,0.5428571428571429
2020-10-28,Utilities,0.0,5,2,2,0.0
2020-10-29,Comm,0.72,5,5,17,0.4
2020-10-29,Consumer,0.6,5,4,21,0.3
2020-10-29,Energy,-0.26666666666666666,5,4,16,-0.2
2020-10-29,Financials,0.2,5,4,9,0.06666666666666667
2020-10-29,Healthcare,0.8666666666666666,5,5,19,0.4
2020-10-29,Industrials,0.4,5,5,14,0.4346153846153847
2020-10-29,Materials,0.18666666666666668,5,3,10,0.0
2020-10-29,RealEstate,0.0,5,2,2,0.0
2020-10-29,Tech,0.4,5,4,11,0.6
2020-10-29,Utilities,0.4,5,2,5,0.0
2020-10-30,Comm,0.2,5,4,6,0.72
2020-10-30,Consumer,0.8,5,5,23,0.6
2020-10-30,Energy,0.2,5,3,23,-0.26666666666666666
2020-10-30,Financials,1.0,5,5,16,0.2
2020-10-30,Healthcare,0.5555555555555556,5,4,15,0.8666666666666666
2020-10-30,Industrials,0.0,5,4,20,0.4
2020-10-30,Materials,0.0,5,0,0,0.18666666666666668
2020-10-30,RealEstate,0.0,5,1,1,0.0
2020-10-30,Tech,0.2,5,3,5,0.4
2020-10-30,Utilities,0.4,5,3,4,0.4
2020-11-02,Comm,0.4666666666666666,5,5,19,0.2
2020-11-02,Consumer,1.0,5,5,24,0.8
2020-11-02,Energy,0.2,5,5,18,0.2
2020-11-02,Financials,0.2,5,4,13,1.0
2020-11-02,Healthcare,0.5,5,4,22,0.5555555555555556
2020-11-02,Industrials,0.4,5,4,19,0.0
2020-11-02,Materials,0.4,5,2,2,0.0
2020-11-02,RealEstate,0.2,5,1,2,0.0
2020-11-02,Tech,0.64,5,4,19,0.2
2020-11-02,Utilities,0.2,5,3,10,0.4
2020-11-03,Comm,0.6,5,5,15,0.4666666666666666
2020-11-03,Consumer,0.8,5,5,23,1.0
2020-11-03,Energy,0.4,5,3,6,0.2
2020-11-03,Financials,-0.2,5,4,19,0.2
2020-11-03,Healthcare,0.6,5,4,10,0.5
2020-11-03,Industrials,0.0,5,4,16,0.4
2020-11-03,Materials,0.0,5,1,1,0.4
2020-11-03,RealEstate,0.0,5,1,1,0.2
2020-11-03,Tech,0.2,5,2,3,0.64
2020-11-03,Utilities,0.2,5,1,2,0.2
2020-11-04,Comm,0.2,5,3,12,0.6
2020-11-04,Consumer,0.4,5,3,13,0.8
2020-11-04,Energy,-0.13333333333333336,5,4,17,0.4
2020-11-04,Financials,0.8,5,5,24,-0.2
2020-11-04,Healthcare,0.2,5,3,13,0.6
2020-11-04,Industrials,0.6,5,4,10,0.0
2020-11-04,Materials,0.2,5,1,2,0.0
2020-11-04,RealEstate,0.0,5,2,2,0.0
2020-11-04,Tech,0.8,5,4,16,0.2
2020-11-04,Utilities,0.2,5,3,7,0.2
2020-11-05,Comm,0.5,5,5,19,0.2
2020-11-05,Consumer,0.6,5,5,16,0.4
2020-11-05,Energy,0.0,5,5,9,-0.13333333333333336
2020-11-05,Financials,0.4,5,5,10,0.8
2020-11-05,Healthcare,0.52,5,4,11,0.2
2020-11-05,Industrials,0.4,5,5,12,0.6
2020-11-05,Materials,0.0,5,0,0,0.2
2020-11-05,RealEstate,0.2,5,1,3,0.0
2020-11-05,Tech,0.4666666666666667,5,4,20,0.8
2020-11-05,Utilities,0.6,5,4,6,0.2
2020-11-06,Comm,0.5599999999999999,5,5,46,0.5
2020-11-06,Consumer,0.33333333333333337,5,5,22,0.6
2020-11-06,Energy,0.2,5,1,4,0.0
2020-11-06,Financials,-0.4,5,4,9,0.4
2020-11-06,Healthcare,0.2,5,2,3,0.52
2020-11-06,Industrials,0.06666666666666667,5,3,11,0.4
2020-11-06,Materials,0.0,5,3,3,0.0
2020-11-06,RealEstate,0.2,5,4,4,0.2
2020-11-06,Tech,0.0,5,3,6,0.4666666666666667
2020-11-06,Utilities,0.2,5,5,7,0.6
2020-11-09,Comm,0.8,5,5,18,0.5599999999999999
2020-11-09,Consumer,0.0,5,5,22,0.33333333333333337
2020-11-09,Energy,0.8666666666666666,5,5,31,0.2
2020-11-09,Financials,0.8,5,4,24,-0.4
2020-11-09,Healthcare,0.6,5,5,11,0.2
2020-11-09,Industrials,0.8,5,5,31,0.06666666666666667
2020-11-09,Materials,0.0,5,0,0,0.0
2020-11-09,RealEstate,0.0,5,3,3,0.2
2020-11-09,Tech,0.6,5,4,16,0.0
2020-11-09,Utilities,0.2,5,2,8,0.2
2020-11-10,Comm,0.4,5,5,14,0.8
2020-11-10,Consumer,0.4,5,4,17,0.0
2020-11-10,Energy,0.8,5,5,15,0.8666666666666666
2020-11-10,Financials,0.0,5,4,9,0.8
2020-11-10,Healthcare,0.2,5,5,10,0.6
2020-11-10,Industrials,0.72,5,4,29,0.8
2020-11-10,Materials,0.2,5,2,2,0.0
2020-11-10,RealEstate,0.0,5,0,0,0.0
2020-11-10,Tech,0.2,5,4,24,0.6
2020-11-10,Utilities,0.0,5,1,1,0.2
2020-11-11,Comm,-0.4,5,4,9,0.4
2020-11-11,Consumer,0.4,5,4,14,0.4
2020-11-11,Energy,0.4,5,3,7,0.8
2020-11-11,Financials,0.4,5,4,16,0.0
2020-11-11,Healthcare,0.4,5,3,4,0.2
2020-11-11,Industrials,0.4,5,5,11,0.72
2020-11-11,Materials,0.0,5,2,5,0.2
2020-11-11,RealEstate,0.2,5,1,2,0.0
2020-11-11,Tech,0.4,5,3,16,0.2
2020-11-11,Utilities,0.2,5,2,3,0.0
2020-11-12,Comm,0.2,5,4,7,-0.4
2020-11-12,Consumer,0.11666666666666665,5,4,43,0.4
2020-11-12,Energy,0.2,5,5,11,0.4
2020-11-12,Financials,0.2,5,4,26,0.4
2020-11-12,Healthcare,0.2,5,2,3,0.4
2020-11-12,Industrials,0.4,5,5,14,0.4
2020-11-12,Materials,0.2,5,4,5,0.0
2020-11-12,RealEstate,0.0,5,0,0,0.2
2020-11-12,Tech,0.4,5,4,11,0.4
2020-11-12,Utilities,0.0,5,3,4,0.2
2020-11-13,Comm,0.26666666666666666,5,3,13,0.2
2020-11-13,Consumer,0.4,5,3,31,0.11666666666666665
2020-11-13,Energy,0.4,5,2,6,0.2
2020-11-13,Financials,0.0,5,4,11,0.2
2020-11-13,Healthcare,0.4,5,3,4,0.2
2020-11-13,Industrials,0.6,5,5,11,0.4
2020-11-13,Materials,0.6,5,4,5,0.2
2020-11-13,RealEstate,0.0,5,2,2,0.0
2020-11-13,Tech,-0.06666666666666667,5,3,9,0.4
2020-11-13,Utilities,0.0,5,0,0,0.0
2020-11-16,Comm,0.6,5,5,12,0.26666666666666666
2020-11-16,Consumer,0.42857142857142855,5,5,44,0.4
2020-11-16,Energy,0.4,5,4,18,0.4
2020-11-16,Financials,0.2,5,4,19,0.0
2020-11-16,Healthcare,0.6,5,5,21,0.4
2020-11-16,Industrials,0.38666666666666666,5,4,25,0.6
2020-11-16,Materials,0.0,5,3,4,0.6
2020-11-16,RealEstate,0.0,5,3,3,0.0
2020-11-16,Tech,0.4,5,4,7,-0.06666666666666667
2020-11-16,Utilities,0.2,5,3,8,0.0
2020-11-17,Comm,0.0,5,4,12,0.6
2020-11-17,Consumer,0.9714285714285713,5,5,30,0.42857142857142855
2020-11-17,Energy,0.0,5,2,3,0.4
2020-11-17,Financials,0.0,5,4,11,0.2
2020-11-17,Healthcare,0.2,5,4,10,0.6
2020-11-17,Industrials,0.4,5,4,9,0.38666666666666666
2020-11-17,Materials,0.4,5,2,2,0.0
2020-11-17,RealEstate,0.0,5,0,0,0.0
2020-11-17,Tech,0.6,5,3,8,0.4
2020-11-17,Utilities,0.0,5,0,0,0.2
2020-11-18,Comm,0.2,5,5,11,0.0
2020-11-18,Consumer,0.6,5,3,19,0.9714285714285713
2020-11-18,Energy,0.26666666666666666,5,3,8,0.0
2020-11-18,Financials,0.0,5,4,11,0.0
2020-11-18,Healthcare,0.4,5,4,9,0.2
2020-11-18,Industrials,0.1,5,5,26,0.4
2020-11-18,Materials,0.0,5,0,0,0.4
2020-11-18,RealEstate,0.2,5,1,1,0.0
2020-11-18,Tech,0.6,5,4,9,0.6
2020-11-18,Utilities,0.0,5,3,5,0.0
2020-11-19,Comm,0.6,5,3,10,0.2
2020-11-19,Consumer,0.6,5,5,16,0.6
2020-11-19,Energy,0.2,5,2,4,0.26666666666666666
2020-11-19,Financials,0.4,5,5,13,0.0
2020-11-19,Healthcare,0.4,5,4,8,0.4
2020-11-19,Industrials,0.4,5,3,10,0.1
2020-11-19,Materials,0.2,5,3,3,0.0
2020-11-19,RealEstate,0.0,5,1,1,0.2
2020-11-19,Tech,0.8,5,4,5,0.6
2020-11-19,Utilities,0.4,5,4,5,0.0
2020-11-20,Comm,0.0,5,5,15,0.6
2020-11-20,Consumer,0.4,5,4,26,0.6
2020-11-20,Energy,0.0,5,2,2,0.2
2020-11-20,Financials,0.2,5,5,15,0.4
2020-11-20,Healthcare,0.0,5,4,13,0.4
2020-11-20,Industrials,0.2,5,3,9,0.4
2020-11-20,Materials,0.0,5,0,0,0.2
2020-11-20,RealEstate,0.0,5,0,0,0.0
2020-11-20,Tech,0.2,5,3,6,0.8
2020-11-20,Utilities,0.2,5,2,4,0.4
2020-11-23,Comm,0.4,5,3,9,0.0
2020-11-23,Consumer,1.0,5,5,37,0.4
2020-11-23,Energy,0.6,5,4,17,0.0
2020-11-23,Financials,0.2,5,4,23,0.2
2020-11-23,Healthcare,0.8,5,5,20,0.0
2020-11-23,Industrials,0.4,5,5,22,0.2
2020-11-23,Materials,0.4,5,5,9,0.0
2020-11-23,RealEstate,0.2,5,1,1,0.0
2020-11-23,Tech,0.4,5,4,11,0.2
2020-11-23,Utilities,0.0,5,2,4,0.2
2020-11-24,Comm,0.6,5,4,10,0.4
2020-11-24,Consumer,-0.2,5,4,15,1.0
2020-11-24,Energy,0.2,5,5,11,0.6
2020-11-24,Financials,0.2,5,5,16,0.2
2020-11-24,Healthcare,0.2,5,2,3,0.8
2020-11-24,Industrials,0.039999999999999994,5,5,28,0.4
2020-11-24,Materials,0.0,5,1,1,0.4
2020-11-24,RealEstate,0.2,5,3,4,0.2
2020-11-24,Tech,0.0,5,1,1,0.4
2020-11-24,Utilities,0.2,5,1,1,0.0
2020-11-25,Comm,0.2,5,2,6,0.6
2020-11-25,Consumer,0.6,5,4,15,-0.2
2020-11-25,Energy,0.04,5,4,13,0.2
2020-11-25,Financials,0.32,5,4,13,0.2
2020-11-25,Healthcare,0.2,5,4,6,0.2
2020-11-25,Industrials,1.0,5,5,12,0.039999999999999994
2020-11-25,Materials,0.0,5,2,4,0.0
2020-11-25,RealEstate,0.0,5,0,0,0.2
2020-11-25,Tech,0.4,5,3,6,0.0
2020-11-25,Utilities,0.4,5,2,4,0.2
2020-11-27,Comm,0.0,5,3,3,0.2
2020-11-27,Consumer,0.8,5,5,32,0.6
2020-11-27,Energy,0.2,5,2,10,0.04
2020-11-27,Financials,0.26666666666666666,5,3,7,0.32
2020-11-27,Healthcare,0.2,5,3,7,0.2
2020-11-27,Industrials,0.4,5,3,9,1.0
2020-11-27,Materials,0.2,5,1,1,0.0
2020-11-27,RealEstate,0.2,5,2,2,0.0
2020-11-27,Tech,0.0,5,3,5,0.4
2020-11-27,Utilities,0.2,5,1,1,0.4
2020-11-30,Comm,0.0,5,3,6,0.0
2020-11-30,Consumer,0.4,5,4,16,0.8
2020-11-30,Energy,-0.12,5,5,27,0.2
2020-11-30,Financials,0.2,5,4,12,0.26666666666666666
2020-11-30,Healthcare,0.4,5,5,11,0.2
2020-11-30,Industrials,0.8,5,5,16,0.4
2020-11-30,Materials,0.0,5,2,2,0.2
2020-11-30,RealEstate,0.4,5,3,3,0.2
2020-11-30,Tech,0.0,5,4,10,0.0
2020-11-30,Utilities,0.4,5,4,7,0.2
2020-12-01,Comm,0.6,5,4,6,0.0
2020-12-01,Consumer,0.4,5,3,8,0.4
2020-12-01,Energy,0.0,5,5,12,-0.12
2020-12-01,Financials,0.2,5,3,4,0.2
2020-12-01,Healthcare,0.6,5,3,5,0.4
2020-12-01,Industrials,0.6,5,4,10,0.8
2020-12-01,Materials,0.2,5,2,2,0.0
2020-12-01,RealEstate,0.2,5,1,1,0.4
2020-12-01,Tech,0.6,5,4,11,0.0
2020-12-01,Utilities,0.0,5,1,1,0.4
2020-12-02,Comm,0.0,5,2,2,0.6
2020-12-02,Consumer,0.6,5,5,26,0.4
2020-12-02,Energy,0.2,5,4,13,0.0
2020-12-02,Financials,0.0,5,4,9,0.2
2020-12-02,Healthcare,0.8,5,4,12,0.6
2020-12-02,Industrials,0.4,5,3,11,0.6
2020-12-02,Materials,0.0,5,3,4,0.2
2020-12-02,RealEstate,0.2,5,1,2,0.2
2020-12-02,Tech,0.6,5,4,8,0.6
2020-12-02,Utilities,0.2,5,4,7,0.0
2020-12-03,Comm,0.0,5,2,8,0.0
2020-12-03,Consumer,0.4,5,4,26,0.6
2020-12-03,Energy,-0.4,5,3,8,0.2
2020-12-03,Financials,0.4,5,4,11,0.0
2020-12-03,Healthcare,0.4,5,2,3,0.8
2020-12-03,Industrials,-0.24444444444444446,5,5,30,0.4
2020-12-03,Materials,0.0,5,1,1,0.0
2020-12-03,RealEstate,0.2,5,3,3,0.2
2020-12-03,Tech,0.2,5,3,8,0.6
2020-12-03,Utilities,0.0,5,0,0,0.2
2020-12-04,Comm,0.2,5,3,10,0.0
2020-12-04,Consumer,0.3333333333333333,5,4,10,0.4
2020-12-04,Energy,0.5333333333333333,5,5,30,-0.4
2020-12-04,Financials,0.4,5,4,10,0.4
2020-12-04,Healthcare,0.06666666666666667,5,3,8,0.4
2020-12-04,Industrials,0.4,5,5,14,-0.24444444444444446
2020-12-04,Materials,0.0,5,0,0,0.0
2020-12-04,RealEstate,0.2,5,1,1,0.2
2020-12-04,Tech,0.6,5,4,9,0.2
2020-12-04,Utilities,0.4,5,2,2,0.0
2020-12-07,Comm,0.2,5,3,12,0.2
2020-12-07,Consumer,0.6,5,5,39,0.3333333333333333
2020-12-07,Energy,0.4317460317460317,5,4,33,0.5333333333333333
2020-12-07,Financials,0.4,5,4,24,0.4
2020-12-07,Healthcare,0.6,5,3,7,0.06666666666666667
2020-12-07,Industrials,0.2,5,4,20,0.4
2020-12-07,Materials,0.0,5,1,2,0.0
2020-12-07,RealEstate,0.2,5,1,1,0.2
2020-12-07,Tech,0.32727272727272727,5,4,25,0.6
2020-12-07,Utilities,0.2,5,1,1,0.4
2020-12-08,Comm,0.4,5,3,13,0.2
2020-12-08,Consumer,0.2,5,5,22,0.6
2020-12-08,Energy,0.2,5,3,7,0.4317460317460317
2020-12-08,Financials,0.6,5,5,17,0.4
2020-12-08,Healthcare,0.4,5,3,6,0.6
2020-12-08,Industrials,-0.16,5,4,19,0.2
2020-12-08,Materials,0.2,5,1,3,0.0
2020-12-08,RealEstate,0.0,5,1,1,0.2
2020-12-08,Tech,0.2,5,4,8,0.32727272727272727
2020-12-08,Utilities,0.0,5,3,3,0.2
2020-12-09,Comm,0.25,5,4,11,0.4
2020-12-09,Consumer,0.12,5,4,21,0.2
2020-12-09,Energy,0.26666666666666666,5,3,12,0.2
2020-12-09,Financials,0.6,5,5,11,0.6
2020-12-09,Healthcare,0.2,5,2,3,0.4
2020-12-09,Industrials,0.6,5,5,23,-0.16
2020-12-09,Materials,0.2,5,2,4,0.2
2020-12-09,RealEstate,0.2,5,2,3,0.0
2020-12-09,Tech,0.2,5,4,13,0.2
2020-12-09,Utilities,0.0,5,2,2,0.0
2020-12-10,Comm,0.26666666666666666,5,4,12,0.25
2020-12-10,Consumer,0.6,5,5,23,0.12
2020-12-10,Energy,0.6,5,4,14,0.26666666666666666
2020-12-10,Financials,0.6,5,5,15,0.6
2020-12-10,Healthcare,0.6,5,4,12,0.2
2020-12-10,Industrials,0.4,5,5,13,0.6
2020-12-10,Materials,0.0,5,1,1,0.2
2020-12-10,RealEstate,0.0,5,1,1,0.2
2020-12-10,Tech,0.6,5,4,10,0.2
2020-12-10,Utilities,0.2,5,2,4,0.0
2020-12-11,Comm,0.2,5,4,10,0.26666666666666666
2020-12-11,Consumer,0.6,5,5,29,0.6
2020-12-11,Energy,-0.6,5,5,14,0.6
2020-12-11,Financials,0.4,5,5,16,0.6
2020-12-11,Healthcare,0.4,5,5,13,0.6
2020-12-11,Industrials,0.2,5,5,18,0.4
2020-12-11,Materials,0.0,5,1,1,0.0
2020-12-11,RealEstate,0.0,5,4,5,0.0
2020-12-11,Tech,0.4,5,4,24,0.6
2020-12-11,Utilities,0.0,5,1,3,0.2
2020-12-14,Comm,0.8,5,4,31,0.2
2020-12-14,Consumer,0.4,5,5,35,0.6
2020-12-14,Energy,0.2,5,4,13,-0.6
2020-12-14,Financials,0.6666666666666666,5,4,7,0.4
2020-12-14,Healthcare,0.6,5,5,12,0.4
2020-12-14,Industrials,0.8,5,4,24,0.2
2020-12-14,Materials,0.0,5,0,0,0.0
2020-12-14,RealEstate,0.2,5,2,6,0.0
2020-12-14,Tech,0.6,5,4,13,0.4
2020-12-14,Utilities,-0.2,5,3,4,0.0
2020-12-15,Comm,0.4,5,2,9,0.8
2020-12-15,Consumer,0.6,5,5,20,0.4
2020-12-15,Energy,0.0,5,3,6,0.2
2020-12-15,Financials,0.4,5,4,12,0.6666666666666666
2020-12-15,Healthcare,0.4,5,3,7,0.6
2020-12-15,Industrials,0.0,5,4,7,0.8
2020-12-15,Materials,0.2,5,2,3,0.0
2020-12-15,RealEstate,0.0,5,4,5,0.2
2020-12-15,Tech,0.0,5,3,10,0.6
2020-12-15,Utilities,0.0,5,0,0,-0.2
2020-12-16,Comm,0.2,5,1,6,0.4
2020-12-16,Consumer,0.2,5,5,17,0.6
2020-12-16,Energy,0.2,5,2,5,0.0
2020-12-16,Financials,0.2,5,5,9,0.4
2020-12-16,Healthcare,0.2,5,2,9,0.4
2020-12-16,Industrials,0.4,5,4,14,0.0
2020-12-16,Materials,0.4,5,2,2,0.2
2020-12-16,RealEstate,0.4,5,3,4,0.0
2020-12-16,Tech,0.2,5,3,5,0.0
2020-12-16,Utilities,0.0,5,1,1,0.0
2020-12-17,Comm,0.2,5,1,8,0.2
2020-12-17,Consumer,0.0,5,5,16,0.2
2020-12-17,Energy,0.4,5,5,8,0.2
2020-12-17,Financials,0.8,5,4,20,0.2
2020-12-17,Healthcare,0.8,5,5,13,0.2
2020-12-17,Industrials,0.4666666666666667,5,3,14,0.4
2020-12-17,Materials,0.2,5,3,3,0.4
2020-12-17,RealEstate,0.0,5,2,2,0.4
2020-12-17,Tech,0.2,5,4,11,0.2
2020-12-17,Utilities,0.2,5,3,6,0.0
2020-12-18,Comm,0.6,5,4,8,0.2
2020-12-18,Consumer,0.7333333333333333,5,5,26,0.0
2020-12-18,Energy,0.0,5,3,5,0.4
2020-12-18,Financials,0.2,5,3,3,0.8
2020-12-18,Healthcare,0.4,5,3,4,0.8
2020-12-18,Industrials,0.55,5,4,18,0.4666666666666667
2020-12-18,Materials,0.2,5,4,7,0.2
2020-12-18,RealEstate,0.0,5,1,2,0.0
2020-12-18,Tech,0.2,5,4,11,0.2
2020-12-18,Utilities,0.0,5,1,2,0.2
2020-12-21,Comm,0.2,5,4,18,0.6
2020-12-21,Consumer,0.47000000000000003,5,5,60,0.7333333333333333
2020-12-21,Energy,0.8,5,5,14,0.0
2020-12-21,Financials,0.6,5,5,50,0.2
2020-12-21,Healthcare,0.2,5,5,6,0.4
2020-12-21,Industrials,0.4,5,5,38,0.55
2020-12-21,Materials,0.4,5,4,5,0.2
2020-12-21,RealEstate,0.0,5,4,5,0.0
2020-12-21,Tech,0.5,5,3,13,0.2
2020-12-21,Utilities,0.4,5,4,5,0.0
2020-12-22,Comm,0.0,5,3,7,0.2
2020-12-22,Consumer,0.5,5,5,16,0.47000000000000003
2020-12-22,Energy,0.4,5,5,21,0.8
2020-12-22,Financials,0.4,5,3,5,0.6
2020-12-22,Healthcare,0.36,5,4,18,0.2
2020-12-22,Industrials,0.4,5,4,11,0.4
2020-12-22,Materials,0.0,5,2,2,0.4
2020-12-22,RealEstate,0.0,5,0,0,0.0
2020-12-22,Tech,0.6,5,4,7,0.5
2020-12-22,Utilities,0.2,5,1,2,0.4
2020-12-23,Comm,0.4,5,2,5,0.0
2020-12-23,Consumer,0.8,5,5,22,0.5
2020-12-23,Energy,0.2,5,3,4,0.4
2020-12-23,Financials,0.4,5,4,10,0.4
2020-12-23,Healthcare,0.4,5,3,15,0.36
2020-12-23,Industrials,0.2,5,4,10,0.4
2020-12-23,Materials,0.0,5,0,0,0.0
2020-12-23,RealEstate,0.0,5,2,2,0.0
2020-12-23,Tech,0.4,5,3,6,0.6
2020-12-23,Utilities,0.4,5,2,2,0.2
2020-12-24,Comm,0.0,5,1,4,0.4
2020-12-24,Consumer,0.8,5,4,21,0.8
2020-12-24,Energy,-0.2,5,3,9,0.2
2020-12-24,Financials,-0.6,5,4,6,0.4
2020-12-24,Healthcare,0.2,5,3,3,0.4
2020-12-24,Industrials,0.2,5,2,4,0.2
2020-12-24,Materials,0.0,5,0,0,0.0
2020-12-24,RealEstate,0.4,5,2,2,0.0
2020-12-24,Tech,0.2,5,3,6,0.4
2020-12-24,Utilities,0.0,5,0,0,0.4
2020-12-28,Comm,0.06666666666666667,5,3,10,0.0
2020-12-28,Consumer,0.6,5,5,26,0.8
2020-12-28,Energy,0.6,5,4,13,-0.2
2020-12-28,Financials,0.4666666666666666,5,5,21,-0.6
2020-12-28,Healthcare,0.2,5,4,10,0.2
2020-12-28,Industrials,0.2,5,4,12,0.2
2020-12-28,Materials,0.2,5,2,2,0.0
2020-12-28,RealEstate,0.0,5,1,1,0.4
2020-12-28,Tech,0.5,5,3,16,0.2
2020-12-28,Utilities,0.4,5,3,4,0.0
2020-12-29,Comm,0.2,5,3,7,0.06666666666666667
2020-12-29,Consumer,0.6666666666666666,5,5,22,0.6
2020-12-29,Energy,0.2,5,2,6,0.6
2020-12-29,Financials,0.0,5,4,5,0.4666666666666666
2020-12-29,Healthcare,0.0,5,3,7,0.2
2020-12-29,Industrials,0.6,5,5,20,0.2
2020-12-29,Materials,0.2,5,2,3,0.2
2020-12-29,RealEstate,0.2,5,1,1,0.0
2020-12-29,Tech,0.4,5,2,13,0.5
2020-12-29,Utilities,0.0,5,0,0,0.4
2020-12-30,Comm,0.2,5,2,4,0.2
2020-12-30,Consumer,0.6,5,4,10,0.6666666666666666
2020-12-30,Energy,0.4,5,3,6,0.2
2020-12-30,Financials,0.2,5,4,4,0.0
2020-12-30,Healthcare,0.2,5,2,2,0.0
2020-12-30,Industrials,0.0,5,5,11,0.6
2020-12-30,Materials,0.2,5,1,1,0.2
2020-12-30,RealEstate,0.0,5,5,5,0.2
2020-12-30,Tech,0.4,5,4,17,0.4
2020-12-30,Utilities,0.0,5,1,1,0.0
2020-12-31,Comm,0.4,5,3,11,0.2
2020-12-31,Consumer,0.9,5,5,21,0.6
2020-12-31,Energy,0.0,5,4,12,0.4
2020-12-31,Financials,0.6,5,4,12,0.2
2020-12-31,Healthcare,0.6,5,3,8,0.2
2020-12-31,Industrials,0.4,5,4,10,0.0
2020-12-31,Materials,0.0,5,1,1,0.2
2020-12-31,RealEstate,0.2,5,1,3,0.0
2020-12-31,Tech,0.2,5,3,5,0.4
2020-12-31,Utilities,0.2,5,1,1,0.0
2021-01-04,Comm,0.4,5,3,10,0.4
2021-01-04,Consumer,0.8666666666666666,5,5,27,0.9
2021-01-04,Energy,0.0,5,4,14,0.0
2021-01-04,Financials,0.6,5,4,13,0.6
2021-01-04,Healthcare,0.8,5,4,12,0.6
2021-01-04,Industrials,0.3333333333333333,5,2,13,0.4
2021-01-04,Materials,0.4,5,3,6,0.0
2021-01-04,RealEstate,0.2,5,1,2,0.2
2021-01-04,Tech,0.6,5,3,14,0.2
2021-01-04,Utilities,0.2,5,1,4,0.2
2021-01-05,Comm,0.4,5,5,17,0.4
2021-01-05,Consumer,0.8,5,5,18,0.8666666666666666
2021-01-05,Energy,0.2,5,5,15,0.0
2021-01-05,Financials,0.4,5,3,13,0.6
2021-01-05,Healthcare,0.0,5,3,6,0.8
2021-01-05,Industrials,0.2,5,3,14,0.3333333333333333
2021-01-05,Materials,0.2,5,3,3,0.4
2021-01-05,RealEstate,0.2333333333333333,5,4,5,0.2
2021-01-05,Tech,0.2,5,4,14,0.6
2021-01-05,Utilities,0.2,5,3,3,0.2
2021-01-06,Comm,0.4,5,3,13,0.4
2021-01-06,Consumer,0.26666666666666666,5,5,16,0.8
2021-01-06,Energy,0.0,5,5,16,0.2
2021-01-06,Financials,0.0,5,4,18,0.4
2021-01-06,Healthcare,0.2,5,4,6,0.0
2021-01-06,Industrials,-0.2,5,5,20,0.2
2021-01-06,Materials,0.0,5,1,1,0.2
2021-01-06,RealEstate,0.0,5,1,2,0.2333333333333333
2021-01-06,Tech,0.2,5,3,12,0.2
2021-01-06,Utilities,0.0,5,0,0,0.2
2021-01-07,Comm,1.0,5,5,10,0.4
2021-01-07,Consumer,0.5,5,5,19,0.26666666666666666
2021-01-07,Energy,0.2,5,3,6,0.0
2021-01-07,Financials,0.2,5,4,17,0.0
2021-01-07,Healthcare,0.4,5,5,12,0.2
2021-01-07,Industrials,0.0,5,5,14,-0.2
2021-01-07,Materials,0.2,5,2,2,0.0
2021-01-07,RealEstate,0.0,5,3,3,0.0
2021-01-07,Tech,0.4,5,3,9,0.2
2021-01-07,Utilities,0.0,5,2,5,0.0
2021-01-08,Comm,0.4,5,3,4,1.0
2021-01-08,Consumer,0.8,5,5,15,0.5
2021-01-08,Energy,0.8,5,4,14,0.2
2021-01-08,Financials,0.2,5,3,10,0.2
2021-01-08,Healthcare,0.0,5,2,2,0.4
2021-01-08,Industrials,0.11428571428571428,5,5,15,0.0
2021-01-08,Materials,0.2,5,2,6,0.2
2021-01-08,RealEstate,0.0,5,1,1,0.0
2021-01-08,Tech,0.6,5,4,9,0.4
2021-01-08,Utilities,0.4,5,3,7,0.0
2021-01-11,Comm,0.4,5,4,13,0.4
2021-01-11,Consumer,0.8,5,5,15,0.8
2021-01-11,Energy,0.4,5,5,10,0.8
2021-01-11,Financials,0.024615384615384615,5,3,30,0.2
2021-01-11,Healthcare,0.6,5,5,15,0.0
2021-01-11,Industrials,0.15,5,4,20,0.11428571428571428
2021-01-11,Materials,0.6,5,4,6,0.2
2021-01-11,RealEstate,0.4,5,3,3,0.0
2021-01-11,Tech,0.8,5,4,23,0.6
2021-01-11,Utilities,0.2,5,2,3,0.4
2021-01-12,Comm,0.2,5,3,6,0.4
2021-01-12,Consumer,0.6,5,5,20,0.8
2021-01-12,Energy,0.0,5,4,18,0.4
2021-01-12,Financials,0.2,5,4,25,0.024615384615384615
2021-01-12,Healthcare,0.6,5,4,12,0.6
2021-01-12,Industrials,-0.08,5,4,15,0.15
2021-01-12,Materials,0.2,5,2,2,0.6
2021-01-12,RealEstate,0.0,5,2,7,0.4
2021-01-12,Tech,0.2,5,2,7,0.8
2021-01-12,Utilities,0.2,5,3,4,0.2
2021-01-13,Comm,0.2,5,4,10,0.2
2021-01-13,Consumer,0.6,5,4,15,0.6
2021-01-13,Energy,0.14285714285714285,5,2,9,0.0
2021-01-13,Financials,0.6,5,4,15,0.2
2021-01-13,Healthcare,0.6,5,4,10,0.6
2021-01-13,Industrials,0.4666666666666666,5,4,15,-0.08
2021-01-13,Materials,0.0,5,2,2,0.2
2021-01-13,RealEstate,0.0,5,2,4,0.0
2021-01-13,Tech,0.5428571428571429,5,4,36,0.2
2021-01-13,Utilities,0.4,5,3,5,0.2
2021-01-14,Comm,0.4,5,4,12,0.2
2021-01-14,Consumer,0.5,5,5,17,0.6
2021-01-14,Energy,0.2,5,3,8,0.14285714285714285
2021-01-14,Financials,0.3,5,4,20,0.6
2021-01-14,Healthcare,0.4666666666666666,5,4,7,0.6
2021-01-14,Industrials,0.13333333333333336,5,3,8,0.4666666666666666
2021-01-14,Materials,0.0,5,1,1,0.0
2021-01-14,RealEstate,0.0,5,1,1,0.0
2021-01-14,Tech,0.4,5,3,16,0.5428571428571429
2021-01-14,Utilities,0.0,5,1,1,0.4
2021-01-15,Comm,0.2,5,1,6,0.4
2021-01-15,Consumer,0.4666666666666667,5,5,21,0.5
2021-01-15,Energy,-0.13333333333333333,5,4,18,0.2
2021-01-15,Financials,0.375,5,4,35,0.3
2021-01-15,Healthcare,0.2,5,3,5,0.4666666666666666
2021-01-15,Industrials,0.0,5,5,11,0.13333333333333336
2021-01-15,Materials,0.0,5,3,6,0.0
2021-01-15,RealEstate,0.4,5,4,5,0.0
2021-01-15,Tech,0.4,5,4,15,0.4
2021-01-15,Utilities,0.0,5,1,1,0.0
2021-01-19,Comm,0.2,5,4,14,0.2
2021-01-19,Consumer,0.7333333333333333,5,5,58,0.4666666666666667
2021-01-19,Energy,0.4,5,4,12,-0.13333333333333333
2021-01-19,Financials,0.5666666666666667,5,4,31,0.375
2021-01-19,Healthcare,0.2,5,5,12,0.2
2021-01-19,Industrials,0.4,5,5,25,0.0
2021-01-19,Materials,0.0,5,2,2,0.0
2021-01-19,RealEstate,0.4,5,2,2,0.4
2021-01-19,Tech,0.0,5,4,21,0.4
2021-01-19,Utilities,0.0,5,3,4,0.0
2021-01-20,Comm,0.2,5,4,6,0.2
2021-01-20,Consumer,0.32,5,4,17,0.7333333333333333
2021-01-20,Energy,0.2,5,1,4,0.4
2021-01-20,Financials,0.9333333333333332,5,5,35,0.5666666666666667
2021-01-20,Healthcare,0.4,5,3,4,0.2
2021-01-20,Industrials,0.4,5,5,12,0.4
2021-01-20,Materials,0.2,5,1,1,0.0
2021-01-20,RealEstate,-0.2,5,4,5,0.4
2021-01-20,Tech,0.4666666666666666,5,4,14,0.0
2021-01-20,Utilities,0.2,5,2,3,0.0
2021-01-21,Comm,0.2,5,4,10,0.2
2021-01-21,Consumer,0.7333333333333333,5,4,17,0.32
2021-01-21,Energy,0.06666666666666667,5,5,8,0.2
2021-01-21,Financials,0.4666666666666666,5,5,14,0.9333333333333332
2021-01-21,Healthcare,0.2,5,3,4,0.4
2021-01-21,Industrials,0.0,5,2,4,0.4
2021-01-21,Materials,0.2,5,4,4,0.2
2021-01-21,RealEstate,0.0,5,0,0,-0.2
2021-01-21,Tech,0.6,5,4,19,0.4666666666666666
2021-01-21,Utilities,0.2,5,1,1,0.2
2021-01-22,Comm,0.4,5,3,12,0.2
2021-01-22,Consumer,0.36666666666666664,5,4,19,0.7333333333333333
2021-01-22,Energy,-0.5,5,5,18,0.06666666666666667
2021-01-22,Financials,-0.2,5,4,10,0.4666666666666666
2021-01-22,Healthcare,0.2,5,2,2,0.2
2021-01-22,Industrials,0.0,5,2,3,0.0
2021-01-22,Materials,0.0,5,1,1,0.2
2021-01-22,RealEstate,0.0,5,0,0,0.0
2021-01-22,Tech,-0.2,5,4,19,0.6
2021-01-22,Utilities,0.2,5,3,3,0.2
2021-01-25,Comm,0.2909090909090909,5,5,26,0.4
2021-01-25,Consumer,0.4666666666666667,5,5,25,0.36666666666666664
2021-01-25,Energy,0.4,5,3,5,-0.5
2021-01-25,Financials,0.4,5,4,17,-0.2
2021-01-25,Healthcare,0.4,5,5,25,0.2
2021-01-25,Industrials,0.4666666666666667,5,5,26,0.0
2021-01-25,Materials,0.0,5,3,3,0.0
2021-01-25,RealEstate,0.2,5,3,7,0.0
2021-01-25,Tech,0.3,5,4,24,-0.2
2021-01-25,Utilities,0.4,5,3,9,0.2
2021-01-26,Comm,0.06666666666666667,5,3,10,0.2909090909090909
2021-01-26,Consumer,0.7,5,5,26,0.4666666666666667
2021-01-26,Energy,0.6,5,5,8,0.4
2021-01-26,Financials,0.4,5,4,16,0.4
2021-01-26,Healthcare,0.2,5,4,16,0.4
2021-01-26,Industrials,0.4384615384615385,5,4,38,0.4666666666666667
2021-01-26,Materials,0.2,5,1,3,0.0
2021-01-26,RealEstate,0.0,5,2,5,0.2
2021-01-26,Tech,0.6,5,3,22,0.3
2021-01-26,Utilities,0.12,5,1,8,0.4
2021-01-27,Comm,0.1,5,2,11,0.06666666666666667
2021-01-27,Consumer,-0.12,5,5,22,0.7
2021-01-27,Energy,0.4,5,3,9,0.6
2021-01-27,Financials,0.6,5,5,9,0.4
2021-01-27,Healthcare,0.6,5,4,12,0.2
2021-01-27,Industrials,0.2923076923076923,5,4,32,0.4384615384615385
2021-01-27,Materials,0.0,5,2,3,0.2
2021-01-27,RealEstate,0.2,5,2,4,0.0
2021-01-27,Tech,0.4,5,3,8,0.6
2021-01-27,Utilities,0.2,5,3,4,0.12
2021-01-28,Comm,0.8,5,4,24,0.1
2021-01-28,Consumer,0.4,5,5,23,-0.12
2021-01-28,Energy,0.4,5,4,13,0.4
2021-01-28,Financials,0.24,5,4,16,0.6
2021-01-28,Healthcare,0.4,5,4,8,0.6
2021-01-28,Industrials,-0.08571428571428572,5,5,20,0.2923076923076923
2021-01-28,Materials,0.4,5,4,14,0.0
2021-01-28,RealEstate,0.0,5,2,4,0.2
2021-01-28,Tech,0.2,5,4,14,0.4
2021-01-28,Utilities,0.4,5,3,5,0.2
2021-01-29,Comm,0.7333333333333333,5,5,17,0.8
2021-01-29,Consumer,0.6,5,4,17,0.4
2021-01-29,Energy,-0.6,5,3,19,0.4
2021-01-29,Financials,0.8,5,4,16,0.24
2021-01-29,Healthcare,0.4,5,4,6,0.4
2021-01-29,Industrials,0.1,5,4,19,-0.08571428571428572
2021-01-29,Materials,0.2,5,2,2,0.4
2021-01-29,RealEstate,0.4,5,2,3,0.0
2021-01-29,Tech,0.2,5,4,7,0.2
2021-01-29,Utilities,0.4,5,3,3,0.4
2021-02-01,Comm,0.6,5,5,11,0.7333333333333333
2021-02-01,Consumer,0.6,5,5,20,0.6
2021-02-01,Energy,-0.2,5,5,30,-0.6
2021-02-01,Financials,0.8,5,4,18,0.8
2021-02-01,Healthcare,0.6,5,5,11,0.4
2021-02-01,Industrials,0.26666666666666666,5,5,19,0.1
2021-02-01,Materials,0.4,5,4,10,0.2
2021-02-01,RealEstate,0.4,5,3,3,0.4
2021-02-01,Tech,0.8,5,4,15,0.2
2021-02-01,Utilities,0.0,5,1,2,0.4
2021-02-02,Comm,0.8,5,5,18,0.6
2021-02-02,Consumer,0.6,5,5,14,0.6
2021-02-02,Energy,-0.2,5,3,23,-0.2
2021-02-02,Financials,0.2,5,4,16,0.8
2021-02-02,Healthcare,0.4,5,3,16,0.6
2021-02-02,Industrials,0.0,5,4,20,0.26666666666666666
2021-02-02,Materials,0.0,5,1,1,0.4
2021-02-02,RealEstate,0.2,5,3,6,0.4
2021-02-02,Tech,0.4,5,4,6,0.8
2021-02-02,Utilities,0.2,5,1,1,0.0
2021-02-03,Comm,0.6,5,3,10,0.8
2021-02-03,Consumer,0.2,5,4,19,0.6
2021-02-03,Energy,0.2,5,3,11,-0.2
2021-02-03,Financials,0.4,5,4,13,0.2
2021-02-03,Healthcare,0.8,5,4,24,0.4
2021-02-03,Industrials,0.6,5,4,9,0.0
2021-02-03,Materials,0.0,5,3,3,0.0
2021-02-03,RealEstate,0.4,5,2,4,0.2
2021-02-03,Tech,0.33999999999999997,5,3,14,0.4
2021-02-03,Utilities,0.4,5,3,6,0.2
2021-02-04,Comm,0.8,5,4,9,0.6
2021-02-04,Consumer,0.4666666666666666,5,5,16,0.2
2021-02-04,Energy,0.0,5,4,8,0.2
2021-02-04,Financials,0.2,5,4,11,0.4
2021-02-04,Healthcare,0.4,5,5,19,0.8
2021-02-04,Industrials,0.26666666666666666,5,3,5,0.6
2021-02-04,Materials,0.0,5,0,0,0.0
2021-02-04,RealEstate,0.0,5,2,2,0.4
2021-02-04,Tech,0.6,5,3,21,0.33999999999999997
2021-02-04,Utilities,0.2,5,1,3,0.4
2021-02-05,Comm,0.2,5,5,12,0.8
2021-02-05,Consumer,-0.4,5,5,14,0.4666666666666666
2021-02-05,Energy,-0.2,5,4,11,0.0
2021-02-05,Financials,0.2,5,4,9,0.2
2021-02-05,Healthcare,0.8,5,4,10,0.4
2021-02-05,Industrials,0.2,5,4,5,0.26666666666666666
2021-02-05,Materials,0.0,5,2,3,0.0
2021-02-05,RealEstate,0.2,5,1,2,0.0
2021-02-05,Tech,0.2,5,4,8,0.6
2021-02-05,Utilities,0.0,5,3,3,0.2
2021-02-08,Comm,0.5,5,5,21,0.2
2021-02-08,Consumer,0.6666666666666667,5,5,38,-0.4
2021-02-08,Energy,0.4666666666666666,5,5,25,-0.2
2021-02-08,Financials,0.2,5,4,16,0.2
2021-02-08,Healthcare,0.6,5,4,4,0.8
2021-02-08,Industrials,0.6,5,4,19,0.2
2021-02-08,Materials,0.0,5,2,3,0.0
2021-02-08,RealEstate,0.4,5,3,4,0.2
2021-02-08,Tech,0.2,5,2,5,0.2
2021-02-08,Utilities,0.0,5,2,3,0.0
2021-02-09,Comm,0.5,5,4,26,0.5
2021-02-09,Consumer,0.0,5,5,19,0.6666666666666667
2021-02-09,Energy,0.2,5,1,4,0.4666666666666666
2021-02-09,Financials,0.2,5,4,7,0.2
2021-02-09,Healthcare,0.6,5,4,7,0.6
2021-02-09,Industrials,0.4,5,4,12,0.6
2021-02-09,Materials,0.4,5,2,8,0.0
2021-02-09,RealEstate,0.0,5,1,1,0.4
2021-02-09,Tech,0.4,5,3,6,0.2
2021-02-09,Utilities,0.0,5,1,1,0.0
2021-02-10,Comm,0.2,5,3,10,0.5
2021-02-10,Consumer,0.8,5,4,23,0.0
2021-02-10,Energy,0.2,5,3,3,0.2
2021-02-10,Financials,0.6,5,4,11,0.2
2021-02-10,Healthcare,0.6,5,5,14,0.6
2021-02-10,Industrials,0.2,5,4,15,0.4
2021-02-10,Materials,0.0,5,2,3,0.4
2021-02-10,RealEstate,0.0,5,0,0,0.0
2021-02-10,Tech,0.0,5,2,4,0.4
2021-02-10,Utilities,0.4,5,2,4,0.0
2021-02-11,Comm,0.8,5,5,11,0.2
2021-02-11,Consumer,0.6,5,5,30,0.8
2021-02-11,Energy,0.4,5,4,9,0.2
2021-02-11,Financials,0.2,5,3,6,0.6
2021-02-11,Healthcare,0.6,5,4,8,0.6
2021-02-11,Industrials,0.6,5,4,9,0.2
2021-02-11,Materials,0.0,5,0,0,0.0
2021-02-11,RealEstate,0.0,5,5,5,0.0
2021-02-11,Tech,0.4,5,3,18,0.0
2021-02-11,Utilities,0.0,5,4,6,0.4
2021-02-12,Comm,0.2,5,2,2,0.8
2021-02-12,Consumer,0.6857142857142857,5,5,26,0.6
2021-02-12,Energy,-0.8,5,5,14,0.4
2021-02-12,Financials,0.0,5,3,5,0.2
2021-02-12,Healthcare,0.6,5,4,7,0.6
2021-02-12,Industrials,0.6,5,4,11,0.6
2021-02-12,Materials,0.0,5,0,0,0.0
2021-02-12,RealEstate,0.2,5,4,4,0.0
2021-02-12,Tech,0.4,5,4,8,0.4
2021-02-12,Utilities,0.0,5,3,7,0.0
2021-02-16,Comm,0.8,5,5,26,0.2
2021-02-16,Consumer,0.6,5,5,39,0.6857142857142857
2021-02-16,Energy,0.2,5,4,18,-0.8
2021-02-16,Financials,0.8,5,5,24,0.0
2021-02-16,Healthcare,0.4,5,3,5,0.6
2021-02-16,Industrials,0.6,5,4,12,0.6
2021-02-16,Materials,0.2,5,3,3,0.0
2021-02-16,RealEstate,0.2,5,1,2,0.2
2021-02-16,Tech,0.2,5,4,7,0.4
2021-02-16,Utilities,0.4,5,4,9,0.0
2021-02-17,Comm,0.2,5,3,5,0.8
2021-02-17,Consumer,0.8,5,5,18,0.6
2021-02-17,Energy,0.0,5,2,16,0.2
2021-02-17,Financials,0.2,5,4,17,0.8
2021-02-17,Healthcare,0.4,5,3,14,0.4
2021-02-17,Industrials,0.0,5,2,9,0.6
2021-02-17,Materials,0.0,5,3,4,0.2
2021-02-17,RealEstate,0.4,5,2,2,0.2
2021-02-17,Tech,0.2,5,3,9,0.2
2021-02-17,Utilities,0.0,5,5,7,0.4
2021-02-18,Comm,0.2,5,3,6,0.2
2021-02-18,Consumer,0.6909090909090909,5,5,31,0.8
2021-02-18,Energy,0.4,5,3,7,0.0
2021-02-18,Financials,0.2,5,4,11,0.2
2021-02-18,Healthcare,0.8,5,5,9,0.4
2021-02-18,Industrials,-0.06666666666666667,5,5,14,0.0
2021-02-18,Materials,0.4,5,2,10,0.0
2021-02-18,RealEstate,0.0,5,0,0,0.4
2021-02-18,Tech,0.2,5,4,9,0.2
2021-02-18,Utilities,0.2,5,4,6,0.0
2021-02-19,Comm,0.6,5,4,6,0.2
2021-02-19,Consumer,0.4,5,3,10,0.6909090909090909
2021-02-19,Energy,0.0,5,4,9,0.4
2021-02-19,Financials,0.2,5,4,7,0.2
2021-02-19,Healthcare,0.0,5,2,4,0.8
2021-02-19,Industrials,0.0,5,4,13,-0.06666666666666667
2021-02-19,Materials,0.4,5,3,4,0.4
2021-02-19,RealEstate,0.6,5,4,6,0.0
2021-02-19,Tech,0.4,5,4,9,0.2
2021-02-19,Utilities,0.2,5,2,2,0.2
2021-02-22,Comm,0.2,5,4,8,0.6
2021-02-22,Consumer,0.16,5,4,20,0.4
2021-02-22,Energy,0.4,5,4,18,0.0
2021-02-22,Financials,0.0,5,4,12,0.2
2021-02-22,Healthcare,0.6,5,5,10,0.0
2021-02-22,Industrials,0.3,5,5,22,0.0
2021-02-22,Materials,0.4,5,4,8,0.4
2021-02-22,RealEstate,0.2,5,3,3,0.6
2021-02-22,Tech,0.4,5,4,9,0.4
2021-02-22,Utilities,0.4,5,3,5,0.2
2021-02-23,Comm,0.6,5,3,7,0.2
2021-02-23,Consumer,0.2,5,4,14,0.16
2021-02-23,Energy,0.6,5,4,12,0.4
2021-02-23,Financials,0.0,5,4,16,0.0
2021-02-23,Healthcare,0.4,5,4,9,0.6
2021-02-23,Industrials,0.2,5,3,9,0.3
2021-02-23,Materials,0.2,5,4,5,0.4
2021-02-23,RealEstate,0.2,5,3,3,0.2
2021-02-23,Tech,0.6,5,4,13,0.4
2021-02-23,Utilities,0.2,5,3,5,0.4
2021-02-24,Comm,0.0,5,4,13,0.6
2021-02-24,Consumer,0.0,5,4,11,0.2
2021-02-24,Energy,0.29333333333333333,5,5,17,0.6
2021-02-24,Financials,0.2,5,4,14,0.0
2021-02-24,Healthcare,0.0,5,3,5,0.4
2021-02-24,Industrials,0.6,5,5,21,0.2
2021-02-24,Materials,0.0,5,2,3,0.2
2021-02-24,RealEstate,0.2,5,4,6,0.2
2021-02-24,Tech,0.6,5,3,7,0.6
2021-02-24,Utilities,-0.2,5,3,4,0.2
2021-02-25,Comm,0.4,5,4,16,0.0
2021-02-25,Consumer,0.8400000000000001,5,5,25,0.0
2021-02-25,Energy,0.2,5,4,6,0.29333333333333333
2021-02-25,Financials,-0.4,5,4,16,0.2
2021-02-25,Healthcare,0.4,5,2,9,0.0
2021-02-25,Industrials,0.4,5,4,14,0.6
2021-02-25,Materials,0.0,5,3,4,0.0
2021-02-25,RealEstate,0.0,5,3,7,0.2
2021-02-25,Tech,0.2,5,4,6,0.6
2021-02-25,Utilities,0.2,5,3,5,-0.2
2021-02-26,Comm,0.6,5,3,9,0.4
2021-02-26,Consumer,0.8,5,5,18,0.8400000000000001
2021-02-26,Energy,0.2,5,3,8,0.2
2021-02-26,Financials,0.2,5,4,8,-0.4
2021-02-26,Healthcare,0.26666666666666666,5,3,6,0.4
2021-02-26,Industrials,-0.2,5,3,12,0.4
2021-02-26,Materials,0.0,5,3,4,0.0
2021-02-26,RealEstate,0.0,5,2,2,0.0
2021-02-26,Tech,0.2,5,3,8,0.2
2021-02-26,Utilities,0.0,5,3,3,0.2
2021-03-01,Comm,0.06666666666666667,5,4,13,0.6
2021-03-01,Consumer,0.4,5,4,17,0.8
2021-03-01,Energy,0.6,5,5,28,0.2
2021-03-01,Financials,0.6,5,5,17,0.2
2021-03-01,Healthcare,0.6,5,4,7,0.26666666666666666
2021-03-01,Industrials,0.4,5,5,25,-0.2
2021-03-01,Materials,0.4,5,4,5,0.0
2021-03-01,RealEstate,0.6,5,4,5,0.0
2021-03-01,Tech,0.2,5,4,9,0.2
2021-03-01,Utilities,0.0,5,3,3,0.0
2021-03-02,Comm,0.2,5,3,7,0.06666666666666667
2021-03-02,Consumer,0.0,5,4,10,0.4
2021-03-02,Energy,-0.2,5,2,8,0.6
2021-03-02,Financials,0.4,5,4,12,0.6
2021-03-02,Healthcare,0.2,5,3,8,0.6
2021-03-02,Industrials,0.0,5,3,9,0.4
2021-03-02,Materials,0.2,5,2,4,0.4
2021-03-02,RealEstate,0.0,5,1,1,0.6
2021-03-02,Tech,0.4,5,4,7,0.2
2021-03-02,Utilities,0.0,5,4,6,0.0
2021-03-03,Comm,0.6666666666666666,5,4,9,0.2
2021-03-03,Consumer,0.8,5,5,25,0.0
2021-03-03,Energy,0.22857142857142856,5,2,15,-0.2
2021-03-03,Financials,0.3,5,5,19,0.4
2021-03-03,Healthcare,0.4,5,3,6,0.2
2021-03-03,Industrials,0.4666666666666666,5,4,16,0.0
2021-03-03,Materials,0.0,5,0,0,0.2
2021-03-03,RealEstate,0.0,5,3,5,0.0
2021-03-03,Tech,0.2,5,2,2,0.4
2021-03-03,Utilities,0.0,5,1,1,0.0
2021-03-04,Comm,0.4,5,4,5,0.6666666666666666
2021-03-04,Consumer,0.2,5,4,22,0.8
2021-03-04,Energy,-0.4,5,5,12,0.22857142857142856
2021-03-04,Financials,0.4,5,4,13,0.3
2021-03-04,Healthcare,0.4,5,4,12,0.4
2021-03-04,Industrials,0.4,5,4,9,0.4666666666666666
2021-03-04,Materials,0.0,5,1,1,0.0
2021-03-04,RealEstate,0.2,5,1,1,0.0
2021-03-04,Tech,0.4,5,3,6,0.2
2021-03-04,Utilities,0.0,5,1,1,0.0
2021-03-05,Comm,0.2,5,5,12,0.4
2021-03-05,Consumer,0.4,5,3,17,0.2
2021-03-05,Energy,0.8,5,5,17,-0.4
2021-03-05,Financials,0.6,5,4,12,0.4
2021-03-05,Healthcare,0.0,5,4,6,0.4
2021-03-05,Industrials,0.4,5,4,10,0.4
2021-03-05,Materials,0.0,5,2,2,0.0
2021-03-05,RealEstate,0.4,5,3,3,0.2
2021-03-05,Tech,0.6,5,3,12,0.4
2021-03-05,Utilities,0.0,5,1,3,0.0
2021-03-08,Comm,0.2,5,5,10,0.2
2021-03-08,Consumer,0.32,5,4,23,0.4
2021-03-08,Energy,0.6,5,4,14,0.8
2021-03-08,Financials,0.6,5,4,10,0.6
2021-03-08,Healthcare,0.4,5,4,9,0.0
2021-03-08,Industrials,0.7555555555555555,5,5,23,0.4
2021-03-08,Materials,0.2,5,3,7,0.0
2021-03-08,RealEstate,0.2,5,3,3,0.4
2021-03-08,Tech,0.4,5,4,9,0.6
2021-03-08,Utilities,0.4,5,2,3,0.0
2021-03-09,Comm,0.0,5,4,5,0.2
2021-03-09,Consumer,0.6666666666666667,5,4,23,0.32
2021-03-09,Energy,-0.17142857142857143,5,3,11,0.6
2021-03-09,Financials,0.6,5,4,11,0.6
2021-03-09,Healthcare,0.2,5,3,6,0.4
2021-03-09,Industrials,0.4,5,3,15,0.7555555555555555
2021-03-09,Materials,0.0,5,1,1,0.2
2021-03-09,RealEstate,0.0,5,0,0,0.2
2021-03-09,Tech,0.2,5,4,8,0.4
2021-03-09,Utilities,-0.2,5,2,2,0.4
2021-03-10,Comm,0.6,5,4,13,0.0
2021-03-10,Consumer,0.6666666666666666,5,5,25,0.6666666666666667
2021-03-10,Energy,0.2,5,4,10,-0.17142857142857143
2021-03-10,Financials,0.4,5,3,6,0.6
2021-03-10,Healthcare,0.2,5,3,5,0.2
2021-03-10,Industrials,0.52,5,4,27,0.4
2021-03-10,Materials,0.0,5,1,2,0.0
2021-03-10,RealEstate,0.0,5,1,1,0.0
2021-03-10,Tech,0.4,5,3,3,0.2
2021-03-10,Utilities,0.2,5,2,2,-0.2
2021-03-11,Comm,0.0,5,3,9,0.6
2021-03-11,Consumer,0.35,5,5,23,0.6666666666666666
2021-03-11,Energy,0.4,5,3,7,0.2
2021-03-11,Financials,0.2,5,4,11,0.4
2021-03-11,Healthcare,-0.2,5,5,18,0.2
2021-03-11,Industrials,0.6,5,5,21,0.52
2021-03-11,Materials,0.0,5,2,3,0.0
2021-03-11,RealEstate,0.0,5,2,2,0.0
2021-03-11,Tech,0.6,5,4,14,0.4
2021-03-11,Utilities,0.0,5,0,0,0.2
2021-03-12,Comm,0.2,5,4,10,0.0
2021-03-12,Consumer,0.26666666666666666,5,5,18,0.35
2021-03-12,Energy,0.0,5,1,1,0.4
2021-03-12,Financials,0.2,5,5,9,0.2
2021-03-12,Healthcare,0.0,5,1,3,-0.2
2021-03-12,Industrials,0.2,5,3,11,0.6
2021-03-12,Materials,0.0,5,2,2,0.0
2021-03-12,RealEstate,0.2,5,3,3,0.0
2021-03-12,Tech,0.0,5,3,4,0.6
2021-03-12,Utilities,0.4,5,2,2,0.0
2021-03-15,Comm,0.6,5,4,14,0.2
2021-03-15,Consumer,0.6,5,5,35,0.26666666666666666
2021-03-15,Energy,0.2,5,4,13,0.0
2021-03-15,Financials,-0.06666666666666665,5,4,12,0.2
2021-03-15,Healthcare,0.24,5,5,19,0.0
2021-03-15,Industrials,0.8,5,4,14,0.2
2021-03-15,Materials,0.2,5,2,3,0.0
2021-03-15,RealEstate,0.6,5,4,6,0.2
2021-03-15,Tech,0.4,5,3,10,0.0
2021-03-15,Utilities,0.4,5,3,5,0.4
2021-03-16,Comm,0.4,5,3,10,0.6
2021-03-16,Consumer,0.8,5,5,22,0.6
2021-03-16,Energy,0.0,5,2,5,0.2
2021-03-16,Financials,0.4,5,5,12,-0.06666666666666665
2021-03-16,Healthcare,0.2,5,4,6,0.24
2021-03-16,Industrials,0.4,5,3,8,0.8
2021-03-16,Materials,0.0,5,1,1,0.2
2021-03-16,RealEstate,0.6,5,4,6,0.6
2021-03-16,Tech,0.4,5,4,12,0.4
2021-03-16,Utilities,0.4,5,3,5,0.4
2021-03-17,Comm,0.2,5,5,8,0.4
2021-03-17,Consumer,0.4666666666666666,5,5,17,0.8
2021-03-17,Energy,0.0,5,2,6,0.0
2021-03-17,Financials,0.2,5,5,10,0.4
2021-03-17,Healthcare,0.2,5,3,9,0.2
2021-03-17,Industrials,0.06666666666666667,5,4,7,0.4
2021-03-17,Materials,0.0,5,1,2,0.0
2021-03-17,RealEstate,0.0,5,4,7,0.6
2021-03-17,Tech,0.2,5,3,7,0.4
2021-03-17,Utilities,0.0,5,0,0,0.4
2021-03-18,Comm,0.4,5,4,9,0.2
2021-03-18,Consumer,0.8,5,5,20,0.4666666666666666
2021-03-18,Energy,0.4,5,4,9,0.0
2021-03-18,Financials,-0.06666666666666667,5,3,13,0.2
2021-03-18,Healthcare,0.2,5,4,7,0.2
2021-03-18,Industrials,0.4666666666666666,5,5,14,0.06666666666666667
2021-03-18,Materials,0.0,5,0,0,0.0
2021-03-18,RealEstate,0.4,5,4,4,0.0
2021-03-18,Tech,0.2,5,3,5,0.2
2021-03-18,Utilities,0.4,5,2,2,0.0
2021-03-19,Comm,0.8,5,5,10,0.4
2021-03-19,Consumer,0.24,5,5,25,0.8
2021-03-19,Energy,0.4,5,3,6,0.4
2021-03-19,Financials,-0.13333333333333333,5,4,18,-0.06666666666666667
2021-03-19,Healthcare,0.4,5,3,6,0.2
2021-03-19,Industrials,0.2,5,2,3,0.4666666666666666
2021-03-19,Materials,0.2,5,2,2,0.0
2021-03-19,RealEstate,0.0,5,0,0,0.4
2021-03-19,Tech,0.2,5,2,2,0.2
2021-03-19,Utilities,0.0,5,0,0,0.4
2021-03-22,Comm,0.4,5,3,6,0.8
2021-03-22,Consumer,0.5333333333333334,5,5,17,0.24
2021-03-22,Energy,0.4,5,4,13,0.4
2021-03-22,Financials,0.2,5,5,12,-0.13333333333333333
2021-03-22,Healthcare,0.4666666666666667,5,3,9,0.4
2021-03-22,Industrials,0.6,5,4,8,0.2
2021-03-22,Materials,0.2,5,2,3,0.2
2021-03-22,RealEstate,0.0,5,0,0,0.0
2021-03-22,Tech,0.2,5,4,13,0.2
2021-03-22,Utilities,0.0,5,0,0,0.0
2021-03-23,Comm,0.4,5,2,6,0.4
2021-03-23,Consumer,0.4,5,3,10,0.5333333333333334
2021-03-23,Energy,0.4,5,5,27,0.4
2021-03-23,Financials,0.2,5,4,14,0.2
2021-03-23,Healthcare,0.0,5,3,4,0.4666666666666667
2021-03-23,Industrials,0.0,5,4,6,0.6
2021-03-23,Materials,0.0,5,2,3,0.2
2021-03-23,RealEstate,0.0,5,2,2,0.0
2021-03-23,Tech,0.0,5,4,13,0.2
2021-03-23,Utilities,0.2,5,2,3,0.0
2021-03-24,Comm,0.4,5,4,7,0.4
2021-03-24,Consumer,0.8,5,4,24,0.4
2021-03-24,Energy,0.26666666666666666,5,4,11,0.4
2021-03-24,Financials,0.2,5,3,11,0.2
2021-03-24,Healthcare,0.2,5,4,6,0.0
2021-03-24,Industrials,-0.4,5,4,8,0.0
2021-03-24,Materials,0.0,5,2,2,0.0
2021-03-24,RealEstate,0.0,5,0,0,0.0
2021-03-24,Tech,0.2857142857142857,5,4,24,0.0
2021-03-24,Utilities,0.0,5,0,0,0.2
2021-03-25,Comm,0.2,5,4,9,0.4
2021-03-25,Consumer,0.38095238095238093,5,5,32,0.8
2021-03-25,Energy,0.2,5,4,9,0.26666666666666666
2021-03-25,Financials,0.26,5,4,19,0.2
2021-03-25,Healthcare,0.2,5,4,4,0.2
2021-03-25,Industrials,0.2,5,3,5,-0.4
2021-03-25,Materials,0.2,5,2,4,0.0
2021-03-25,RealEstate,0.4,5,2,3,0.0
2021-03-25,Tech,0.6,5,4,13,0.2857142857142857
2021-03-25,Utilities,0.4,5,2,4,0.0
2021-03-26,Comm,0.4,5,2,6,0.2
2021-03-26,Consumer,-0.4,5,4,26,0.38095238095238093
2021-03-26,Energy,0.6,5,3,12,0.2
2021-03-26,Financials,0.5,5,5,14,0.26
2021-03-26,Healthcare,0.2,5,3,8,0.2
2021-03-26,Industrials,0.2,5,2,11,0.2
2021-03-26,Materials,-0.4,5,3,5,0.2
2021-03-26,RealEstate,0.0,5,0,0,0.4
2021-03-26,Tech,0.6,5,4,12,0.6
2021-03-26,Utilities,0.0,5,1,1,0.4
2021-03-29,Comm,0.6,5,4,17,0.4
2021-03-29,Consumer,0.2,5,5,31,-0.4
2021-03-29,Energy,0.34285714285714286,5,4,8,0.6
2021-03-29,Financials,-0.7,5,5,30,0.5
2021-03-29,Healthcare,0.6,5,5,12,0.2
2021-03-29,Industrials,0.24,5,5,22,0.2
2021-03-29,Materials,0.0,5,0,0,-0.4
2021-03-29,RealEstate,0.2,5,4,5,0.0
2021-03-29,Tech,0.26666666666666666,5,4,12,0.6
2021-03-29,Utilities,0.4,5,2,5,0.0
2021-03-30,Comm,0.8,5,4,7,0.6
2021-03-30,Consumer,0.8,5,5,15,0.2
2021-03-30,Energy,0.0,5,4,7,0.34285714285714286
2021-03-30,Financials,-0.12,5,5,30,-0.7
2021-03-30,Healthcare,-0.2,5,4,7,0.6
2021-03-30,Industrials,0.2,5,4,10,0.24
2021-03-30,Materials,0.0,5,0,0,0.0
2021-03-30,RealEstate,0.2,5,3,3,0.2
2021-03-30,Tech,0.4,5,3,5,0.26666666666666666
2021-03-30,Utilities,0.2,5,1,1,0.4
2021-03-31,Comm,0.2,5,3,5,0.8
2021-03-31,Consumer,0.4,5,5,13,0.8
2021-03-31,Energy,0.6,5,4,12,0.0
2021-03-31,Financials,0.2,5,5,14,-0.12
2021-03-31,Healthcare,0.6,5,5,9,-0.2
2021-03-31,Industrials,0.3,5,3,11,0.2
2021-03-31,Materials,0.0,5,2,2,0.0
2021-03-31,RealEstate,0.0,5,1,1,0.2
2021-03-31,Tech,-0.2,5,3,9,0.4
2021-03-31,Utilities,0.0,5,2,2,0.2
2021-04-01,Comm,0.4,5,4,9,0.2
2021-04-01,Consumer,0.0,5,5,15,0.4
2021-04-01,Energy,-0.2,5,5,9,0.6
2021-04-01,Financials,0.8,5,5,12,0.2
2021-04-01,Healthcare,0.4,5,5,7,0.6
2021-04-01,Industrials,0.6,5,4,8,0.3
2021-04-01,Materials,0.4,5,3,5,0.0
2021-04-01,RealEstate,0.2,5,1,1,0.0
2021-04-01,Tech,0.4,5,4,9,-0.2
2021-04-01,Utilities,0.2,5,3,5,0.0
2021-04-05,Comm,0.6,5,5,21,0.4
2021-04-05,Consumer,0.4666666666666666,5,5,27,0.0
2021-04-05,Energy,0.4,5,4,12,-0.2
2021-04-05,Financials,0.8,5,4,23,0.8
2021-04-05,Healthcare,0.6,5,4,13,0.4
2021-04-05,Industrials,0.8,5,4,14,0.6
2021-04-05,Materials,0.2,5,2,3,0.4
2021-04-05,RealEstate,-0.2,5,1,3,0.2
2021-04-05,Tech,0.6,5,3,19,0.4
2021-04-05,Utilities,0.2,5,3,6,0.2
2021-04-06,Comm,0.4,5,3,9,0.6
2021-04-06,Consumer,0.4,5,4,23,0.4666666666666666
2021-04-06,Energy,0.6,5,4,13,0.4
2021-04-06,Financials,-0.13333333333333333,5,4,21,0.8
2021-04-06,Healthcare,0.4,5,3,6,0.6
2021-04-06,Industrials,0.4,5,5,13,0.8
2021-04-06,Materials,0.2,5,1,1,0.2
2021-04-06,RealEstate,0.0,5,1,1,-0.2
2021-04-06,Tech,0.0,5,3,9,0.6
2021-04-06,Utilities,0.2,5,2,3,0.2
2021-04-07,Comm,0.2,5,2,7,0.4
2021-04-07,Consumer,0.4,5,5,12,0.4
2021-04-07,Energy,-0.4,5,3,5,0.6
2021-04-07,Financials,0.2,5,4,9,-0.13333333333333333
2021-04-07,Healthcare,0.0,5,3,4,0.4
2021-04-07,Industrials,0.4,5,4,9,0.4
2021-04-07,Materials,0.0,5,2,2,0.2
2021-04-07,RealEstate,0.0,5,1,1,0.0
2021-04-07,Tech,0.0,5,3,4,0.0
2021-04-07,Utilities,0.0,5,2,2,0.2
2021-04-08,Comm,0.4,5,5,11,0.2
2021-04-08,Consumer,1.0,5,5,22,0.4
2021-04-08,Energy,0.0,5,5,6,-0.4
2021-04-08,Financials,0.0,5,4,15,0.2
2021-04-08,Healthcare,0.6,5,4,10,0.0
2021-04-08,Industrials,0.0,5,4,6,0.4
2021-04-08,Materials,0.2,5,4,5,0.0
2021-04-08,RealEstate,0.0,5,1,1,0.0
2021-04-08,Tech,0.2,5,4,12,0.0
2021-04-08,Utilities,0.0,5,3,3,0.0
2021-04-09,Comm,0.44000000000000006,5,4,12,0.4
2021-04-09,Consumer,0.6,5,4,14,1.0
2021-04-09,Energy,0.4,5,4,5,0.0
2021-04-09,Financials,0.6,5,4,21,0.0
2021-04-09,Healthcare,0.2,5,3,4,0.6
2021-04-09,Industrials,0.8,5,5,16,0.0
2021-04-09,Materials,0.0,5,0,0,0.2
2021-04-09,RealEstate,0.0,5,1,1,0.0
2021-04-09,Tech,0.6,5,3,9,0.2
2021-04-09,Utilities,0.0,5,1,1,0.0
2021-04-12,Comm,0.4,5,3,8,0.44000000000000006
2021-04-12,Consumer,0.8,5,5,22,0.6
2021-04-12,Energy,0.2,5,2,3,0.4
2021-04-12,Financials,0.4409090909090909,5,5,40,0.6
2021-04-12,Healthcare,0.4,5,5,12,0.2
2021-04-12,Industrials,0.4,5,3,6,0.8
2021-04-12,Materials,0.4,5,3,4,0.0
2021-04-12,RealEstate,0.4,5,2,2,0.0
2021-04-12,Tech,0.2,5,4,16,0.6
2021-04-12,Utilities,0.2,5,3,3,0.0
2021-04-13,Comm,0.2,5,3,7,0.4
2021-04-13,Consumer,0.2,5,5,16,0.8
2021-04-13,Energy,0.0,5,3,8,0.2
2021-04-13,Financials,0.4,5,5,31,0.4409090909090909
2021-04-13,Healthcare,0.6,5,4,12,0.4
2021-04-13,Industrials,0.4,5,3,7,0.4
2021-04-13,Materials,0.0,5,0,0,0.4
2021-04-13,RealEstate,0.0,5,1,1,0.4
2021-04-13,Tech,0.2,5,3,8,0.2
2021-04-13,Utilities,0.2,5,3,6,0.2
2021-04-14,Comm,0.0,5,5,14,0.2
2021-04-14,Consumer,-0.2,5,5,21,0.2
2021-04-14,Energy,0.4,5,4,10,0.0
2021-04-14,Financials,0.7714285714285715,5,5,60,0.4
2021-04-14,Healthcare,0.2,5,5,12,0.6
2021-04-14,Industrials,0.4,5,4,13,0.4
2021-04-14,Materials,0.2,5,4,4,0.0
2021-04-14,RealEstate,0.2,5,2,2,0.0
2021-04-14,Tech,0.2,5,4,8,0.2
2021-04-14,Utilities,0.2,5,4,5,0.2
2021-04-15,Comm,-0.2,5,2,7,0.0
2021-04-15,Consumer,0.4,5,4,17,-0.2
2021-04-15,Energy,0.2,5,5,6,0.4
2021-04-15,Financials,0.6,5,4,29,0.7714285714285715
2021-04-15,Healthcare,0.6,5,5,9,0.2
2021-04-15,Industrials,0.0,5,3,6,0.4
2021-04-15,Materials,0.0,5,0,0,0.2
2021-04-15,RealEstate,0.0,5,4,5,0.2
2021-04-15,Tech,0.6,5,4,10,0.2
2021-04-15,Utilities,0.0,5,1,2,0.2
2021-04-16,Comm,0.2,5,2,4,-0.2
2021-04-16,Consumer,0.8,5,4,20,0.4
2021-04-16,Energy,0.8,5,4,10,0.2
2021-04-16,Financials,0.64,5,5,36,0.6
2021-04-16,Healthcare,0.0,5,2,2,0.6
2021-04-16,Industrials,0.0,5,3,8,0.0
2021-04-16,Materials,0.0,5,2,2,0.0
2021-04-16,RealEstate,0.0,5,1,1,0.0
2021-04-16,Tech,0.2,5,3,8,0.6
2021-04-16,Utilities,0.0,5,0,0,0.0
2021-04-19,Comm,0.2,5,4,8,0.2
2021-04-19,Consumer,0.7333333333333333,5,5,40,0.8
2021-04-19,Energy,0.4,5,3,11,0.8
2021-04-19,Financials,0.8,5,5,22,0.64
2021-04-19,Healthcare,0.0,5,5,15,0.0
2021-04-19,Industrials,0.0,5,4,13,0.0
2021-04-19,Materials,0.2,5,3,3,0.0
2021-04-19,RealEstate,0.4,5,2,5,0.0
2021-04-19,Tech,0.6,5,4,25,0.2
2021-04-19,Utilities,0.0,5,2,7,0.0
2021-04-20,Comm,-0.06666666666666667,5,4,12,0.2
2021-04-20,Consumer,0.13333333333333336,5,5,26,0.7333333333333333
2021-04-20,Energy,0.2,5,3,6,0.4
2021-04-20,Financials,0.5,5,5,16,0.8
2021-04-20,Healthcare,0.3,5,4,13,0.0
2021-04-20,Industrials,0.0,5,4,16,0.0
2021-04-20,Materials,0.2,5,1,1,0.2
2021-04-20,RealEstate,0.0,5,0,0,0.4
2021-04-20,Tech,0.52,5,3,12,0.6
2021-04-20,Utilities,0.0,5,3,4,0.0
2021-04-21,Comm,-0.3333333333333333,5,3,18,-0.06666666666666667
2021-04-21,Consumer,0.8,5,5,11,0.13333333333333336
2021-04-21,Energy,0.4666666666666666,5,4,11,0.2
2021-04-21,Financials,0.2,5,4,13,0.5
2021-04-21,Healthcare,0.4,5,5,8,0.3
2021-04-21,Industrials,0.2,5,5,8,0.0
2021-04-21,Materials,0.2,5,4,5,0.2
2021-04-21,RealEstate,0.2,5,2,3,0.0
2021-04-21,Tech,0.6,5,4,12,0.52
2021-04-21,Utilities,0.4,5,2,8,0.0
2021-04-22,Comm,0.48571428571428577,5,3,26,-0.3333333333333333
2021-04-22,Consumer,0.6,5,4,15,0.8
2021-04-22,Energy,0.2,5,3,10,0.4666666666666666
2021-04-22,Financials,0.5,5,4,17,0.2
2021-04-22,Healthcare,0.4,5,5,9,0.4
2021-04-22,Industrials,0.4,5,5,10,0.2
2021-04-22,Materials,0.2,5,2,11,0.2
2021-04-22,RealEstate,0.0,5,3,4,0.2
2021-04-22,Tech,0.2,5,4,28,0.6
2021-04-22,Utilities,0.2,5,3,7,0.4
2021-04-23,Comm,0.4,5,3,10,0.48571428571428577
2021-04-23,Consumer,0.6,5,5,22,0.6
2021-04-23,Energy,-0.2,5,5,16,0.2
2021-04-23,Financials,0.06666666666666667,5,4,10,0.5
2021-04-23,Healthcare,0.2,5,2,2,0.4
2021-04-23,Industrials,0.2,5,3,10,0.4
2021-04-23,Materials,0.2,5,2,3,0.2
2021-04-23,RealEstate,0.2,5,1,1,0.0
2021-04-23,Tech,0.24285714285714288,5,4,22,0.2
2021-04-23,Utilities,0.2,5,3,3,0.2
2021-04-26,Comm,0.2,5,4,9,0.4
2021-04-26,Consumer,0.6,5,5,31,0.6
2021-04-26,Energy,-0.6,5,5,13,-0.2
2021-04-26,Financials,0.2,5,5,21,0.06666666666666667
2021-04-26,Healthcare,0.72,5,5,15,0.2
2021-04-26,Industrials,0.4,5,3,14,0.2
2021-04-26,Materials,0.0,5,1,1,0.2
2021-04-26,RealEstate,0.2,5,4,7,0.2
2021-04-26,Tech,0.52,5,3,15,0.24285714285714288
2021-04-26,Utilities,0.2,5,3,5,0.2
2021-04-27,Comm,0.4,5,3,11,0.2
2021-04-27,Consumer,0.5,5,4,22,0.6
2021-04-27,Energy,0.0,5,3,5,-0.6
2021-04-27,Financials,-0.2,5,4,16,0.2
2021-04-27,Healthcare,0.2,5,5,14,0.72
2021-04-27,Industrials,0.08571428571428572,5,4,52,0.4
2021-04-27,Materials,0.0,5,2,5,0.0
2021-04-27,RealEstate,0.0,5,0,0,0.2
2021-04-27,Tech,0.2,5,4,8,0.52
2021-04-27,Utilities,0.6,5,3,4,0.2
2021-04-28,Comm,0.6,5,4,10,0.4
2021-04-28,Consumer,0.3866666666666666,5,5,18,0.5
2021-04-28,Energy,0.4,5,3,8,0.0
2021-04-28,Financials,0.4,5,4,15,-0.2
2021-04-28,Healthcare,0.8,5,5,32,0.2
2021-04-28,Industrials,-0.15238095238095237,5,5,31,0.08571428571428572
2021-04-28,Materials,0.0,5,1,1,0.0
2021-04-28,RealEstate,0.4,5,3,7,0.0
2021-04-28,Tech,0.12,5,4,26,0.2
2021-04-28,Utilities,0.2,5,3,4,0.6
2021-04-29,Comm,0.2,5,4,12,0.6
2021-04-29,Consumer,0.2,5,4,13,0.3866666666666666
2021-04-29,Energy,0.2,5,3,8,0.4
2021-04-29,Financials,0.4,5,3,11,0.4
2021-04-29,Healthcare,0.676923076923077,5,5,35,0.8
2021-04-29,Industrials,0.2,5,5,21,-0.15238095238095237
2021-04-29,Materials,0.0,5,2,4,0.0
2021-04-29,RealEstate,0.4666666666666666,5,4,14,0.4
2021-04-29,Tech,0.6,5,4,12,0.12
2021-04-29,Utilities,0.2,5,1,2,0.2
2021-04-30,Comm,0.4,5,3,10,0.2
2021-04-30,Consumer,0.8,5,4,23,0.2
2021-04-30,Energy,0.2,5,5,33,0.2
2021-04-30,Financials,0.2,5,3,12,0.4
2021-04-30,Healthcare,0.38,5,5,23,0.676923076923077
2021-04-30,Industrials,0.0,5,4,10,0.2
2021-04-30,Materials,0.0,5,1,1,0.0
2021-04-30,RealEstate,0.4,5,3,5,0.4666666666666666
2021-04-30,Tech,0.2,5,2,8,0.6
2021-04-30,Utilities,0.6,5,5,10,0.2
2021-05-03,Comm,0.7,5,5,19,0.4
2021-05-03,Consumer,0.2,5,5,19,0.8
2021-05-03,Energy,0.6,5,4,12,0.2
2021-05-03,Financials,0.6,5,5,14,0.2
2021-05-03,Healthcare,0.6,5,5,17,0.38
2021-05-03,Industrials,0.4666666666666666,5,5,15,0.0
2021-05-03,Materials,0.0,5,3,5,0.0
2021-05-03,RealEstate,0.4,5,3,4,0.4
2021-05-03,Tech,0.4,5,3,17,0.2
2021-05-03,Utilities,0.2,5,2,3,0.6
2021-05-04,Comm,0.13333333333333336,5,4,10,0.7
2021-05-04,Consumer,0.6,5,4,18,0.2
2021-05-04,Energy,0.2,5,3,16,0.6
2021-05-04,Financials,-0.2,5,5,20,0.6
2021-05-04,Healthcare,0.8,5,5,11,0.6
2021-05-04,Industrials,0.1,5,4,16,0.4666666666666666
2021-05-04,Materials,-0.06666666666666667,5,4,11,0.0
2021-05-04,RealEstate,0.0,5,0,0,0.4
2021-05-04,Tech,0.4,5,3,8,0.4
2021-05-04,Utilities,0.4,5,3,4,0.2
2021-05-05,Comm,0.5555555555555556,5,4,17,0.13333333333333336
2021-05-05,Consumer,0.32,5,3,18,0.6
2021-05-05,Energy,0.2,5,4,12,0.2
2021-05-05,Financials,0.32,5,4,10,-0.2
2021-05-05,Healthcare,0.4,5,5,8,0.8
2021-05-05,Industrials,0.72,5,5,25,0.1
2021-05-05,Materials,0.0,5,1,1,-0.06666666666666667
2021-05-05,RealEstate,0.0,5,4,5,0.0
2021-05-05,Tech,0.2,5,3,8,0.4
2021-05-05,Utilities,0.0,5,3,5,0.4
2021-05-06,Comm,0.2,5,2,5,0.5555555555555556
2021-05-06,Consumer,0.6,5,5,20,0.32
2021-05-06,Energy,0.4,5,4,10,0.2
2021-05-06,Financials,0.0,5,4,11,0.32
2021-05-06,Healthcare,0.2,5,2,5,0.4
2021-05-06,Industrials,0.8,5,4,8,0.72
2021-05-06,Materials,0.4,5,4,5,0.0
2021-05-06,RealEstate,0.0,5,1,2,0.0
2021-05-06,Tech,0.2,5,3,6,0.2
2021-05-06,Utilities,0.0,5,1,1,0.0
2021-05-07,Comm,0.4,5,4,8,0.2
2021-05-07,Consumer,0.2,5,3,9,0.6
2021-05-07,Energy,0.3,5,2,6,0.4
2021-05-07,Financials,0.6666666666666666,5,4,10,0.0
2021-05-07,Healthcare,0.4,5,2,2,0.2
2021-05-07,Industrials,-0.1,5,3,9,0.8
2021-05-07,Materials,0.0,5,0,0,0.4
2021-05-07,RealEstate,0.0,5,0,0,0.0
2021-05-07,Tech,0.4,5,3,8,0.2
2021-05-07,Utilities,0.2,5,3,4,0.0
2021-05-10,Comm,0.26666666666666666,5,5,14,0.4
2021-05-10,Consumer,1.0,5,5,16,0.2
2021-05-10,Energy,0.6666666666666666,5,5,28,0.3
2021-05-10,Financials,0.0,5,3,9,0.6666666666666666
2021-05-10,Healthcare,0.6,5,5,13,0.4
2021-05-10,Industrials,0.0,5,4,7,-0.1
2021-05-10,Materials,0.2,5,4,5,0.0
2021-05-10,RealEstate,0.0,5,0,0,0.0
2021-05-10,Tech,0.2,5,3,7,0.4
2021-05-10,Utilities,0.2,5,4,10,0.2
2021-05-11,Comm,0.4,5,5,15,0.26666666666666666
2021-05-11,Consumer,0.4,5,5,17,1.0
2021-05-11,Energy,0.6,5,4,17,0.6666666666666666
2021-05-11,Financials,0.4,5,3,5,0.0
2021-05-11,Healthcare,0.2,5,3,3,0.6
2021-05-11,Industrials,-0.2,5,3,13,0.0
2021-05-11,Materials,0.2,5,1,2,0.2
2021-05-11,RealEstate,0.0,5,1,1,0.0
2021-05-11,Tech,0.2,5,4,13,0.2
2021-05-11,Utilities,0.0,5,0,0,0.2
2021-05-12,Comm,0.4666666666666666,5,5,13,0.4
2021-05-12,Consumer,0.2,5,4,11,0.4
2021-05-12,Energy,0.4,5,4,13,0.6
2021-05-12,Financials,-0.09333333333333332,5,4,15,0.4
2021-05-12,Healthcare,0.6,5,4,5,0.2
2021-05-12,Industrials,0.2,5,5,13,-0.2
2021-05-12,Materials,0.0,5,1,1,0.2
2021-05-12,RealEstate,0.0,5,2,2,0.0
2021-05-12,Tech,0.2,5,3,4,0.2
2021-05-12,Utilities,0.2,5,3,4,0.0
2021-05-13,Comm,0.2,5,1,1,0.4666666666666666
2021-05-13,Consumer,0.5692307692307692,5,3,16,0.2
2021-05-13,Energy,0.4,5,3,6,0.4
2021-05-13,Financials,-0.2,5,4,9,-0.09333333333333332
2021-05-13,Healthcare,0.0,5,3,9,0.6
2021-05-13,Industrials,0.4,5,3,13,0.2
2021-05-13,Materials,0.2,5,1,2,0.0
2021-05-13,RealEstate,0.0,5,3,3,0.0
2021-05-13,Tech,0.2,5,4,5,0.2
2021-05-13,Utilities,0.2,5,2,2,0.2
2021-05-14,Comm,0.0,5,2,2,0.2
2021-05-14,Consumer,0.3511111111111111,5,4,36,0.5692307692307692
2021-05-14,Energy,0.0,5,3,6,0.4
2021-05-14,Financials,0.8,5,4,15,-0.2
2021-05-14,Healthcare,0.4,5,4,6,0.0
2021-05-14,Industrials,0.0,5,2,7,0.4
2021-05-14,Materials,0.2,5,2,2,0.2
2021-05-14,RealEstate,0.0,5,0,0,0.0
2021-05-14,Tech,0.0,5,3,9,0.2
2021-05-14,Utilities,0.0,5,1,1,0.2
2021-05-17,Comm,0.8095238095238095,5,5,40,0.0
2021-05-17,Consumer,0.5333333333333333,5,4,39,0.3511111111111111
2021-05-17,Energy,0.4,5,4,14,0.0
2021-05-17,Financials,0.7,5,5,18,0.8
2021-05-17,Healthcare,0.4,5,5,13,0.4
2021-05-17,Industrials,0.0,5,4,11,0.0
2021-05-17,Materials,0.26666666666666666,5,2,6,0.2
2021-05-17,RealEstate,0.0,5,1,1,0.0
2021-05-17,Tech,0.0,5,2,5,0.0
2021-05-17,Utilities,0.0,5,2,3,0.0
2021-05-18,Comm,0.5666666666666667,5,5,32,0.8095238095238095
2021-05-18,Consumer,-0.09523809523809523,5,4,39,0.5333333333333333
2021-05-18,Energy,-0.2,5,2,8,0.4
2021-05-18,Financials,0.4,5,3,8,0.7
2021-05-18,Healthcare,0.0,5,3,6,0.4
2021-05-18,Industrials,0.2,5,5,11,0.0
2021-05-18,Materials,0.2,5,3,5,0.26666666666666666
2021-05-18,RealEstate,0.0,5,1,1,0.0
2021-05-18,Tech,0.4,5,2,3,0.0
2021-05-18,Utilities,0.2,5,2,2,0.0
2021-05-19,Comm,0.12000000000000002,5,3,21,0.5666666666666667
2021-05-19,Consumer,0.17142857142857143,5,5,23,-0.09523809523809523
2021-05-19,Energy,0.4,5,2,6,-0.2
2021-05-19,Financials,0.0,5,3,10,0.4
2021-05-19,Healthcare,0.2,5,2,2,0.0
2021-05-19,Industrials,0.0,5,2,6,0.2
2021-05-19,Materials,0.2,5,2,2,0.2
2021-05-19,RealEstate,0.2,5,1,1,0.0
2021-05-19,Tech,0.4,5,3,15,0.4
2021-05-19,Utilities,0.0,5,1,1,0.2
2021-05-20,Comm,0.36666666666666664,5,5,17,0.12000000000000002
2021-05-20,Consumer,1.0,5,5,22,0.17142857142857143
2021-05-20,Energy,0.2,5,2,2,0.4
2021-05-20,Financials,0.4,5,3,11,0.0
2021-05-20,Healthcare,0.2,5,2,6,0.2
2021-05-20,Industrials,0.0,5,3,3,0.0
2021-05-20,Materials,0.0,5,2,3,0.2
2021-05-20,RealEstate,0.0,5,0,0,0.2
2021-05-20,Tech,0.8,5,4,14,0.4
2021-05-20,Utilities,0.4,5,5,7,0.0
2021-05-21,Comm,0.6,5,5,14,0.36666666666666664
2021-05-21,Consumer,0.4,5,4,15,1.0
2021-05-21,Energy,0.2,5,4,10,0.2
2021-05-21,Financials,0.2,5,4,11,0.4
2021-05-21,Healthcare,0.8,5,5,7,0.2
2021-05-21,Industrials,0.4,5,2,4,0.0
2021-05-21,Materials,0.0,5,1,2,0.0
2021-05-21,RealEstate,0.0,5,0,0,0.0
2021-05-21,Tech,0.6,5,4,5,0.8
2021-05-21,Utilities,0.4,5,3,3,0.4
2021-05-24,Comm,0.8,5,5,15,0.6
2021-05-24,Consumer,0.8,5,5,32,0.4
2021-05-24,Energy,0.8,5,5,13,0.2
2021-05-24,Financials,0.0,5,4,16,0.2
2021-05-24,Healthcare,0.5666666666666667,5,4,13,0.8
2021-05-24,Industrials,-0.13333333333333336,5,3,7,0.4
2021-05-24,Materials,0.4,5,4,5,0.0
2021-05-24,RealEstate,0.4,5,2,4,0.0
2021-05-24,Tech,0.6,5,3,9,0.6
2021-05-24,Utilities,0.2,5,3,5,0.4
2021-05-25,Comm,0.6,5,4,13,0.8
2021-05-25,Consumer,0.6,5,4,15,0.8
2021-05-25,Energy,-0.2,5,4,15,0.8
2021-05-25,Financials,0.0,5,3,14,0.0
2021-05-25,Healthcare,0.4,5,4,6,0.5666666666666667
2021-05-25,Industrials,0.0,5,2,2,-0.13333333333333336
2021-05-25,Materials,0.0,5,3,3,0.4
2021-05-25,RealEstate,0.4,5,2,3,0.4
2021-05-25,Tech,0.4,5,3,12,0.6
2021-05-25,Utilities,0.0,5,1,1,0.2
2021-05-26,Comm,0.06666666666666667,5,3,9,0.6
2021-05-26,Consumer,0.2,5,4,21,0.6
2021-05-26,Energy,0.8,5,5,19,-0.2
2021-05-26,Financials,0.2,5,4,10,0.0
2021-05-26,Healthcare,0.0,5,3,6,0.4
2021-05-26,Industrials,0.4,5,3,7,0.0
2021-05-26,Materials,0.0,5,2,2,0.0
2021-05-26,RealEstate,0.4,5,3,3,0.4
2021-05-26,Tech,0.6,5,4,6,0.4
2021-05-26,Utilities,0.2,5,1,2,0.0
2021-05-27,Comm,0.7333333333333333,5,5,14,0.06666666666666667
2021-05-27,Consumer,0.6,5,5,20,0.2
2021-05-27,Energy,0.0,5,3,14,0.8
2021-05-27,Financials,0.2,5,4,14,0.2
2021-05-27,Healthcare,0.4,5,4,10,0.0
2021-05-27,Industrials,0.4,5,4,15,0.4
2021-05-27,Materials,0.4,5,3,3,0.0
2021-05-27,RealEstate,0.0,5,1,2,0.4
2021-05-27,Tech,0.4,5,4,11,0.6
2021-05-27,Utilities,0.2,5,2,2,0.2
2021-05-28,Comm,0.8,5,5,15,0.7333333333333333
2021-05-28,Consumer,-0.039999999999999994,5,5,11,0.6
2021-05-28,Energy,0.0,5,4,12,0.0
2021-05-28,Financials,0.2,5,5,11,0.2
2021-05-28,Healthcare,0.2,5,2,4,0.4
2021-05-28,Industrials,0.0,5,4,4,0.4
2021-05-28,Materials,0.2,5,3,5,0.4
2021-05-28,RealEstate,0.0,5,2,2,0.0
2021-05-28,Tech,0.8,5,4,12,0.4
2021-05-28,Utilities,0.0,5,1,2,0.2
2021-06-01,Comm,0.12,5,2,11,0.8
2021-06-01,Consumer,1.0,5,5,27,-0.039999999999999994
2021-06-01,Energy,0.8,5,5,35,0.0
2021-06-01,Financials,0.3,5,4,18,0.2
2021-06-01,Healthcare,0.7,5,5,28,0.2
2021-06-01,Industrials,0.0,5,4,9,0.0
2021-06-01,Materials,0.2,5,2,4,0.2
2021-06-01,RealEstate,0.0,5,3,5,0.0
2021-06-01,Tech,0.0,5,3,9,0.8
2021-06-01,Utilities,0.2,5,3,4,0.0
2021-06-02,Comm,0.4,5,5,8,0.12
2021-06-02,Consumer,0.6,5,5,15,1.0
2021-06-02,Energy,0.6666666666666666,5,4,21,0.8
2021-06-02,Financials,0.4,5,5,17,0.3
2021-06-02,Healthcare,-0.4,5,4,6,0.7
2021-06-02,Industrials,0.0,5,2,2,0.0
2021-06-02,Materials,0.0,5,1,2,0.2
2021-06-02,RealEstate,0.2,5,1,1,0.0
2021-06-02,Tech,0.2,5,4,9,0.0
2021-06-02,Utilities,0.2,5,3,3,0.2
2021-06-03,Comm,0.4,5,2,4,0.4
2021-06-03,Consumer,0.8,5,5,12,0.6
2021-06-03,Energy,0.4,5,5,12,0.6666666666666666
2021-06-03,Financials,0.4,5,5,12,0.4
2021-06-03,Healthcare,0.4,5,5,14,-0.4
2021-06-03,Industrials,0.4,5,4,9,0.0
2021-06-03,Materials,0.2,5,4,5,0.0
2021-06-03,RealEstate,0.0,5,3,3,0.2
2021-06-03,Tech,0.2,5,3,8,0.2
2021-06-03,Utilities,0.0,5,4,5,0.2
2021-06-04,Comm,1.0,5,5,11,0.4
2021-06-04,Consumer,0.6,5,5,18,0.8
2021-06-04,Energy,0.4,5,3,6,0.4
2021-06-04,Financials,0.0,5,4,8,0.4
2021-06-04,Healthcare,0.0,5,2,2,0.4
2021-06-04,Industrials,0.6,5,4,9,0.4
2021-06-04,Materials,0.2,5,1,2,0.2
2021-06-04,RealEstate,0.2,5,1,1,0.0
2021-06-04,Tech,0.4,5,3,8,0.2
2021-06-04,Utilities,0.2,5,1,2,0.0
2021-06-07,Comm,0.6666666666666666,5,5,16,1.0
2021-06-07,Consumer,0.8666666666666666,5,5,24,0.6
2021-06-07,Energy,0.6,5,5,13,0.4
2021-06-07,Financials,0.4,5,5,16,0.0
2021-06-07,Healthcare,0.0,5,5,7,0.0
2021-06-07,Industrials,0.6,5,4,7,0.6
2021-06-07,Materials,0.1,5,4,9,0.2
2021-06-07,RealEstate,0.2,5,1,2,0.2
2021-06-07,Tech,0.8,5,4,19,0.4
2021-06-07,Utilities,0.0,5,0,0,0.2
2021-06-08,Comm,0.4,5,4,7,0.6666666666666666
2021-06-08,Consumer,0.6,5,4,17,0.8666666666666666
2021-06-08,Energy,0.2,5,3,4,0.6
2021-06-08,Financials,0.2,5,4,8,0.4
2021-06-08,Healthcare,0.0,5,4,4,0.0
2021-06-08,Industrials,0.2,5,3,5,0.6
2021-06-08,Materials,0.4,5,3,5,0.1
2021-06-08,RealEstate,0.0,5,0,0,0.2
2021-06-08,Tech,0.0,5,2,2,0.8
2021-06-08,Utilities,0.0,5,3,5,0.0
2021-06-09,Comm,0.0,5,1,2,0.4
2021-06-09,Consumer,0.0,5,3,9,0.6
2021-06-09,Energy,0.4,5,2,11,0.2
2021-06-09,Financials,0.6,5,3,11,0.2
2021-06-09,Healthcare,0.5076923076923077,5,4,16,0.0
2021-06-09,Industrials,-0.2,5,4,10,0.2
2021-06-09,Materials,0.0,5,1,1,0.4
2021-06-09,RealEstate,0.0,5,2,3,0.0
2021-06-09,Tech,0.4,5,4,5,0.0
2021-06-09,Utilities,0.2,5,2,2,0.0
2021-06-10,Comm,0.4,5,5,16,0.0
2021-06-10,Consumer,0.8,5,5,20,0.0
2021-06-10,Energy,-0.2,5,5,9,0.4
2021-06-10,Financials,0.0,5,4,13,0.6
2021-06-10,Healthcare,0.4,5,4,10,0.5076923076923077
2021-06-10,Industrials,0.6,5,4,8,-0.2
2021-06-10,Materials,0.0,5,1,1,0.0
2021-06-10,RealEstate,0.2,5,5,5,0.0
2021-06-10,Tech,0.4,5,4,18,0.4
2021-06-10,Utilities,0.0,5,1,1,0.2
2021-06-11,Comm,0.2,5,2,8,0.4
2021-06-11,Consumer,0.2,5,5,13,0.8
2021-06-11,Energy,0.4,5,3,7,-0.2
2021-06-11,Financials,0.4,5,2,5,0.0
2021-06-11,Healthcare,0.6,5,4,9,0.4
2021-06-11,Industrials,0.4,5,3,5,0.6
2021-06-11,Materials,0.2,5,2,2,0.0
2021-06-11,RealEstate,0.0,5,1,2,0.2
2021-06-11,Tech,0.2,5,4,7,0.4
2021-06-11,Utilities,0.0,5,2,2,0.0
2021-06-14,Comm,0.4,5,4,10,0.2
2021-06-14,Consumer,0.9,5,5,21,0.2
2021-06-14,Energy,0.8,5,5,16,0.4
2021-06-14,Financials,0.2,5,4,11,0.4
2021-06-14,Healthcare,0.33333333333333337,5,5,14,0.6
2021-06-14,Industrials,0.0,5,3,5,0.4
2021-06-14,Materials,0.4,5,3,4,0.2
2021-06-14,RealEstate,0.0,5,2,2,0.0
2021-06-14,Tech,0.4,5,4,11,0.2
2021-06-14,Utilities,0.2,5,3,7,0.0
2021-06-15,Comm,0.2,5,5,8,0.4
2021-06-15,Consumer,0.4,5,4,12,0.9
2021-06-15,Energy,0.0,5,4,13,0.8
2021-06-15,Financials,0.0,5,5,10,0.2
2021-06-15,Healthcare,0.4,5,3,5,0.33333333333333337
2021-06-15,Industrials,-0.2,5,3,7,0.0
2021-06-15,Materials,0.2,5,1,1,0.4
2021-06-15,RealEstate,0.0,5,2,2,0.0
2021-06-15,Tech,0.6,5,3,5,0.4
2021-06-15,Utilities,0.0,5,1,1,0.2
2021-06-16,Comm,0.8,5,4,12,0.2
2021-06-16,Consumer,0.3333333333333333,5,5,20,0.4
2021-06-16,Energy,0.6,5,5,14,0.0
2021-06-16,Financials,0.4,5,5,12,0.0
2021-06-16,Healthcare,0.0,5,2,3,0.4
2021-06-16,Industrials,0.2,5,3,6,-0.2
2021-06-16,Materials,0.0,5,2,2,0.2
2021-06-16,RealEstate,0.2,5,3,5,0.0
2021-06-16,Tech,0.6,5,4,13,0.6
2021-06-16,Utilities,0.0,5,2,2,0.0
2021-06-17,Comm,-0.13333333333333336,5,3,4,0.8
2021-06-17,Consumer,0.0,5,3,10,0.3333333333333333
2021-06-17,Energy,0.0,5,4,11,0.6
2021-06-17,Financials,-0.33333333333333337,5,5,19,0.4
2021-06-17,Healthcare,0.6,5,4,6,0.0
2021-06-17,Industrials,0.0,5,3,6,0.2
2021-06-17,Materials,0.2,5,4,9,0.0
2021-06-17,RealEstate,0.2,5,2,3,0.2
2021-06-17,Tech,0.2,5,3,20,0.6
2021-06-17,Utilities,0.0,5,1,1,0.0
2021-06-18,Comm,0.2,5,3,4,-0.13333333333333336
2021-06-18,Consumer,0.6,5,5,15,0.0
2021-06-18,Energy,0.4,5,4,7,0.0
2021-06-18,Financials,0.2,5,4,14,-0.33333333333333337
2021-06-18,Healthcare,0.4,5,3,6,0.6
2021-06-18,Industrials,0.2,5,3,4,0.0
2021-06-18,Materials,0.0,5,3,4,0.2
2021-06-18,RealEstate,0.2,5,3,4,0.2
2021-06-18,Tech,0.2,5,4,18,0.2
2021-06-18,Utilities,0.0,5,1,1,0.0
2021-06-21,Comm,0.2,5,3,8,0.2
2021-06-21,Consumer,0.24,5,5,35,0.6
2021-06-21,Energy,0.4666666666666667,5,5,25,0.4
2021-06-21,Financials,0.4,5,5,12,0.2
2021-06-21,Healthcare,0.4,5,4,12,0.4
2021-06-21,Industrials,0.32,5,3,14,0.2
2021-06-21,Materials,0.0,5,3,5,0.0
2021-06-21,RealEstate,0.0,5,0,0,0.2
2021-06-21,Tech,0.6,5,4,18,0.2
2021-06-21,Utilities,0.4,5,4,9,0.0
2021-06-22,Comm,0.1,5,2,3,0.2
2021-06-22,Consumer,0.4,5,5,13,0.24
2021-06-22,Energy,0.0,5,2,5,0.4666666666666667
2021-06-22,Financials,0.6666666666666666,5,4,12,0.4
2021-06-22,Healthcare,0.2,5,2,2,0.4
2021-06-22,Industrials,0.0,5,3,6,0.32
2021-06-22,Materials,-0.2,5,2,3,0.0
2021-06-22,RealEstate,0.2,5,1,1,0.0
2021-06-22,Tech,0.2,5,3,8,0.6
2021-06-22,Utilities,0.0,5,0,0,0.4
2021-06-23,Comm,0.2,5,4,17,0.1
2021-06-23,Consumer,0.6,5,5,20,0.4
2021-06-23,Energy,0.72,5,4,12,0.0
2021-06-23,Financials,0.26666666666666666,5,4,13,0.6666666666666666
2021-06-23,Healthcare,0.0,5,3,3,0.2
2021-06-23,Industrials,0.2,5,3,5,0.0
2021-06-23,Materials,0.0,5,0,0,-0.2
2021-06-23,RealEstate,0.0,5,0,0,0.2
2021-06-23,Tech,0.4,5,3,9,0.2
2021-06-23,Utilities,-0.2,5,2,3,0.0
2021-06-24,Comm,-0.2,5,4,13,0.2
2021-06-24,Consumer,0.6,5,5,24,0.6
2021-06-24,Energy,0.0,5,5,11,0.72
2021-06-24,Financials,0.9636363636363636,5,5,30,0.26666666666666666
2021-06-24,Healthcare,0.4,5,3,6,0.0
2021-06-24,Industrials,0.2,5,3,7,0.2
2021-06-24,Materials,0.0,5,4,4,0.0
2021-06-24,RealEstate,0.4,5,2,2,0.0
2021-06-24,Tech,0.8,5,4,14,0.4
2021-06-24,Utilities,0.0,5,2,3,-0.2
2021-06-25,Comm,0.0,5,3,6,-0.2
2021-06-25,Consumer,0.5636363636363637,5,5,33,0.6
2021-06-25,Energy,0.4,5,2,7,0.0
2021-06-25,Financials,0.12,5,4,17,0.9636363636363636
2021-06-25,Healthcare,0.2,5,5,10,0.4
2021-06-25,Industrials,0.26666666666666666,5,3,6,0.2
2021-06-25,Materials,0.2,5,2,4,0.0
2021-06-25,RealEstate,0.2,5,1,2,0.4
2021-06-25,Tech,0.6,5,3,4,0.8
2021-06-25,Utilities,0.2,5,1,1,0.0
2021-06-28,Comm,0.4,5,4,11,0.0
2021-06-28,Consumer,0.8,5,5,27,0.5636363636363637
2021-06-28,Energy,1.0,5,5,11,0.4
2021-06-28,Financials,0.4,5,5,17,0.12
2021-06-28,Healthcare,0.6,5,3,5,0.2
2021-06-28,Industrials,0.4,5,2,7,0.26666666666666666
2021-06-28,Materials,0.0,5,2,2,0.2
2021-06-28,RealEstate,0.0,5,1,3,0.2
2021-06-28,Tech,0.4,5,4,15,0.6
2021-06-28,Utilities,0.0,5,3,4,0.2
2021-06-29,Comm,0.0,5,2,2,0.4
2021-06-29,Consumer,0.0,5,5,13,0.8
2021-06-29,Energy,0.8,5,5,9,1.0
2021-06-29,Financials,0.6,5,4,28,0.4
2021-06-29,Healthcare,-0.2,5,4,8,0.6
2021-06-29,Industrials,0.2,5,4,6,0.4
2021-06-29,Materials,0.0,5,1,1,0.0
2021-06-29,RealEstate,0.0,5,1,1,0.0
2021-06-29,Tech,0.6,5,4,9,0.4
2021-06-29,Utilities,0.0,5,3,3,0.0
2021-06-30,Comm,0.4,5,3,14,0.0
2021-06-30,Consumer,1.0,5,5,20,0.0
2021-06-30,Energy,0.4,5,4,13,0.8
2021-06-30,Financials,0.4,5,5,23,0.6
2021-06-30,Healthcare,0.4,5,3,7,-0.2
2021-06-30,Industrials,0.0,5,3,5,0.2
2021-06-30,Materials,0.0,5,0,0,0.0
2021-06-30,RealEstate,0.2,5,1,2,0.0
2021-06-30,Tech,0.4,5,3,13,0.6
2021-06-30,Utilities,0.2,5,1,2,0.0
2021-07-01,Comm,0.2,5,4,9,0.4
2021-07-01,Consumer,0.26666666666666666,5,5,13,1.0
2021-07-01,Energy,0.4,5,5,18,0.4
2021-07-01,Financials,0.4,5,3,22,0.4
2021-07-01,Healthcare,0.0,5,1,2,0.4
2021-07-01,Industrials,0.2,5,3,7,0.0
2021-07-01,Materials,0.0,5,3,3,0.0
2021-07-01,RealEstate,0.4,5,3,7,0.2
2021-07-01,Tech,0.0,5,4,9,0.4
2021-07-01,Utilities,0.0,5,1,2,0.2
2021-07-02,Comm,0.4,5,5,5,0.2
2021-07-02,Consumer,0.8,5,4,9,0.26666666666666666
2021-07-02,Energy,0.2,5,5,10,0.4
2021-07-02,Financials,0.6,5,4,14,0.4
2021-07-02,Healthcare,0.4,5,4,5,0.0
2021-07-02,Industrials,0.2,5,3,3,0.2
2021-07-02,Materials,0.0,5,1,1,0.0
2021-07-02,RealEstate,0.2,5,2,2,0.4
2021-07-02,Tech,0.0,5,3,8,0.0
2021-07-02,Utilities,0.2,5,1,1,0.0
2021-07-06,Comm,0.2,5,4,7,0.4
2021-07-06,Consumer,0.2,5,5,19,0.8
2021-07-06,Energy,0.2,5,3,7,0.2
2021-07-06,Financials,0.6,5,4,19,0.6
2021-07-06,Healthcare,0.2,5,2,6,0.4
2021-07-06,Industrials,0.2,5,2,4,0.2
2021-07-06,Materials,0.4,5,4,5,0.0
2021-07-06,RealEstate,0.0,5,3,3,0.2
2021-07-06,Tech,0.2,5,3,10,0.0
2021-07-06,Utilities,0.0,5,2,3,0.2
2021-07-07,Comm,0.0,5,2,7,0.2
2021-07-07,Consumer,0.2,5,5,16,0.2
2021-07-07,Energy,0.4,5,5,11,0.2
2021-07-07,Financials,0.6,5,4,13,0.6
2021-07-07,Healthcare,0.2,5,4,6,0.2
2021-07-07,Industrials,0.0,5,2,4,0.2
2021-07-07,Materials,0.0,5,1,1,0.4
2021-07-07,RealEstate,0.4,5,3,4,0.0
2021-07-07,Tech,0.6,5,3,4,0.2
2021-07-07,Utilities,0.0,5,1,1,0.0
2021-07-08,Comm,0.4,5,4,9,0.0
2021-07-08,Consumer,0.2,5,5,7,0.2
2021-07-08,Energy,0.26666666666666666,5,5,14,0.4
2021-07-08,Financials,0.5428571428571429,5,4,27,0.6
2021-07-08,Healthcare,0.4,5,4,14,0.2
2021-07-08,Industrials,0.0,5,2,4,0.0
2021-07-08,Materials,0.0,5,4,5,0.0
2021-07-08,RealEstate,0.0,5,1,1,0.4
2021-07-08,Tech,0.4,5,3,11,0.6
2021-07-08,Utilities,0.2,5,1,2,0.0
2021-07-09,Comm,0.6,5,3,6,0.4
2021-07-09,Consumer,0.8,5,5,14,0.2
2021-07-09,Energy,0.8,5,5,13,0.26666666666666666
2021-07-09,Financials,0.4666666666666666,5,5,24,0.5428571428571429
2021-07-09,Healthcare,0.2,5,4,7,0.4
2021-07-09,Industrials,0.4,5,4,7,0.0
2021-07-09,Materials,0.0,5,0,0,0.0
2021-07-09,RealEstate,-0.2,5,1,2,0.0
2021-07-09,Tech,0.0,5,3,6,0.4
2021-07-09,Utilities,0.0,5,1,2,0.2
2021-07-12,Comm,0.2,5,5,10,0.6
2021-07-12,Consumer,0.6,5,5,19,0.8
2021-07-12,Energy,0.6,5,3,8,0.8
2021-07-12,Financials,0.7428571428571429,5,5,24,0.4666666666666666
2021-07-12,Healthcare,0.4,5,4,9,0.2
2021-07-12,Industrials,0.2,5,3,5,0.4
2021-07-12,Materials,0.2,5,1,1,0.0
2021-07-12,RealEstate,0.0,5,1,1,-0.2
2021-07-12,Tech,0.8,5,4,16,0.0
2021-07-12,Utilities,0.4,5,2,6,0.0
2021-07-13,Comm,0.6,5,5,10,0.2
2021-07-13,Consumer,0.5428571428571429,5,5,18,0.6
2021-07-13,Energy,-0.2,5,4,4,0.6
2021-07-13,Financials,0.5454545454545455,5,4,43,0.7428571428571429
2021-07-13,Healthcare,0.2,5,3,5,0.4
2021-07-13,Industrials,0.2,5,3,3,0.2
2021-07-13,Materials,0.0,5,2,2,0.2
2021-07-13,RealEstate,0.2,5,1,1,0.0
2021-07-13,Tech,0.6,5,3,5,0.8
2021-07-13,Utilities,0.2,5,2,2,0.4
2021-07-14,Comm,0.2,5,4,7,0.6
2021-07-14,Consumer,0.26666666666666666,5,5,14,0.5428571428571429
2021-07-14,Energy,0.0,5,2,3,-0.2
2021-07-14,Financials,0.37142857142857144,5,4,34,0.5454545454545455
2021-07-14,Healthcare,0.6,5,4,7,0.2
2021-07-14,Industrials,0.6,5,3,5,0.2
2021-07-14,Materials,0.0,5,1,1,0.0
2021-07-14,RealEstate,0.2,5,4,6,0.2
2021-07-14,Tech,0.36666666666666664,5,4,10,0.6
2021-07-14,Utilities,0.0,5,1,1,0.2
2021-07-15,Comm,-0.4,5,3,5,0.2
2021-07-15,Consumer,0.5,5,5,21,0.26666666666666666
2021-07-15,Energy,0.2,5,2,8,0.0
2021-07-15,Financials,0.292063492063492,5,5,35,0.37142857142857144
2021-07-15,Healthcare,0.0,5,1,2,0.6
2021-07-15,Industrials,0.2,5,4,4,0.6
2021-07-15,Materials,0.0,5,2,2,0.0
2021-07-15,RealEstate,0.0,5,2,2,0.2
2021-07-15,Tech,0.32,5,2,12,0.36666666666666664
2021-07-15,Utilities,0.0,5,1,1,0.0
2021-07-16,Comm,0.08,5,4,16,-0.4
2021-07-16,Consumer,0.4,5,3,15,0.5
2021-07-16,Energy,0.8,5,5,16,0.2
2021-07-16,Financials,0.6,5,4,16,0.292063492063492
2021-07-16,Healthcare,0.2,5,1,1,0.0
2021-07-16,Industrials,0.0,5,2,3,0.2
2021-07-16,Materials,0.2,5,3,4,0.0
2021-07-16,RealEstate,0.0,5,2,2,0.0
2021-07-16,Tech,0.26666666666666666,5,4,21,0.32
2021-07-16,Utilities,0.2,5,3,8,0.0
2021-07-19,Comm,0.6,5,5,14,0.08
2021-07-19,Consumer,0.55,5,5,32,0.4
2021-07-19,Energy,0.8,5,5,21,0.8
2021-07-19,Financials,0.8,5,4,26,0.6
2021-07-19,Healthcare,0.6,5,4,10,0.2
2021-07-19,Industrials,0.2,5,4,11,0.0
2021-07-19,Materials,-0.2,5,3,6,0.2
2021-07-19,RealEstate,0.2,5,4,6,0.0
2021-07-19,Tech,0.34545454545454546,5,4,29,0.26666666666666666
2021-07-19,Utilities,-0.2,5,3,4,0.2
2021-07-20,Comm,0.06666666666666665,5,3,7,0.6
2021-07-20,Consumer,0.4,5,4,12,0.55
2021-07-20,Energy,0.6,5,5,12,0.8
2021-07-20,Financials,0.5555555555555556,5,5,24,0.8
2021-07-20,Healthcare,0.2,5,4,7,0.6
2021-07-20,Industrials,0.0,5,1,1,0.2
2021-07-20,Materials,0.2,5,3,3,-0.2
2021-07-20,RealEstate,0.2,5,1,1,0.2
2021-07-20,Tech,0.2,5,4,10,0.34545454545454546
2021-07-20,Utilities,0.2,5,2,2,-0.2
2021-07-21,Comm,0.0,5,4,12,0.06666666666666665
2021-07-21,Consumer,0.2,5,5,22,0.4
2021-07-21,Energy,0.8,5,5,16,0.6
2021-07-21,Financials,0.6,5,4,17,0.5555555555555556
2021-07-21,Healthcare,0.0,5,4,4,0.2
2021-07-21,Industrials,0.2,5,3,7,0.0
2021-07-21,Materials,0.4,5,3,8,0.2
2021-07-21,RealEstate,0.0,5,1,1,0.2
2021-07-21,Tech,0.6,5,4,16,0.2
2021-07-21,Utilities,0.0,5,2,3,0.2
2021-07-22,Comm,0.2,5,4,14,0.0
2021-07-22,Consumer,0.8,5,4,18,0.2
2021-07-22,Energy,0.8,5,5,19,0.8
2021-07-22,Financials,0.4,5,5,9,0.6
2021-07-22,Healthcare,0.26666666666666666,5,4,11,0.0
2021-07-22,Industrials,0.2,5,3,6,0.2
2021-07-22,Materials,0.4,5,4,10,0.4
2021-07-22,RealEstate,0.0,5,2,5,0.0
2021-07-22,Tech,0.39,5,3,20,0.6
2021-07-22,Utilities,0.2,5,2,5,0.0
2021-07-23,Comm,0.8,5,4,18,0.2
2021-07-23,Consumer,0.13333333333333336,5,4,13,0.8
2021-07-23,Energy,0.7555555555555555,5,4,18,0.8
2021-07-23,Financials,0.6,5,5,14,0.4
2021-07-23,Healthcare,0.2,5,3,6,0.26666666666666666
2021-07-23,Industrials,0.4,5,3,8,0.2
2021-07-23,Materials,0.2,5,2,2,0.4
2021-07-23,RealEstate,0.0,5,0,0,0.0
2021-07-23,Tech,0.16666666666666669,5,4,26,0.39
2021-07-23,Utilities,0.4,5,2,4,0.2
2021-07-26,Comm,-0.2,5,2,10,0.8
2021-07-26,Consumer,0.3333333333333333,5,4,21,0.13333333333333336
2021-07-26,Energy,0.2,5,2,11,0.7555555555555555
2021-07-26,Financials,0.0,5,4,16,0.6
2021-07-26,Healthcare,0.4,5,3,6,0.2
2021-07-26,Industrials,0.3,5,3,14,0.4
2021-07-26,Materials,0.4,5,3,5,0.2
2021-07-26,RealEstate,0.2,5,1,2,0.0
2021-07-26,Tech,0.2,5,4,25,0.16666666666666669
2021-07-26,Utilities,0.8,5,4,9,0.4
2021-07-27,Comm,0.4,5,3,6,-0.2
2021-07-27,Consumer,0.3,5,4,21,0.3333333333333333
2021-07-27,Energy,0.0,5,1,1,0.2
2021-07-27,Financials,0.0,5,4,17,0.0
2021-07-27,Healthcare,-0.2,5,4,8,0.4
2021-07-27,Industrials,0.4095238095238095,5,3,31,0.3
2021-07-27,Materials,-0.2,5,3,5,0.4
2021-07-27,RealEstate,0.0,5,0,0,0.2
2021-07-27,Tech,0.3333333333333333,5,3,30,0.2
2021-07-27,Utilities,0.0,5,1,1,0.8
2021-07-28,Comm,0.8,5,4,7,0.4
2021-07-28,Consumer,0.4,5,4,21,0.3
2021-07-28,Energy,-0.06666666666666667,5,3,9,0.0
2021-07-28,Financials,0.8,5,5,21,0.0
2021-07-28,Healthcare,0.2,5,4,7,-0.2
2021-07-28,Industrials,0.06666666666666667,5,2,4,0.4095238095238095
2021-07-28,Materials,0.0,5,0,0,-0.2
2021-07-28,RealEstate,0.0,5,2,3,0.0
2021-07-28,Tech,0.6,5,3,19,0.3333333333333333
2021-07-28,Utilities,0.0,5,1,1,0.0
2021-07-29,Comm,0.6,5,3,17,0.8
2021-07-29,Consumer,0.7333333333333334,5,5,25,0.4
2021-07-29,Energy,0.2,5,4,14,-0.06666666666666667
2021-07-29,Financials,0.0,5,4,6,0.8
2021-07-29,Healthcare,0.8,5,5,30,0.2
2021-07-29,Industrials,0.2,5,3,8,0.06666666666666667
2021-07-29,Materials,0.2,5,4,5,0.0
2021-07-29,RealEstate,0.2,5,3,5,0.0
2021-07-29,Tech,0.6,5,4,12,0.6
2021-07-29,Utilities,0.4,5,3,4,0.0
2021-07-30,Comm,0.2,5,3,6,0.6
2021-07-30,Consumer,0.0,5,5,19,0.7333333333333334
2021-07-30,Energy,0.22000000000000003,5,2,19,0.2
2021-07-30,Financials,0.06666666666666667,5,2,3,0.0
2021-07-30,Healthcare,0.4,5,3,10,0.8
2021-07-30,Industrials,0.2,5,3,15,0.2
2021-07-30,Materials,0.0,5,1,1,0.2
2021-07-30,RealEstate,0.0,5,2,2,0.2
2021-07-30,Tech,0.4,5,2,3,0.6
2021-07-30,Utilities,0.2,5,2,2,0.4
2021-08-02,Comm,0.0,5,4,15,0.2
2021-08-02,Consumer,0.4,5,4,17,0.0
2021-08-02,Energy,0.6,5,5,14,0.22000000000000003
2021-08-02,Financials,1.0,5,5,18,0.06666666666666667
2021-08-02,Healthcare,1.0,5,5,14,0.4
2021-08-02,Industrials,0.34285714285714286,5,3,17,0.2
2021-08-02,Materials,0.0,5,2,2,0.0
2021-08-02,RealEstate,0.4,5,2,5,0.0
2021-08-02,Tech,0.4666666666666666,5,3,19,0.4
2021-08-02,Utilities,0.4,5,3,5,0.2
2021-08-03,Comm,0.26666666666666666,5,4,20,0.0
2021-08-03,Consumer,0.8,5,4,17,0.4
2021-08-03,Energy,0.8,5,4,13,0.6
2021-08-03,Financials,0.4,5,3,10,1.0
2021-08-03,Healthcare,0.4666666666666666,5,3,10,1.0
2021-08-03,Industrials,0.0,5,1,2,0.34285714285714286
2021-08-03,Materials,0.12,5,3,16,0.0
2021-08-03,RealEstate,0.0,5,2,3,0.4
2021-08-03,Tech,0.4,5,3,17,0.4666666666666666
2021-08-03,Utilities,0.2,5,1,1,0.4
2021-08-04,Comm,0.2,5,4,16,0.26666666666666666
2021-08-04,Consumer,0.6,5,4,14,0.8
2021-08-04,Energy,0.0,5,3,8,0.8
2021-08-04,Financials,0.6,5,5,13,0.4
2021-08-04,Healthcare,0.4,5,5,10,0.4666666666666666
2021-08-04,Industrials,0.2,5,3,3,0.0
2021-08-04,Materials,0.2,5,4,4,0.12
2021-08-04,RealEstate,0.0,5,2,3,0.0
2021-08-04,Tech,0.4666666666666666,5,3,14,0.4
2021-08-04,Utilities,0.2,5,1,2,0.2
2021-08-05,Comm,0.22095238095238096,5,4,15,0.2
2021-08-05,Consumer,0.2,5,5,13,0.6
2021-08-05,Energy,0.1,5,2,11,0.0
2021-08-05,Financials,0.6,5,5,20,0.6
2021-08-05,Healthcare,0.0,5,3,8,0.4
2021-08-05,Industrials,0.6,5,4,10,0.2
2021-08-05,Materials,0.0,5,2,2,0.2
2021-08-05,RealEstate,0.0,5,0,0,0.0
2021-08-05,Tech,0.5,5,4,18,0.4666666666666666
2021-08-05,Utilities,0.6,5,5,7,0.2
2021-08-06,Comm,-0.2,5,4,6,0.22095238095238096
2021-08-06,Consumer,0.6,5,4,12,0.2
2021-08-06,Energy,0.4,5,4,8,0.1
2021-08-06,Financials,0.2,5,3,6,0.6
2021-08-06,Healthcare,0.6,5,4,6,0.0
2021-08-06,Industrials,0.06666666666666667,5,1,4,0.6
2021-08-06,Materials,0.0,5,1,1,0.0
2021-08-06,RealEstate,0.0,5,3,4,0.0
2021-08-06,Tech,0.0,5,4,13,0.5
2021-08-06,Utilities,0.0,5,2,6,0.6
2021-08-09,Comm,1.0,5,5,15,-0.2
2021-08-09,Consumer,0.6333333333333333,5,5,23,0.6
2021-08-09,Energy,-0.03333333333333334,5,4,15,0.4
2021-08-09,Financials,0.4095238095238095,5,4,15,0.2
2021-08-09,Healthcare,0.2,5,4,8,0.6
2021-08-09,Industrials,0.2,5,3,5,0.06666666666666667
2021-08-09,Materials,0.0,5,1,3,0.0
2021-08-09,RealEstate,0.0,5,2,5,0.0
2021-08-09,Tech,0.6,5,4,10,0.0
2021-08-09,Utilities,0.2,5,3,4,0.0
2021-08-10,Comm,0.4,5,4,11,1.0
2021-08-10,Consumer,0.4,5,4,13,0.6333333333333333
2021-08-10,Energy,0.3,5,3,11,-0.03333333333333334
2021-08-10,Financials,-0.13333333333333336,5,5,13,0.4095238095238095
2021-08-10,Healthcare,0.0,5,4,7,0.2
2021-08-10,Industrials,0.2,5,3,7,0.2
2021-08-10,Materials,0.0,5,1,4,0.0
2021-08-10,RealEstate,0.2,5,2,3,0.0
2021-08-10,Tech,0.0,5,2,7,0.6
2021-08-10,Utilities,0.0,5,3,3,0.2
2021-08-11,Comm,0.4,5,3,4,0.4
2021-08-11,Consumer,0.4,5,4,10,0.4
2021-08-11,Energy,0.4,5,4,11,0.3
2021-08-11,Financials,0.4,5,4,12,-0.13333333333333336
2021-08-11,Healthcare,0.2,5,3,4,0.0
2021-08-11,Industrials,0.15,5,4,13,0.2
2021-08-11,Materials,0.2,5,2,10,0.0
2021-08-11,RealEstate,0.2,5,2,2,0.2
2021-08-11,Tech,0.0,5,2,2,0.0
2021-08-11,Utilities,0.0,5,2,3,0.0
2021-08-12,Comm,0.6666666666666667,5,5,13,0.4
2021-08-12,Consumer,0.52,5,5,28,0.4
2021-08-12,Energy,0.0,5,5,8,0.4
2021-08-12,Financials,0.6,5,5,18,0.4
2021-08-12,Healthcare,0.2,5,4,5,0.2
2021-08-12,Industrials,0.2,5,2,2,0.15
2021-08-12,Materials,0.2,5,3,3,0.2
2021-08-12,RealEstate,0.0,5,1,1,0.2
2021-08-12,Tech,0.2,5,2,5,0.0
2021-08-12,Utilities,0.0,5,2,3,0.0
2021-08-13,Comm,0.6,5,3,6,0.6666666666666667
2021-08-13,Consumer,0.42666666666666664,5,5,35,0.52
2021-08-13,Energy,0.2,5,3,7,0.0
2021-08-13,Financials,0.4,5,4,12,0.6
2021-08-13,Healthcare,0.2,5,3,4,0.2
2021-08-13,Industrials,0.2,5,2,3,0.2
2021-08-13,Materials,0.2,5,2,2,0.2
2021-08-13,RealEstate,0.0,5,0,0,0.0
2021-08-13,Tech,0.4,5,3,8,0.2
2021-08-13,Utilities,0.0,5,3,5,0.0
2021-08-16,Comm,0.4,5,4,13,0.6
2021-08-16,Consumer,0.25,5,5,39,0.42666666666666664
2021-08-16,Energy,-0.13333333333333336,5,5,18,0.2
2021-08-16,Financials,-0.13333333333333336,5,4,16,0.4
2021-08-16,Healthcare,0.2,5,5,13,0.2
2021-08-16,Industrials,0.3,5,4,10,0.2
2021-08-16,Materials,0.2,5,5,6,0.2
2021-08-16,RealEstate,0.2,5,4,5,0.0
2021-08-16,Tech,0.16666666666666666,5,3,10,0.4
2021-08-16,Utilities,0.6,5,4,8,0.0
2021-08-17,Comm,0.2,5,4,5,0.4
2021-08-17,Consumer,0.17333333333333334,5,3,32,0.25
2021-08-17,Energy,-0.3,5,5,14,-0.13333333333333336
2021-08-17,Financials,0.12000000000000002,5,4,18,-0.13333333333333336
2021-08-17,Healthcare,0.2,5,5,6,0.2
2021-08-17,Industrials,0.2,5,3,3,0.3
2021-08-17,Materials,0.0,5,2,2,0.2
2021-08-17,RealEstate,0.0,5,1,1,0.2
2021-08-17,Tech,0.2,5,5,10,0.16666666666666666
2021-08-17,Utilities,0.0,5,1,1,0.6
2021-08-18,Comm,0.26666666666666666,5,4,14,0.2
2021-08-18,Consumer,0.4,5,4,17,0.17333333333333334
2021-08-18,Energy,0.5333333333333333,5,5,16,-0.3
2021-08-18,Financials,0.38666666666666666,5,4,13,0.12000000000000002
2021-08-18,Healthcare,0.2,5,4,7,0.2
2021-08-18,Industrials,0.16666666666666666,5,4,8,0.2
2021-08-18,Materials,0.2,5,3,3,0.0
2021-08-18,RealEstate,0.2,5,3,4,0.0
2021-08-18,Tech,0.9111111111111111,5,5,28,0.2
2021-08-18,Utilities,0.0,5,0,0,0.0
2021-08-19,Comm,0.0,5,2,7,0.26666666666666666
2021-08-19,Consumer,0.4,5,3,11,0.4
2021-08-19,Energy,0.23333333333333334,5,4,17,0.5333333333333333
2021-08-19,Financials,0.6,5,4,13,0.38666666666666666
2021-08-19,Healthcare,0.0,5,2,2,0.2
2021-08-19,Industrials,0.0,5,2,3,0.16666666666666666
2021-08-19,Materials,0.2,5,3,5,0.2
2021-08-19,RealEstate,0.2,5,1,1,0.2
2021-08-19,Tech,0.1,5,5,27,0.9111111111111111
2021-08-19,Utilities,0.0,5,0,0,0.0
2021-08-20,Comm,0.0,5,3,9,0.0
2021-08-20,Consumer,0.2,5,4,13,0.4
2021-08-20,Energy,0.4,5,3,8,0.23333333333333334
2021-08-20,Financials,-0.2,5,3,6,0.6
2021-08-20,Healthcare,0.2,5,2,2,0.0
2021-08-20,Industrials,0.0,5,3,5,0.0
2021-08-20,Materials,-0.2,5,2,2,0.2
2021-08-20,RealEstate,0.0,5,1,1,0.2
2021-08-20,Tech,0.36,5,3,17,0.1
2021-08-20,Utilities,0.4,5,3,3,0.0
2021-08-23,Comm,0.6,5,5,10,0.0
2021-08-23,Consumer,0.6,5,5,24,0.2
2021-08-23,Energy,0.8,5,5,32,0.4
2021-08-23,Financials,0.6,5,5,14,-0.2
2021-08-23,Healthcare,0.0,5,4,5,0.2
2021-08-23,Industrials,-0.2,5,3,6,0.0
2021-08-23,Materials,0.2,5,4,6,-0.2
2021-08-23,RealEstate,0.0,5,1,1,0.0
2021-08-23,Tech,0.2,5,4,17,0.36
2021-08-23,Utilities,0.0,5,3,5,0.4
2021-08-24,Comm,0.4,5,3,5,0.6
2021-08-24,Consumer,0.4,5,4,13,0.6
2021-08-24,Energy,0.4,5,4,12,0.8
2021-08-24,Financials,0.2,5,4,13,0.6
2021-08-24,Healthcare,0.0,5,2,5,0.0
2021-08-24,Industrials,0.4,5,4,6,-0.2
2021-08-24,Materials,0.0,5,1,1,0.2
2021-08-24,RealEstate,0.2,5,1,1,0.0
2021-08-24,Tech,0.6,5,3,22,0.2
2021-08-24,Utilities,0.6,5,3,7,0.0
2021-08-25,Comm,0.2,5,1,2,0.4
2021-08-25,Consumer,0.8,5,4,22,0.4
2021-08-25,Energy,0.0,5,2,3,0.4
2021-08-25,Financials,0.2,5,3,6,0.2
2021-08-25,Healthcare,0.8,5,5,8,0.0
2021-08-25,Industrials,0.4,5,3,6,0.4
2021-08-25,Materials,0.0,5,1,2,0.0
2021-08-25,RealEstate,0.0,5,2,3,0.2
2021-08-25,Tech,0.4,5,4,17,0.6
2021-08-25,Utilities,0.0,5,2,2,0.6
2021-08-26,Comm,0.2,5,3,7,0.2
2021-08-26,Consumer,0.6,5,5,19,0.8
2021-08-26,Energy,-0.2,5,5,14,0.0
2021-08-26,Financials,0.16,5,5,10,0.2
2021-08-26,Healthcare,0.2,5,4,5,0.8
2021-08-26,Industrials,0.2,5,4,5,0.4
2021-08-26,Materials,0.0,5,1,1,0.0
2021-08-26,RealEstate,0.0,5,0,0,0.0
2021-08-26,Tech,0.4,5,3,12,0.4
2021-08-26,Utilities,0.0,5,0,0,0.0
2021-08-27,Comm,0.6,5,4,9,0.2
2021-08-27,Consumer,0.2,5,3,15,0.6
2021-08-27,Energy,0.6,5,4,16,-0.2
2021-08-27,Financials,0.4,5,4,13,0.16
2021-08-27,Healthcare,0.8,5,4,9,0.2
2021-08-27,Industrials,0.4,5,2,10,0.2
2021-08-27,Materials,0.0,5,2,3,0.0
2021-08-27,RealEstate,0.2,5,2,3,0.0
2021-08-27,Tech,0.16,5,4,18,0.4
2021-08-27,Utilities,0.0,5,1,1,0.0
2021-08-30,Comm,0.2,5,4,12,0.6
2021-08-30,Consumer,0.9,5,5,21,0.2
2021-08-30,Energy,0.26666666666666666,5,5,14,0.6
2021-08-30,Financials,0.2,5,2,2,0.4
2021-08-30,Healthcare,0.2,5,4,9,0.8
2021-08-30,Industrials,0.4,5,3,6,0.4
2021-08-30,Materials,0.2,5,4,4,0.0
2021-08-30,RealEstate,-0.2,5,1,3,0.2
2021-08-30,Tech,0.6,5,4,22,0.16
2021-08-30,Utilities,0.0,5,3,5,0.0
2021-08-31,Comm,0.0,5,2,4,0.2
2021-08-31,Consumer,0.8,5,5,21,0.9
2021-08-31,Energy,0.2,5,5,18,0.26666666666666666
2021-08-31,Financials,0.0,5,4,11,0.2
2021-08-31,Healthcare,0.0,5,5,9,0.2
2021-08-31,Industrials,0.4,5,2,5,0.4
2021-08-31,Materials,0.2,5,2,4,0.2
2021-08-31,RealEstate,0.2,5,2,2,-0.2
2021-08-31,Tech,0.6,5,3,10,0.6
2021-08-31,Utilities,-0.4,5,2,4,0.0
2021-09-01,Comm,0.0,5,0,0,0.0
2021-09-01,Consumer,0.4,5,5,16,0.8
2021-09-01,Energy,0.44000000000000006,5,4,18,0.2
2021-09-01,Financials,0.4,5,4,11,0.0
2021-09-01,Healthcare,0.4,5,4,16,0.0
2021-09-01,Industrials,0.0,5,2,2,0.4
2021-09-01,Materials,0.0,5,1,1,0.2
2021-09-01,RealEstate,0.2,5,1,1,0.2
2021-09-01,Tech,0.2,5,3,5,0.6
2021-09-01,Utilities,0.0,5,3,5,-0.4
2021-09-02,Comm,0.4,5,3,8,0.0
2021-09-02,Consumer,0.6,5,4,14,0.4
2021-09-02,Energy,0.9099999999999999,5,5,35,0.44000000000000006
2021-09-02,Financials,0.6,5,5,20,0.4
2021-09-02,Healthcare,0.6,5,4,11,0.4
2021-09-02,Industrials,0.2,5,3,4,0.0
2021-09-02,Materials,0.0,5,2,2,0.0
2021-09-02,RealEstate,0.0,5,0,0,0.2
2021-09-02,Tech,0.4,5,4,7,0.2
2021-09-02,Utilities,0.0,5,2,2,0.0
2021-09-03,Comm,0.2,5,3,6,0.4
2021-09-03,Consumer,0.0,5,4,15,0.6
2021-09-03,Energy,-0.13333333333333336,5,4,17,0.9099999999999999
2021-09-03,Financials,0.26666666666666666,5,4,10,0.6
2021-09-03,Healthcare,0.0,5,0,0,0.6
2021-09-03,Industrials,-0.13333333333333336,5,3,9,0.2
2021-09-03,Materials,0.0,5,0,0,0.0
2021-09-03,RealEstate,0.0,5,1,1,0.0
2021-09-03,Tech,0.8,5,4,11,0.4
2021-09-03,Utilities,0.2,5,1,1,0.0
2021-09-07,Comm,0.4,5,3,11,0.2
2021-09-07,Consumer,0.1,5,5,26,0.0
2021-09-07,Energy,0.7666666666666666,5,5,19,-0.13333333333333336
2021-09-07,Financials,0.4666666666666666,5,5,19,0.26666666666666666
2021-09-07,Healthcare,0.42000000000000004,5,5,14,0.0
2021-09-07,Industrials,0.4,5,4,10,-0.13333333333333336
2021-09-07,Materials,0.2,5,1,3,0.0
2021-09-07,RealEstate,0.6,5,4,9,0.0
2021-09-07,Tech,1.0,5,5,24,0.8
2021-09-07,Utilities,0.4,5,4,8,0.2
2021-09-08,Comm,0.2,5,4,10,0.4
2021-09-08,Consumer,1.0,5,5,22,0.1
2021-09-08,Energy,0.8,5,4,19,0.7666666666666666
2021-09-08,Financials,0.4,5,5,13,0.4666666666666666
2021-09-08,Healthcare,0.06666666666666667,5,5,12,0.42000000000000004
2021-09-08,Industrials,0.4,5,3,6,0.4
2021-09-08,Materials,0.0,5,3,6,0.2
2021-09-08,RealEstate,0.26666666666666666,5,2,3,0.6
2021-09-08,Tech,0.6,5,4,13,1.0
2021-09-08,Utilities,0.0,5,2,2,0.4
2021-09-09,Comm,-0.04,5,5,26,0.2
2021-09-09,Consumer,0.0,5,5,17,1.0
2021-09-09,Energy,0.6,5,5,20,0.8
2021-09-09,Financials,0.13333333333333336,5,5,22,0.4
2021-09-09,Healthcare,0.14285714285714285,5,5,17,0.06666666666666667
2021-09-09,Industrials,0.2,5,2,2,0.4
2021-09-09,Materials,0.2,5,2,2,0.0
2021-09-09,RealEstate,0.0,5,1,1,0.26666666666666666
2021-09-09,Tech,0.2,5,5,13,0.6
2021-09-09,Utilities,0.0,5,0,0,0.0
2021-09-10,Comm,0.6,5,4,9,-0.04
2021-09-10,Consumer,0.2,5,4,17,0.0
2021-09-10,Energy,-0.2,5,4,14,0.6
2021-09-10,Financials,0.4,5,4,11,0.13333333333333336
2021-09-10,Healthcare,0.2,5,2,4,0.14285714285714285
2021-09-10,Industrials,0.2,5,4,7,0.2
2021-09-10,Materials,0.0,5,2,2,0.2
2021-09-10,RealEstate,0.0,5,2,4,0.0
2021-09-10,Tech,0.2,5,5,16,0.2
2021-09-10,Utilities,0.2,5,2,3,0.0
2021-09-13,Comm,0.8,5,5,13,0.6
2021-09-13,Consumer,0.6,5,5,27,0.2
2021-09-13,Energy,0.4,5,4,17,-0.2
2021-09-13,Financials,0.2,5,4,18,0.4
2021-09-13,Healthcare,0.52,5,5,23,0.2
2021-09-13,Industrials,0.6,5,3,7,0.2
2021-09-13,Materials,0.6,5,5,8,0.0
2021-09-13,RealEstate,0.0,5,4,8,0.0
2021-09-13,Tech,0.36666666666666664,5,5,22,0.2
2021-09-13,Utilities,0.2,5,2,4,0.2
2021-09-14,Comm,0.2,5,4,18,0.8
2021-09-14,Consumer,0.8,5,5,17,0.6
2021-09-14,Energy,0.0,5,4,9,0.4
2021-09-14,Financials,0.2,5,5,11,0.2
2021-09-14,Healthcare,0.2,5,2,3,0.52
2021-09-14,Industrials,0.0,5,3,5,0.6
2021-09-14,Materials,0.0,5,3,3,0.6
2021-09-14,RealEstate,0.2,5,3,3,0.0
2021-09-14,Tech,0.6,5,5,11,0.36666666666666664
2021-09-14,Utilities,0.2,5,2,3,0.2
2021-09-15,Comm,0.2,5,3,11,0.2
2021-09-15,Consumer,0.8,5,5,25,0.8
2021-09-15,Energy,0.4,5,4,11,0.0
2021-09-15,Financials,0.5666666666666667,5,5,19,0.2
2021-09-15,Healthcare,0.7,5,4,12,0.2
2021-09-15,Industrials,0.06666666666666667,5,3,4,0.0
2021-09-15,Materials,0.0,5,0,0,0.0
2021-09-15,RealEstate,0.2,5,3,4,0.2
2021-09-15,Tech,0.52,5,4,18,0.6
2021-09-15,Utilities,0.0,5,4,4,0.2
2021-09-16,Comm,-0.2,5,4,12,0.2
2021-09-16,Consumer,0.6,5,5,15,0.8
2021-09-16,Energy,-0.16,5,3,7,0.4
2021-09-16,Financials,0.2,5,4,8,0.5666666666666667
2021-09-16,Healthcare,0.8,5,4,10,0.7
2021-09-16,Industrials,0.2,5,2,4,0.06666666666666667
2021-09-16,Materials,0.2,5,2,3,0.0
2021-09-16,RealEstate,0.2,5,3,3,0.2
2021-09-16,Tech,0.6,5,5,8,0.52
2021-09-16,Utilities,0.2,5,3,3,0.0
2021-09-17,Comm,0.4,5,4,17,-0.2
2021-09-17,Consumer,0.8,5,4,14,0.6
2021-09-17,Energy,0.0,5,1,3,-0.16
2021-09-17,Financials,0.4,5,5,12,0.2
2021-09-17,Healthcare,-0.26666666666666666,5,5,9,0.8
2021-09-17,Industrials,0.0,5,2,2,0.2
2021-09-17,Materials,0.2,5,3,6,0.2
2021-09-17,RealEstate,0.4,5,3,4,0.2
2021-09-17,Tech,0.6,5,5,10,0.6
2021-09-17,Utilities,0.0,5,1,1,0.2
2021-09-20,Comm,0.8,5,5,24,0.4
2021-09-20,Consumer,0.6,5,5,33,0.8
2021-09-20,Energy,0.33333333333333337,5,4,14,0.0
2021-09-20,Financials,0.5,5,5,20,0.4
2021-09-20,Healthcare,0.33333333333333337,5,5,21,-0.26666666666666666
2021-09-20,Industrials,0.7,5,4,11,0.0
2021-09-20,Materials,0.8,5,4,11,0.2
2021-09-20,RealEstate,0.2,5,4,6,0.4
2021-09-20,Tech,1.0,5,5,24,0.6
2021-09-20,Utilities,0.2,5,2,3,0.0
2021-09-21,Comm,0.2,5,3,6,0.8
2021-09-21,Consumer,0.38666666666666666,5,5,25,0.6
2021-09-21,Energy,0.0,5,5,9,0.33333333333333337
2021-09-21,Financials,0.5866666666666667,5,5,18,0.5
2021-09-21,Healthcare,0.2,5,3,3,0.33333333333333337
2021-09-21,Industrials,0.0,5,3,4,0.7
2021-09-21,Materials,0.0,5,1,1,0.8
2021-09-21,RealEstate,0.0,5,1,2,0.2
2021-09-21,Tech,0.4,5,5,22,1.0
2021-09-21,Utilities,0.0,5,1,2,0.2
2021-09-22,Comm,0.2,5,5,11,0.2
2021-09-22,Consumer,0.8,5,5,15,0.38666666666666666
2021-09-22,Energy,0.4,5,5,14,0.0
2021-09-22,Financials,0.6,5,4,12,0.5866666666666667
2021-09-22,Healthcare,0.2,5,5,6,0.2
2021-09-22,Industrials,0.2,5,4,7,0.0
2021-09-22,Materials,0.2,5,5,8,0.0
2021-09-22,RealEstate,0.4,5,2,3,0.0
2021-09-22,Tech,0.6,5,5,17,0.4
2021-09-22,Utilities,0.2,5,1,2,0.0
2021-09-23,Comm,0.8,5,5,9,0.2
2021-09-23,Consumer,0.8,5,5,25,0.8
2021-09-23,Energy,0.1333333333333333,5,5,11,0.4
2021-09-23,Financials,0.6,5,4,9,0.6
2021-09-23,Healthcare,0.6666666666666666,5,4,8,0.2
2021-09-23,Industrials,0.4,5,4,10,0.2
2021-09-23,Materials,0.2,5,1,1,0.2
2021-09-23,RealEstate,0.0,5,1,1,0.4
2021-09-23,Tech,0.06666666666666665,5,5,12,0.6
2021-09-23,Utilities,0.2,5,2,3,0.2
2021-09-24,Comm,0.2,5,3,6,0.8
2021-09-24,Consumer,0.4222222222222222,5,4,30,0.8
2021-09-24,Energy,0.1,5,3,11,0.1333333333333333
2021-09-24,Financials,0.6,5,5,6,0.6
2021-09-24,Healthcare,0.0,5,4,6,0.6666666666666666
2021-09-24,Industrials,-0.2,5,3,7,0.4
2021-09-24,Materials,0.2,5,2,3,0.2
2021-09-24,RealEstate,0.0,5,1,2,0.0
2021-09-24,Tech,0.6666666666666666,5,5,13,0.06666666666666665
2021-09-24,Utilities,0.0,5,0,0,0.2
2021-09-27,Comm,0.2,5,4,10,0.2
2021-09-27,Consumer,0.5,5,5,33,0.4222222222222222
2021-09-27,Energy,0.33333333333333337,5,5,21,0.1
2021-09-27,Financials,0.2,5,5,26,0.6
2021-09-27,Healthcare,0.6,5,5,11,0.0
2021-09-27,Industrials,0.4666666666666666,5,4,12,-0.2
2021-09-27,Materials,0.2,5,2,3,0.2
2021-09-27,RealEstate,0.2,5,3,5,0.0
2021-09-27,Tech,0.06666666666666665,5,5,22,0.6666666666666666
2021-09-27,Utilities,0.26666666666666666,5,4,11,0.0
2021-09-28,Comm,0.06666666666666667,5,5,14,0.2
2021-09-28,Consumer,0.6,5,5,16,0.5
2021-09-28,Energy,0.2,5,5,13,0.33333333333333337
2021-09-28,Financials,0.4,5,5,17,0.2
2021-09-28,Healthcare,0.2,5,5,17,0.6
2021-09-28,Industrials,-0.2,5,1,3,0.4666666666666666
2021-09-28,Materials,-0.2,5,2,2,0.2
2021-09-28,RealEstate,0.2,5,1,1,0.2
2021-09-28,Tech,0.4,5,5,14,0.06666666666666665
2021-09-28,Utilities,0.2,5,3,4,0.26666666666666666
2021-09-29,Comm,-0.2,5,4,7,0.06666666666666667
2021-09-29,Consumer,0.2,5,4,11,0.6
2021-09-29,Energy,0.4,5,3,12,0.2
2021-09-29,Financials,0.0,5,2,6,0.4
2021-09-29,Healthcare,0.2,5,5,11,0.2
2021-09-29,Industrials,0.2,5,2,3,-0.2
2021-09-29,Materials,0.0,5,2,2,-0.2
2021-09-29,RealEstate,0.0,5,1,2,0.2
2021-09-29,Tech,0.6,5,4,12,0.4
2021-09-29,Utilities,0.2,5,1,2,0.2
2021-09-30,Comm,0.0,5,5,10,-0.2
2021-09-30,Consumer,0.4,5,5,18,0.2
2021-09-30,Energy,0.6,5,5,15,0.4
2021-09-30,Financials,0.15238095238095237,5,5,20,0.0
2021-09-30,Healthcare,0.6,5,4,12,0.2
2021-09-30,Industrials,0.0,5,4,8,0.2
2021-09-30,Materials,0.4,5,3,5,0.0
2021-09-30,RealEstate,0.0,5,2,2,0.0
2021-09-30,Tech,0.2,5,5,16,0.6
2021-09-30,Utilities,0.0,5,3,6,0.2
2021-10-01,Comm,0.2,5,4,5,0.0
2021-10-01,Consumer,0.5,5,4,16,0.4
2021-10-01,Energy,0.4,5,2,6,0.6
2021-10-01,Financials,0.4666666666666666,5,3,10,0.15238095238095237
2021-10-01,Healthcare,0.21818181818181817,5,3,29,0.6
2021-10-01,Industrials,0.2,5,2,2,0.0
2021-10-01,Materials,0.0,5,1,1,0.4
2021-10-01,RealEstate,0.0,5,2,2,0.0
2021-10-01,Tech,0.4666666666666666,5,5,14,0.2
2021-10-01,Utilities,0.0,5,3,3,0.0
2021-10-04,Comm,0.4,5,5,12,0.2
2021-10-04,Consumer,1.0,5,5,28,0.5
2021-10-04,Energy,0.4,5,3,14,0.4
2021-10-04,Financials,0.4,5,4,12,0.4666666666666666
2021-10-04,Healthcare,0.3,5,4,32,0.21818181818181817
2021-10-04,Industrials,0.6,5,4,9,0.2
2021-10-04,Materials,0.0,5,0,0,0.0
2021-10-04,RealEstate,0.0,5,2,2,0.0
2021-10-04,Tech,0.7,5,5,25,0.4666666666666666
2021-10-04,Utilities,0.4,5,2,4,0.0
2021-10-05,Comm,0.4,5,4,10,0.4
2021-10-05,Consumer,0.6666666666666667,5,5,14,1.0
2021-10-05,Energy,0.2,5,5,10,0.4
2021-10-05,Financials,0.6,5,5,18,0.4
2021-10-05,Healthcare,0.2,5,4,16,0.3
2021-10-05,Industrials,0.8,5,4,7,0.6
2021-10-05,Materials,0.0,5,3,4,0.0
2021-10-05,RealEstate,0.2,5,1,1,0.0
2021-10-05,Tech,0.0,5,5,13,0.7
2021-10-05,Utilities,0.02857142857142857,5,1,4,0.4
2021-10-06,Comm,0.0,5,4,16,0.4
2021-10-06,Consumer,1.0,5,5,27,0.6666666666666667
2021-10-06,Energy,0.6,5,3,8,0.2
2021-10-06,Financials,0.0,5,4,16,0.6
2021-10-06,Healthcare,0.4,5,3,13,0.2
2021-10-06,Industrials,0.4,5,3,11,0.8
2021-10-06,Materials,0.3333333333333333,5,3,14,0.0
2021-10-06,RealEstate,0.4,5,2,3,0.2
2021-10-06,Tech,0.6,5,4,18,0.0
2021-10-06,Utilities,0.0,5,0,0,0.02857142857142857
2021-10-07,Comm,0.0,5,5,10,0.0
2021-10-07,Consumer,-0.2,5,4,8,1.0
2021-10-07,Energy,0.2,5,5,14,0.6
2021-10-07,Financials,0.4,5,5,16,0.0
2021-10-07,Healthcare,0.6,5,3,13,0.4
2021-10-07,Industrials,0.2,5,1,1,0.4
2021-10-07,Materials,0.2,5,3,3,0.3333333333333333
2021-10-07,RealEstate,0.0,5,1,1,0.4
2021-10-07,Tech,0.6,5,5,11,0.6
2021-10-07,Utilities,0.2,5,1,1,0.0
2021-10-08,Comm,-0.12,5,2,10,0.0
2021-10-08,Consumer,0.6,5,4,13,-0.2
2021-10-08,Energy,0.17777777777777776,5,4,19,0.2
2021-10-08,Financials,0.4,5,5,7,0.4
2021-10-08,Healthcare,0.4,5,3,10,0.6
2021-10-08,Industrials,0.0,5,2,3,0.2
2021-10-08,Materials,0.0,5,4,5,0.2
2021-10-08,RealEstate,0.4,5,2,2,0.0
2021-10-08,Tech,0.8,5,5,14,0.6
2021-10-08,Utilities,0.0,5,0,0,0.2
2021-10-11,Comm,0.2,5,5,12,-0.12
2021-10-11,Consumer,0.8,5,5,27,0.6
2021-10-11,Energy,0.4,5,4,15,0.17777777777777776
2021-10-11,Financials,0.4666666666666666,5,5,33,0.4
2021-10-11,Healthcare,0.6,5,4,18,0.4
2021-10-11,Industrials,0.6,5,4,4,0.0
2021-10-11,Materials,0.2,5,5,6,0.0
2021-10-11,RealEstate,0.4,5,4,5,0.4
2021-10-11,Tech,0.2,5,3,5,0.8
2021-10-11,Utilities,0.4,5,5,9,0.0
2021-10-12,Comm,0.4,5,3,8,0.2
2021-10-12,Consumer,0.13333333333333336,5,4,15,0.8
2021-10-12,Energy,0.6,5,3,9,0.4
2021-10-12,Financials,0.6,5,4,11,0.4666666666666666
2021-10-12,Healthcare,0.2,5,5,15,0.6
2021-10-12,Industrials,0.0,5,1,1,0.6
2021-10-12,Materials,0.2,5,1,2,0.2
2021-10-12,RealEstate,0.2,5,1,1,0.4
2021-10-12,Tech,0.5523809523809524,5,5,23,0.2
2021-10-12,Utilities,0.0,5,1,1,0.4
2021-10-13,Comm,0.2,5,3,7,0.4
2021-10-13,Consumer,0.4,5,4,13,0.13333333333333336
2021-10-13,Energy,0.0,5,4,8,0.6
2021-10-13,Financials,0.6,5,5,29,0.6
2021-10-13,Healthcare,0.0,5,4,9,0.2
2021-10-13,Industrials,0.4,5,4,7,0.0
2021-10-13,Materials,0.2,5,3,6,0.2
2021-10-13,RealEstate,0.2,5,2,3,0.2
2021-10-13,Tech,0.8,5,5,21,0.5523809523809524
2021-10-13,Utilities,0.0,5,2,2,0.0
2021-10-14,Comm,0.0,5,3,6,0.2
2021-10-14,Consumer,0.3,5,4,16,0.4
2021-10-14,Energy,0.4,5,3,9,0.0
2021-10-14,Financials,0.8,5,5,55,0.6
2021-10-14,Healthcare,0.0,5,4,6,0.0
2021-10-14,Industrials,0.0,5,3,5,0.4
2021-10-14,Materials,0.2,5,2,3,0.2
2021-10-14,RealEstate,0.2,5,3,7,0.2
2021-10-14,Tech,0.8,5,4,11,0.8
2021-10-14,Utilities,0.0,5,1,2,0.0
2021-10-15,Comm,0.0,5,2,5,0.0
2021-10-15,Consumer,0.2,5,3,6,0.3
2021-10-15,Energy,0.4,5,5,13,0.4
2021-10-15,Financials,0.7666666666666667,5,5,36,0.8
2021-10-15,Healthcare,-0.4,5,4,9,0.0
2021-10-15,Industrials,0.2,5,2,5,0.0
2021-10-15,Materials,0.0,5,2,2,0.2
2021-10-15,RealEstate,0.4,5,3,7,0.2
2021-10-15,Tech,0.4,5,4,8,0.8
2021-10-15,Utilities,0.4,5,3,3,0.0
2021-10-18,Comm,0.6,5,3,7,0.0
2021-10-18,Consumer,0.48888888888888893,5,4,30,0.2
2021-10-18,Energy,0.10666666666666666,5,5,18,0.4
2021-10-18,Financials,-0.4,5,5,29,0.7666666666666667
2021-10-18,Healthcare,0.6666666666666667,5,5,22,-0.4
2021-10-18,Industrials,0.26666666666666666,5,4,7,0.2
2021-10-18,Materials,0.4,5,2,3,0.0
2021-10-18,RealEstate,0.2,5,1,1,0.4
2021-10-18,Tech,0.4666666666666666,5,5,37,0.4
2021-10-18,Utilities,0.4,5,2,3,0.4
2021-10-19,Comm,-0.2,5,4,6,0.6
2021-10-19,Consumer,0.26666666666666666,5,4,29,0.48888888888888893
2021-10-19,Energy,0.4,5,5,10,0.10666666666666666
2021-10-19,Financials,0.06666666666666667,5,3,4,-0.4
2021-10-19,Healthcare,-0.13333333333333336,5,4,14,0.6666666666666667
2021-10-19,Industrials,0.0,5,3,8,0.26666666666666666
2021-10-19,Materials,0.0,5,1,1,0.4
2021-10-19,RealEstate,0.2,5,2,2,0.2
2021-10-19,Tech,0.8,5,5,16,0.4666666666666666
2021-10-19,Utilities,0.2,5,5,6,0.4
2021-10-20,Comm,-0.2,5,2,6,-0.2
2021-10-20,Consumer,0.2,5,4,8,0.26666666666666666
2021-10-20,Energy,0.0,5,3,9,0.4
2021-10-20,Financials,0.0,5,4,9,0.06666666666666667
2021-10-20,Healthcare,0.36363636363636365,5,5,21,-0.13333333333333336
2021-10-20,Industrials,0.2,5,4,5,0.0
2021-10-20,Materials,0.0,5,4,5,0.0
2021-10-20,RealEstate,0.2,5,2,2,0.2
2021-10-20,Tech,0.2,5,5,9,0.8
2021-10-20,Utilities,0.2,5,3,7,0.2
2021-10-21,Comm,0.48571428571428577,5,5,25,-0.2
2021-10-21,Consumer,0.44000000000000006,5,5,29,0.2
2021-10-21,Energy,0.2,5,4,10,0.0
2021-10-21,Financials,0.4,5,5,16,0.0
2021-10-21,Healthcare,0.4,5,5,11,0.36363636363636365
2021-10-21,Industrials,0.4,5,4,11,0.2
2021-10-21,Materials,0.7333333333333333,5,4,13,0.0
2021-10-21,RealEstate,0.2,5,3,4,0.2
2021-10-21,Tech,0.4666666666666666,5,5,27,0.2
2021-10-21,Utilities,0.0,5,0,0,0.2
2021-10-22,Comm,0.06666666666666667,5,4,10,0.48571428571428577
2021-10-22,Consumer,0.6,5,5,15,0.44000000000000006
2021-10-22,Energy,0.8,5,5,19,0.2
2021-10-22,Financials,0.2,5,4,10,0.4
2021-10-22,Healthcare,0.2,5,4,8,0.4
2021-10-22,Industrials,0.0,5,3,4,0.4
2021-10-22,Materials,0.0,5,3,3,0.7333333333333333
2021-10-22,RealEstate,0.2,5,1,1,0.2
2021-10-22,Tech,0.15,5,3,26,0.4666666666666666
2021-10-22,Utilities,0.0,5,2,2,0.0
2021-10-25,Comm,0.2,5,4,8,0.06666666666666667
2021-10-25,Consumer,0.2,5,5,23,0.6
2021-10-25,Energy,0.2,5,4,18,0.8
2021-10-25,Financials,0.72,5,5,18,0.2
2021-10-25,Healthcare,0.4,5,4,16,0.2
2021-10-25,Industrials,0.4,5,4,11,0.0
2021-10-25,Materials,0.0,5,3,4,0.0
2021-10-25,RealEstate,0.2,5,1,2,0.2
2021-10-25,Tech,0.33333333333333337,5,4,15,0.15
2021-10-25,Utilities,0.4,5,2,4,0.0
2021-10-26,Comm,0.32,5,5,12,0.2
2021-10-26,Consumer,0.4,5,5,17,0.2
2021-10-26,Energy,0.0,5,3,12,0.2
2021-10-26,Financials,0.6,5,4,15,0.72
2021-10-26,Healthcare,0.0,5,3,6,0.4
2021-10-26,Industrials,0.8,5,4,37,0.4
2021-10-26,Materials,0.0,5,2,3,0.0
2021-10-26,RealEstate,0.2,5,2,2,0.2
2021-10-26,Tech,0.6666666666666666,5,5,31,0.33333333333333337
2021-10-26,Utilities,-0.2,5,2,2,0.4
2021-10-27,Comm,0.0,5,2,3,0.32
2021-10-27,Consumer,0.8,5,5,16,0.4
2021-10-27,Energy,0.06666666666666665,5,5,16,0.0
2021-10-27,Financials,0.4,5,4,23,0.6
2021-10-27,Healthcare,0.4,5,4,12,0.0
2021-10-27,Industrials,-0.2,5,4,12,0.8
2021-10-27,Materials,0.0,5,2,2,0.0
2021-10-27,RealEstate,0.0,5,2,3,0.2
2021-10-27,Tech,0.5,5,4,22,0.6666666666666666
2021-10-27,Utilities,0.0,5,3,4,-0.2
2021-10-28,Comm,0.2,5,4,11,0.0
2021-10-28,Consumer,0.5333333333333333,5,4,19,0.8
2021-10-28,Energy,0.16666666666666666,5,4,19,0.06666666666666665
2021-10-28,Financials,0.4,5,2,6,0.4
2021-10-28,Healthcare,0.2,5,5,26,0.4
2021-10-28,Industrials,0.27999999999999997,5,4,22,-0.2
2021-10-28,Materials,0.1,5,2,5,0.0
2021-10-28,RealEstate,0.0,5,3,6,0.0
2021-10-28,Tech,0.8,5,5,12,0.5
2021-10-28,Utilities,0.0,5,2,4,0.0
2021-10-29,Comm,0.2,5,4,12,0.2
2021-10-29,Consumer,0.3,5,4,28,0.5333333333333333
2021-10-29,Energy,0.6,5,5,24,0.16666666666666666
2021-10-29,Financials,0.4,5,4,14,0.4
2021-10-29,Healthcare,0.4,5,4,30,0.2
2021-10-29,Industrials,0.4,5,3,11,0.27999999999999997
2021-10-29,Materials,0.0,5,1,1,0.1
2021-10-29,RealEstate,0.2,5,3,6,0.0
2021-10-29,Tech,0.6,5,4,13,0.8
2021-10-29,Utilities,0.2,5,1,1,0.0
2021-11-01,Comm,0.6,5,3,6,0.2
2021-11-01,Consumer,0.8,5,5,17,0.3
2021-11-01,Energy,0.6,5,4,20,0.6
2021-11-01,Financials,0.4,5,4,14,0.4
2021-11-01,Healthcare,0.6,5,5,11,0.4
2021-11-01,Industrials,0.2,5,1,3,0.4
2021-11-01,Materials,0.4,5,3,4,0.0
2021-11-01,RealEstate,0.2,5,3,5,0.2
2021-11-01,Tech,0.8,5,5,15,0.6
2021-11-01,Utilities,0.0,5,3,3,0.2
2021-11-02,Comm,0.0,5,5,15,0.6
2021-11-02,Consumer,0.3,5,5,24,0.8
2021-11-02,Energy,0.12,5,3,21,0.6
2021-11-02,Financials,0.6,5,4,15,0.4
2021-11-02,Healthcare,0.4,5,4,14,0.6
2021-11-02,Industrials,0.2,5,3,4,0.2
2021-11-02,Materials,0.26666666666666666,5,4,15,0.4
2021-11-02,RealEstate,0.0,5,2,4,0.2
2021-11-02,Tech,0.4,5,5,19,0.8
2021-11-02,Utilities,0.0,5,2,3,0.0
2021-11-03,Comm,0.6,5,5,26,0.0
2021-11-03,Consumer,0.6,5,5,20,0.3
2021-11-03,Energy,0.13333333333333336,5,2,8,0.12
2021-11-03,Financials,0.6,5,3,9,0.6
2021-11-03,Healthcare,0.6,5,4,10,0.4
2021-11-03,Industrials,0.2,5,3,6,0.2
2021-11-03,Materials,0.0,5,0,0,0.26666666666666666
2021-11-03,RealEstate,0.0,5,1,2,0.0
2021-11-03,Tech,0.8,5,5,20,0.4
2021-11-03,Utilities,0.0,5,3,4,0.0
2021-11-04,Comm,0.4,5,5,20,0.6
2021-11-04,Consumer,0.4,5,5,11,0.6
2021-11-04,Energy,0.4666666666666667,5,4,13,0.13333333333333336
2021-11-04,Financials,0.55,5,5,13,0.6
2021-11-04,Healthcare,0.2,5,4,16,0.6
2021-11-04,Industrials,0.2,5,2,3,0.2
2021-11-04,Materials,0.0,5,2,2,0.0
2021-11-04,RealEstate,0.0,5,3,5,0.0
2021-11-04,Tech,0.8,5,5,43,0.8
2021-11-04,Utilities,0.6,5,3,8,0.0
2021-11-05,Comm,0.2,5,4,8,0.4
2021-11-05,Consumer,0.8,5,5,13,0.4
2021-11-05,Energy,0.4,5,3,10,0.4666666666666667
2021-11-05,Financials,0.2,5,3,7,0.55
2021-11-05,Healthcare,0.3384615384615385,5,3,21,0.2
2021-11-05,Industrials,0.2,5,2,4,0.2
2021-11-05,Materials,0.0,5,3,4,0.0
2021-11-05,RealEstate,0.0,5,0,0,0.0
2021-11-05,Tech,0.8,5,5,12,0.8
2021-11-05,Utilities,0.2,5,2,4,0.6
2021-11-08,Comm,0.0,5,5,7,0.2
2021-11-08,Consumer,0.4,5,5,20,0.8
2021-11-08,Energy,0.4,5,5,17,0.4
2021-11-08,Financials,0.6,5,4,23,0.2
2021-11-08,Healthcare,0.5,5,5,23,0.3384615384615385
2021-11-08,Industrials,0.12,5,4,13,0.2
2021-11-08,Materials,0.13333333333333336,5,2,6,0.0
2021-11-08,RealEstate,0.4,5,3,5,0.0
2021-11-08,Tech,0.7333333333333333,5,5,29,0.8
2021-11-08,Utilities,0.0,5,3,4,0.2
2021-11-09,Comm,0.0,5,4,8,0.0
2021-11-09,Consumer,0.6,5,4,9,0.4
2021-11-09,Energy,0.0,5,4,11,0.4
2021-11-09,Financials,0.4,5,4,13,0.6
2021-11-09,Healthcare,0.13333333333333333,5,3,11,0.5
2021-11-09,Industrials,0.32,5,4,22,0.12
2021-11-09,Materials,0.0,5,1,1,0.13333333333333336
2021-11-09,RealEstate,0.2,5,2,3,0.4
2021-11-09,Tech,0.6,5,4,16,0.7333333333333333
2021-11-09,Utilities,0.2,5,4,5,0.0
2021-11-10,Comm,0.4,5,3,5,0.0
2021-11-10,Consumer,0.2,5,5,26,0.6
2021-11-10,Energy,0.13333333333333336,5,3,11,0.0
2021-11-10,Financials,0.06666666666666665,5,3,17,0.4
2021-11-10,Healthcare,0.2,5,4,8,0.13333333333333333
2021-11-10,Industrials,0.06666666666666668,5,4,16,0.32
2021-11-10,Materials,0.2,5,1,3,0.0
2021-11-10,RealEstate,0.0,5,0,0,0.2
2021-11-10,Tech,0.4,5,5,21,0.6
2021-11-10,Utilities,0.0,5,2,3,0.2
2021-11-11,Comm,0.4,5,4,9,0.4
2021-11-11,Consumer,0.8,5,5,35,0.2
2021-11-11,Energy,0.0,5,5,8,0.13333333333333336
2021-11-11,Financials,0.4,5,5,14,0.06666666666666665
2021-11-11,Healthcare,0.2,5,5,10,0.2
2021-11-11,Industrials,0.2,5,4,8,0.06666666666666668
2021-11-11,Materials,0.2,5,1,2,0.2
2021-11-11,RealEstate,0.6,5,3,4,0.0
2021-11-11,Tech,0.6,5,4,16,0.4
2021-11-11,Utilities,0.2,5,3,4,0.0
2021-11-12,Comm,0.26666666666666666,5,4,9,0.4
2021-11-12,Consumer,0.4,5,5,17,0.8
2021-11-12,Energy,0.0,5,0,0,0.0
2021-11-12,Financials,0.0,5,1,3,0.4
2021-11-12,Healthcare,0.0,5,4,8,0.2
2021-11-12,Industrials,0.4,5,4,5,0.2
2021-11-12,Materials,0.6,5,3,5,0.2
2021-11-12,RealEstate,0.2,5,2,2,0.6
2021-11-12,Tech,0.6,5,4,9,0.6
2021-11-12,Utilities,0.0,5,1,1,0.2
2021-11-15,Comm,0.4,5,5,12,0.26666666666666666
2021-11-15,Consumer,0.2,5,5,32,0.4
2021-11-15,Energy,-0.6,5,4,12,0.0
2021-11-15,Financials,0.2,5,4,15,0.0
2021-11-15,Healthcare,0.54,5,4,14,0.0
2021-11-15,Industrials,0.2,5,4,9,0.4
2021-11-15,Materials,0.2,5,2,2,0.6
2021-11-15,RealEstate,0.4,5,3,15,0.2
2021-11-15,Tech,0.8,5,4,19,0.6
2021-11-15,Utilities,0.2,5,3,4,0.0
2021-11-16,Comm,0.6,5,4,11,0.4
2021-11-16,Consumer,0.6,5,4,34,0.2
2021-11-16,Energy,0.0,5,2,9,-0.6
2021-11-16,Financials,0.4,5,5,13,0.2
2021-11-16,Healthcare,0.4,5,3,8,0.54
2021-11-16,Industrials,0.6,5,4,11,0.2
2021-11-16,Materials,0.4,5,4,6,0.2
2021-11-16,RealEstate,0.0,5,1,2,0.4
2021-11-16,Tech,0.15,5,2,23,0.8
2021-11-16,Utilities,0.0,5,2,2,0.2
2021-11-17,Comm,0.4,5,3,8,0.6
2021-11-17,Consumer,0.6909090909090909,5,5,30,0.6
2021-11-17,Energy,0.4,5,2,13,0.0
2021-11-17,Financials,0.3,5,5,30,0.4
2021-11-17,Healthcare,0.6,5,3,10,0.4
2021-11-17,Industrials,0.6,5,4,10,0.6
2021-11-17,Materials,0.0,5,2,3,0.4
2021-11-17,RealEstate,0.2,5,1,4,0.0
2021-11-17,Tech,0.36,5,3,23,0.15
2021-11-17,Utilities,0.2,5,2,2,0.0
2021-11-18,Comm,0.8,5,5,13,0.4
2021-11-18,Consumer,-0.03076923076923077,5,5,29,0.6909090909090909
2021-11-18,Energy,0.6,5,5,8,0.4
2021-11-18,Financials,0.4,5,5,14,0.3
2021-11-18,Healthcare,0.0,5,4,10,0.6
2021-11-18,Industrials,0.0,5,2,3,0.6
2021-11-18,Materials,0.0,5,1,1,0.0
2021-11-18,RealEstate,0.6,5,3,4,0.2
2021-11-18,Tech,0.4,5,3,37,0.36
2021-11-18,Utilities,0.2,5,3,3,0.2
2021-11-19,Comm,0.2,5,4,9,0.8
2021-11-19,Consumer,0.2,5,5,21,-0.03076923076923077
2021-11-19,Energy,0.4,5,3,14,0.6
2021-11-19,Financials,0.0,5,5,21,0.4
2021-11-19,Healthcare,0.4,5,4,7,0.0
2021-11-19,Industrials,0.2,5,2,3,0.0
2021-11-19,Materials,0.2,5,1,2,0.0
2021-11-19,RealEstate,0.0,5,0,0,0.6
2021-11-19,Tech,0.8,5,4,26,0.4
2021-11-19,Utilities,0.2,5,2,2,0.2
2021-11-22,Comm,0.2,5,2,7,0.2
2021-11-22,Consumer,1.0,5,5,26,0.2
2021-11-22,Energy,0.4,5,2,7,0.4
2021-11-22,Financials,0.5599999999999999,5,4,18,0.0
2021-11-22,Healthcare,0.6,5,4,14,0.4
2021-11-22,Industrials,0.4,5,4,7,0.2
2021-11-22,Materials,0.2,5,5,9,0.2
2021-11-22,RealEstate,0.8,5,4,8,0.0
2021-11-22,Tech,1.0,5,5,31,0.8
2021-11-22,Utilities,0.2,5,3,6,0.2
2021-11-23,Comm,0.2,5,5,11,0.2
2021-11-23,Consumer,0.0,5,4,13,1.0
2021-11-23,Energy,0.6,5,4,13,0.4
2021-11-23,Financials,0.2,5,4,17,0.5599999999999999
2021-11-23,Healthcare,0.4,5,4,10,0.6
2021-11-23,Industrials,0.0,5,2,3,0.4
2021-11-23,Materials,-0.2,5,2,2,0.2
2021-11-23,RealEstate,0.0,5,0,0,0.8
2021-11-23,Tech,0.8,5,5,11,1.0
2021-11-23,Utilities,0.0,5,1,1,0.2
2021-11-24,Comm,0.2,5,4,7,0.2
2021-11-24,Consumer,0.2,5,4,9,0.0
2021-11-24,Energy,0.2,5,3,5,0.6
2021-11-24,Financials,0.4,5,4,13,0.2
2021-11-24,Healthcare,-0.2,5,3,4,0.4
2021-11-24,Industrials,0.0,5,3,4,0.0
2021-11-24,Materials,0.0,5,3,3,-0.2
2021-11-24,RealEstate,0.0,5,1,1,0.0
2021-11-24,Tech,0.6,5,4,21,0.8
2021-11-24,Utilities,0.0,5,1,1,0.0
2021-11-26,Comm,0.0,5,5,7,0.2
2021-11-26,Consumer,0.6,5,5,18,0.2
2021-11-26,Energy,-0.26666666666666666,5,4,14,0.2
2021-11-26,Financials,-0.4,5,5,15,0.4
2021-11-26,Healthcare,0.2,5,3,5,-0.2
2021-11-26,Industrials,0.2,5,2,5,0.0
2021-11-26,Materials,0.0,5,2,2,0.0
2021-11-26,RealEstate,0.0,5,1,2,0.0
2021-11-26,Tech,0.0,5,3,8,0.6
2021-11-26,Utilities,0.0,5,0,0,0.0
2021-11-29,Comm,0.2,5,3,5,0.0
2021-11-29,Consumer,0.2857142857142857,5,5,23,0.6
2021-11-29,Energy,0.2,5,4,10,-0.26666666666666666
2021-11-29,Financials,0.4666666666666666,5,4,16,-0.4
2021-11-29,Healthcare,0.3,5,4,19,0.2
2021-11-29,Industrials,0.0,5,4,5,0.2
2021-11-29,Materials,0.0,5,2,3,0.0
2021-11-29,RealEstate,0.2,5,4,6,0.0
2021-11-29,Tech,1.0,5,5,31,0.0
2021-11-29,Utilities,0.0,5,1,4,0.0
2021-11-30,Comm,0.4,5,3,14,0.2
2021-11-30,Consumer,0.4666666666666667,5,4,17,0.2857142857142857
2021-11-30,Energy,0.2,5,4,11,0.2
2021-11-30,Financials,0.6,5,4,13,0.4666666666666666
2021-11-30,Healthcare,0.2,5,3,10,0.3
2021-11-30,Industrials,0.0,5,2,5,0.0
2021-11-30,Materials,0.2,5,2,3,0.0
2021-11-30,RealEstate,0.4,5,5,5,0.2
2021-11-30,Tech,0.6666666666666666,5,5,23,1.0
2021-11-30,Utilities,0.0,5,2,4,0.0
2021-12-01,Comm,0.6,5,4,8,0.4
2021-12-01,Consumer,0.24,5,5,21,0.4666666666666667
2021-12-01,Energy,0.0,5,5,11,0.2
2021-12-01,Financials,0.0,5,4,8,0.6
2021-12-01,Healthcare,0.15238095238095237,5,4,17,0.2
2021-12-01,Industrials,0.0,5,3,4,0.0
2021-12-01,Materials,-0.2,5,1,3,0.2
2021-12-01,RealEstate,0.4,5,2,2,0.4
2021-12-01,Tech,0.2,5,5,8,0.6666666666666666
2021-12-01,Utilities,0.0,5,3,4,0.0
2021-12-02,Comm,0.0,5,5,6,0.6
2021-12-02,Consumer,0.8,5,4,17,0.24
2021-12-02,Energy,0.26285714285714284,5,5,25,0.0
2021-12-02,Financials,0.4,5,5,17,0.0
2021-12-02,Healthcare,0.4,5,4,12,0.15238095238095237
2021-12-02,Industrials,0.2,5,3,5,0.0
2021-12-02,Materials,0.0,5,3,5,-0.2
2021-12-02,RealEstate,0.4,5,2,4,0.4
2021-12-02,Tech,1.0,5,5,24,0.2
2021-12-02,Utilities,0.2,5,1,1,0.0
2021-12-03,Comm,0.4,5,2,6,0.0
2021-12-03,Consumer,0.8,5,4,16,0.8
2021-12-03,Energy,0.0,5,2,7,0.26285714285714284
2021-12-03,Financials,0.2,5,4,10,0.4
2021-12-03,Healthcare,0.4,5,4,8,0.4
2021-12-03,Industrials,0.2,5,3,4,0.2
2021-12-03,Materials,0.0,5,2,7,0.0
2021-12-03,RealEstate,-0.2,5,3,4,0.4
2021-12-03,Tech,0.5,5,4,28,1.0
2021-12-03,Utilities,0.0,5,2,3,0.2
2021-12-06,Comm,0.4,5,4,12,0.4
2021-12-06,Consumer,0.8,5,5,27,0.8
2021-12-06,Energy,-0.05714285714285714,5,5,24,0.0
2021-12-06,Financials,0.32,5,4,21,0.2
2021-12-06,Healthcare,0.6,5,5,19,0.4
2021-12-06,Industrials,0.15,5,2,8,0.2
2021-12-06,Materials,0.4,5,2,3,0.0
2021-12-06,RealEstate,0.2,5,3,4,-0.2
2021-12-06,Tech,0.6333333333333333,5,5,44,0.5
2021-12-06,Utilities,0.4,5,3,3,0.0
2021-12-07,Comm,0.0,5,4,9,0.4
2021-12-07,Consumer,0.2,5,5,14,0.8
2021-12-07,Energy,0.6,5,4,14,-0.05714285714285714
2021-12-07,Financials,1.0,5,5,21,0.32
2021-12-07,Healthcare,0.4,5,3,13,0.6
2021-12-07,Industrials,0.2,5,4,6,0.15
2021-12-07,Materials,0.0,5,1,2,0.4
2021-12-07,RealEstate,0.4,5,3,4,0.2
2021-12-07,Tech,0.8,5,5,43,0.6333333333333333
2021-12-07,Utilities,0.0,5,2,3,0.4
2021-12-08,Comm,0.6,5,4,9,0.0
2021-12-08,Consumer,0.6,5,4,14,0.2
2021-12-08,Energy,-0.2,5,4,16,0.6
2021-12-08,Financials,0.06666666666666667,5,5,13,1.0
2021-12-08,Healthcare,0.0,5,3,5,0.4
2021-12-08,Industrials,0.0,5,3,6,0.2
2021-12-08,Materials,0.2,5,2,2,0.0
2021-12-08,RealEstate,0.2,5,4,5,0.4
2021-12-08,Tech,0.0,5,4,15,0.8
2021-12-08,Utilities,-0.2,5,1,1,0.0
2021-12-09,Comm,0.4,5,3,7,0.6
2021-12-09,Consumer,0.4,5,5,20,0.6
2021-12-09,Energy,0.2,5,4,11,-0.2
2021-12-09,Financials,0.6,5,5,19,0.06666666666666667
2021-12-09,Healthcare,0.4,5,4,6,0.0
2021-12-09,Industrials,0.2,5,3,4,0.0
2021-12-09,Materials,0.2,5,5,7,0.2
2021-12-09,RealEstate,0.0,5,2,2,0.2
2021-12-09,Tech,0.5333333333333333,5,5,27,0.0
2021-12-09,Utilities,0.0,5,0,0,-0.2
2021-12-10,Comm,0.6,5,5,9,0.4
2021-12-10,Consumer,0.4,5,4,8,0.4
2021-12-10,Energy,0.4,5,3,8,0.2
2021-12-10,Financials,0.0,5,4,10,0.6
2021-12-10,Healthcare,0.6,5,5,13,0.4
2021-12-10,Industrials,0.2,5,2,4,0.2
2021-12-10,Materials,0.2,5,1,1,0.2
2021-12-10,RealEstate,0.0,5,4,4,0.0
2021-12-10,Tech,0.4,5,3,16,0.5333333333333333
2021-12-10,Utilities,0.0,5,1,1,0.0
2021-12-13,Comm,0.2,5,5,9,0.6
2021-12-13,Consumer,0.4,5,5,21,0.4
2021-12-13,Energy,0.1,5,4,12,0.4
2021-12-13,Financials,0.8,5,5,19,0.0
2021-12-13,Healthcare,0.8,5,5,18,0.6
2021-12-13,Industrials,0.4,5,3,10,0.2
2021-12-13,Materials,0.0,5,1,2,0.2
2021-12-13,RealEstate,0.0,5,5,10,0.0
2021-12-13,Tech,0.8095238095238095,5,5,35,0.4
2021-12-13,Utilities,0.0,5,2,4,0.0
2021-12-14,Comm,0.6,5,3,5,0.2
2021-12-14,Consumer,0.4666666666666666,5,5,20,0.4
2021-12-14,Energy,0.0,5,3,4,0.1
2021-12-14,Financials,0.4,5,4,11,0.8
2021-12-14,Healthcare,0.8,5,5,12,0.8
2021-12-14,Industrials,0.2,5,4,9,0.4
2021-12-14,Materials,0.2,5,3,6,0.0
2021-12-14,RealEstate,0.2,5,3,4,0.0
2021-12-14,Tech,0.0,5,5,19,0.8095238095238095
2021-12-14,Utilities,0.0,5,3,3,0.0
2021-12-15,Comm,0.2,5,3,8,0.6
2021-12-15,Consumer,1.0,5,5,18,0.4666666666666666
2021-12-15,Energy,0.0,5,3,5,0.0
2021-12-15,Financials,-0.2,5,4,14,0.4
2021-12-15,Healthcare,0.8,5,4,9,0.8
2021-12-15,Industrials,-0.33333333333333337,5,4,14,0.2
2021-12-15,Materials,0.4,5,3,6,0.2
2021-12-15,RealEstate,0.6,5,3,4,0.2
2021-12-15,Tech,0.6,5,5,25,0.0
2021-12-15,Utilities,0.0,5,3,3,0.0
2021-12-16,Comm,1.0,5,5,13,0.2
2021-12-16,Consumer,0.2,5,4,10,1.0
2021-12-16,Energy,0.0,5,4,5,0.0
2021-12-16,Financials,0.4,5,4,24,-0.2
2021-12-16,Healthcare,0.4,5,5,14,0.8
2021-12-16,Industrials,0.6,5,5,19,-0.33333333333333337
2021-12-16,Materials,0.0,5,2,5,0.4
2021-12-16,RealEstate,0.2,5,4,5,0.6
2021-12-16,Tech,0.10666666666666666,5,5,30,0.6
2021-12-16,Utilities,0.2,5,2,2,0.0
2021-12-17,Comm,0.2,5,4,11,1.0
2021-12-17,Consumer,0.8,5,5,29,0.2
2021-12-17,Energy,0.2,5,3,11,0.0
2021-12-17,Financials,0.4,5,5,13,0.4
2021-12-17,Healthcare,0.4,5,3,8,0.4
2021-12-17,Industrials,-0.06666666666666665,5,4,14,0.6
2021-12-17,Materials,0.0,5,1,1,0.0
2021-12-17,RealEstate,0.0,5,2,3,0.2
2021-12-17,Tech,0.4,5,5,16,0.10666666666666666
2021-12-17,Utilities,0.2,5,4,4,0.2
2021-12-20,Comm,0.4666666666666666,5,5,13,0.2
2021-12-20,Consumer,0.6,5,5,38,0.8
2021-12-20,Energy,0.2,5,3,7,0.2
2021-12-20,Financials,-0.2,5,3,19,0.4
2021-12-20,Healthcare,0.4,5,5,14,0.4
2021-12-20,Industrials,0.1,5,5,17,-0.06666666666666665
2021-12-20,Materials,0.0,5,3,3,0.0
2021-12-20,RealEstate,0.0,5,2,3,0.0
2021-12-20,Tech,0.6,5,5,26,0.4
2021-12-20,Utilities,0.0,5,3,4,0.2
2021-12-21,Comm,0.0,5,4,13,0.4666666666666666
2021-12-21,Consumer,0.2,5,4,31,0.6
2021-12-21,Energy,0.0,5,1,1,0.2
2021-12-21,Financials,1.0,5,5,12,-0.2
2021-12-21,Healthcare,0.6,5,5,16,0.4
2021-12-21,Industrials,0.4,5,4,15,0.1
2021-12-21,Materials,0.0,5,0,0,0.0
2021-12-21,RealEstate,0.4,5,4,4,0.0
2021-12-21,Tech,0.64,5,5,18,0.6
2021-12-21,Utilities,0.2,5,2,2,0.0
2021-12-22,Comm,0.2,5,2,7,0.0
2021-12-22,Consumer,0.2,5,4,14,0.2
2021-12-22,Energy,0.2,5,3,4,0.0
2021-12-22,Financials,0.2,5,4,7,1.0
2021-12-22,Healthcare,0.2,5,4,14,0.6
2021-12-22,Industrials,0.4,5,4,6,0.4
2021-12-22,Materials,0.0,5,0,0,0.0
2021-12-22,RealEstate,0.0,5,2,4,0.4
2021-12-22,Tech,0.8,5,5,18,0.64
2021-12-22,Utilities,0.2,5,1,1,0.2
2021-12-23,Comm,0.2,5,3,10,0.2
2021-12-23,Consumer,0.6,5,5,16,0.2
2021-12-23,Energy,0.2,5,5,11,0.2
2021-12-23,Financials,0.4,5,5,16,0.2
2021-12-23,Healthcare,0.2,5,5,23,0.2
2021-12-23,Industrials,0.2,5,3,7,0.4
2021-12-23,Materials,0.2,5,5,7,0.0
2021-12-23,RealEstate,0.2,5,1,1,0.0
2021-12-23,Tech,0.4,5,5,19,0.8
2021-12-23,Utilities,0.0,5,1,1,0.2
2021-12-27,Comm,0.2,5,1,8,0.2
2021-12-27,Consumer,0.4666666666666667,5,5,24,0.6
2021-12-27,Energy,0.8,5,4,11,0.2
2021-12-27,Financials,0.8,5,5,15,0.4
2021-12-27,Healthcare,0.8,5,4,18,0.2
2021-12-27,Industrials,0.4,5,4,11,0.2
2021-12-27,Materials,0.2,5,1,1,0.2
2021-12-27,RealEstate,0.2,5,4,6,0.2
2021-12-27,Tech,0.6,5,4,21,0.4
2021-12-27,Utilities,0.0,5,1,2,0.0
2021-12-28,Comm,0.2,5,2,9,0.2
2021-12-28,Consumer,0.5333333333333334,5,4,18,0.4666666666666667
2021-12-28,Energy,-0.2,5,3,8,0.8
2021-12-28,Financials,0.2,5,3,3,0.8
2021-12-28,Healthcare,0.2,5,3,8,0.8
2021-12-28,Industrials,0.32727272727272727,5,3,10,0.4
2021-12-28,Materials,0.6,5,4,10,0.2
2021-12-28,RealEstate,0.0,5,2,2,0.2
2021-12-28,Tech,0.6888888888888889,5,5,30,0.6
2021-12-28,Utilities,-0.2,5,3,3,0.0
2021-12-29,Comm,0.2,5,2,4,0.2
2021-12-29,Consumer,0.6,5,4,15,0.5333333333333334
2021-12-29,Energy,0.0,5,4,6,-0.2
2021-12-29,Financials,0.6,5,5,9,0.2
2021-12-29,Healthcare,0.0,5,1,2,0.2
2021-12-29,Industrials,0.4,5,3,8,0.32727272727272727
2021-12-29,Materials,0.2,5,1,1,0.6
2021-12-29,RealEstate,0.2,5,3,5,0.0
2021-12-29,Tech,0.2,5,3,12,0.6888888888888889
2021-12-29,Utilities,0.0,5,3,4,-0.2
2021-12-30,Comm,0.4,5,4,15,0.2
2021-12-30,Consumer,0.4333333333333333,5,5,19,0.6
2021-12-30,Energy,0.2,5,4,7,0.0
2021-12-30,Financials,0.2,5,4,11,0.6
2021-12-30,Healthcare,0.6,5,4,15,0.0
2021-12-30,Industrials,0.4,5,4,4,0.4
2021-12-30,Materials,0.0,5,2,3,0.2
2021-12-30,RealEstate,0.2,5,3,4,0.2
2021-12-30,Tech,0.6,5,5,20,0.2
2021-12-30,Utilities,0.2,5,2,3,0.0
2021-12-31,Comm,0.2,5,3,7,0.4
2021-12-31,Consumer,0.2,5,5,12,0.4333333333333333
2021-12-31,Energy,0.5,5,3,8,0.2
2021-12-31,Financials,0.8,5,5,15,0.2
2021-12-31,Healthcare,0.0,5,4,5,0.6
2021-12-31,Industrials,0.4,5,2,2,0.4
2021-12-31,Materials,0.0,5,0,0,0.0
2021-12-31,RealEstate,0.2,5,2,2,0.2
2021-12-31,Tech,0.8,5,5,18,0.6
2021-12-31,Utilities,0.2,5,2,3,0.2
2022-01-03,Comm,0.06666666666666667,5,2,14,0.2
2022-01-03,Consumer,0.4,5,5,22,0.2
2022-01-03,Energy,0.4,5,5,20,0.5
2022-01-03,Financials,0.0,5,4,16,0.8
2022-01-03,Healthcare,0.8,5,5,20,0.0
2022-01-03,Industrials,0.8,5,5,10,0.4
2022-01-03,Materials,0.2,5,2,2,0.0
2022-01-03,RealEstate,0.2,5,3,5,0.2
2022-01-03,Tech,0.6,5,4,23,0.8
2022-01-03,Utilities,0.0,5,3,5,0.2
2022-01-04,Comm,0.2,5,2,9,0.06666666666666667
2022-01-04,Consumer,0.2,5,3,7,0.4
2022-01-04,Energy,0.2,5,4,6,0.4
2022-01-04,Financials,0.2,5,5,22,0.0
2022-01-04,Healthcare,0.2,5,4,10,0.8
2022-01-04,Industrials,0.6,5,4,10,0.8
2022-01-04,Materials,0.2,5,2,3,0.2
2022-01-04,RealEstate,0.2,5,2,3,0.2
2022-01-04,Tech,0.8,5,5,43,0.6
2022-01-04,Utilities,0.2,5,5,5,0.0
2022-01-05,Comm,0.26666666666666666,5,4,15,0.2
2022-01-05,Consumer,0.8,5,5,22,0.2
2022-01-05,Energy,0.2,5,3,14,0.2
2022-01-05,Financials,-0.2,5,4,12,0.2
2022-01-05,Healthcare,0.2,5,4,6,0.2
2022-01-05,Industrials,0.2,5,3,8,0.6
2022-01-05,Materials,0.0,5,1,3,0.2
2022-01-05,RealEstate,0.2,5,3,4,0.2
2022-01-05,Tech,0.2857142857142857,5,5,38,0.8
2022-01-05,Utilities,0.0,5,2,2,0.2
2022-01-06,Comm,0.3,5,5,18,0.26666666666666666
2022-01-06,Consumer,0.2,5,5,17,0.8
2022-01-06,Energy,0.2,5,5,14,0.2
2022-01-06,Financials,0.2,5,5,15,-0.2
2022-01-06,Healthcare,0.4,5,5,8,0.2
2022-01-06,Industrials,0.2,5,3,10,0.2
2022-01-06,Materials,0.2,5,3,5,0.0
2022-01-06,RealEstate,0.2,5,3,5,0.2
2022-01-06,Tech,0.4,5,5,14,0.2857142857142857
2022-01-06,Utilities,0.0,5,1,1,0.0
2022-01-07,Comm,0.6,5,5,20,0.3
2022-01-07,Consumer,0.4666666666666666,5,5,18,0.2
2022-01-07,Energy,0.6,5,5,12,0.2
2022-01-07,Financials,0.4,5,4,15,0.2
2022-01-07,Healthcare,0.1,5,3,9,0.4
2022-01-07,Industrials,0.4666666666666667,5,4,13,0.2
2022-01-07,Materials,0.0,5,1,2,0.2
2022-01-07,RealEstate,0.4,5,2,2,0.2
2022-01-07,Tech,0.6,5,3,19,0.4
2022-01-07,Utilities,0.0,5,3,3,0.0
2022-01-10,Comm,0.6,5,5,27,0.6
2022-01-10,Consumer,0.3142857142857143,5,5,25,0.4666666666666666
2022-01-10,Energy,0.6,5,3,18,0.6
2022-01-10,Financials,0.0,5,5,37,0.4
2022-01-10,Healthcare,0.8,5,5,16,0.1
2022-01-10,Industrials,-0.2,5,5,16,0.4666666666666667
2022-01-10,Materials,0.2,5,2,2,0.0
2022-01-10,RealEstate,0.2,5,2,2,0.4
2022-01-10,Tech,0.4666666666666666,5,5,27,0.6
2022-01-10,Utilities,0.2,5,4,8,0.0
2022-01-11,Comm,0.4,5,5,14,0.6
2022-01-11,Consumer,0.4,5,5,9,0.3142857142857143
2022-01-11,Energy,0.4,5,3,11,0.6
2022-01-11,Financials,0.6,5,5,12,0.0
2022-01-11,Healthcare,0.2,5,3,7,0.8
2022-01-11,Industrials,0.3,5,4,14,-0.2
2022-01-11,Materials,0.0,5,1,1,0.2
2022-01-11,RealEstate,0.2,5,3,5,0.2
2022-01-11,Tech,0.9199999999999999,5,5,27,0.4666666666666666
2022-01-11,Utilities,0.0,5,2,2,0.2
2022-01-12,Comm,1.0,5,5,14,0.4
2022-01-12,Consumer,0.7,5,5,20,0.4
2022-01-12,Energy,0.6,5,4,23,0.4
2022-01-12,Financials,0.8,5,5,33,0.6
2022-01-12,Healthcare,0.6,5,5,16,0.2
2022-01-12,Industrials,0.8,5,4,10,0.3
2022-01-12,Materials,0.0,5,2,2,0.0
2022-01-12,RealEstate,0.4,5,4,7,0.2
2022-01-12,Tech,0.8,5,5,27,0.9199999999999999
2022-01-12,Utilities,0.0,5,1,1,0.0
2022-01-13,Comm,0.52,5,4,17,1.0
2022-01-13,Consumer,0.6,5,5,12,0.7
2022-01-13,Energy,0.6,5,5,25,0.6
2022-01-13,Financials,0.47857142857142854,5,5,44,0.8
2022-01-13,Healthcare,0.8,5,5,14,0.6
2022-01-13,Industrials,0.26666666666666666,5,3,12,0.8
2022-01-13,Materials,0.2,5,2,4,0.0
2022-01-13,RealEstate,0.0,5,3,3,0.4
2022-01-13,Tech,1.0,5,5,32,0.8
2022-01-13,Utilities,0.2,5,3,4,0.0
2022-01-14,Comm,0.6,5,5,18,0.52
2022-01-14,Consumer,0.6,5,5,24,0.6
2022-01-14,Energy,0.4,5,4,20,0.6
2022-01-14,Financials,0.4595238095238095,5,5,52,0.47857142857142854
2022-01-14,Healthcare,0.8,5,5,13,0.8
2022-01-14,Industrials,0.0,5,4,16,0.26666666666666666
2022-01-14,Materials,0.2,5,2,4,0.2
2022-01-14,RealEstate,0.2,5,3,4,0.0
2022-01-14,Tech,0.8,5,5,17,1.0
2022-01-14,Utilities,0.2,5,4,6,0.2
2022-01-18,Comm,0.14242424242424243,5,5,43,0.6
2022-01-18,Consumer,0.6666666666666667,5,5,39,0.6
2022-01-18,Energy,0.3,5,5,35,0.4
2022-01-18,Financials,0.13538461538461538,5,5,94,0.4595238095238095
2022-01-18,Healthcare,1.0,5,5,29,0.8
2022-01-18,Industrials,0.6,5,5,22,0.0
2022-01-18,Materials,0.4,5,3,9,0.2
2022-01-18,RealEstate,0.4,5,4,6,0.2
2022-01-18,Tech,1.0,5,5,38,0.8
2022-01-18,Utilities,0.4,5,5,9,0.2
2022-01-19,Comm,0.52,5,5,21,0.14242424242424243
2022-01-19,Consumer,0.8,5,5,24,0.6666666666666667
2022-01-19,Energy,0.8,5,5,11,0.3
2022-01-19,Financials,0.6,5,5,62,0.13538461538461538
2022-01-19,Healthcare,0.4,5,5,16,1.0
2022-01-19,Industrials,0.4,5,3,15,0.6
2022-01-19,Materials,0.2,5,3,7,0.4
2022-01-19,RealEstate,0.4,5,3,6,0.4
2022-01-19,Tech,0.5428571428571429,5,4,47,1.0
2022-01-19,Utilities,0.6,5,5,9,0.4
2022-01-20,Comm,0.6,5,3,15,0.52
2022-01-20,Consumer,0.72,5,5,27,0.8
2022-01-20,Energy,0.4,5,4,17,0.8
2022-01-20,Financials,0.4,5,5,22,0.6
2022-01-20,Healthcare,0.4,5,5,15,0.4
2022-01-20,Industrials,1.0,5,5,16,0.4
2022-01-20,Materials,0.0,5,4,8,0.2
2022-01-20,RealEstate,1.0,5,5,9,0.4
2022-01-20,Tech,0.8166666666666667,5,5,48,0.5428571428571429
2022-01-20,Utilities,0.4,5,4,5,0.6
2022-01-21,Comm,0.13333333333333333,5,4,14,0.6
2022-01-21,Consumer,0.7333333333333334,5,5,32,0.72
2022-01-21,Energy,-0.06666666666666667,5,4,25,0.4
2022-01-21,Financials,0.5866666666666667,5,5,27,0.4
2022-01-21,Healthcare,0.0,5,5,13,0.4
2022-01-21,Industrials,0.4,5,4,15,1.0
2022-01-21,Materials,0.2,5,4,7,0.0
2022-01-21,RealEstate,0.6,5,4,5,1.0
2022-01-21,Tech,-0.2,5,4,30,0.8166666666666667
2022-01-21,Utilities,0.4,5,5,9,0.4
2022-01-24,Comm,0.8,5,5,22,0.13333333333333333
2022-01-24,Consumer,0.3333333333333333,5,5,30,0.7333333333333334
2022-01-24,Energy,1.0,5,5,22,-0.06666666666666667
2022-01-24,Financials,0.6,5,4,19,0.5866666666666667
2022-01-24,Healthcare,0.5333333333333333,5,5,28,0.0
2022-01-24,Industrials,0.8,5,5,25,0.4
2022-01-24,Materials,0.6,5,5,15,0.2
2022-01-24,RealEstate,0.6,5,5,15,0.6
2022-01-24,Tech,0.6666666666666666,5,5,40,-0.2
2022-01-24,Utilities,0.4,5,3,6,0.4
2022-01-25,Comm,0.0,5,4,19,0.8
2022-01-25,Consumer,0.29333333333333333,5,5,20,0.3333333333333333
2022-01-25,Energy,0.1,5,4,16,1.0
2022-01-25,Financials,0.6666666666666667,5,5,25,0.6
2022-01-25,Healthcare,0.2,5,4,18,0.5333333333333333
2022-01-25,Industrials,0.3619047619047619,5,5,43,0.8
2022-01-25,Materials,0.2,5,4,5,0.6
2022-01-25,RealEstate,0.4,5,3,4,0.6
2022-01-25,Tech,1.0,5,5,36,0.6666666666666666
2022-01-25,Utilities,0.5333333333333333,5,4,16,0.4
2022-01-26,Comm,0.5466666666666666,5,5,26,0.0
2022-01-26,Consumer,0.24,5,5,26,0.29333333333333333
2022-01-26,Energy,0.4,5,5,27,0.1
2022-01-26,Financials,0.2,5,5,16,0.6666666666666667
2022-01-26,Healthcare,0.5,5,4,20,0.2
2022-01-26,Industrials,0.3538461538461538,5,5,31,0.3619047619047619
2022-01-26,Materials,0.2,5,3,4,0.2
2022-01-26,RealEstate,0.0,5,1,3,0.4
2022-01-26,Tech,0.6507936507936508,5,5,73,1.0
2022-01-26,Utilities,0.4,5,3,4,0.5333333333333333
2022-01-27,Comm,0.8,5,4,22,0.5466666666666666
2022-01-27,Consumer,0.4666666666666666,5,5,18,0.24
2022-01-27,Energy,0.8928571428571429,5,5,35,0.4
2022-01-27,Financials,1.0,5,5,26,0.2
2022-01-27,Healthcare,0.6,5,5,19,0.5
2022-01-27,Industrials,0.04,5,4,20,0.3538461538461538
2022-01-27,Materials,0.33333333333333337,5,5,19,0.2
2022-01-27,RealEstate,0.6,5,5,11,0.0
2022-01-27,Tech,0.6666666666666666,5,4,56,0.6507936507936508
2022-01-27,Utilities,0.6,5,4,7,0.4
2022-01-28,Comm,0.2,5,5,19,0.8
2022-01-28,Consumer,0.6,5,4,10,0.4666666666666666
2022-01-28,Energy,0.34222222222222226,5,4,42,0.8928571428571429
2022-01-28,Financials,0.75,5,5,43,1.0
2022-01-28,Healthcare,0.6,5,5,17,0.6
2022-01-28,Industrials,0.3933333333333333,5,5,33,0.04
2022-01-28,Materials,0.0,5,1,1,0.33333333333333337
2022-01-28,RealEstate,0.0,5,4,6,0.6
2022-01-28,Tech,0.8,5,5,32,0.6666666666666666
2022-01-28,Utilities,0.2,5,5,7,0.6
2022-01-31,Comm,0.6,5,5,25,0.2
2022-01-31,Consumer,1.0,5,5,31,0.6
2022-01-31,Energy,0.2,5,5,19,0.34222222222222226
2022-01-31,Financials,0.6,5,5,15,0.75
2022-01-31,Healthcare,0.4,5,5,26,0.6
2022-01-31,Industrials,0.6285714285714286,5,5,24,0.3933333333333333
2022-01-31,Materials,0.4,5,3,3,0.0
2022-01-31,RealEstate,0.8,5,5,7,0.0
2022-01-31,Tech,0.8,5,5,51,0.8
2022-01-31,Utilities,0.4,5,4,11,0.2
2022-02-01,Comm,-0.06666666666666668,5,5,31,0.6
2022-02-01,Consumer,0.5333333333333334,5,5,31,1.0
2022-02-01,Energy,0.32727272727272727,5,4,30,0.2
2022-02-01,Financials,0.13333333333333333,5,5,21,0.6
2022-02-01,Healthcare,0.33333333333333337,5,5,26,0.4
2022-02-01,Industrials,0.37142857142857144,5,4,28,0.6285714285714286
2022-02-01,Materials,0.4,5,3,5,0.4
2022-02-01,RealEstate,0.0,5,1,2,0.8
2022-02-01,Tech,0.888888888888889,5,5,53,0.8
2022-02-01,Utilities,0.4,5,4,9,0.4
2022-02-02,Comm,0.23333333333333334,5,5,17,-0.06666666666666668
2022-02-02,Consumer,0.7666666666666666,5,5,18,0.5333333333333334
2022-02-02,Energy,0.6,5,5,29,0.32727272727272727
2022-02-02,Financials,0.6,5,5,13,0.13333333333333333
2022-02-02,Healthcare,0.08666666666666667,5,5,31,0.33333333333333337
2022-02-02,Industrials,0.4,5,4,12,0.37142857142857144
2022-02-02,Materials,0.4,5,3,5,0.4
2022-02-02,RealEstate,0.4,5,4,7,0.0
2022-02-02,Tech,0.7559523809523809,5,5,102,0.888888888888889
2022-02-02,Utilities,0.2,5,3,5,0.4
2022-02-03,Comm,-0.33333333333333337,5,5,24,0.23333333333333334
2022-02-03,Consumer,0.0,5,5,11,0.7666666666666666
2022-02-03,Energy,0.24,5,5,28,0.6
2022-02-03,Financials,0.4,5,5,12,0.6
2022-02-03,Healthcare,0.2,5,5,17,0.08666666666666667
2022-02-03,Industrials,0.6666666666666666,5,4,9,0.4
2022-02-03,Materials,0.0,5,3,3,0.4
2022-02-03,RealEstate,0.0,5,2,3,0.4
2022-02-03,Tech,1.0,5,5,37,0.7559523809523809
2022-02-03,Utilities,0.0,5,4,6,0.2
2022-02-04,Comm,0.4,5,5,13,-0.33333333333333337
2022-02-04,Consumer,0.8,5,5,15,0.0
2022-02-04,Energy,0.8,5,5,11,0.24
2022-02-04,Financials,0.6,5,4,17,0.4
2022-02-04,Healthcare,0.2,5,5,10,0.2
2022-02-04,Industrials,0.2,5,3,5,0.6666666666666666
2022-02-04,Materials,0.2,5,2,4,0.0
2022-02-04,RealEstate,0.0,5,1,1,0.0
2022-02-04,Tech,0.18666666666666665,5,4,18,1.0
2022-02-04,Utilities,0.4,5,4,10,0.0
2022-02-07,Comm,0.9333333333333333,5,5,23,0.4
2022-02-07,Consumer,0.8666666666666666,5,5,43,0.8
2022-02-07,Energy,0.2,5,5,24,0.8
2022-02-07,Financials,0.4,5,4,16,0.6
2022-02-07,Healthcare,0.44000000000000006,5,4,21,0.2
2022-02-07,Industrials,0.6,5,4,12,0.2
2022-02-07,Materials,0.2,5,2,3,0.2
2022-02-07,RealEstate,0.4,5,4,6,0.0
2022-02-07,Tech,0.711111111111111,5,5,29,0.18666666666666665
2022-02-07,Utilities,0.0,5,5,11,0.4
2022-02-08,Comm,0.6,5,5,14,0.9333333333333333
2022-02-08,Consumer,1.0,5,5,31,0.8666666666666666
2022-02-08,Energy,0.8,5,4,30,0.2
2022-02-08,Financials,0.6,5,5,17,0.4
2022-02-08,Healthcare,0.5333333333333333,5,4,22,0.44000000000000006
2022-02-08,Industrials,0.37333333333333335,5,4,19,0.6
2022-02-08,Materials,0.8,5,4,15,0.2
2022-02-08,RealEstate,0.4,5,3,5,0.4
2022-02-08,Tech,0.775,5,5,51,0.711111111111111
2022-02-08,Utilities,0.2,5,3,7,0.0
2022-02-09,Comm,0.8,5,5,10,0.6
2022-02-09,Consumer,0.8,5,5,34,1.0
2022-02-09,Energy,0.6,5,5,17,0.8
2022-02-09,Financials,0.4,5,4,14,0.6
2022-02-09,Healthcare,0.8,5,5,18,0.5333333333333333
2022-02-09,Industrials,0.2,5,2,3,0.37333333333333335
2022-02-09,Materials,0.2,5,2,2,0.8
2022-02-09,RealEstate,0.6,5,5,10,0.4
2022-02-09,Tech,0.7636363636363637,5,5,25,0.775
2022-02-09,Utilities,0.2,5,3,6,0.2
2022-02-10,Comm,0.4,5,4,9,0.8
2022-02-10,Consumer,0.95,5,5,49,0.8
2022-02-10,Energy,-0.1,5,5,15,0.6
2022-02-10,Financials,0.2,5,4,16,0.4
2022-02-10,Healthcare,0.6,5,5,16,0.8
2022-02-10,Industrials,0.6,5,5,14,0.2
2022-02-10,Materials,0.0,5,3,4,0.2
2022-02-10,RealEstate,0.4,5,4,7,0.6
2022-02-10,Tech,0.26666666666666666,5,5,19,0.7636363636363637
2022-02-10,Utilities,0.4,5,5,13,0.2
2022-02-11,Comm,0.0,5,5,12,0.4
2022-02-11,Consumer,0.7,5,5,28,0.95
2022-02-11,Energy,0.3555555555555555,5,3,17,-0.1
2022-02-11,Financials,0.2,5,5,12,0.2
2022-02-11,Healthcare,0.8,5,5,10,0.6
2022-02-11,Industrials,0.6,5,5,9,0.6
2022-02-11,Materials,0.2,5,2,3,0.0
2022-02-11,RealEstate,0.2,5,2,3,0.4
2022-02-11,Tech,0.8,5,5,30,0.26666666666666666
2022-02-11,Utilities,0.2,5,5,9,0.4
2022-02-14,Comm,0.8,5,5,14,0.0
2022-02-14,Consumer,1.0,5,5,49,0.7
2022-02-14,Energy,0.6666666666666666,5,5,38,0.3555555555555555
2022-02-14,Financials,0.39333333333333337,5,5,25,0.2
2022-02-14,Healthcare,0.7,5,5,16,0.8
2022-02-14,Industrials,0.4,5,4,17,0.6
2022-02-14,Materials,0.2,5,2,2,0.2
2022-02-14,RealEstate,0.4,5,4,7,0.2
2022-02-14,Tech,0.9636363636363636,5,5,59,0.8
2022-02-14,Utilities,0.4,5,5,10,0.2
2022-02-15,Comm,0.13333333333333336,5,4,10,0.8
2022-02-15,Consumer,0.7428571428571429,5,5,22,1.0
2022-02-15,Energy,0.0,5,5,20,0.6666666666666666
2022-02-15,Financials,0.4,5,5,15,0.39333333333333337
2022-02-15,Healthcare,0.0,5,4,10,0.7
2022-02-15,Industrials,0.4,5,3,12,0.4
2022-02-15,Materials,0.0,5,2,3,0.2
2022-02-15,RealEstate,0.2,5,3,4,0.4
2022-02-15,Tech,0.7333333333333333,5,5,55,0.9636363636363636
2022-02-15,Utilities,0.0,5,5,7,0.4
2022-02-16,Comm,0.4,5,3,4,0.13333333333333336
2022-02-16,Consumer,0.6,5,5,24,0.7428571428571429
2022-02-16,Energy,0.8,5,5,22,0.0
2022-02-16,Financials,0.2,5,3,21,0.4
2022-02-16,Healthcare,0.6666666666666667,5,4,14,0.0
2022-02-16,Industrials,0.2,5,4,13,0.4
2022-02-16,Materials,0.0,5,3,3,0.0
2022-02-16,RealEstate,0.4,5,3,4,0.2
2022-02-16,Tech,0.8,5,5,34,0.7333333333333333
2022-02-16,Utilities,0.0,5,4,6,0.0
2022-02-17,Comm,0.2,5,5,13,0.4
2022-02-17,Consumer,0.5692307692307692,5,5,37,0.6
2022-02-17,Energy,0.8,5,4,18,0.8
2022-02-17,Financials,-0.2,5,5,28,0.2
2022-02-17,Healthcare,0.6,5,4,14,0.6666666666666667
2022-02-17,Industrials,0.6,5,5,16,0.2
2022-02-17,Materials,0.4,5,4,6,0.0
2022-02-17,RealEstate,0.4,5,5,12,0.4
2022-02-17,Tech,0.7555555555555555,5,5,44,0.8
2022-02-17,Utilities,-0.06666666666666665,5,5,12,0.0
2022-02-18,Comm,0.0,5,3,4,0.2
2022-02-18,Consumer,0.4,5,5,21,0.5692307692307692
2022-02-18,Energy,-0.3,5,4,11,0.8
2022-02-18,Financials,0.2,5,5,18,-0.2
2022-02-18,Healthcare,0.6666666666666666,5,5,16,0.6
2022-02-18,Industrials,0.0,5,5,12,0.6
2022-02-18,Materials,0.2,5,5,10,0.4
2022-02-18,RealEstate,0.0,5,3,4,0.4
2022-02-18,Tech,0.7,5,5,35,0.7555555555555555
2022-02-18,Utilities,0.2,5,4,8,-0.06666666666666665
2022-02-22,Comm,0.06666666666666667,5,3,12,0.0
2022-02-22,Consumer,0.5333333333333333,5,5,26,0.4
2022-02-22,Energy,0.37,5,4,31,-0.3
2022-02-22,Financials,-0.13999999999999999,5,4,18,0.2
2022-02-22,Healthcare,0.22666666666666666,5,5,21,0.6666666666666666
2022-02-22,Industrials,0.4666666666666666,5,4,15,0.0
2022-02-22,Materials,0.6,5,4,10,0.2
2022-02-22,RealEstate,0.6,5,4,12,0.0
2022-02-22,Tech,0.8,5,5,40,0.7
2022-02-22,Utilities,0.3,5,5,19,0.2
2022-02-23,Comm,0.0,5,4,4,0.06666666666666667
2022-02-23,Consumer,0.4,5,5,11,0.5333333333333333
2022-02-23,Energy,0.16,5,5,23,0.37
2022-02-23,Financials,0.4,5,4,17,-0.13999999999999999
2022-02-23,Healthcare,0.2,5,4,6,0.22666666666666666
2022-02-23,Industrials,0.2,5,4,9,0.4666666666666666
2022-02-23,Materials,0.0,5,4,4,0.6
2022-02-23,RealEstate,0.4,5,5,11,0.6
2022-02-23,Tech,1.0,5,5,22,0.8
2022-02-23,Utilities,0.2,5,3,10,0.3
2022-02-24,Comm,0.2,5,3,5,0.0
2022-02-24,Consumer,0.6666666666666666,5,5,23,0.4
2022-02-24,Energy,0.33333333333333337,5,5,27,0.16
2022-02-24,Financials,0.4,5,5,19,0.4
2022-02-24,Healthcare,0.4,5,3,6,0.2
2022-02-24,Industrials,0.4,5,4,11,0.2
2022-02-24,Materials,0.0,5,1,4,0.0
2022-02-24,RealEstate,0.6,5,3,8,0.4
2022-02-24,Tech,0.4,5,5,19,1.0
2022-02-24,Utilities,0.0,5,4,8,0.2
2022-02-25,Comm,0.6,5,4,7,0.2
2022-02-25,Consumer,0.4,5,5,14,0.6666666666666666
2022-02-25,Energy,0.2966666666666667,5,4,35,0.33333333333333337
2022-02-25,Financials,0.33333333333333337,5,4,16,0.4
2022-02-25,Healthcare,0.0,5,5,10,0.4
2022-02-25,Industrials,0.4,5,5,14,0.4
2022-02-25,Materials,0.0,5,3,4,0.0
2022-02-25,RealEstate,0.8,5,4,7,0.6
2022-02-25,Tech,0.4,5,4,16,0.4
2022-02-25,Utilities,0.0,5,2,2,0.0
2022-02-28,Comm,0.3,5,4,16,0.6
2022-02-28,Consumer,0.9,5,5,34,0.4
2022-02-28,Energy,0.48,5,5,38,0.2966666666666667
2022-02-28,Financials,0.5333333333333333,5,4,35,0.33333333333333337
2022-02-28,Healthcare,0.13333333333333336,5,3,14,0.0
2022-02-28,Industrials,0.4,5,4,10,0.4
2022-02-28,Materials,0.0,5,3,3,0.0
2022-02-28,RealEstate,0.2,5,3,5,0.8
2022-02-28,Tech,0.8,5,5,24,0.4
2022-02-28,Utilities,0.4,5,3,8,0.0
2022-03-01,Comm,0.2,5,4,5,0.3
2022-03-01,Consumer,0.4666666666666666,5,5,22,0.9
2022-03-01,Energy,0.135,5,5,49,0.48
2022-03-01,Financials,-0.5599999999999999,5,4,29,0.5333333333333333
2022-03-01,Healthcare,-0.2,5,5,11,0.13333333333333336
2022-03-01,Industrials,0.4,5,4,16,0.4
2022-03-01,Materials,0.4,5,3,3,0.0
2022-03-01,RealEstate,0.6,5,4,5,0.2
2022-03-01,Tech,0.2,5,5,13,0.8
2022-03-01,Utilities,0.6,5,4,7,0.4
2022-03-02,Comm,0.4,5,2,6,0.2
2022-03-02,Consumer,0.4,5,5,22,0.4666666666666666
2022-03-02,Energy,0.6799999999999999,5,5,42,0.135
2022-03-02,Financials,0.6,5,4,13,-0.5599999999999999
2022-03-02,Healthcare,0.6,5,4,10,-0.2
2022-03-02,Industrials,0.4,5,4,21,0.4
2022-03-02,Materials,0.2,5,1,2,0.4
2022-03-02,RealEstate,0.2,5,5,7,0.6
2022-03-02,Tech,0.8,5,4,21,0.2
2022-03-02,Utilities,0.0,5,2,2,0.6
2022-03-03,Comm,0.6,5,5,11,0.4
2022-03-03,Consumer,0.4,5,5,17,0.4
2022-03-03,Energy,0.36666666666666664,5,5,31,0.6799999999999999
2022-03-03,Financials,-0.13333333333333336,5,4,11,0.6
2022-03-03,Healthcare,0.0,5,4,10,0.6
2022-03-03,Industrials,0.16666666666666666,5,4,20,0.4
2022-03-03,Materials,0.0,5,1,1,0.2
2022-03-03,RealEstate,0.8,5,4,8,0.2
2022-03-03,Tech,0.5666666666666667,5,5,27,0.8
2022-03-03,Utilities,0.0,5,2,2,0.0
2022-03-04,Comm,0.2,5,4,11,0.6
2022-03-04,Consumer,0.7,5,5,26,0.4
2022-03-04,Energy,0.16666666666666666,5,4,26,0.36666666666666664
2022-03-04,Financials,0.2,5,4,14,-0.13333333333333336
2022-03-04,Healthcare,0.2,5,5,8,0.0
2022-03-04,Industrials,0.6,5,5,11,0.16666666666666666
2022-03-04,Materials,0.2,5,4,6,0.0
2022-03-04,RealEstate,0.4,5,2,5,0.8
2022-03-04,Tech,0.52,5,5,26,0.5666666666666667
2022-03-04,Utilities,0.4,5,4,7,0.0
2022-03-07,Comm,0.4,5,4,13,0.2
2022-03-07,Consumer,0.52,5,5,24,0.7
2022-03-07,Energy,0.26666666666666666,5,5,52,0.16666666666666666
2022-03-07,Financials,-0.26666666666666666,5,4,30,0.2
2022-03-07,Healthcare,0.6666666666666666,5,5,14,0.2
2022-03-07,Industrials,0.0,5,4,15,0.6
2022-03-07,Materials,0.2,5,4,4,0.2
2022-03-07,RealEstate,0.4,5,3,6,0.4
2022-03-07,Tech,0.3333333333333333,5,5,37,0.52
2022-03-07,Utilities,0.0,5,3,6,0.4
2022-03-08,Comm,0.0,5,3,5,0.4
2022-03-08,Consumer,0.4,5,5,20,0.52
2022-03-08,Energy,0.6,5,5,39,0.26666666666666666
2022-03-08,Financials,0.8,5,4,13,-0.26666666666666666
2022-03-08,Healthcare,-0.2,5,5,11,0.6666666666666666
2022-03-08,Industrials,0.0,5,5,13,0.0
2022-03-08,Materials,0.2,5,3,6,0.2
2022-03-08,RealEstate,0.2,5,2,2,0.4
2022-03-08,Tech,0.4,5,4,29,0.3333333333333333
2022-03-08,Utilities,0.0,5,2,3,0.0
2022-03-09,Comm,0.6,5,5,13,0.0
2022-03-09,Consumer,0.6,5,5,32,0.4
2022-03-09,Energy,0.62,5,5,35,0.6
2022-03-09,Financials,0.6,5,5,16,0.8
2022-03-09,Healthcare,0.8,5,5,13,-0.2
2022-03-09,Industrials,0.4666666666666666,5,5,18,0.0
2022-03-09,Materials,0.0,5,3,3,0.2
2022-03-09,RealEstate,0.4,5,3,3,0.2
2022-03-09,Tech,0.7428571428571429,5,5,37,0.4
2022-03-09,Utilities,0.2,5,1,2,0.0
2022-03-10,Comm,0.4,5,4,9,0.6
2022-03-10,Consumer,0.24,5,5,21,0.6
2022-03-10,Energy,-0.06666666666666665,5,5,30,0.62
2022-03-10,Financials,0.02857142857142856,5,5,21,0.6
2022-03-10,Healthcare,0.2,5,3,15,0.8
2022-03-10,Industrials,0.2,5,5,19,0.4666666666666666
2022-03-10,Materials,0.0,5,5,8,0.0
2022-03-10,RealEstate,0.2,5,4,10,0.4
2022-03-10,Tech,0.6666666666666666,5,5,36,0.7428571428571429
2022-03-10,Utilities,0.0,5,5,7,0.2
2022-03-11,Comm,0.2,5,3,11,0.4
2022-03-11,Consumer,0.4666666666666666,5,5,23,0.24
2022-03-11,Energy,0.0,5,5,27,-0.06666666666666665
2022-03-11,Financials,0.4,5,4,11,0.02857142857142856
2022-03-11,Healthcare,0.6,5,5,16,0.2
2022-03-11,Industrials,0.4,5,5,10,0.2
2022-03-11,Materials,0.4,5,3,5,0.0
2022-03-11,RealEstate,0.2,5,2,4,0.2
2022-03-11,Tech,0.2,5,5,21,0.6666666666666666
2022-03-11,Utilities,0.0,5,1,1,0.0
2022-03-14,Comm,0.2,5,3,13,0.2
2022-03-14,Consumer,0.4,5,5,28,0.4666666666666666
2022-03-14,Energy,0.15238095238095237,5,5,32,0.0
2022-03-14,Financials,0.6,5,5,23,0.4
2022-03-14,Healthcare,0.0,5,4,8,0.6
2022-03-14,Industrials,0.4,5,5,12,0.4
2022-03-14,Materials,0.0,5,2,3,0.4
2022-03-14,RealEstate,0.6,5,5,8,0.2
2022-03-14,Tech,0.5333333333333333,5,5,26,0.2
2022-03-14,Utilities,0.0,5,4,7,0.0
2022-03-15,Comm,0.4,5,4,9,0.2
2022-03-15,Consumer,0.8,5,5,28,0.4
2022-03-15,Energy,0.6666666666666666,5,5,33,0.15238095238095237
2022-03-15,Financials,0.2,5,5,20,0.6
2022-03-15,Healthcare,0.2,5,5,10,0.0
2022-03-15,Industrials,0.8,5,4,12,0.4
2022-03-15,Materials,0.2,5,2,3,0.0
2022-03-15,RealEstate,0.4,5,4,9,0.6
2022-03-15,Tech,0.8666666666666666,5,5,36,0.5333333333333333
2022-03-15,Utilities,0.0,5,2,2,0.0
2022-03-16,Comm,0.0,5,2,3,0.4
2022-03-16,Consumer,0.4,5,5,25,0.8
2022-03-16,Energy,0.8,5,5,29,0.6666666666666666
2022-03-16,Financials,0.4,5,3,14,0.2
2022-03-16,Healthcare,0.8,5,5,16,0.2
2022-03-16,Industrials,0.2,5,3,18,0.8
2022-03-16,Materials,0.4,5,2,3,0.2
2022-03-16,RealEstate,0.4,5,2,4,0.4
2022-03-16,Tech,0.6,5,4,31,0.8666666666666666
2022-03-16,Utilities,0.2,5,4,6,0.0
2022-03-17,Comm,0.8,5,4,6,0.0
2022-03-17,Consumer,1.0,5,5,25,0.4
2022-03-17,Energy,0.8,5,4,32,0.8
2022-03-17,Financials,0.4666666666666667,5,4,16,0.4
2022-03-17,Healthcare,0.1,5,3,13,0.8
2022-03-17,Industrials,0.36666666666666664,5,4,18,0.2
2022-03-17,Materials,0.2,5,2,6,0.4
2022-03-17,RealEstate,0.0,5,1,1,0.4
2022-03-17,Tech,0.6,5,5,26,0.6
2022-03-17,Utilities,0.0,5,2,5,0.2
2022-03-18,Comm,0.4,5,5,7,0.8
2022-03-18,Consumer,0.7,5,5,19,1.0
2022-03-18,Energy,0.6,5,5,11,0.8
2022-03-18,Financials,0.2,5,5,8,0.4666666666666667
2022-03-18,Healthcare,0.0,5,3,6,0.1
2022-03-18,Industrials,0.2,5,3,18,0.36666666666666664
2022-03-18,Materials,0.4,5,4,6,0.2
2022-03-18,RealEstate,0.2,5,5,10,0.0
2022-03-18,Tech,0.8,5,5,24,0.6
2022-03-18,Utilities,-0.2,5,1,1,0.0
2022-03-21,Comm,0.2,5,4,9,0.4
2022-03-21,Consumer,0.5333333333333333,5,5,36,0.7
2022-03-21,Energy,0.1,5,5,35,0.6
2022-03-21,Financials,-0.06666666666666665,5,5,17,0.2
2022-03-21,Healthcare,0.8,5,5,16,0.0
2022-03-21,Industrials,-0.11428571428571428,5,5,42,0.2
2022-03-21,Materials,0.6,5,4,10,0.4
2022-03-21,RealEstate,0.2,5,5,13,0.2
2022-03-21,Tech,0.95,5,5,31,0.8
2022-03-21,Utilities,0.7,5,5,9,-0.2
2022-03-22,Comm,0.4,5,3,9,0.2
2022-03-22,Consumer,0.4,5,4,25,0.5333333333333333
2022-03-22,Energy,0.7,5,5,35,0.1
2022-03-22,Financials,0.2,5,2,8,-0.06666666666666665
2022-03-22,Healthcare,0.7333333333333333,5,5,11,0.8
2022-03-22,Industrials,0.0,5,4,9,-0.11428571428571428
2022-03-22,Materials,0.4,5,3,3,0.6
2022-03-22,RealEstate,0.8,5,4,6,0.2
2022-03-22,Tech,0.8,5,5,25,0.95
2022-03-22,Utilities,0.2,5,2,3,0.7
2022-03-23,Comm,0.4,5,4,8,0.4
2022-03-23,Consumer,0.8,5,4,15,0.4
2022-03-23,Energy,0.2666666666666667,5,5,24,0.7
2022-03-23,Financials,0.8,5,4,9,0.2
2022-03-23,Healthcare,0.2,5,3,7,0.7333333333333333
2022-03-23,Industrials,0.0,5,3,10,0.0
2022-03-23,Materials,0.0,5,1,1,0.4
2022-03-23,RealEstate,0.2,5,1,1,0.8
2022-03-23,Tech,0.5599999999999999,5,5,50,0.8
2022-03-23,Utilities,0.0,5,1,1,0.2
2022-03-24,Comm,0.6,5,4,9,0.4
2022-03-24,Consumer,1.0,5,5,21,0.8
2022-03-24,Energy,1.0,5,5,33,0.2666666666666667
2022-03-24,Financials,0.4666666666666666,5,4,19,0.8
2022-03-24,Healthcare,0.4,5,4,10,0.2
2022-03-24,Industrials,0.4,5,3,9,0.0
2022-03-24,Materials,0.2,5,2,4,0.0
2022-03-24,RealEstate,0.6,5,3,5,0.2
2022-03-24,Tech,1.0,5,5,56,0.5599999999999999
2022-03-24,Utilities,0.0,5,2,2,0.0
2022-03-25,Comm,-0.2,5,1,1,0.6
2022-03-25,Consumer,0.0,5,5,22,1.0
2022-03-25,Energy,0.4666666666666666,5,5,31,1.0
2022-03-25,Financials,0.72,5,5,16,0.4666666666666666
2022-03-25,Healthcare,0.2,5,3,7,0.4
2022-03-25,Industrials,0.3,5,4,17,0.4
2022-03-25,Materials,0.2,5,2,4,0.2
2022-03-25,RealEstate,0.6,5,3,5,0.6
2022-03-25,Tech,0.64,5,5,33,1.0
2022-03-25,Utilities,0.2,5,1,2,0.0
2022-03-28,Comm,0.4,5,4,14,-0.2
2022-03-28,Consumer,0.6,5,5,37,0.0
2022-03-28,Energy,0.5666666666666667,5,5,29,0.4666666666666666
2022-03-28,Financials,0.8,5,5,25,0.72
2022-03-28,Healthcare,0.8,5,4,12,0.2
2022-03-28,Industrials,0.6,5,4,16,0.3
2022-03-28,Materials,0.2,5,1,3,0.2
2022-03-28,RealEstate,0.6,5,3,8,0.6
2022-03-28,Tech,1.0,5,5,35,0.64
2022-03-28,Utilities,0.4666666666666667,5,3,7,0.2
2022-03-29,Comm,0.8,5,4,11,0.4
2022-03-29,Consumer,0.6,5,5,24,0.6
2022-03-29,Energy,0.06666666666666667,5,5,28,0.5666666666666667
2022-03-29,Financials,0.0,5,5,15,0.8
2022-03-29,Healthcare,0.6,5,5,10,0.8
2022-03-29,Industrials,0.2,5,5,14,0.6
2022-03-29,Materials,0.4,5,3,4,0.2
2022-03-29,RealEstate,0.2,5,4,6,0.6
2022-03-29,Tech,0.8,5,4,28,1.0
2022-03-29,Utilities,0.0,5,3,7,0.4666666666666667
2022-03-30,Comm,0.4,5,3,5,0.8
2022-03-30,Consumer,0.4,5,4,12,0.6
2022-03-30,Energy,0.06666666666666665,5,4,13,0.06666666666666667
2022-03-30,Financials,-0.2,5,3,12,0.0
2022-03-30,Healthcare,0.6,5,4,8,0.6
2022-03-30,Industrials,0.4,5,4,16,0.2
2022-03-30,Materials,0.2,5,3,4,0.4
2022-03-30,RealEstate,0.2,5,3,6,0.2
2022-03-30,Tech,0.6666666666666666,5,5,22,0.8
2022-03-30,Utilities,0.6,5,3,4,0.0
2022-03-31,Comm,0.8,5,4,10,0.4
2022-03-31,Consumer,0.6,5,5,26,0.4
2022-03-31,Energy,0.4,5,5,23,0.06666666666666665
2022-03-31,Financials,-0.2,5,4,15,-0.2
2022-03-31,Healthcare,0.8,5,4,9,0.6
2022-03-31,Industrials,0.6,5,5,9,0.4
2022-03-31,Materials,0.2,5,3,4,0.2
2022-03-31,RealEstate,0.2,5,4,6,0.2
2022-03-31,Tech,1.0,5,5,35,0.6666666666666666
2022-03-31,Utilities,0.6,5,4,6,0.6
2022-04-01,Comm,0.2,5,3,5,0.8
2022-04-01,Consumer,0.4,5,4,23,0.6
2022-04-01,Energy,0.7333333333333334,5,5,14,0.4
2022-04-01,Financials,0.8,5,4,29,-0.2
2022-04-01,Healthcare,0.6,5,4,6,0.8
2022-04-01,Industrials,0.32,5,4,11,0.6
2022-04-01,Materials,0.2,5,3,3,0.2
2022-04-01,RealEstate,0.4,5,2,3,0.2
2022-04-01,Tech,0.7,5,5,42,1.0
2022-04-01,Utilities,0.2,5,1,3,0.6
2022-04-04,Comm,0.6,5,4,16,0.2
2022-04-04,Consumer,0.7733333333333333,5,5,39,0.4
2022-04-04,Energy,0.5733333333333334,5,5,26,0.7333333333333334
2022-04-04,Financials,0.6,5,4,24,0.8
2022-04-04,Healthcare,0.2,5,5,20,0.6
2022-04-04,Industrials,0.2,5,5,15,0.32
2022-04-04,Materials,0.4,5,3,4,0.2
2022-04-04,RealEstate,0.6,5,4,7,0.4
2022-04-04,Tech,0.8,5,5,57,0.7
2022-04-04,Utilities,0.0,5,3,3,0.2
2022-04-05,Comm,0.0,5,5,12,0.6
2022-04-05,Consumer,0.4,5,5,17,0.7733333333333333
2022-04-05,Energy,-0.06666666666666667,5,5,16,0.5733333333333334
2022-04-05,Financials,0.2,5,5,18,0.6
2022-04-05,Healthcare,0.4,5,5,13,0.2
2022-04-05,Industrials,0.4,5,5,17,0.2
2022-04-05,Materials,0.2,5,4,8,0.4
2022-04-05,RealEstate,0.4666666666666667,5,4,10,0.6
2022-04-05,Tech,0.4666666666666667,5,4,37,0.8
2022-04-05,Utilities,0.2,5,2,2,0.0
2022-04-06,Comm,0.0,5,2,4,0.0
2022-04-06,Consumer,0.4,5,5,15,0.4
2022-04-06,Energy,0.7,5,4,11,-0.06666666666666667
2022-04-06,Financials,0.6,5,4,13,0.2
2022-04-06,Healthcare,0.2,5,3,7,0.4
2022-04-06,Industrials,0.4,5,4,19,0.4
2022-04-06,Materials,0.0,5,4,7,0.2
2022-04-06,RealEstate,0.0,5,3,6,0.4666666666666667
2022-04-06,Tech,0.8,5,5,33,0.4666666666666667
2022-04-06,Utilities,0.2,5,3,4,0.2
2022-04-07,Comm,0.4,5,4,12,0.0
2022-04-07,Consumer,0.9199999999999999,5,5,29,0.4
2022-04-07,Energy,0.5428571428571429,5,4,17,0.7
2022-04-07,Financials,0.6,5,5,22,0.6
2022-04-07,Healthcare,0.2,5,4,5,0.2
2022-04-07,Industrials,0.4,5,4,11,0.4
2022-04-07,Materials,0.0,5,2,2,0.0
2022-04-07,RealEstate,0.2,5,5,6,0.0
2022-04-07,Tech,0.52,5,4,22,0.8
2022-04-07,Utilities,0.0,5,3,5,0.2
2022-04-08,Comm,0.2,5,2,9,0.4
2022-04-08,Consumer,0.4666666666666667,5,5,17,0.9199999999999999
2022-04-08,Energy,0.8,5,4,20,0.5428571428571429
2022-04-08,Financials,0.5111111111111111,5,5,31,0.6
2022-04-08,Healthcare,0.4,5,5,14,0.2
2022-04-08,Industrials,0.2,5,3,8,0.4
2022-04-08,Materials,0.0,5,3,5,0.0
2022-04-08,RealEstate,0.4,5,3,3,0.2
2022-04-08,Tech,0.32727272727272727,5,5,25,0.52
2022-04-08,Utilities,0.0,5,0,0,0.0
2022-04-11,Comm,0.36363636363636365,5,3,20,0.2
2022-04-11,Consumer,0.8,5,5,33,0.4666666666666667
2022-04-11,Energy,0.8,5,4,20,0.8
2022-04-11,Financials,0.6,5,5,40,0.5111111111111111
2022-04-11,Healthcare,0.2,5,5,14,0.4
2022-04-11,Industrials,0.8,5,4,17,0.2
2022-04-11,Materials,0.2,5,2,4,0.0
2022-04-11,RealEstate,0.6,5,4,9,0.4
2022-04-11,Tech,0.7555555555555555,5,5,55,0.32727272727272727
2022-04-11,Utilities,-0.2,5,3,4,0.0
2022-04-12,Comm,0.2,5,3,9,0.36363636363636365
2022-04-12,Consumer,0.4,5,3,13,0.8
2022-04-12,Energy,1.0,5,5,21,0.8
2022-04-12,Financials,0.26666666666666666,5,4,26,0.6
2022-04-12,Healthcare,0.2,5,5,16,0.2
2022-04-12,Industrials,0.4,5,4,10,0.8
2022-04-12,Materials,0.4,5,4,14,0.2
2022-04-12,RealEstate,0.2,5,5,9,0.6
2022-04-12,Tech,0.4,5,5,15,0.7555555555555555
2022-04-12,Utilities,0.06666666666666667,5,4,4,-0.2
2022-04-13,Comm,0.6,5,4,10,0.2
2022-04-13,Consumer,0.4666666666666667,5,5,16,0.4
2022-04-13,Energy,0.7,5,4,28,1.0
2022-04-13,Financials,0.5117948717948717,5,5,36,0.26666666666666666
2022-04-13,Healthcare,0.6,5,5,12,0.2
2022-04-13,Industrials,0.4,5,3,5,0.4
2022-04-13,Materials,0.4,5,4,9,0.4
2022-04-13,RealEstate,0.4,5,2,5,0.2
2022-04-13,Tech,0.65,5,5,26,0.4
2022-04-13,Utilities,0.2,5,1,1,0.06666666666666667
2022-04-14,Comm,0.06666666666666667,5,4,10,0.6
2022-04-14,Consumer,0.8,5,5,21,0.4666666666666667
2022-04-14,Energy,0.2,5,4,8,0.7
2022-04-14,Financials,0.5564102564102564,5,5,83,0.5117948717948717
2022-04-14,Healthcare,0.4,5,4,15,0.6
2022-04-14,Industrials,0.2,5,3,4,0.4
2022-04-14,Materials,0.6,5,5,11,0.4
2022-04-14,RealEstate,0.4,5,3,8,0.4
2022-04-14,Tech,0.7,5,5,25,0.65
2022-04-14,Utilities,0.2,5,2,2,0.2
2022-04-18,Comm,0.6,5,5,17,0.06666666666666667
2022-04-18,Consumer,0.4,5,5,30,0.8
2022-04-18,Energy,0.4,5,4,15,0.2
2022-04-18,Financials,0.58,5,5,27,0.5564102564102564
2022-04-18,Healthcare,0.4,5,3,9,0.4
2022-04-18,Industrials,0.4,5,4,8,0.2
2022-04-18,Materials,0.6,5,5,8,0.6
2022-04-18,RealEstate,0.2,5,3,6,0.4
2022-04-18,Tech,0.6,5,5,24,0.7
2022-04-18,Utilities,0.0,5,2,5,0.2
2022-04-19,Comm,0.26666666666666666,5,5,16,0.6
2022-04-19,Consumer,0.6533333333333333,5,5,25,0.4
2022-04-19,Energy,0.8,5,5,13,0.4
2022-04-19,Financials,0.5066666666666666,5,5,23,0.58
2022-04-19,Healthcare,0.6,5,5,19,0.4
2022-04-19,Industrials,0.2,5,4,10,0.4
2022-04-19,Materials,0.2,5,4,12,0.6
2022-04-19,RealEstate,0.8,5,5,11,0.2
2022-04-19,Tech,0.8,5,5,24,0.6
2022-04-19,Utilities,0.2,5,3,3,0.0
2022-04-20,Comm,0.26666666666666666,5,3,12,0.26666666666666666
2022-04-20,Consumer,0.6,5,5,28,0.6533333333333333
2022-04-20,Energy,0.2,5,5,10,0.8
2022-04-20,Financials,0.3,5,5,11,0.5066666666666666
2022-04-20,Healthcare,0.6,5,4,16,0.6
2022-04-20,Industrials,0.8,5,5,14,0.2
2022-04-20,Materials,0.0,5,3,15,0.2
2022-04-20,RealEstate,0.2,5,3,7,0.8
2022-04-20,Tech,0.4,5,4,17,0.8
2022-04-20,Utilities,0.0,5,2,2,0.2
2022-04-21,Comm,0.6692307692307693,5,4,27,0.26666666666666666
2022-04-21,Consumer,0.72,5,5,25,0.6
2022-04-21,Energy,0.4,5,4,23,0.2
2022-04-21,Financials,0.5,5,5,14,0.3
2022-04-21,Healthcare,0.8,5,5,17,0.6
2022-04-21,Industrials,0.4,5,5,12,0.8
2022-04-21,Materials,0.6,5,5,20,0.0
2022-04-21,RealEstate,0.0,5,5,11,0.2
2022-04-21,Tech,0.8,5,5,23,0.4
2022-04-21,Utilities,0.44000000000000006,5,5,18,0.0
2022-04-22,Comm,0.13333333333333333,5,4,12,0.6692307692307693
2022-04-22,Consumer,0.8,5,5,24,0.72
2022-04-22,Energy,0.6222222222222222,5,5,28,0.4
2022-04-22,Financials,0.8666666666666666,5,5,19,0.5
2022-04-22,Healthcare,0.8,5,4,9,0.8
2022-04-22,Industrials,0.0,5,5,11,0.4
2022-04-22,Materials,0.38857142857142857,5,4,20,0.6
2022-04-22,RealEstate,0.0,5,2,3,0.0
2022-04-22,Tech,0.0,5,5,9,0.8
2022-04-22,Utilities,0.4,5,5,13,0.44000000000000006
2022-04-25,Comm,0.2,5,3,17,0.13333333333333333
2022-04-25,Consumer,0.7505494505494505,5,5,58,0.8
2022-04-25,Energy,0.9,5,5,48,0.6222222222222222
2022-04-25,Financials,0.6666666666666666,5,5,30,0.8666666666666666
2022-04-25,Healthcare,1.0,5,5,26,0.8
2022-04-25,Industrials,0.8,5,5,24,0.0
2022-04-25,Materials,0.4,5,5,15,0.38857142857142857
2022-04-25,RealEstate,0.2,5,5,7,0.0
2022-04-25,Tech,1.0,5,5,39,0.0
2022-04-25,Utilities,0.8,5,4,13,0.4
2022-04-26,Comm,0.2,5,4,13,0.2
2022-04-26,Consumer,0.8666666666666666,5,5,17,0.7505494505494505
2022-04-26,Energy,0.5333333333333333,5,4,25,0.9
2022-04-26,Financials,1.0,5,5,28,0.6666666666666666
2022-04-26,Healthcare,0.42857142857142855,5,5,25,1.0
2022-04-26,Industrials,-0.2767676767676768,5,5,60,0.8
2022-04-26,Materials,0.06666666666666665,5,4,13,0.4
2022-04-26,RealEstate,0.0,5,4,5,0.2
2022-04-26,Tech,0.4,5,5,22,1.0
2022-04-26,Utilities,0.2,5,4,4,0.8
2022-04-27,Comm,0.8,5,4,18,0.2
2022-04-27,Consumer,0.8666666666666666,5,5,28,0.8666666666666666
2022-04-27,Energy,0.6666666666666667,5,5,28,0.5333333333333333
2022-04-27,Financials,0.0,5,4,26,1.0
2022-04-27,Healthcare,0.06666666666666667,5,5,20,0.42857142857142855
2022-04-27,Industrials,0.2,5,5,31,-0.2767676767676768
2022-04-27,Materials,0.2,5,2,3,0.06666666666666665
2022-04-27,RealEstate,0.32,5,4,15,0.0
2022-04-27,Tech,0.8,5,5,32,0.4
2022-04-27,Utilities,-0.4,5,3,6,0.2
2022-04-28,Comm,0.6,5,5,14,0.8
2022-04-28,Consumer,0.0,5,5,13,0.8666666666666666
2022-04-28,Energy,0.64,5,5,33,0.6666666666666667
2022-04-28,Financials,0.6,5,5,18,0.0
2022-04-28,Healthcare,0.8,5,5,31,0.06666666666666667
2022-04-28,Industrials,0.8,5,5,23,0.2
2022-04-28,Materials,0.2,5,3,6,0.2
2022-04-28,RealEstate,0.2,5,2,4,0.32
2022-04-28,Tech,0.72,5,4,46,0.8
2022-04-28,Utilities,0.7666666666666667,5,5,23,-0.4
2022-04-29,Comm,0.4,5,4,12,0.6
2022-04-29,Consumer,0.8,5,5,32,0.0
2022-04-29,Energy,0.17454545454545453,5,5,58,0.64
2022-04-29,Financials,0.0,5,3,5,0.6
2022-04-29,Healthcare,0.13333333333333336,5,5,23,0.8
2022-04-29,Industrials,0.7333333333333333,5,5,18,0.8
2022-04-29,Materials,0.0,5,1,1,0.2
2022-04-29,RealEstate,0.4,5,4,9,0.2
2022-04-29,Tech,0.26666666666666666,5,5,27,0.72
2022-04-29,Utilities,0.0,5,3,9,0.7666666666666667
2022-05-02,Comm,0.8,5,5,12,0.4
2022-05-02,Consumer,0.7666666666666666,5,5,25,0.8
2022-05-02,Energy,0.6,5,4,35,0.17454545454545453
2022-05-02,Financials,0.3333333333333333,5,4,14,0.0
2022-05-02,Healthcare,0.8,5,5,13,0.13333333333333336
2022-05-02,Industrials,-0.2,5,5,14,0.7333333333333333
2022-05-02,Materials,0.0,5,3,3,0.0
2022-05-02,RealEstate,0.2,5,3,5,0.4
2022-05-02,Tech,0.44000000000000006,5,5,33,0.26666666666666666
2022-05-02,Utilities,0.6,5,3,12,0.0
2022-05-03,Comm,0.2,5,3,7,0.8
2022-05-03,Consumer,0.7,5,5,25,0.7666666666666666
2022-05-03,Energy,0.6333333333333333,5,5,31,0.6
2022-05-03,Financials,-0.26666666666666666,5,5,13,0.3333333333333333
2022-05-03,Healthcare,0.0,5,2,3,0.8
2022-05-03,Industrials,0.3,5,4,7,-0.2
2022-05-03,Materials,0.1,5,1,9,0.0
2022-05-03,RealEstate,0.2,5,2,4,0.2
2022-05-03,Tech,0.8,5,5,41,0.44000000000000006
2022-05-03,Utilities,0.6,5,5,10,0.6
2022-05-04,Comm,0.0,5,4,5,0.2
2022-05-04,Consumer,0.3,5,5,31,0.7
2022-05-04,Energy,0.4,5,4,20,0.6333333333333333
2022-05-04,Financials,0.0,5,3,7,-0.26666666666666666
2022-05-04,Healthcare,0.4,5,4,6,0.0
2022-05-04,Industrials,0.0,5,5,8,0.3
2022-05-04,Materials,0.13333333333333336,5,2,3,0.1
2022-05-04,RealEstate,0.0,5,4,7,0.2
2022-05-04,Tech,0.6666666666666667,5,4,45,0.8
2022-05-04,Utilities,0.4666666666666666,5,3,11,0.6
2022-05-05,Comm,0.6,5,4,9,0.0
2022-05-05,Consumer,0.6,5,5,21,0.3
2022-05-05,Energy,0.8,5,5,40,0.4
2022-05-05,Financials,0.2,5,5,13,0.0
2022-05-05,Healthcare,0.8,5,5,14,0.4
2022-05-05,Industrials,0.5333333333333334,5,5,18,0.0
2022-05-05,Materials,0.2,5,2,3,0.13333333333333336
2022-05-05,RealEstate,0.2,5,2,4,0.0
2022-05-05,Tech,0.6,5,5,25,0.6666666666666667
2022-05-05,Utilities,0.8,5,5,19,0.4666666666666666
2022-05-06,Comm,0.26666666666666666,5,5,14,0.6
2022-05-06,Consumer,0.4666666666666666,5,5,30,0.6
2022-05-06,Energy,0.8,5,5,27,0.8
2022-05-06,Financials,0.0,5,5,20,0.2
2022-05-06,Healthcare,0.1,5,4,8,0.8
2022-05-06,Industrials,0.2,5,3,3,0.5333333333333334
2022-05-06,Materials,0.2,5,3,5,0.2
2022-05-06,RealEstate,0.2,5,3,6,0.2
2022-05-06,Tech,0.5,5,5,23,0.6
2022-05-06,Utilities,-0.30666666666666664,5,4,14,0.8
2022-05-09,Comm,-0.4,5,5,14,0.26666666666666666
2022-05-09,Consumer,0.0,5,5,29,0.4666666666666666
2022-05-09,Energy,0.72,5,4,34,0.8
2022-05-09,Financials,0.8,5,4,13,0.0
2022-05-09,Healthcare,0.2,5,2,4,0.1
2022-05-09,Industrials,0.33333333333333337,5,5,17,0.2
2022-05-09,Materials,0.0,5,2,2,0.2
2022-05-09,RealEstate,0.0,5,5,7,0.2
2022-05-09,Tech,0.8400000000000001,5,5,33,0.5
2022-05-09,Utilities,0.24,5,4,12,-0.30666666666666664
2022-05-10,Comm,-0.2,5,4,11,-0.4
2022-05-10,Consumer,0.6666666666666666,5,5,24,0.0
2022-05-10,Energy,0.6,5,5,19,0.72
2022-05-10,Financials,-0.2,5,4,13,0.8
2022-05-10,Healthcare,0.6,5,5,13,0.2
2022-05-10,Industrials,0.5,5,4,12,0.33333333333333337
2022-05-10,Materials,0.4,5,4,8,0.0
2022-05-10,RealEstate,1.0,5,5,15,0.0
2022-05-10,Tech,0.8,5,5,25,0.8400000000000001
2022-05-10,Utilities,0.0,5,1,1,0.24
2022-05-11,Comm,0.4,5,3,14,-0.2
2022-05-11,Consumer,0.4666666666666666,5,5,26,0.6666666666666666
2022-05-11,Energy,0.4,5,4,23,0.6
2022-05-11,Financials,0.26666666666666666,5,5,14,-0.2
2022-05-11,Healthcare,0.32,5,5,15,0.6
2022-05-11,Industrials,0.2,5,5,16,0.5
2022-05-11,Materials,0.0,5,1,1,0.4
2022-05-11,RealEstate,0.2,5,3,5,1.0
2022-05-11,Tech,0.52,5,5,21,0.8
2022-05-11,Utilities,-0.2,5,3,5,0.0
2022-05-12,Comm,-0.2,5,4,11,0.4
2022-05-12,Consumer,0.16,5,5,33,0.4666666666666666
2022-05-12,Energy,0.3,5,5,31,0.4
2022-05-12,Financials,0.0,5,4,11,0.26666666666666666
2022-05-12,Healthcare,0.3,5,5,14,0.32
2022-05-12,Industrials,0.0,5,4,11,0.2
2022-05-12,Materials,0.0,5,4,8,0.0
2022-05-12,RealEstate,0.4,5,3,5,0.2
2022-05-12,Tech,-0.051428571428571435,5,5,34,0.52
2022-05-12,Utilities,0.2,5,3,6,-0.2
2022-05-13,Comm,0.5,5,3,7,-0.2
2022-05-13,Consumer,0.039999999999999994,5,5,22,0.16
2022-05-13,Energy,-0.09523809523809526,5,4,34,0.3
2022-05-13,Financials,0.6666666666666666,5,5,21,0.0
2022-05-13,Healthcare,0.6,5,4,12,0.3
2022-05-13,Industrials,0.4,5,4,11,0.0
2022-05-13,Materials,0.2,5,2,3,0.0
2022-05-13,RealEstate,0.8,5,4,5,0.4
2022-05-13,Tech,0.5555555555555556,5,5,24,-0.051428571428571435
2022-05-13,Utilities,0.4,5,2,4,0.2
2022-05-16,Comm,0.4,5,3,10,0.5
2022-05-16,Consumer,0.37777777777777777,5,5,60,0.039999999999999994
2022-05-16,Energy,0.42000000000000004,5,5,48,-0.09523809523809526
2022-05-16,Financials,-0.12,5,5,22,0.6666666666666666
2022-05-16,Healthcare,0.6,5,5,20,0.6
2022-05-16,Industrials,0.6,5,5,9,0.4
2022-05-16,Materials,0.2,5,1,4,0.2
2022-05-16,RealEstate,0.4,5,4,9,0.8
2022-05-16,Tech,0.4666666666666666,5,5,22,0.5555555555555556
2022-05-16,Utilities,0.2,5,2,2,0.4
2022-05-17,Comm,0.42000000000000004,5,5,22,0.4
2022-05-17,Consumer,0.75,5,4,47,0.37777777777777777
2022-05-17,Energy,0.26666666666666666,5,4,24,0.42000000000000004
2022-05-17,Financials,0.2,5,5,19,-0.12
2022-05-17,Healthcare,0.4666666666666666,5,4,14,0.6
2022-05-17,Industrials,0.4666666666666666,5,5,14,0.6
2022-05-17,Materials,0.33333333333333337,5,4,10,0.2
2022-05-17,RealEstate,0.4,5,4,9,0.4
2022-05-17,Tech,0.6,5,5,35,0.4666666666666666
2022-05-17,Utilities,0.4,5,5,5,0.2
2022-05-18,Comm,0.2,5,5,11,0.42000000000000004
2022-05-18,Consumer,0.4666666666666667,5,5,41,0.75
2022-05-18,Energy,0.7,5,5,29,0.26666666666666666
2022-05-18,Financials,-0.4,5,5,12,0.2
2022-05-18,Healthcare,0.4,5,5,11,0.4666666666666666
2022-05-18,Industrials,-0.04,5,5,16,0.4666666666666666
2022-05-18,Materials,0.0,5,1,1,0.33333333333333337
2022-05-18,RealEstate,0.4,5,3,5,0.4
2022-05-18,Tech,0.4666666666666667,5,5,20,0.6
2022-05-18,Utilities,0.0,5,2,2,0.4
2022-05-19,Comm,0.2,5,3,10,0.2
2022-05-19,Consumer,0.04,5,5,39,0.4666666666666667
2022-05-19,Energy,0.26666666666666666,5,4,21,0.7
2022-05-19,Financials,0.26666666666666666,5,5,18,-0.4
2022-05-19,Healthcare,0.4,5,4,11,0.4
2022-05-19,Industrials,0.6,5,3,9,-0.04
2022-05-19,Materials,0.2,5,3,5,0.0
2022-05-19,RealEstate,0.6,5,4,8,0.4
2022-05-19,Tech,0.7,5,4,25,0.4666666666666667
2022-05-19,Utilities,0.2,5,2,3,0.0
2022-05-20,Comm,-0.2,5,5,7,0.2
2022-05-20,Consumer,0.4,5,5,43,0.04
2022-05-20,Energy,0.64,5,4,19,0.26666666666666666
2022-05-20,Financials,0.0,5,4,10,0.26666666666666666
2022-05-20,Healthcare,-0.2,5,5,13,0.4
2022-05-20,Industrials,0.4,5,3,16,0.6
2022-05-20,Materials,0.4,5,3,4,0.2
2022-05-20,RealEstate,0.0,5,5,11,0.6
2022-05-20,Tech,0.4666666666666667,5,5,21,0.7
2022-05-20,Utilities,0.0,5,3,9,0.2
2022-05-23,Comm,0.1,5,4,9,-0.2
2022-05-23,Consumer,0.7692307692307693,5,5,45,0.4
2022-05-23,Energy,0.6,5,5,19,0.64
2022-05-23,Financials,0.0,5,5,21,0.0
2022-05-23,Healthcare,0.6,5,5,17,-0.2
2022-05-23,Industrials,0.4,5,4,10,0.4
2022-05-23,Materials,0.4,5,3,6,0.4
2022-05-23,RealEstate,0.8,5,5,14,0.0
2022-05-23,Tech,0.8857142857142858,5,5,37,0.4666666666666667
2022-05-23,Utilities,0.2,5,4,8,0.0
2022-05-24,Comm,0.4,5,5,11,0.1
2022-05-24,Consumer,0.55,5,5,28,0.7692307692307693
2022-05-24,Energy,0.7333333333333333,5,5,22,0.6
2022-05-24,Financials,0.6,5,5,13,0.0
2022-05-24,Healthcare,0.0,5,4,12,0.6
2022-05-24,Industrials,0.4,5,3,7,0.4
2022-05-24,Materials,0.0,5,2,2,0.4
2022-05-24,RealEstate,0.4,5,3,4,0.8
2022-05-24,Tech,0.32,5,5,14,0.8857142857142858
2022-05-24,Utilities,0.2,5,2,5,0.2
2022-05-25,Comm,0.2,5,5,11,0.4
2022-05-25,Consumer,0.32,5,5,28,0.55
2022-05-25,Energy,0.48571428571428565,5,4,26,0.7333333333333333
2022-05-25,Financials,0.2,5,3,5,0.6
2022-05-25,Healthcare,0.8,5,4,16,0.0
2022-05-25,Industrials,0.8,5,4,11,0.4
2022-05-25,Materials,0.2,5,3,5,0.0
2022-05-25,RealEstate,0.8,5,4,5,0.4
2022-05-25,Tech,0.8,5,5,36,0.32
2022-05-25,Utilities,-0.2,5,3,4,0.2
2022-05-26,Comm,0.2,5,5,11,0.2
2022-05-26,Consumer,0.8909090909090909,5,5,28,0.32
2022-05-26,Energy,0.3,5,5,23,0.48571428571428565
2022-05-26,Financials,0.8,5,5,17,0.2
2022-05-26,Healthcare,0.4,5,5,24,0.8
2022-05-26,Industrials,0.4,5,4,14,0.8
2022-05-26,Materials,0.4,5,4,7,0.2
2022-05-26,RealEstate,0.6,5,3,4,0.8
2022-05-26,Tech,0.9199999999999999,5,5,31,0.8
2022-05-26,Utilities,0.2,5,2,3,-0.2
2022-05-27,Comm,0.6,5,4,9,0.2
2022-05-27,Consumer,0.6,5,5,17,0.8909090909090909
2022-05-27,Energy,0.8,5,5,20,0.3
2022-05-27,Financials,0.0,5,5,7,0.8
2022-05-27,Healthcare,0.6,5,4,14,0.4
2022-05-27,Industrials,0.4,5,5,9,0.4
2022-05-27,Materials,0.2,5,2,2,0.4
2022-05-27,RealEstate,0.2,5,4,5,0.6
2022-05-27,Tech,0.4,5,5,17,0.9199999999999999
2022-05-27,Utilities,0.2,5,1,1,0.2
2022-05-31,Comm,0.34285714285714286,5,3,10,0.6
2022-05-31,Consumer,0.7555555555555555,5,5,26,0.6
2022-05-31,Energy,0.8,5,5,31,0.8
2022-05-31,Financials,0.0,5,5,17,0.0
2022-05-31,Healthcare,0.6,5,5,18,0.6
2022-05-31,Industrials,0.4666666666666666,5,4,11,0.4
2022-05-31,Materials,0.2,5,3,4,0.2
2022-05-31,RealEstate,0.4,5,3,6,0.2
2022-05-31,Tech,0.8,5,5,27,0.4
2022-05-31,Utilities,0.4,5,5,10,0.2
2022-06-01,Comm,-0.2,5,2,5,0.34285714285714286
2022-06-01,Consumer,0.9555555555555555,5,5,28,0.7555555555555555
2022-06-01,Energy,0.8,5,5,21,0.8
2022-06-01,Financials,0.4,5,4,15,0.0
2022-06-01,Healthcare,0.4,5,4,9,0.6
2022-06-01,Industrials,0.0,5,5,13,0.4666666666666666
2022-06-01,Materials,0.2,5,4,8,0.2
2022-06-01,RealEstate,0.2,5,2,3,0.4
2022-06-01,Tech,0.8,5,4,19,0.8
2022-06-01,Utilities,0.2,5,4,6,0.4
2022-06-02,Comm,0.2,5,5,8,-0.2
2022-06-02,Consumer,0.8,5,5,16,0.9555555555555555
2022-06-02,Energy,0.6,5,5,21,0.8
2022-06-02,Financials,-0.4,5,4,11,0.4
2022-06-02,Healthcare,0.0,5,5,11,0.4
2022-06-02,Industrials,0.4666666666666666,5,4,14,0.0
2022-06-02,Materials,0.0,5,3,3,0.2
2022-06-02,RealEstate,0.2,5,4,6,0.2
2022-06-02,Tech,0.9555555555555555,5,5,27,0.8
2022-06-02,Utilities,0.0,5,2,3,0.2
2022-06-03,Comm,0.0,5,4,13,0.2
2022-06-03,Consumer,0.0,5,4,14,0.8
2022-06-03,Energy,0.4,5,5,18,0.6
2022-06-03,Financials,-0.2,5,4,9,-0.4
2022-06-03,Healthcare,0.4,5,4,10,0.0
2022-06-03,Industrials,0.6,5,3,8,0.4666666666666666
2022-06-03,Materials,0.0,5,2,2,0.0
2022-06-03,RealEstate,0.0,5,4,8,0.2
2022-06-03,Tech,0.6,5,5,23,0.9555555555555555
2022-06-03,Utilities,0.2,5,3,6,0.0
2022-06-06,Comm,0.2,5,5,8,0.0
2022-06-06,Consumer,0.8,5,4,36,0.0
2022-06-06,Energy,0.6857142857142857,5,4,24,0.4
2022-06-06,Financials,0.8,5,5,14,-0.2
2022-06-06,Healthcare,0.4,5,5,22,0.4
2022-06-06,Industrials,0.8,5,4,12,0.6
2022-06-06,Materials,0.6,5,4,5,0.0
2022-06-06,RealEstate,0.4,5,3,9,0.0
2022-06-06,Tech,0.4,5,5,17,0.6
2022-06-06,Utilities,0.0,5,3,6,0.2
2022-06-07,Comm,0.4,5,2,6,0.2
2022-06-07,Consumer,0.4,5,5,30,0.8
2022-06-07,Energy,0.4,5,5,23,0.6857142857142857
2022-06-07,Financials,0.2,5,5,13,0.8
2022-06-07,Healthcare,0.4,5,2,5,0.4
2022-06-07,Industrials,0.8,5,5,8,0.8
2022-06-07,Materials,0.4,5,4,5,0.6
2022-06-07,RealEstate,0.6,5,5,8,0.4
2022-06-07,Tech,0.6666666666666667,5,5,22,0.4
2022-06-07,Utilities,0.2,5,4,5,0.0
2022-06-08,Comm,0.4,5,3,9,0.4
2022-06-08,Consumer,0.06666666666666667,5,4,18,0.4
2022-06-08,Energy,0.8,5,5,27,0.4
2022-06-08,Financials,0.0,5,3,10,0.2
2022-06-08,Healthcare,0.2,5,4,6,0.4
2022-06-08,Industrials,0.4,5,4,7,0.8
2022-06-08,Materials,0.2,5,2,3,0.4
2022-06-08,RealEstate,0.4,5,2,7,0.6
2022-06-08,Tech,0.3,5,4,27,0.6666666666666667
2022-06-08,Utilities,0.2,5,3,3,0.2
2022-06-09,Comm,0.6,5,5,14,0.4
2022-06-09,Consumer,0.4,5,5,23,0.06666666666666667
2022-06-09,Energy,0.4,5,4,10,0.8
2022-06-09,Financials,0.0,5,3,11,0.0
2022-06-09,Healthcare,0.0,5,4,7,0.2
2022-06-09,Industrials,0.8,5,4,19,0.4
2022-06-09,Materials,0.4,5,4,5,0.2
2022-06-09,RealEstate,0.26666666666666666,5,2,4,0.4
2022-06-09,Tech,-0.4666666666666667,5,5,15,0.3
2022-06-09,Utilities,0.2,5,5,11,0.2
2022-06-10,Comm,0.2,5,5,10,0.6
2022-06-10,Consumer,1.0,5,5,24,0.4
2022-06-10,Energy,0.6,5,5,19,0.4
2022-06-10,Financials,0.0,5,4,14,0.0
2022-06-10,Healthcare,0.6,5,4,12,0.0
2022-06-10,Industrials,0.26666666666666666,5,3,10,0.8
2022-06-10,Materials,0.2,5,3,5,0.4
2022-06-10,RealEstate,0.6,5,4,9,0.26666666666666666
2022-06-10,Tech,0.4666666666666667,5,5,18,-0.4666666666666667
2022-06-10,Utilities,0.6,5,4,8,0.2
2022-06-13,Comm,0.2,5,5,10,0.2
2022-06-13,Consumer,0.9199999999999999,5,5,42,1.0
2022-06-13,Energy,0.8,5,4,28,0.6
2022-06-13,Financials,0.06666666666666667,5,5,14,0.0
2022-06-13,Healthcare,0.8,5,4,15,0.6
2022-06-13,Industrials,0.13333333333333333,5,5,20,0.26666666666666666
2022-06-13,Materials,0.4,5,3,10,0.2
2022-06-13,RealEstate,0.6,5,4,12,0.6
2022-06-13,Tech,0.9428571428571428,5,5,36,0.4666666666666667
2022-06-13,Utilities,0.2,5,5,11,0.6
2022-06-14,Comm,0.1,5,4,11,0.2
2022-06-14,Consumer,0.2,5,4,20,0.9199999999999999
2022-06-14,Energy,0.4,5,4,19,0.8
2022-06-14,Financials,0.2,5,5,23,0.06666666666666667
2022-06-14,Healthcare,0.0,5,5,11,0.8
2022-06-14,Industrials,0.4666666666666666,5,5,14,0.13333333333333333
2022-06-14,Materials,0.4,5,4,7,0.4
2022-06-14,RealEstate,0.8,5,5,8,0.6
2022-06-14,Tech,0.8,5,5,19,0.9428571428571428
2022-06-14,Utilities,0.2,5,3,8,0.2
2022-06-15,Comm,0.6,5,5,10,0.1
2022-06-15,Consumer,-0.04761904761904764,5,5,22,0.2
2022-06-15,Energy,0.6,5,5,16,0.4
2022-06-15,Financials,1.0,5,5,15,0.2
2022-06-15,Healthcare,0.06666666666666667,5,5,15,0.0
2022-06-15,Industrials,0.6,5,5,18,0.4666666666666666
2022-06-15,Materials,0.8,5,4,10,0.4
2022-06-15,RealEstate,0.4,5,3,9,0.8
2022-06-15,Tech,0.8666666666666666,5,5,20,0.8
2022-06-15,Utilities,0.4,5,3,4,0.2
2022-06-16,Comm,0.12,5,5,13,0.6
2022-06-16,Consumer,0.5333333333333333,5,5,22,-0.04761904761904764
2022-06-16,Energy,0.2,5,5,10,0.6
2022-06-16,Financials,0.6,5,5,18,1.0
2022-06-16,Healthcare,0.2,5,4,4,0.06666666666666667
2022-06-16,Industrials,0.06666666666666667,5,5,17,0.6
2022-06-16,Materials,0.2,5,2,6,0.8
2022-06-16,RealEstate,0.2,5,4,5,0.4
2022-06-16,Tech,0.52,5,5,30,0.8666666666666666
2022-06-16,Utilities,0.2,5,5,9,0.4
2022-06-17,Comm,0.0,5,4,9,0.12
2022-06-17,Consumer,1.0,5,5,17,0.5333333333333333
2022-06-17,Energy,0.9,5,5,24,0.2
2022-06-17,Financials,0.2,5,5,13,0.6
2022-06-17,Healthcare,0.6,5,4,11,0.2
2022-06-17,Industrials,0.33333333333333337,5,3,9,0.06666666666666667
2022-06-17,Materials,0.0,5,2,6,0.2
2022-06-17,RealEstate,0.6,5,3,8,0.2
2022-06-17,Tech,0.6,5,4,19,0.52
2022-06-17,Utilities,0.2,5,5,6,0.2
2022-06-21,Comm,0.72,5,4,12,0.0
2022-06-21,Consumer,0.4533333333333333,5,5,48,1.0
2022-06-21,Energy,0.4333333333333333,5,4,39,0.9
2022-06-21,Financials,0.24,5,5,26,0.2
2022-06-21,Healthcare,0.6,5,4,18,0.6
2022-06-21,Industrials,1.0,5,5,18,0.33333333333333337
2022-06-21,Materials,0.4,5,4,5,0.0
2022-06-21,RealEstate,0.8,5,4,11,0.6
2022-06-21,Tech,0.7,5,5,33,0.6
2022-06-21,Utilities,0.2,5,3,7,0.2
2022-06-22,Comm,0.4,5,3,8,0.72
2022-06-22,Consumer,0.30666666666666664,5,5,23,0.4533333333333333
2022-06-22,Energy,-0.006349206349206338,5,5,38,0.4333333333333333
2022-06-22,Financials,0.2,5,3,8,0.24
2022-06-22,Healthcare,0.6,5,5,20,0.6
2022-06-22,Industrials,0.2,5,5,19,1.0
2022-06-22,Materials,0.2,5,3,9,0.4
2022-06-22,RealEstate,0.4,5,2,4,0.8
2022-06-22,Tech,1.0,5,5,20,0.7
2022-06-22,Utilities,1.0,5,5,11,0.2
2022-06-23,Comm,0.0,5,3,9,0.4
2022-06-23,Consumer,0.6666666666666666,5,5,29,0.30666666666666664
2022-06-23,Energy,0.8833333333333332,5,5,40,-0.006349206349206338
2022-06-23,Financials,0.32857142857142857,5,5,25,0.2
2022-06-23,Healthcare,0.8,5,5,15,0.6
2022-06-23,Industrials,0.4,5,5,17,0.2
2022-06-23,Materials,0.6,5,5,12,0.2
2022-06-23,RealEstate,0.4,5,4,6,0.4
2022-06-23,Tech,0.8,5,5,22,1.0
2022-06-23,Utilities,0.6,5,3,6,1.0
2022-06-24,Comm,0.4,5,2,6,0.0
2022-06-24,Consumer,0.8,5,5,24,0.6666666666666666
2022-06-24,Energy,0.8,5,5,18,0.8833333333333332
2022-06-24,Financials,0.4,5,5,22,0.32857142857142857
2022-06-24,Healthcare,0.6,5,4,11,0.8
2022-06-24,Industrials,0.2,5,3,6,0.4
2022-06-24,Materials,0.0,5,2,2,0.6
2022-06-24,RealEstate,0.4,5,3,4,0.4
2022-06-24,Tech,0.6,5,5,24,0.8
2022-06-24,Utilities,0.0,5,2,2,0.6
2022-06-27,Comm,0.4,5,4,11,0.4
2022-06-27,Consumer,0.819047619047619,5,5,51,0.8
2022-06-27,Energy,0.4,5,5,26,0.8
2022-06-27,Financials,0.8095238095238095,5,5,27,0.4
2022-06-27,Healthcare,0.6,5,4,22,0.6
2022-06-27,Industrials,1.0,5,5,24,0.2
2022-06-27,Materials,0.6,5,4,10,0.0
2022-06-27,RealEstate,0.4,5,5,8,0.4
2022-06-27,Tech,1.0,5,5,37,0.6
2022-06-27,Utilities,0.4,5,2,9,0.0
2022-06-28,Comm,0.4,5,4,5,0.4
2022-06-28,Consumer,0.5333333333333333,5,5,37,0.819047619047619
2022-06-28,Energy,0.30666666666666664,5,5,32,0.4
2022-06-28,Financials,0.42666666666666664,5,4,26,0.8095238095238095
2022-06-28,Healthcare,-0.2,5,3,7,0.6
2022-06-28,Industrials,0.0,5,5,13,1.0
2022-06-28,Materials,0.4,5,3,4,0.6
2022-06-28,RealEstate,0.4,5,5,8,0.4
2022-06-28,Tech,0.8,5,5,27,1.0
2022-06-28,Utilities,0.4,5,4,7,0.4
2022-06-29,Comm,0.2,5,2,7,0.4
2022-06-29,Consumer,0.4666666666666667,5,5,31,0.5333333333333333
2022-06-29,Energy,0.6857142857142857,5,4,27,0.30666666666666664
2022-06-29,Financials,0.2,5,4,15,0.42666666666666664
2022-06-29,Healthcare,0.4,5,4,16,-0.2
2022-06-29,Industrials,0.6,5,5,13,0.0
2022-06-29,Materials,0.2,5,2,3,0.4
2022-06-29,RealEstate,0.4,5,4,7,0.4
2022-06-29,Tech,0.52,5,5,29,0.8
2022-06-29,Utilities,0.4,5,4,8,0.4
2022-06-30,Comm,0.8,5,5,14,0.2
2022-06-30,Consumer,0.76,5,5,30,0.4666666666666667
2022-06-30,Energy,0.7,5,5,20,0.6857142857142857
2022-06-30,Financials,0.72,5,5,18,0.2
2022-06-30,Healthcare,0.06666666666666667,5,3,8,0.4
2022-06-30,Industrials,0.2,5,4,10,0.6
2022-06-30,Materials,0.2,5,2,3,0.2
2022-06-30,RealEstate,0.2,5,2,3,0.4
2022-06-30,Tech,-0.24,5,5,31,0.52
2022-06-30,Utilities,0.4,5,5,6,0.4
2022-07-01,Comm,0.2,5,4,8,0.8
2022-07-01,Consumer,0.6,5,4,18,0.76
2022-07-01,Energy,0.34285714285714286,5,5,21,0.7
2022-07-01,Financials,0.4,5,5,10,0.72
2022-07-01,Healthcare,0.6,5,4,12,0.06666666666666667
2022-07-01,Industrials,0.2,5,3,8,0.2
2022-07-01,Materials,0.2,5,2,2,0.2
2022-07-01,RealEstate,0.4,5,5,6,0.2
2022-07-01,Tech,0.2,5,5,23,-0.24
2022-07-01,Utilities,0.2,5,3,4,0.4
2022-07-05,Comm,0.6,5,4,17,0.2
2022-07-05,Consumer,0.5428571428571429,5,5,40,0.6
2022-07-05,Energy,0.13333333333333333,5,5,55,0.34285714285714286
2022-07-05,Financials,0.6,5,4,16,0.4
2022-07-05,Healthcare,0.7333333333333333,5,5,24,0.6
2022-07-05,Industrials,0.4,5,4,17,0.2
2022-07-05,Materials,0.8,5,4,11,0.2
2022-07-05,RealEstate,0.4,5,4,9,0.4
2022-07-05,Tech,0.6,5,4,32,0.2
2022-07-05,Utilities,-0.06666666666666667,5,3,7,0.2
2022-07-06,Comm,0.2,5,3,8,0.6
2022-07-06,Consumer,0.6,5,5,23,0.5428571428571429
2022-07-06,Energy,1.0,5,5,28,0.13333333333333333
2022-07-06,Financials,0.0,5,5,11,0.6
2022-07-06,Healthcare,0.4,5,5,13,0.7333333333333333
2022-07-06,Industrials,0.72,5,5,11,0.4
2022-07-06,Materials,0.6,5,4,4,0.8
2022-07-06,RealEstate,0.6,5,4,6,0.4
2022-07-06,Tech,0.6,5,5,18,0.6
2022-07-06,Utilities,0.4,5,3,4,-0.06666666666666667
2022-07-07,Comm,0.0,5,1,1,0.2
2022-07-07,Consumer,0.4,5,5,17,0.6
2022-07-07,Energy,0.6,5,5,21,1.0
2022-07-07,Financials,0.2,5,5,17,0.0
2022-07-07,Healthcare,0.5666666666666667,5,4,13,0.4
2022-07-07,Industrials,0.8,5,5,18,0.72
2022-07-07,Materials,0.6,5,4,6,0.6
2022-07-07,RealEstate,0.6,5,4,8,0.6
2022-07-07,Tech,1.0,5,5,37,0.6
2022-07-07,Utilities,0.26666666666666666,5,3,4,0.4
2022-07-08,Comm,0.4,5,2,8,0.0
2022-07-08,Consumer,0.2,5,4,12,0.4
2022-07-08,Energy,0.0,5,4,17,0.6
2022-07-08,Financials,-0.2,5,5,13,0.2
2022-07-08,Healthcare,0.4,5,5,9,0.5666666666666667
2022-07-08,Industrials,0.26666666666666666,5,4,10,0.8
2022-07-08,Materials,0.2,5,2,3,0.6
2022-07-08,RealEstate,0.4,5,3,4,0.6
2022-07-08,Tech,0.4,5,5,13,1.0
2022-07-08,Utilities,0.0,5,4,7,0.26666666666666666
2022-07-11,Comm,0.6857142857142857,5,5,19,0.4
2022-07-11,Consumer,0.2,5,4,27,0.2
2022-07-11,Energy,0.06666666666666665,5,4,30,0.0
2022-07-11,Financials,0.29333333333333333,5,5,36,-0.2
2022-07-11,Healthcare,0.7428571428571429,5,5,25,0.4
2022-07-11,Industrials,0.4,5,4,10,0.26666666666666666
2022-07-11,Materials,0.4,5,5,6,0.2
2022-07-11,RealEstate,0.6,5,5,8,0.4
2022-07-11,Tech,1.0,5,5,21,0.4
2022-07-11,Utilities,0.2,5,4,7,0.0
2022-07-12,Comm,0.0,5,5,9,0.6857142857142857
2022-07-12,Consumer,0.6666666666666667,5,5,31,0.2
2022-07-12,Energy,0.4,5,5,20,0.06666666666666665
2022-07-12,Financials,-0.2,5,4,22,0.29333333333333333
2022-07-12,Healthcare,0.0,5,5,17,0.7428571428571429
2022-07-12,Industrials,0.2,5,4,14,0.4
2022-07-12,Materials,0.0,5,1,1,0.4
2022-07-12,RealEstate,0.0,5,4,4,0.6
2022-07-12,Tech,0.8,5,5,22,1.0
2022-07-12,Utilities,0.0,5,0,0,0.2
2022-07-13,Comm,0.2,5,4,7,0.0
2022-07-13,Consumer,0.8,5,5,19,0.6666666666666667
2022-07-13,Energy,0.7333333333333333,5,5,23,0.4
2022-07-13,Financials,0.33333333333333337,5,5,23,-0.2
2022-07-13,Healthcare,1.0,5,5,25,0.0
2022-07-13,Industrials,0.1,5,5,14,0.2
2022-07-13,Materials,0.4,5,2,4,0.0
2022-07-13,RealEstate,0.4,5,3,5,0.0
2022-07-13,Tech,0.4666666666666667,5,5,22,0.8
2022-07-13,Utilities,0.0,5,3,3,0.0
2022-07-14,Comm,0.2,5,3,8,0.2
2022-07-14,Consumer,1.0,5,5,23,0.8
2022-07-14,Energy,0.6,5,5,31,0.7333333333333333
2022-07-14,Financials,-0.31999999999999995,5,4,50,0.33333333333333337
2022-07-14,Healthcare,0.4,5,4,13,1.0
2022-07-14,Industrials,0.4,5,5,9,0.1
2022-07-14,Materials,-0.2,5,4,7,0.4
2022-07-14,RealEstate,0.2,5,3,5,0.4
2022-07-14,Tech,0.54,5,5,28,0.4666666666666667
2022-07-14,Utilities,0.26666666666666666,5,3,6,0.0
2022-07-15,Comm,0.0,5,3,4,0.2
2022-07-15,Consumer,0.64,5,5,24,1.0
2022-07-15,Energy,0.5,5,5,19,0.6
2022-07-15,Financials,0.6380952380952382,5,5,55,-0.31999999999999995
2022-07-15,Healthcare,0.72,5,5,17,0.4
2022-07-15,Industrials,0.6,5,4,13,0.4
2022-07-15,Materials,-0.2,5,1,1,-0.2
2022-07-15,RealEstate,0.6,5,4,9,0.2
2022-07-15,Tech,0.6,5,5,17,0.54
2022-07-15,Utilities,0.4,5,3,8,0.26666666666666666
2022-07-18,Comm,0.0,5,4,18,0.0
2022-07-18,Consumer,1.0,5,5,31,0.64
2022-07-18,Energy,0.8,5,5,25,0.5
2022-07-18,Financials,0.6463768115942029,5,5,55,0.6380952380952382
2022-07-18,Healthcare,0.4,5,5,21,0.72
2022-07-18,Industrials,0.6,5,3,28,0.6
2022-07-18,Materials,0.26666666666666666,5,2,5,-0.2
2022-07-18,RealEstate,0.8,5,4,13,0.6
2022-07-18,Tech,0.7333333333333333,5,5,28,0.6
2022-07-18,Utilities,0.4,5,5,13,0.4
2022-07-19,Comm,0.6,5,4,8,0.0
2022-07-19,Consumer,0.5733333333333334,5,5,24,1.0
2022-07-19,Energy,1.0,5,5,17,0.8
2022-07-19,Financials,0.4,5,5,16,0.6463768115942029
2022-07-19,Healthcare,1.0,5,5,20,0.4
2022-07-19,Industrials,0.0,5,4,9,0.6
2022-07-19,Materials,0.8,5,4,6,0.26666666666666666
2022-07-19,RealEstate,0.2,5,3,4,0.8
2022-07-19,Tech,0.4,5,5,20,0.7333333333333333
2022-07-19,Utilities,0.2,5,4,7,0.4
2022-07-20,Comm,-0.3,5,4,10,0.6
2022-07-20,Consumer,0.1,5,5,22,0.5733333333333334
2022-07-20,Energy,0.5333333333333334,5,5,23,1.0
2022-07-20,Financials,-0.2,5,5,10,0.4
2022-07-20,Healthcare,0.9333333333333333,5,5,32,1.0
2022-07-20,Industrials,0.37777777777777777,5,4,12,0.0
2022-07-20,Materials,0.2,5,4,11,0.8
2022-07-20,RealEstate,0.2,5,5,7,0.2
2022-07-20,Tech,0.6666666666666667,5,5,31,0.4
2022-07-20,Utilities,0.4,5,4,6,0.2
2022-07-21,Comm,0.7294117647058823,5,5,33,-0.3
2022-07-21,Consumer,0.6,5,5,19,0.1
2022-07-21,Energy,0.8,5,5,21,0.5333333333333334
2022-07-21,Financials,0.0,5,4,8,-0.2
2022-07-21,Healthcare,0.4,5,3,14,0.9333333333333333
2022-07-21,Industrials,0.6,5,3,7,0.37777777777777777
2022-07-21,Materials,0.52,5,4,15,0.2
2022-07-21,RealEstate,0.0,5,3,7,0.2
2022-07-21,Tech,0.6,5,4,19,0.6666666666666667
2022-07-21,Utilities,0.2,5,4,5,0.4
2022-07-22,Comm,0.419047619047619,5,4,19,0.7294117647058823
2022-07-22,Consumer,0.4666666666666666,5,5,22,0.6
2022-07-22,Energy,0.6,5,5,22,0.8
2022-07-22,Financials,0.4,5,5,16,0.0
2022-07-22,Healthcare,0.4,5,5,13,0.4
2022-07-22,Industrials,0.4,5,4,7,0.6
2022-07-22,Materials,0.0,5,3,5,0.52
2022-07-22,RealEstate,0.4,5,3,4,0.0
2022-07-22,Tech,0.8,5,5,23,0.6
2022-07-22,Utilities,1.0,5,5,13,0.2
2022-07-25,Comm,0.8,5,5,18,0.419047619047619
2022-07-25,Consumer,0.6666666666666667,5,5,43,0.4666666666666666
2022-07-25,Energy,1.0,5,5,35,0.6
2022-07-25,Financials,0.4,5,5,18,0.4
2022-07-25,Healthcare,0.4,5,5,15,0.4
2022-07-25,Industrials,0.6,5,3,16,0.4
2022-07-25,Materials,-0.018181818181818188,5,5,25,0.0
2022-07-25,RealEstate,0.2,5,5,12,0.4
2022-07-25,Tech,0.8857142857142858,5,5,33,0.8
2022-07-25,Utilities,0.4,5,3,8,1.0
2022-07-26,Comm,0.2,5,2,4,0.8
2022-07-26,Consumer,0.18241758241758238,5,5,83,0.6666666666666667
2022-07-26,Energy,0.26666666666666666,5,5,16,1.0
2022-07-26,Financials,0.2,5,3,10,0.4
2022-07-26,Healthcare,0.4,5,5,10,0.4
2022-07-26,Industrials,0.14505494505494507,5,4,44,0.6
2022-07-26,Materials,0.2,5,4,7,-0.018181818181818188
2022-07-26,RealEstate,0.4,5,4,5,0.2
2022-07-26,Tech,-0.2,5,3,12,0.8857142857142858
2022-07-26,Utilities,0.4,5,5,12,0.4
2022-07-27,Comm,0.8,5,5,29,0.2
2022-07-27,Consumer,0.7076923076923076,5,4,30,0.18241758241758238
2022-07-27,Energy,0.8,5,5,27,0.26666666666666666
2022-07-27,Financials,0.6,5,5,10,0.2
2022-07-27,Healthcare,0.4333333333333333,5,5,22,0.4
2022-07-27,Industrials,0.2,5,2,2,0.14505494505494507
2022-07-27,Materials,0.0,5,2,8,0.2
2022-07-27,RealEstate,0.6,5,5,16,0.4
2022-07-27,Tech,0.8666666666666666,5,5,28,-0.2
2022-07-27,Utilities,0.6,5,5,10,0.4
2022-07-28,Comm,0.26666666666666666,5,3,15,0.8
2022-07-28,Consumer,0.4666666666666667,5,5,24,0.7076923076923076
2022-07-28,Energy,0.9199999999999999,5,5,34,0.8
2022-07-28,Financials,0.5333333333333334,5,5,22,0.6
2022-07-28,Healthcare,0.5428571428571429,5,5,23,0.4333333333333333
2022-07-28,Industrials,0.0,5,3,11,0.2
2022-07-28,Materials,0.2,5,3,5,0.0
2022-07-28,RealEstate,0.4,5,4,16,0.6
2022-07-28,Tech,0.4,5,4,40,0.8666666666666666
2022-07-28,Utilities,0.3866666666666666,5,5,18,0.6
2022-07-29,Comm,0.2,5,4,5,0.26666666666666666
2022-07-29,Consumer,0.6,5,5,18,0.4666666666666667
2022-07-29,Energy,0.9578947368421054,5,5,61,0.9199999999999999
2022-07-29,Financials,0.3,5,5,11,0.5333333333333334
2022-07-29,Healthcare,0.6,5,4,15,0.5428571428571429
2022-07-29,Industrials,0.0,5,2,3,0.0
2022-07-29,Materials,0.0,5,1,2,0.2
2022-07-29,RealEstate,0.2,5,5,7,0.4
2022-07-29,Tech,0.876923076923077,5,5,37,0.4
2022-07-29,Utilities,0.4,5,5,12,0.3866666666666666
2022-08-01,Comm,0.6,5,4,22,0.2
2022-08-01,Consumer,1.0,5,5,36,0.6
2022-08-01,Energy,0.8366666666666667,5,5,35,0.9578947368421054
2022-08-01,Financials,0.4,5,5,9,0.3
2022-08-01,Healthcare,0.8,5,5,18,0.6
2022-08-01,Industrials,-0.2,5,4,15,0.0
2022-08-01,Materials,0.0,5,1,1,0.0
2022-08-01,RealEstate,0.26666666666666666,5,4,12,0.2
2022-08-01,Tech,0.6666666666666667,5,5,24,0.876923076923077
2022-08-01,Utilities,0.4,5,3,8,0.4
2022-08-02,Comm,0.4,5,4,14,0.6
2022-08-02,Consumer,0.26666666666666666,5,5,21,1.0
2022-08-02,Energy,0.7555555555555555,5,4,31,0.8366666666666667
2022-08-02,Financials,0.36666666666666664,5,4,12,0.4
2022-08-02,Healthcare,0.5333333333333333,5,5,16,0.8
2022-08-02,Industrials,0.13333333333333336,5,4,19,-0.2
2022-08-02,Materials,0.05,5,3,13,0.0
2022-08-02,RealEstate,0.2,5,2,8,0.26666666666666666
2022-08-02,Tech,-0.3555555555555555,5,5,44,0.6666666666666667
2022-08-02,Utilities,0.0,5,2,6,0.4
2022-08-03,Comm,-0.2,5,5,12,0.4
2022-08-03,Consumer,0.5333333333333333,5,4,28,0.26666666666666666
2022-08-03,Energy,0.6,5,5,39,0.7555555555555555
2022-08-03,Financials,0.4,5,4,8,0.36666666666666664
2022-08-03,Healthcare,-0.08,5,5,18,0.5333333333333333
2022-08-03,Industrials,0.0,5,2,4,0.13333333333333336
2022-08-03,Materials,0.0,5,3,3,0.05
2022-08-03,RealEstate,0.0,5,4,8,0.2
2022-08-03,Tech,0.6666666666666666,5,4,32,-0.3555555555555555
2022-08-03,Utilities,0.8,5,5,17,0.0
2022-08-04,Comm,0.4,5,4,11,-0.2
2022-08-04,Consumer,0.6,5,4,18,0.5333333333333333
2022-08-04,Energy,1.0,5,5,27,0.6
2022-08-04,Financials,0.0,5,2,9,0.4
2022-08-04,Healthcare,0.27999999999999997,5,4,17,-0.08
2022-08-04,Industrials,0.2,5,2,4,0.0
2022-08-04,Materials,0.4,5,5,6,0.0
2022-08-04,RealEstate,0.6,5,4,8,0.0
2022-08-04,Tech,0.4,5,5,24,0.6666666666666666
2022-08-04,Utilities,0.2,5,5,19,0.8
2022-08-05,Comm,0.6,5,4,7,0.4
2022-08-05,Consumer,0.4,5,4,10,0.6
2022-08-05,Energy,0.35238095238095235,5,4,21,1.0
2022-08-05,Financials,0.2,5,3,6,0.0
2022-08-05,Healthcare,0.04,5,4,10,0.27999999999999997
2022-08-05,Industrials,0.4,5,3,6,0.2
2022-08-05,Materials,0.0,5,2,2,0.4
2022-08-05,RealEstate,0.6,5,3,5,0.6
2022-08-05,Tech,0.2,5,4,12,0.4
2022-08-05,Utilities,0.039999999999999994,5,4,16,0.2
2022-08-08,Comm,-0.2,5,5,16,0.6
2022-08-08,Consumer,0.6333333333333333,5,5,35,0.4
2022-08-08,Energy,0.4533333333333333,5,3,29,0.35238095238095235
2022-08-08,Financials,0.4,5,5,16,0.2
2022-08-08,Healthcare,0.32,5,3,9,0.04
2022-08-08,Industrials,0.4,5,3,8,0.4
2022-08-08,Materials,0.4,5,2,2,0.0
2022-08-08,RealEstate,0.6,5,4,10,0.6
2022-08-08,Tech,0.3619047619047619,5,4,44,0.2
2022-08-08,Utilities,0.8,5,4,14,0.039999999999999994
2022-08-09,Comm,0.0,5,4,6,-0.2
2022-08-09,Consumer,0.4666666666666667,5,5,21,0.6333333333333333
2022-08-09,Energy,-0.2,5,3,21,0.4533333333333333
2022-08-09,Financials,0.4,5,3,6,0.4
2022-08-09,Healthcare,-0.4,5,3,10,0.32
2022-08-09,Industrials,0.2,5,4,7,0.4
2022-08-09,Materials,0.0,5,1,1,0.4
2022-08-09,RealEstate,-0.2,5,4,6,0.6
2022-08-09,Tech,0.4444444444444445,5,5,44,0.3619047619047619
2022-08-09,Utilities,0.2,5,4,9,0.8
2022-08-10,Comm,1.0,5,5,13,0.0
2022-08-10,Consumer,0.8,5,4,22,0.4666666666666667
2022-08-10,Energy,0.6,5,5,23,-0.2
2022-08-10,Financials,0.8,5,4,16,0.4
2022-08-10,Healthcare,0.4,5,3,6,-0.4
2022-08-10,Industrials,0.4,5,3,8,0.2
2022-08-10,Materials,0.0,5,2,2,0.0
2022-08-10,RealEstate,0.0,5,3,3,-0.2
2022-08-10,Tech,0.6,5,5,26,0.4444444444444445
2022-08-10,Utilities,0.6,5,5,10,0.2
2022-08-11,Comm,0.5428571428571429,5,5,18,1.0
2022-08-11,Consumer,0.4,5,5,41,0.8
2022-08-11,Energy,0.26666666666666666,5,5,15,0.6
2022-08-11,Financials,0.2,5,4,8,0.8
2022-08-11,Healthcare,0.1,5,5,14,0.4
2022-08-11,Industrials,-0.2,5,3,6,0.4
2022-08-11,Materials,0.0,5,0,0,0.0
2022-08-11,RealEstate,0.6,5,4,9,0.0
2022-08-11,Tech,0.2,5,5,27,0.6
2022-08-11,Utilities,0.2,5,2,5,0.6
2022-08-12,Comm,0.4,5,3,6,0.5428571428571429
2022-08-12,Consumer,0.4,5,5,20,0.4
2022-08-12,Energy,0.6,5,4,15,0.26666666666666666
2022-08-12,Financials,0.4,5,4,10,0.2
2022-08-12,Healthcare,0.2,5,3,10,0.1
2022-08-12,Industrials,0.2,5,3,7,-0.2
2022-08-12,Materials,0.0,5,0,0,0.0
2022-08-12,RealEstate,0.6,5,4,8,0.6
2022-08-12,Tech,0.6,5,5,21,0.2
2022-08-12,Utilities,0.2,5,1,2,0.2
2022-08-15,Comm,0.6,5,5,18,0.4
2022-08-15,Consumer,0.6636363636363637,5,5,62,0.4
2022-08-15,Energy,0.6166666666666667,5,5,44,0.6
2022-08-15,Financials,0.0,5,5,11,0.4
2022-08-15,Healthcare,0.2,5,3,12,0.2
2022-08-15,Industrials,0.6,5,4,6,0.2
2022-08-15,Materials,0.2,5,2,4,0.0
2022-08-15,RealEstate,0.4,5,4,6,0.6
2022-08-15,Tech,0.7428571428571429,5,5,23,0.6
2022-08-15,Utilities,0.0,5,4,7,0.2
2022-08-16,Comm,0.2,5,3,9,0.6
2022-08-16,Consumer,0.5428571428571429,5,5,55,0.6636363636363637
2022-08-16,Energy,0.44000000000000006,5,4,18,0.6166666666666667
2022-08-16,Financials,0.2,5,3,6,0.0
2022-08-16,Healthcare,0.2,5,4,10,0.2
2022-08-16,Industrials,0.2,5,4,4,0.6
2022-08-16,Materials,0.2,5,4,5,0.2
2022-08-16,RealEstate,0.4,5,3,5,0.4
2022-08-16,Tech,0.6,5,5,16,0.7428571428571429
2022-08-16,Utilities,0.0,5,4,11,0.0
2022-08-17,Comm,-0.2,5,4,6,0.2
2022-08-17,Consumer,0.5166666666666666,5,5,42,0.5428571428571429
2022-08-17,Energy,0.8,5,4,15,0.44000000000000006
2022-08-17,Financials,0.4,5,4,9,0.2
2022-08-17,Healthcare,0.0,5,3,6,0.2
2022-08-17,Industrials,0.0,5,3,5,0.2
2022-08-17,Materials,0.2,5,2,3,0.2
2022-08-17,RealEstate,0.4,5,4,11,0.4
2022-08-17,Tech,0.24,5,4,14,0.6
2022-08-17,Utilities,0.4,5,3,3,0.0
2022-08-18,Comm,0.2,5,4,8,-0.2
2022-08-18,Consumer,0.6666666666666667,5,5,24,0.5166666666666666
2022-08-18,Energy,0.4333333333333334,5,5,22,0.8
2022-08-18,Financials,0.0,5,5,14,0.4
2022-08-18,Healthcare,0.4,5,5,12,0.0
2022-08-18,Industrials,0.0,5,4,6,0.0
2022-08-18,Materials,0.2,5,4,6,0.2
2022-08-18,RealEstate,0.0,5,2,2,0.4
2022-08-18,Tech,0.6,5,5,12,0.24
2022-08-18,Utilities,0.2,5,3,6,0.4
2022-08-19,Comm,0.2,5,4,7,0.2
2022-08-19,Consumer,0.5333333333333333,5,5,31,0.6666666666666667
2022-08-19,Energy,0.6,5,3,16,0.4333333333333334
2022-08-19,Financials,0.2,5,4,10,0.0
2022-08-19,Healthcare,0.4,5,5,9,0.4
2022-08-19,Industrials,0.06666666666666667,5,3,7,0.0
2022-08-19,Materials,0.0,5,0,0,0.2
2022-08-19,RealEstate,0.2,5,4,5,0.0
2022-08-19,Tech,0.4,5,5,12,0.6
2022-08-19,Utilities,0.0,5,3,6,0.2
2022-08-22,Comm,0.6,5,5,11,0.2
2022-08-22,Consumer,0.8,5,5,29,0.5333333333333333
2022-08-22,Energy,0.5333333333333333,5,5,23,0.6
2022-08-22,Financials,-0.2,5,5,16,0.2
2022-08-22,Healthcare,0.4,5,5,12,0.4
2022-08-22,Industrials,0.8,5,4,13,0.06666666666666667
2022-08-22,Materials,0.2,5,4,5,0.0
2022-08-22,RealEstate,0.12,5,4,11,0.2
2022-08-22,Tech,0.7333333333333333,5,5,37,0.4
2022-08-22,Utilities,0.2,5,4,6,0.0
2022-08-23,Comm,0.4,5,4,8,0.6
2022-08-23,Consumer,0.6,5,5,17,0.8
2022-08-23,Energy,0.6,5,5,25,0.5333333333333333
2022-08-23,Financials,0.26666666666666666,5,3,7,-0.2
2022-08-23,Healthcare,0.6,5,5,12,0.4
2022-08-23,Industrials,0.4,5,3,3,0.8
2022-08-23,Materials,0.2,5,3,7,0.2
2022-08-23,RealEstate,0.0,5,3,4,0.12
2022-08-23,Tech,0.0,5,5,14,0.7333333333333333
2022-08-23,Utilities,-0.2,5,4,5,0.2
2022-08-24,Comm,-0.01333333333333333,5,5,15,0.4
2022-08-24,Consumer,0.26666666666666666,5,5,19,0.6
2022-08-24,Energy,0.04,5,5,26,0.6
2022-08-24,Financials,0.0,5,5,10,0.26666666666666666
2022-08-24,Healthcare,0.4,5,4,8,0.6
2022-08-24,Industrials,-0.2,5,4,7,0.4
2022-08-24,Materials,0.0,5,2,2,0.2
2022-08-24,RealEstate,0.8666666666666666,5,5,9,0.0
2022-08-24,Tech,0.8666666666666666,5,5,30,0.0
2022-08-24,Utilities,0.0,5,2,3,-0.2
2022-08-25,Comm,-0.2,5,3,9,-0.01333333333333333
2022-08-25,Consumer,0.4,5,5,13,0.26666666666666666
2022-08-25,Energy,0.8,5,5,25,0.04
2022-08-25,Financials,0.4,5,5,14,0.0
2022-08-25,Healthcare,0.4,5,4,15,0.4
2022-08-25,Industrials,0.4,5,3,5,-0.2
2022-08-25,Materials,0.0,5,4,5,0.0
2022-08-25,RealEstate,0.4,5,4,6,0.8666666666666666
2022-08-25,Tech,0.18095238095238095,5,4,27,0.8666666666666666
2022-08-25,Utilities,0.2,5,2,6,0.0
2022-08-26,Comm,0.2,5,5,22,-0.2
2022-08-26,Consumer,-0.2,5,5,16,0.4
2022-08-26,Energy,0.12,5,3,10,0.8
2022-08-26,Financials,-0.2,5,4,9,0.4
2022-08-26,Healthcare,0.2,5,4,10,0.4
2022-08-26,Industrials,-0.26666666666666666,5,3,7,0.4
2022-08-26,Materials,0.2,5,3,4,0.0
2022-08-26,RealEstate,0.0,5,2,2,0.4
2022-08-26,Tech,-0.04,5,5,26,0.18095238095238095
2022-08-26,Utilities,0.0,5,2,3,0.2
2022-08-29,Comm,0.8,5,5,16,0.2
2022-08-29,Consumer,0.6,5,4,27,-0.2
2022-08-29,Energy,0.8,5,4,21,0.12
2022-08-29,Financials,0.5,5,4,13,-0.2
2022-08-29,Healthcare,0.6,5,5,11,0.2
2022-08-29,Industrials,0.3,5,4,11,-0.26666666666666666
2022-08-29,Materials,-0.4,5,3,7,0.2
2022-08-29,RealEstate,0.4,5,4,9,0.0
2022-08-29,Tech,-0.06666666666666667,5,5,32,-0.04
2022-08-29,Utilities,0.2,5,4,5,0.0
2022-08-30,Comm,0.0,5,2,2,0.8
2022-08-30,Consumer,0.8,5,5,20,0.6
2022-08-30,Energy,0.6,5,5,24,0.8
2022-08-30,Financials,0.2,5,4,10,0.5
2022-08-30,Healthcare,0.0,5,4,6,0.6
2022-08-30,Industrials,0.2,5,4,11,0.3
2022-08-30,Materials,0.0,5,3,4,-0.4
2022-08-30,RealEstate,0.2,5,2,3,0.4
2022-08-30,Tech,0.5,5,5,20,-0.06666666666666667
2022-08-30,Utilities,0.2,5,4,7,0.2
2022-08-31,Comm,0.4,5,5,17,0.0
2022-08-31,Consumer,0.4,5,5,23,0.8
2022-08-31,Energy,0.6,5,4,19,0.6
2022-08-31,Financials,0.6,5,5,13,0.2
2022-08-31,Healthcare,0.2,5,5,11,0.0
2022-08-31,Industrials,0.0,5,3,6,0.2
2022-08-31,Materials,-0.2,5,3,4,0.0
2022-08-31,RealEstate,0.8,5,5,7,0.2
2022-08-31,Tech,0.4,5,4,19,0.5
2022-08-31,Utilities,0.0,5,3,5,0.2
2022-09-01,Comm,0.0,5,4,6,0.4
2022-09-01,Consumer,0.4,5,5,18,0.4
2022-09-01,Energy,0.06666666666666667,5,5,21,0.6
2022-09-01,Financials,0.4,5,5,13,0.6
2022-09-01,Healthcare,0.4,5,5,14,0.2
2022-09-01,Industrials,0.8,5,4,11,0.0
2022-09-01,Materials,0.0,5,2,3,-0.2
2022-09-01,RealEstate,0.2,5,1,1,0.8
2022-09-01,Tech,0.3866666666666666,5,5,78,0.4
2022-09-01,Utilities,0.0,5,5,8,0.0
2022-09-02,Comm,0.0,5,2,3,0.0
2022-09-02,Consumer,0.6,5,5,20,0.4
2022-09-02,Energy,0.5,5,5,29,0.06666666666666667
2022-09-02,Financials,0.7,5,5,15,0.4
2022-09-02,Healthcare,0.0,5,2,5,0.4
2022-09-02,Industrials,0.2,5,4,8,0.8
2022-09-02,Materials,0.0,5,2,2,0.0
2022-09-02,RealEstate,0.2,5,2,4,0.2
2022-09-02,Tech,0.7,5,5,26,0.3866666666666666
2022-09-02,Utilities,0.0,5,3,5,0.0
2022-09-06,Comm,0.2,5,4,9,0.0
2022-09-06,Consumer,0.8,5,5,35,0.6
2022-09-06,Energy,0.44000000000000006,5,4,23,0.5
2022-09-06,Financials,0.6,5,5,19,0.7
2022-09-06,Healthcare,0.6,5,4,13,0.0
2022-09-06,Industrials,0.4,5,4,16,0.2
2022-09-06,Materials,0.0,5,3,3,0.0
2022-09-06,RealEstate,0.4,5,4,7,0.2
2022-09-06,Tech,0.06666666666666665,5,5,49,0.7
2022-09-06,Utilities,0.2,5,4,7,0.0
2022-09-07,Comm,0.2,5,4,13,0.2
2022-09-07,Consumer,0.7428571428571429,5,4,31,0.8
2022-09-07,Energy,0.8,5,5,22,0.44000000000000006
2022-09-07,Financials,0.4,5,5,9,0.6
2022-09-07,Healthcare,0.6,5,4,13,0.6
2022-09-07,Industrials,0.4,5,4,9,0.4
2022-09-07,Materials,0.4,5,2,4,0.0
2022-09-07,RealEstate,0.4,5,4,9,0.4
2022-09-07,Tech,0.8,5,5,18,0.06666666666666665
2022-09-07,Utilities,0.4,5,5,9,0.2
2022-09-08,Comm,0.6666666666666666,5,5,19,0.2
2022-09-08,Consumer,0.8,5,5,18,0.7428571428571429
2022-09-08,Energy,0.3,5,5,16,0.8
2022-09-08,Financials,0.6666666666666666,5,4,8,0.4
2022-09-08,Healthcare,0.6,5,5,22,0.6
2022-09-08,Industrials,0.4,5,4,12,0.4
2022-09-08,Materials,0.4,5,4,6,0.4
2022-09-08,RealEstate,0.4,5,3,4,0.4
2022-09-08,Tech,0.4,5,5,19,0.8
2022-09-08,Utilities,0.6,5,5,9,0.4
2022-09-09,Comm,0.2,5,5,10,0.6666666666666666
2022-09-09,Consumer,0.6,5,5,18,0.8
2022-09-09,Energy,0.4,5,5,15,0.3
2022-09-09,Financials,0.52,5,3,10,0.6666666666666666
2022-09-09,Healthcare,0.6,5,5,11,0.6
2022-09-09,Industrials,0.2,5,3,7,0.4
2022-09-09,Materials,0.2,5,2,2,0.4
2022-09-09,RealEstate,0.8,5,4,5,0.4
2022-09-09,Tech,0.6,5,5,17,0.4
2022-09-09,Utilities,0.0,5,4,8,0.6
2022-09-12,Comm,0.2,5,4,17,0.2
2022-09-12,Consumer,0.6,5,5,27,0.6
2022-09-12,Energy,0.52,5,4,21,0.4
2022-09-12,Financials,0.4666666666666666,5,4,16,0.52
2022-09-12,Healthcare,0.8857142857142858,5,5,33,0.6
2022-09-12,Industrials,0.4,5,2,9,0.2
2022-09-12,Materials,0.4,5,4,6,0.2
2022-09-12,RealEstate,0.6,5,3,10,0.8
2022-09-12,Tech,0.6666666666666666,5,5,26,0.6
2022-09-12,Utilities,0.4,5,4,11,0.0
2022-09-13,Comm,0.2,5,4,11,0.2
2022-09-13,Consumer,0.6,5,5,19,0.6
2022-09-13,Energy,0.7,5,5,20,0.52
2022-09-13,Financials,0.0,5,4,11,0.4666666666666666
2022-09-13,Healthcare,0.6,5,5,13,0.8857142857142858
2022-09-13,Industrials,0.4,5,4,10,0.4
2022-09-13,Materials,0.2,5,1,1,0.4
2022-09-13,RealEstate,0.6,5,4,8,0.6
2022-09-13,Tech,0.6,5,5,26,0.6666666666666666
2022-09-13,Utilities,0.0,5,3,3,0.4
2022-09-14,Comm,0.8,5,4,11,0.2
2022-09-14,Consumer,0.4,5,5,32,0.6
2022-09-14,Energy,0.4666666666666667,5,4,26,0.7
2022-09-14,Financials,0.6,5,5,21,0.0
2022-09-14,Healthcare,0.4,5,4,8,0.6
2022-09-14,Industrials,0.4,5,4,14,0.4
2022-09-14,Materials,0.2,5,3,12,0.2
2022-09-14,RealEstate,0.4,5,3,7,0.6
2022-09-14,Tech,0.3,5,5,24,0.6
2022-09-14,Utilities,0.4,5,3,4,0.0
2022-09-15,Comm,0.32,5,5,14,0.8
2022-09-15,Consumer,0.0,5,4,15,0.4
2022-09-15,Energy,0.6,5,5,24,0.4666666666666667
2022-09-15,Financials,0.4,5,4,14,0.6
2022-09-15,Healthcare,0.4,5,5,15,0.4
2022-09-15,Industrials,-0.2,5,4,8,0.4
2022-09-15,Materials,-0.06666666666666667,5,3,6,0.2
2022-09-15,RealEstate,0.0,5,4,6,0.4
2022-09-15,Tech,0.5272727272727272,5,5,41,0.3
2022-09-15,Utilities,0.0,5,5,14,0.4
2022-09-16,Comm,0.4,5,3,9,0.32
2022-09-16,Consumer,0.2,5,5,12,0.0
2022-09-16,Energy,0.8,5,5,15,0.6
2022-09-16,Financials,-0.2,5,5,13,0.4
2022-09-16,Healthcare,0.2952380952380952,5,4,13,0.4
2022-09-16,Industrials,-0.12,5,2,18,-0.2
2022-09-16,Materials,0.0,5,2,2,-0.06666666666666667
2022-09-16,RealEstate,0.6,5,4,10,0.0
2022-09-16,Tech,0.6666666666666666,5,5,20,0.5272727272727272
2022-09-16,Utilities,0.4,5,5,8,0.0
2022-09-19,Comm,0.24,5,4,20,0.4
2022-09-19,Consumer,0.9333333333333332,5,5,33,0.2
2022-09-19,Energy,0.8,5,5,22,0.8
2022-09-19,Financials,0.2,5,5,14,-0.2
2022-09-19,Healthcare,0.4,5,5,21,0.2952380952380952
2022-09-19,Industrials,0.3333333333333333,5,3,14,-0.12
2022-09-19,Materials,0.0,5,4,6,0.0
2022-09-19,RealEstate,0.2,5,3,7,0.6
2022-09-19,Tech,0.6666666666666666,5,5,27,0.6666666666666666
2022-09-19,Utilities,0.4,5,3,8,0.4
2022-09-20,Comm,0.4,5,4,7,0.24
2022-09-20,Consumer,0.2,5,5,19,0.9333333333333332
2022-09-20,Energy,0.8,5,5,9,0.8
2022-09-20,Financials,-0.2,5,4,14,0.2
2022-09-20,Healthcare,0.04,5,4,12,0.4
2022-09-20,Industrials,0.6,5,4,10,0.3333333333333333
2022-09-20,Materials,0.0,5,0,0,0.0
2022-09-20,RealEstate,0.4,5,2,7,0.2
2022-09-20,Tech,0.5333333333333333,5,4,21,0.6666666666666666
2022-09-20,Utilities,0.2,5,4,6,0.4
2022-09-21,Comm,0.6,5,5,13,0.4
2022-09-21,Consumer,0.4666666666666667,5,4,16,0.2
2022-09-21,Energy,0.4,5,4,14,0.8
2022-09-21,Financials,0.0,5,5,10,-0.2
2022-09-21,Healthcare,0.0,5,5,7,0.04
2022-09-21,Industrials,0.0,5,3,7,0.6
2022-09-21,Materials,0.4,5,4,6,0.0
2022-09-21,RealEstate,0.4,5,4,8,0.4
2022-09-21,Tech,0.4,5,5,23,0.5333333333333333
2022-09-21,Utilities,0.4,5,2,2,0.2
2022-09-22,Comm,0.26666666666666666,5,5,9,0.6
2022-09-22,Consumer,0.6,5,5,25,0.4666666666666667
2022-09-22,Energy,0.4,5,4,10,0.4
2022-09-22,Financials,0.2,5,5,15,0.0
2022-09-22,Healthcare,0.6,5,5,15,0.0
2022-09-22,Industrials,0.2,5,4,12,0.0
2022-09-22,Materials,0.4,5,4,7,0.4
2022-09-22,RealEstate,0.6,5,5,6,0.4
2022-09-22,Tech,0.6,5,5,22,0.4
2022-09-22,Utilities,0.6,5,4,14,0.4
2022-09-23,Comm,0.4,5,4,13,0.26666666666666666
2022-09-23,Consumer,0.4666666666666667,5,5,19,0.6
2022-09-23,Energy,0.06666666666666668,5,4,18,0.4
2022-09-23,Financials,0.0,5,5,12,0.2
2022-09-23,Healthcare,0.2,5,4,11,0.6
2022-09-23,Industrials,0.4,5,3,7,0.2
2022-09-23,Materials,0.8,5,4,8,0.4
2022-09-23,RealEstate,0.4,5,3,5,0.6
2022-09-23,Tech,0.6,5,5,20,0.6
2022-09-23,Utilities,0.0,5,3,5,0.6
2022-09-26,Comm,0.8,5,5,14,0.4
2022-09-26,Consumer,0.9199999999999999,5,5,27,0.4666666666666667
2022-09-26,Energy,0.02857142857142856,5,4,17,0.06666666666666668
2022-09-26,Financials,0.8,5,5,16,0.0
2022-09-26,Healthcare,0.6,5,5,13,0.2
2022-09-26,Industrials,0.2,5,4,10,0.4
2022-09-26,Materials,0.4,5,3,5,0.8
2022-09-26,RealEstate,0.4,5,5,15,0.4
2022-09-26,Tech,0.6,5,5,26,0.6
2022-09-26,Utilities,0.2,5,5,11,0.0
2022-09-27,Comm,0.2,5,4,13,0.8
2022-09-27,Consumer,0.4,5,5,12,0.9199999999999999
2022-09-27,Energy,0.2,5,3,10,0.02857142857142856
2022-09-27,Financials,-0.06666666666666667,5,4,20,0.8
2022-09-27,Healthcare,0.4,5,5,11,0.6
2022-09-27,Industrials,0.4,5,3,6,0.2
2022-09-27,Materials,0.2,5,1,2,0.4
2022-09-27,RealEstate,0.06666666666666667,5,3,4,0.4
2022-09-27,Tech,0.7,5,5,29,0.6
2022-09-27,Utilities,0.4,5,3,6,0.2
2022-09-28,Comm,0.5333333333333333,5,4,15,0.2
2022-09-28,Consumer,0.6,5,5,21,0.4
2022-09-28,Energy,0.2,5,4,20,0.2
2022-09-28,Financials,0.8,5,5,17,-0.06666666666666667
2022-09-28,Healthcare,0.4666666666666667,5,5,11,0.4
2022-09-28,Industrials,0.6,5,3,5,0.4
2022-09-28,Materials,0.4,5,4,6,0.2
2022-09-28,RealEstate,0.6,5,4,7,0.06666666666666667
2022-09-28,Tech,0.36,5,5,38,0.7
2022-09-28,Utilities,1.0,5,5,10,0.4
2022-09-29,Comm,0.2,5,4,11,0.5333333333333333
2022-09-29,Consumer,0.72,5,5,36,0.6
2022-09-29,Energy,0.8,5,4,16,0.2
2022-09-29,Financials,0.0,5,5,23,0.8
2022-09-29,Healthcare,0.4,5,4,5,0.4666666666666667
2022-09-29,Industrials,0.4,5,4,6,0.6
2022-09-29,Materials,0.0,5,1,1,0.4
2022-09-29,RealEstate,0.0,5,1,1,0.6
2022-09-29,Tech,1.0,5,5,38,0.36
2022-09-29,Utilities,0.2,5,1,1,1.0
2022-09-30,Comm,0.4,5,3,6,0.2
2022-09-30,Consumer,0.33333333333333337,5,5,37,0.72
2022-09-30,Energy,0.6,5,3,12,0.8
2022-09-30,Financials,0.2,5,3,7,0.0
2022-09-30,Healthcare,0.6,5,3,6,0.4
2022-09-30,Industrials,0.2,5,3,3,0.4
2022-09-30,Materials,0.4,5,3,6,0.0
2022-09-30,RealEstate,0.2,5,2,3,0.0
2022-09-30,Tech,0.4,5,5,11,1.0
2022-09-30,Utilities,0.0,5,1,3,0.2
2022-10-03,Comm,0.0,5,5,13,0.4
2022-10-03,Consumer,0.6666666666666666,5,5,30,0.33333333333333337
2022-10-03,Energy,0.3,5,5,33,0.6
2022-10-03,Financials,0.2,5,4,12,0.2
2022-10-03,Healthcare,0.7,5,5,16,0.6
2022-10-03,Industrials,0.4,5,3,8,0.2
2022-10-03,Materials,0.0,5,3,5,0.4
2022-10-03,RealEstate,0.1,5,2,4,0.2
2022-10-03,Tech,0.8,5,4,27,0.4
2022-10-03,Utilities,0.06666666666666667,5,4,7,0.0
2022-10-04,Comm,0.6,5,5,6,0.0
2022-10-04,Consumer,0.4,5,5,15,0.6666666666666666
2022-10-04,Energy,0.4,5,4,14,0.3
2022-10-04,Financials,0.7333333333333333,5,4,21,0.2
2022-10-04,Healthcare,0.4,5,5,6,0.7
2022-10-04,Industrials,0.4,5,4,5,0.4
2022-10-04,Materials,0.4,5,2,2,0.0
2022-10-04,RealEstate,0.4,5,5,8,0.1
2022-10-04,Tech,0.4,5,5,25,0.8
2022-10-04,Utilities,0.6,5,4,10,0.06666666666666667
2022-10-05,Comm,0.4,5,3,5,0.6
2022-10-05,Consumer,0.26666666666666666,5,5,16,0.4
2022-10-05,Energy,0.6666666666666667,5,5,29,0.4
2022-10-05,Financials,0.0,5,4,11,0.7333333333333333
2022-10-05,Healthcare,0.6,5,3,7,0.4
2022-10-05,Industrials,0.4,5,3,7,0.4
2022-10-05,Materials,0.2,5,3,4,0.4
2022-10-05,RealEstate,-0.4,5,4,10,0.4
2022-10-05,Tech,0.72,5,5,27,0.4
2022-10-05,Utilities,0.6,5,5,7,0.6
2022-10-06,Comm,0.6,5,4,11,0.4
2022-10-06,Consumer,0.7,5,5,24,0.26666666666666666
2022-10-06,Energy,0.1,5,5,28,0.6666666666666667
2022-10-06,Financials,0.4,5,5,19,0.0
2022-10-06,Healthcare,-0.2,5,2,4,0.6
2022-10-06,Industrials,0.0,5,3,5,0.4
2022-10-06,Materials,0.4,5,3,5,0.2
2022-10-06,RealEstate,0.2,5,4,4,-0.4
2022-10-06,Tech,-0.52,5,4,24,0.72
2022-10-06,Utilities,0.0,5,4,7,0.6
2022-10-07,Comm,0.4,5,3,7,0.6
2022-10-07,Consumer,0.8,5,5,21,0.7
2022-10-07,Energy,0.4,5,5,20,0.1
2022-10-07,Financials,-0.13333333333333336,5,5,15,0.4
2022-10-07,Healthcare,0.0,5,4,6,-0.2
2022-10-07,Industrials,0.0,5,4,9,0.0
2022-10-07,Materials,0.4,5,2,2,0.4
2022-10-07,RealEstate,0.6,5,4,10,0.2
2022-10-07,Tech,0.25952380952380955,5,5,65,-0.52
2022-10-07,Utilities,0.4,5,5,8,0.0
2022-10-10,Comm,0.06666666666666667,5,4,5,0.4
2022-10-10,Consumer,1.0,5,5,29,0.8
2022-10-10,Energy,0.6,5,5,26,0.4
2022-10-10,Financials,-0.2,5,5,26,-0.13333333333333336
2022-10-10,Healthcare,0.9,5,5,18,0.0
2022-10-10,Industrials,0.4,5,4,6,0.0
2022-10-10,Materials,0.4,5,5,6,0.4
2022-10-10,RealEstate,0.6,5,5,13,0.6
2022-10-10,Tech,-0.019999999999999997,5,5,38,0.25952380952380955
2022-10-10,Utilities,0.4,5,2,3,0.4
2022-10-11,Comm,0.6,5,3,10,0.06666666666666667
2022-10-11,Consumer,0.6,5,3,9,1.0
2022-10-11,Energy,0.2,5,3,11,0.6
2022-10-11,Financials,-0.36,5,5,21,-0.2
2022-10-11,Healthcare,0.33333333333333337,5,5,26,0.9
2022-10-11,Industrials,0.2,5,3,5,0.4
2022-10-11,Materials,0.4,5,3,4,0.4
2022-10-11,RealEstate,0.0,5,3,3,0.6
2022-10-11,Tech,0.2,5,4,20,-0.019999999999999997
2022-10-11,Utilities,0.4,5,3,3,0.4
2022-10-12,Comm,0.8,5,5,8,0.6
2022-10-12,Consumer,0.6,5,5,20,0.6
2022-10-12,Energy,0.6,5,4,20,0.2
2022-10-12,Financials,0.4,5,4,12,-0.36
2022-10-12,Healthcare,0.2,5,4,21,0.33333333333333337
2022-10-12,Industrials,0.0,5,3,3,0.2
2022-10-12,Materials,0.2,5,1,1,0.4
2022-10-12,RealEstate,0.2,5,2,3,0.0
2022-10-12,Tech,0.8666666666666666,5,5,34,0.2
2022-10-12,Utilities,0.0,5,3,6,0.4
2022-10-13,Comm,0.2,5,4,8,0.8
2022-10-13,Consumer,0.6,5,5,18,0.6
2022-10-13,Energy,0.0,5,5,19,0.6
2022-10-13,Financials,0.6,5,5,17,0.4
2022-10-13,Healthcare,0.4,5,4,9,0.2
2022-10-13,Industrials,0.2,5,4,6,0.0
2022-10-13,Materials,-0.2,5,4,5,0.2
2022-10-13,RealEstate,0.0,5,1,1,0.2
2022-10-13,Tech,0.4,5,5,29,0.8666666666666666
2022-10-13,Utilities,0.0,5,2,2,0.0
2022-10-14,Comm,0.2,5,2,4,0.2
2022-10-14,Consumer,0.4,5,5,19,0.6
2022-10-14,Energy,0.4,5,5,28,0.0
2022-10-14,Financials,0.1917786561264822,5,5,66,0.6
2022-10-14,Healthcare,0.6,5,5,11,0.4
2022-10-14,Industrials,0.4,5,3,8,0.2
2022-10-14,Materials,0.0,5,2,2,-0.2
2022-10-14,RealEstate,0.4,5,2,2,0.0
2022-10-14,Tech,0.4666666666666667,5,5,17,0.4
2022-10-14,Utilities,0.2,5,4,6,0.0
2022-10-17,Comm,0.8,5,4,10,0.2
2022-10-17,Consumer,0.8,5,5,24,0.4
2022-10-17,Energy,0.6,5,5,20,0.4
2022-10-17,Financials,1.0,5,5,33,0.1917786561264822
2022-10-17,Healthcare,0.6,5,5,13,0.6
2022-10-17,Industrials,0.4,5,4,6,0.4
2022-10-17,Materials,0.2,5,2,5,0.0
2022-10-17,RealEstate,0.6,5,4,9,0.4
2022-10-17,Tech,0.6666666666666666,5,5,24,0.4666666666666667
2022-10-17,Utilities,0.4,5,5,9,0.2
2022-10-18,Comm,0.8,5,5,15,0.8
2022-10-18,Consumer,0.1,5,5,19,0.8
2022-10-18,Energy,0.0,5,4,17,0.6
2022-10-18,Financials,0.5384615384615385,5,5,40,1.0
2022-10-18,Healthcare,0.4,5,5,13,0.6
2022-10-18,Industrials,0.2,5,4,12,0.4
2022-10-18,Materials,0.06666666666666667,5,3,6,0.2
2022-10-18,RealEstate,0.0,5,3,7,0.6
2022-10-18,Tech,0.8,5,5,32,0.6666666666666666
2022-10-18,Utilities,0.2,5,3,3,0.4
2022-10-19,Comm,0.4,5,4,13,0.8
2022-10-19,Consumer,0.36,5,5,19,0.1
2022-10-19,Energy,0.4,5,5,16,0.0
2022-10-19,Financials,0.6,5,5,27,0.5384615384615385
2022-10-19,Healthcare,0.08,5,5,22,0.4
2022-10-19,Industrials,0.0,5,2,4,0.2
2022-10-19,Materials,-0.2,5,3,4,0.06666666666666667
2022-10-19,RealEstate,0.4,5,4,12,0.0
2022-10-19,Tech,0.6,5,5,17,0.8
2022-10-19,Utilities,0.2,5,4,6,0.2
2022-10-20,Comm,0.32727272727272727,5,3,24,0.4
2022-10-20,Consumer,1.0,5,5,20,0.36
2022-10-20,Energy,0.2,5,5,19,0.4
2022-10-20,Financials,0.4666666666666666,5,4,11,0.6
2022-10-20,Healthcare,-0.2,5,5,16,0.08
2022-10-20,Industrials,0.6,5,4,9,0.0
2022-10-20,Materials,0.6,5,5,14,-0.2
2022-10-20,RealEstate,0.2,5,4,6,0.4
2022-10-20,Tech,0.2,5,5,16,0.6
2022-10-20,Utilities,0.2,5,5,8,0.2
2022-10-21,Comm,0.0,5,4,13,0.32727272727272727
2022-10-21,Consumer,0.6,5,3,15,1.0
2022-10-21,Energy,0.5555555555555556,5,5,33,0.2
2022-10-21,Financials,0.4666666666666666,5,4,14,0.4666666666666666
2022-10-21,Healthcare,0.9428571428571428,5,5,11,-0.2
2022-10-21,Industrials,0.2,5,2,6,0.6
2022-10-21,Materials,0.4,5,2,3,0.6
2022-10-21,RealEstate,0.6,5,5,10,0.2
2022-10-21,Tech,0.4,5,5,21,0.2
2022-10-21,Utilities,0.8,5,5,12,0.2
2022-10-24,Comm,0.44000000000000006,5,4,14,0.0
2022-10-24,Consumer,0.8,5,5,28,0.6
2022-10-24,Energy,1.0,5,5,32,0.5555555555555556
2022-10-24,Financials,0.1,5,4,14,0.4666666666666666
2022-10-24,Healthcare,0.2,5,5,11,0.9428571428571428
2022-10-24,Industrials,0.6,5,4,20,0.2
2022-10-24,Materials,0.6,5,4,8,0.4
2022-10-24,RealEstate,0.8,5,5,12,0.6
2022-10-24,Tech,0.8,5,5,22,0.4
2022-10-24,Utilities,0.4,5,5,8,0.8
2022-10-25,Comm,0.27999999999999997,5,5,19,0.44000000000000006
2022-10-25,Consumer,0.9714285714285713,5,5,33,0.8
2022-10-25,Energy,0.6,5,4,9,1.0
2022-10-25,Financials,0.6,5,4,18,0.1
2022-10-25,Healthcare,0.6,5,5,14,0.2
2022-10-25,Industrials,0.29292929292929293,5,4,37,0.6
2022-10-25,Materials,-0.2,5,3,5,0.6
2022-10-25,RealEstate,0.6,5,5,7,0.8
2022-10-25,Tech,0.4666666666666667,5,4,17,0.8
2022-10-25,Utilities,0.8,5,4,10,0.4
2022-10-26,Comm,0.0,5,2,6,0.27999999999999997
2022-10-26,Consumer,1.0,5,5,18,0.9714285714285713
2022-10-26,Energy,0.6,5,4,16,0.6
2022-10-26,Financials,0.44000000000000006,5,3,17,0.6
2022-10-26,Healthcare,0.4,5,3,12,0.6
2022-10-26,Industrials,-0.2,5,4,13,0.29292929292929293
2022-10-26,Materials,0.0,5,2,2,-0.2
2022-10-26,RealEstate,0.6,5,4,10,0.6
2022-10-26,Tech,0.8,5,5,13,0.4666666666666667
2022-10-26,Utilities,0.2,5,4,7,0.8
2022-10-27,Comm,0.6857142857142857,5,4,20,0.0
2022-10-27,Consumer,0.4,5,5,20,1.0
2022-10-27,Energy,-0.2,5,5,26,0.6
2022-10-27,Financials,0.2,5,5,17,0.44000000000000006
2022-10-27,Healthcare,0.16666666666666666,5,4,23,0.4
2022-10-27,Industrials,0.5157894736842106,5,4,22,-0.2
2022-10-27,Materials,0.2,5,3,5,0.0
2022-10-27,RealEstate,-0.1,5,5,13,0.6
2022-10-27,Tech,0.02857142857142856,5,5,36,0.8
2022-10-27,Utilities,-0.06666666666666667,5,4,15,0.2
2022-10-28,Comm,0.2857142857142857,5,4,11,0.6857142857142857
2022-10-28,Consumer,0.4,5,5,18,0.4
2022-10-28,Energy,0.7666666666666667,5,5,47,-0.2
2022-10-28,Financials,-0.2,5,5,9,0.2
2022-10-28,Healthcare,0.8,5,5,24,0.16666666666666666
2022-10-28,Industrials,0.4,5,4,5,0.5157894736842106
2022-10-28,Materials,0.0,5,2,2,0.2
2022-10-28,RealEstate,0.0,5,1,3,-0.1
2022-10-28,Tech,0.18181818181818182,5,4,33,0.02857142857142856
2022-10-28,Utilities,-0.05714285714285714,5,4,12,-0.06666666666666667
2022-10-31,Comm,0.4,5,4,8,0.2857142857142857
2022-10-31,Consumer,0.4,5,5,30,0.4
2022-10-31,Energy,0.593939393939394,5,5,40,0.7666666666666667
2022-10-31,Financials,0.4,5,5,15,-0.2
2022-10-31,Healthcare,0.6,5,3,5,0.8
2022-10-31,Industrials,0.6,5,3,8,0.4
2022-10-31,Materials,0.2,5,1,1,0.0
2022-10-31,RealEstate,0.2,5,5,13,0.0
2022-10-31,Tech,0.5666666666666667,5,5,25,0.18181818181818182
2022-10-31,Utilities,0.6,5,5,8,-0.05714285714285714
2022-11-01,Comm,0.4,5,4,13,0.4
2022-11-01,Consumer,0.4,5,5,17,0.4
2022-11-01,Energy,0.2,5,4,21,0.593939393939394
2022-11-01,Financials,0.0,5,4,9,0.4
2022-11-01,Healthcare,0.8666666666666666,5,5,13,0.6
2022-11-01,Industrials,0.6,5,3,3,0.6
2022-11-01,Materials,-0.26666666666666666,5,2,6,0.2
2022-11-01,RealEstate,0.6,5,4,7,0.2
2022-11-01,Tech,0.4666666666666666,5,5,29,0.5666666666666667
2022-11-01,Utilities,0.2,5,2,2,0.6
2022-11-02,Comm,-0.24,5,4,7,0.4
2022-11-02,Consumer,0.9333333333333332,5,5,19,0.4
2022-11-02,Energy,0.8,5,5,24,0.2
2022-11-02,Financials,0.26666666666666666,5,4,11,0.0
2022-11-02,Healthcare,0.4666666666666667,5,5,13,0.8666666666666666
2022-11-02,Industrials,0.0,5,2,2,0.6
2022-11-02,Materials,0.0,5,2,4,-0.26666666666666666
2022-11-02,RealEstate,0.2,5,3,10,0.6
2022-11-02,Tech,0.3333333333333333,5,5,38,0.4666666666666666
2022-11-02,Utilities,0.4,5,4,6,0.2
2022-11-03,Comm,0.1,5,5,14,-0.24
2022-11-03,Consumer,0.8,5,5,19,0.9333333333333332
2022-11-03,Energy,0.9,5,5,20,0.8
2022-11-03,Financials,-0.2,5,4,9,0.26666666666666666
2022-11-03,Healthcare,0.12,5,4,11,0.4666666666666667
2022-11-03,Industrials,0.2,5,4,12,0.0
2022-11-03,Materials,0.13333333333333336,5,3,4,0.0
2022-11-03,RealEstate,0.6,5,3,9,0.2
2022-11-03,Tech,0.45714285714285713,5,4,30,0.3333333333333333
2022-11-03,Utilities,0.06666666666666667,5,4,11,0.4
2022-11-04,Comm,0.2,5,4,8,0.1
2022-11-04,Consumer,1.0,5,5,31,0.8
2022-11-04,Energy,0.6,5,5,14,0.9
2022-11-04,Financials,0.6,5,4,7,-0.2
2022-11-04,Healthcare,0.3,5,5,15,0.12
2022-11-04,Industrials,0.4,5,4,4,0.2
2022-11-04,Materials,0.0,5,0,0,0.13333333333333336
2022-11-04,RealEstate,-0.2,5,1,1,0.6
2022-11-04,Tech,0.2,5,4,9,0.45714285714285713
2022-11-04,Utilities,0.5333333333333334,5,4,16,0.06666666666666667
2022-11-07,Comm,0.13333333333333336,5,5,17,0.2
2022-11-07,Consumer,0.7666666666666666,5,5,35,1.0
2022-11-07,Energy,0.6,5,5,34,0.6
2022-11-07,Financials,0.5,5,5,10,0.6
2022-11-07,Healthcare,0.4666666666666666,5,5,16,0.3
2022-11-07,Industrials,0.2,5,4,7,0.4
2022-11-07,Materials,0.2,5,4,5,0.0
2022-11-07,RealEstate,0.2,5,4,13,-0.2
2022-11-07,Tech,0.4,5,5,27,0.2
2022-11-07,Utilities,0.26666666666666666,5,5,12,0.5333333333333334
2022-11-08,Comm,0.32,5,4,17,0.13333333333333336
2022-11-08,Consumer,0.64,5,5,31,0.7666666666666666
2022-11-08,Energy,0.48571428571428577,5,4,21,0.6
2022-11-08,Financials,0.4666666666666666,5,3,7,0.5
2022-11-08,Healthcare,0.6333333333333333,5,5,20,0.4666666666666666
2022-11-08,Industrials,0.0,5,4,5,0.2
2022-11-08,Materials,0.2,5,4,12,0.2
2022-11-08,RealEstate,0.2,5,2,2,0.2
2022-11-08,Tech,0.8,5,5,23,0.4
2022-11-08,Utilities,0.0,5,3,3,0.26666666666666666
2022-11-09,Comm,0.0,5,3,6,0.32
2022-11-09,Consumer,0.22051282051282048,5,4,33,0.64
2022-11-09,Energy,0.26666666666666666,5,4,14,0.48571428571428577
2022-11-09,Financials,0.0,5,4,6,0.4666666666666666
2022-11-09,Healthcare,0.6,5,4,17,0.6333333333333333
2022-11-09,Industrials,0.2,5,3,4,0.0
2022-11-09,Materials,0.4,5,2,3,0.2
2022-11-09,RealEstate,0.2,5,2,3,0.2
2022-11-09,Tech,0.4,5,4,13,0.8
2022-11-09,Utilities,0.26666666666666666,5,4,5,0.0
2022-11-10,Comm,0.4,5,5,6,0.0
2022-11-10,Consumer,0.52,5,5,23,0.22051282051282048
2022-11-10,Energy,0.6,5,5,15,0.26666666666666666
2022-11-10,Financials,0.2,5,5,9,0.0
2022-11-10,Healthcare,0.8,5,5,8,0.6
2022-11-10,Industrials,0.6,5,3,6,0.2
2022-11-10,Materials,0.2,5,2,3,0.4
2022-11-10,RealEstate,0.2,5,4,7,0.2
2022-11-10,Tech,0.8,5,5,28,0.4
2022-11-10,Utilities,0.4,5,2,4,0.26666666666666666
2022-11-11,Comm,0.2,5,5,7,0.4
2022-11-11,Consumer,0.4666666666666666,5,5,19,0.52
2022-11-11,Energy,0.6,5,5,16,0.6
2022-11-11,Financials,0.2,5,5,8,0.2
2022-11-11,Healthcare,0.2,5,3,5,0.8
2022-11-11,Industrials,0.4,5,2,5,0.6
2022-11-11,Materials,0.2,5,2,5,0.2
2022-11-11,RealEstate,0.2,5,3,3,0.2
2022-11-11,Tech,0.4,5,5,14,0.8
2022-11-11,Utilities,0.2,5,5,6,0.4
2022-11-14,Comm,0.6,5,5,17,0.2
2022-11-14,Consumer,0.4,5,5,37,0.4666666666666666
2022-11-14,Energy,0.9333333333333332,5,5,36,0.6
2022-11-14,Financials,0.4,5,5,16,0.2
2022-11-14,Healthcare,0.5333333333333334,5,5,18,0.2
2022-11-14,Industrials,0.8,5,4,11,0.4
2022-11-14,Materials,0.4,5,3,4,0.2
2022-11-14,RealEstate,-0.4,5,3,5,0.2
2022-11-14,Tech,0.2,5,5,32,0.4
2022-11-14,Utilities,-0.2,5,5,12,0.2
2022-11-15,Comm,0.2,5,4,7,0.6
2022-11-15,Consumer,0.72,5,5,49,0.4
2022-11-15,Energy,0.6,5,5,16,0.9333333333333332
2022-11-15,Financials,-0.2,5,3,7,0.4
2022-11-15,Healthcare,0.6,5,5,15,0.5333333333333334
2022-11-15,Industrials,-0.2,5,3,4,0.8
2022-11-15,Materials,0.6,5,4,5,0.4
2022-11-15,RealEstate,0.2,5,1,1,-0.4
2022-11-15,Tech,0.8,5,4,21,0.2
2022-11-15,Utilities,0.0,5,1,1,-0.2
2022-11-16,Comm,0.2,5,3,5,0.2
2022-11-16,Consumer,0.6,5,5,36,0.72
2022-11-16,Energy,0.6,5,5,12,0.6
2022-11-16,Financials,0.4666666666666666,5,5,15,-0.2
2022-11-16,Healthcare,0.2,5,4,8,0.6
2022-11-16,Industrials,0.4,5,4,8,-0.2
2022-11-16,Materials,0.0,5,0,0,0.6
2022-11-16,RealEstate,0.4,5,3,5,0.2
2022-11-16,Tech,0.4,5,5,40,0.8
2022-11-16,Utilities,0.0,5,4,6,0.0
2022-11-17,Comm,0.0,5,4,7,0.2
2022-11-17,Consumer,1.0,5,5,23,0.6
2022-11-17,Energy,0.8,5,4,19,0.6
2022-11-17,Financials,0.4,5,5,13,0.4666666666666666
2022-11-17,Healthcare,-0.13333333333333336,5,5,10,0.2
2022-11-17,Industrials,0.4,5,3,7,0.4
2022-11-17,Materials,0.2,5,1,1,0.0
2022-11-17,RealEstate,0.0,5,0,0,0.4
2022-11-17,Tech,0.039999999999999994,5,5,27,0.4
2022-11-17,Utilities,0.0,5,0,0,0.0
2022-11-18,Comm,0.0,5,1,2,0.0
2022-11-18,Consumer,0.6,5,5,17,1.0
2022-11-18,Energy,0.6,5,3,12,0.8
2022-11-18,Financials,0.4,5,3,8,0.4
2022-11-18,Healthcare,0.7,5,5,13,-0.13333333333333336
2022-11-18,Industrials,0.0,5,1,3,0.4
2022-11-18,Materials,0.2,5,3,5,0.2
2022-11-18,RealEstate,0.4,5,3,3,0.0
2022-11-18,Tech,0.4,5,4,10,0.039999999999999994
2022-11-18,Utilities,0.2,5,4,7,0.0
2022-11-21,Comm,0.4,5,4,7,0.0
2022-11-21,Consumer,0.9428571428571428,5,5,48,0.6
2022-11-21,Energy,0.6,5,5,25,0.6
2022-11-21,Financials,0.6,5,4,19,0.4
2022-11-21,Healthcare,0.8,5,4,17,0.7
2022-11-21,Industrials,0.2,5,3,7,0.0
2022-11-21,Materials,0.2,5,3,6,0.2
2022-11-21,RealEstate,0.6,5,4,9,0.4
2022-11-21,Tech,0.6,5,5,19,0.4
2022-11-21,Utilities,0.6,5,4,9,0.2
2022-11-22,Comm,0.2,5,1,3,0.4
2022-11-22,Consumer,0.4666666666666667,5,5,24,0.9428571428571428
2022-11-22,Energy,0.6,5,4,12,0.6
2022-11-22,Financials,0.2,5,4,10,0.6
2022-11-22,Healthcare,0.6866666666666668,5,5,26,0.8
2022-11-22,Industrials,0.6,5,4,11,0.2
2022-11-22,Materials,0.0,5,1,1,0.2
2022-11-22,RealEstate,-0.2,5,2,2,0.6
2022-11-22,Tech,0.8,5,5,12,0.6
2022-11-22,Utilities,0.2,5,3,5,0.6
2022-11-23,Comm,0.0,5,2,4,0.2
2022-11-23,Consumer,0.6,5,4,26,0.4666666666666667
2022-11-23,Energy,0.7,5,5,23,0.6
2022-11-23,Financials,0.4,5,3,7,0.2
2022-11-23,Healthcare,0.4,5,4,16,0.6866666666666668
2022-11-23,Industrials,0.0,5,2,2,0.6
2022-11-23,Materials,0.0,5,1,2,0.0
2022-11-23,RealEstate,0.4,5,3,4,-0.2
2022-11-23,Tech,0.6,5,4,14,0.8
2022-11-23,Utilities,0.4,5,4,5,0.2
2022-11-25,Comm,0.4,5,3,6,0.0
2022-11-25,Consumer,0.8,5,5,37,0.6
2022-11-25,Energy,0.0,5,5,13,0.7
2022-11-25,Financials,0.6666666666666666,5,5,13,0.4
2022-11-25,Healthcare,0.4666666666666667,5,4,15,0.4
2022-11-25,Industrials,0.0,5,3,3,0.0
2022-11-25,Materials,0.0,5,2,2,0.0
2022-11-25,RealEstate,0.2,5,3,4,0.4
2022-11-25,Tech,0.0,5,4,10,0.6
2022-11-25,Utilities,0.0,5,4,5,0.4
2022-11-28,Comm,0.2,5,2,4,0.4
2022-11-28,Consumer,0.6,5,4,27,0.8
2022-11-28,Energy,0.3555555555555555,5,5,32,0.0
2022-11-28,Financials,0.2,5,4,12,0.6666666666666666
2022-11-28,Healthcare,0.72,5,5,24,0.4666666666666667
2022-11-28,Industrials,0.4,5,4,11,0.0
2022-11-28,Materials,0.2,5,1,1,0.0
2022-11-28,RealEstate,0.4,5,2,3,0.2
2022-11-28,Tech,0.5599999999999999,5,5,33,0.0
2022-11-28,Utilities,0.0,5,2,2,0.0
2022-11-29,Comm,0.4,5,3,7,0.2
2022-11-29,Consumer,0.5,5,4,23,0.6
2022-11-29,Energy,0.42000000000000004,5,5,29,0.3555555555555555
2022-11-29,Financials,0.6,5,3,8,0.2
2022-11-29,Healthcare,0.2,5,5,13,0.72
2022-11-29,Industrials,0.4,5,4,5,0.4
2022-11-29,Materials,0.2,5,3,7,0.2
2022-11-29,RealEstate,0.0,5,0,0,0.4
2022-11-29,Tech,0.8,5,5,15,0.5599999999999999
2022-11-29,Utilities,0.2,5,3,5,0.0
2022-11-30,Comm,0.0,5,3,4,0.4
2022-11-30,Consumer,0.6,5,4,20,0.5
2022-11-30,Energy,0.6,5,4,19,0.42000000000000004
2022-11-30,Financials,0.4,5,3,10,0.6
2022-11-30,Healthcare,0.6,5,5,17,0.2
2022-11-30,Industrials,0.5,5,4,14,0.4
2022-11-30,Materials,0.2,5,5,5,0.2
2022-11-30,RealEstate,0.2,5,3,4,0.0
2022-11-30,Tech,0.1,5,5,16,0.8
2022-11-30,Utilities,0.2,5,3,4,0.2
2022-12-01,Comm,0.2,5,5,7,0.0
2022-12-01,Consumer,0.8,5,5,18,0.6
2022-12-01,Energy,0.2,5,5,12,0.6
2022-12-01,Financials,-0.26666666666666666,5,5,16,0.4
2022-12-01,Healthcare,0.6,5,5,15,0.6
2022-12-01,Industrials,0.2,5,4,7,0.5
2022-12-01,Materials,0.1,5,4,7,0.2
2022-12-01,RealEstate,0.6,5,4,9,0.2
2022-12-01,Tech,1.0,5,5,22,0.1
2022-12-01,Utilities,0.2,5,4,5,0.2
2022-12-02,Comm,0.4,5,5,10,0.2
2022-12-02,Consumer,0.4,5,4,24,0.8
2022-12-02,Energy,0.4,5,4,8,0.2
2022-12-02,Financials,0.2,5,4,16,-0.26666666666666666
2022-12-02,Healthcare,0.2,5,5,10,0.6
2022-12-02,Industrials,0.2,5,3,7,0.2
2022-12-02,Materials,0.2,5,2,2,0.1
2022-12-02,RealEstate,0.2,5,3,4,0.6
2022-12-02,Tech,0.4666666666666667,5,5,27,1.0
2022-12-02,Utilities,0.2,5,2,2,0.2
2022-12-05,Comm,0.3,5,4,15,0.4
2022-12-05,Consumer,0.7333333333333334,5,5,39,0.4
2022-12-05,Energy,0.6,5,4,21,0.4
2022-12-05,Financials,0.8,5,4,11,0.2
2022-12-05,Healthcare,0.6,5,4,16,0.2
2022-12-05,Industrials,0.6,5,4,10,0.2
2022-12-05,Materials,0.2,5,2,2,0.2
2022-12-05,RealEstate,0.2,5,2,3,0.2
2022-12-05,Tech,0.8,5,5,18,0.4666666666666667
2022-12-05,Utilities,0.4,5,4,8,0.2
2022-12-06,Comm,0.4,5,4,10,0.3
2022-12-06,Consumer,0.6,5,5,19,0.7333333333333334
2022-12-06,Energy,0.6,5,5,14,0.6
2022-12-06,Financials,-0.32,5,3,18,0.8
2022-12-06,Healthcare,0.8,5,5,15,0.6
2022-12-06,Industrials,0.0,5,3,5,0.6
2022-12-06,Materials,0.2,5,2,4,0.2
2022-12-06,RealEstate,0.0,5,2,3,0.2
2022-12-06,Tech,0.2,5,5,15,0.8
2022-12-06,Utilities,0.2,5,2,3,0.4
2022-12-07,Comm,0.0,5,4,7,0.4
2022-12-07,Consumer,0.2,5,5,14,0.6
2022-12-07,Energy,0.4,5,5,19,0.6
2022-12-07,Financials,-0.05555555555555556,5,5,28,-0.32
2022-12-07,Healthcare,0.2,5,4,16,0.8
2022-12-07,Industrials,0.0,5,1,2,0.0
2022-12-07,Materials,0.0,5,0,0,0.2
2022-12-07,RealEstate,0.6,5,4,5,0.0
2022-12-07,Tech,0.6857142857142857,5,5,25,0.2
2022-12-07,Utilities,0.2,5,3,3,0.2
2022-12-08,Comm,0.5,5,3,11,0.0
2022-12-08,Consumer,0.8,5,5,28,0.2
2022-12-08,Energy,0.8,5,5,28,0.4
2022-12-08,Financials,0.1,5,5,13,-0.05555555555555556
2022-12-08,Healthcare,0.8,5,5,12,0.2
2022-12-08,Industrials,0.4,5,4,10,0.0
2022-12-08,Materials,0.2,5,2,2,0.0
2022-12-08,RealEstate,0.2,5,2,3,0.6
2022-12-08,Tech,0.4,5,3,15,0.6857142857142857
2022-12-08,Utilities,0.0,5,2,2,0.2
2022-12-09,Comm,0.4,5,5,9,0.5
2022-12-09,Consumer,0.9199999999999999,5,5,24,0.8
2022-12-09,Energy,0.26666666666666666,5,5,24,0.8
2022-12-09,Financials,0.2,5,5,11,0.1
2022-12-09,Healthcare,0.4666666666666667,5,4,17,0.8
2022-12-09,Industrials,0.4,5,4,5,0.4
2022-12-09,Materials,0.2,5,2,3,0.2
2022-12-09,RealEstate,0.4,5,3,4,0.2
2022-12-09,Tech,0.5,5,4,13,0.4
2022-12-09,Utilities,0.0,5,4,7,0.0
2022-12-12,Comm,0.2,5,3,6,0.4
2022-12-12,Consumer,0.6666666666666666,5,5,20,0.9199999999999999
2022-12-12,Energy,0.6,5,5,19,0.26666666666666666
2022-12-12,Financials,0.0,5,5,23,0.2
2022-12-12,Healthcare,0.8,5,5,33,0.4666666666666667
2022-12-12,Industrials,0.6,5,3,5,0.4
2022-12-12,Materials,0.2,5,2,2,0.2
2022-12-12,RealEstate,0.2,5,3,3,0.4
2022-12-12,Tech,0.6666666666666667,5,5,24,0.5
2022-12-12,Utilities,0.2,5,4,6,0.0
2022-12-13,Comm,0.0,5,3,7,0.2
2022-12-13,Consumer,0.8,5,5,24,0.6666666666666666
2022-12-13,Energy,0.0,5,5,12,0.6
2022-12-13,Financials,0.4666666666666666,5,4,8,0.0
2022-12-13,Healthcare,0.54,5,5,28,0.8
2022-12-13,Industrials,0.6,5,4,14,0.6
2022-12-13,Materials,0.2,5,2,3,0.2
2022-12-13,RealEstate,0.2,5,2,2,0.2
2022-12-13,Tech,0.8,5,4,27,0.6666666666666667
2022-12-13,Utilities,-0.1,5,4,7,0.2
2022-12-14,Comm,0.2,5,3,8,0.0
2022-12-14,Consumer,0.8,5,4,17,0.8
2022-12-14,Energy,-0.4,5,5,17,0.0
2022-12-14,Financials,-0.2,5,4,11,0.4666666666666666
2022-12-14,Healthcare,0.8,5,4,10,0.54
2022-12-14,Industrials,0.4,5,4,5,0.6
2022-12-14,Materials,0.4,5,3,4,0.2
2022-12-14,RealEstate,0.6,5,3,7,0.2
2022-12-14,Tech,0.8,5,5,11,0.8
2022-12-14,Utilities,0.0,5,1,1,-0.1
2022-12-15,Comm,0.6,5,5,12,0.2
2022-12-15,Consumer,0.6,5,4,19,0.8
2022-12-15,Energy,0.2,5,5,20,-0.4
2022-12-15,Financials,0.4,5,4,14,-0.2
2022-12-15,Healthcare,0.6,5,5,19,0.8
2022-12-15,Industrials,0.3,5,3,14,0.4
2022-12-15,Materials,0.2,5,2,3,0.4
2022-12-15,RealEstate,0.2,5,2,4,0.6
2022-12-15,Tech,0.5599999999999999,5,5,30,0.8
2022-12-15,Utilities,0.2,5,4,5,0.0
2022-12-16,Comm,0.4,5,5,11,0.6
2022-12-16,Consumer,0.8,5,5,21,0.6
2022-12-16,Energy,0.0,5,4,9,0.2
2022-12-16,Financials,-0.4,5,4,8,0.4
2022-12-16,Healthcare,0.8,5,5,15,0.6
2022-12-16,Industrials,0.2,5,3,8,0.3
2022-12-16,Materials,-0.2,5,1,1,0.2
2022-12-16,RealEstate,0.0,5,2,2,0.2
2022-12-16,Tech,0.08571428571428572,5,4,27,0.5599999999999999
2022-12-16,Utilities,0.2,5,2,6,0.2
2022-12-19,Comm,0.5,5,4,11,0.4
2022-12-19,Consumer,0.6,5,5,29,0.8
2022-12-19,Energy,0.4,5,5,21,0.0
2022-12-19,Financials,0.06666666666666667,5,5,20,-0.4
2022-12-19,Healthcare,0.4,5,5,20,0.8
2022-12-19,Industrials,0.8,5,4,11,0.2
2022-12-19,Materials,0.0,5,2,4,-0.2
2022-12-19,RealEstate,1.0,5,5,14,0.0
2022-12-19,Tech,0.4,5,5,24,0.08571428571428572
2022-12-19,Utilities,0.4,5,3,6,0.2
2022-12-20,Comm,0.0,5,3,4,0.5
2022-12-20,Consumer,0.0,5,4,22,0.6
2022-12-20,Energy,0.7428571428571429,5,5,17,0.4
2022-12-20,Financials,0.64,5,5,17,0.06666666666666667
2022-12-20,Healthcare,0.8,5,5,18,0.4
2022-12-20,Industrials,0.2,5,4,13,0.8
2022-12-20,Materials,0.4,5,4,7,0.0
2022-12-20,RealEstate,0.2,5,2,5,1.0
2022-12-20,Tech,0.6,5,4,15,0.4
2022-12-20,Utilities,0.6,5,4,8,0.4
2022-12-21,Comm,0.6,5,3,8,0.0
2022-12-21,Consumer,0.525,5,5,46,0.0
2022-12-21,Energy,0.6,5,4,10,0.7428571428571429
2022-12-21,Financials,0.6,5,4,14,0.64
2022-12-21,Healthcare,0.6,5,5,16,0.8
2022-12-21,Industrials,0.6,5,4,14,0.2
2022-12-21,Materials,0.0,5,3,3,0.4
2022-12-21,RealEstate,0.4,5,3,5,0.2
2022-12-21,Tech,0.5,5,5,20,0.6
2022-12-21,Utilities,0.2,5,2,2,0.6
2022-12-22,Comm,0.4,5,3,9,0.6
2022-12-22,Consumer,0.4,5,4,23,0.525
2022-12-22,Energy,0.6,5,5,12,0.6
2022-12-22,Financials,0.6,5,5,12,0.6
2022-12-22,Healthcare,0.4,5,4,13,0.6
2022-12-22,Industrials,0.4,5,4,16,0.6
2022-12-22,Materials,0.0,5,2,2,0.0
2022-12-22,RealEstate,0.0,5,0,0,0.4
2022-12-22,Tech,0.06666666666666665,5,5,30,0.5
2022-12-22,Utilities,0.0,5,2,2,0.2
2022-12-23,Comm,0.0,5,2,4,0.4
2022-12-23,Consumer,0.6,5,4,13,0.4
2022-12-23,Energy,0.4,5,4,9,0.6
2022-12-23,Financials,0.6,5,4,10,0.6
2022-12-23,Healthcare,0.2,5,3,7,0.4
2022-12-23,Industrials,-0.2,5,4,7,0.4
2022-12-23,Materials,0.0,5,1,1,0.0
2022-12-23,RealEstate,0.0,5,0,0,0.0
2022-12-23,Tech,0.6,5,3,17,0.06666666666666665
2022-12-23,Utilities,0.4,5,2,3,0.0
2022-12-27,Comm,0.5333333333333333,5,3,11,0.0
2022-12-27,Consumer,0.5,5,5,35,0.6
2022-12-27,Energy,0.8,5,5,37,0.4
2022-12-27,Financials,0.4,5,5,12,0.6
2022-12-27,Healthcare,0.8,5,5,20,0.2
2022-12-27,Industrials,0.8,5,4,20,-0.2
2022-12-27,Materials,0.2,5,2,2,0.0
2022-12-27,RealEstate,0.4,5,5,10,0.0
2022-12-27,Tech,0.7,5,5,28,0.6
2022-12-27,Utilities,0.4,5,3,9,0.4
2022-12-28,Comm,-0.2,5,3,10,0.5333333333333333
2022-12-28,Consumer,0.2,5,4,8,0.5
2022-12-28,Energy,0.6,5,3,13,0.8
2022-12-28,Financials,0.0,5,3,11,0.4
2022-12-28,Healthcare,0.2,5,5,12,0.8
2022-12-28,Industrials,0.4,5,3,9,0.8
2022-12-28,Materials,0.0,5,3,4,0.2
2022-12-28,RealEstate,0.1,5,2,4,0.4
2022-12-28,Tech,0.4,5,4,14,0.7
2022-12-28,Utilities,0.0,5,3,4,0.4
2022-12-29,Comm,0.4,5,3,4,-0.2
2022-12-29,Consumer,0.8,5,5,22,0.2
2022-12-29,Energy,0.4,5,4,16,0.6
2022-12-29,Financials,1.0,5,5,12,0.0
2022-12-29,Healthcare,0.8,5,4,12,0.2
2022-12-29,Industrials,0.6,5,4,10,0.4
2022-12-29,Materials,0.4,5,2,4,0.0
2022-12-29,RealEstate,0.0,5,4,6,0.1
2022-12-29,Tech,0.8,5,5,13,0.4
2022-12-29,Utilities,0.4,5,2,2,0.0
2022-12-30,Comm,0.4,5,3,8,0.4
2022-12-30,Consumer,0.5,5,5,25,0.8
2022-12-30,Energy,0.6,5,5,14,0.4
2022-12-30,Financials,0.0,5,2,3,1.0
2022-12-30,Healthcare,0.2,5,3,7,0.8
2022-12-30,Industrials,0.4,5,3,5,0.6
2022-12-30,Materials,0.2,5,1,2,0.4
2022-12-30,RealEstate,0.2,5,2,3,0.0
2022-12-30,Tech,0.6,5,5,22,0.8
2022-12-30,Utilities,-0.4,5,5,5,0.4
2023-01-03,Comm,0.6,5,3,16,0.4
2023-01-03,Consumer,0.9,5,5,34,0.5
2023-01-03,Energy,1.0,5,5,32,0.6
2023-01-03,Financials,0.6,5,5,18,0.0
2023-01-03,Healthcare,0.8,5,5,14,0.2
2023-01-03,Industrials,0.6,5,4,13,0.4
2023-01-03,Materials,0.2,5,4,4,0.2
2023-01-03,RealEstate,0.72,5,4,9,0.2
2023-01-03,Tech,0.8,5,5,51,0.6
2023-01-03,Utilities,0.2,5,4,4,-0.4
2023-01-04,Comm,0.6,5,3,6,0.6
2023-01-04,Consumer,0.6,5,5,24,0.9
2023-01-04,Energy,1.0,5,5,27,1.0
2023-01-04,Financials,0.4,5,4,14,0.6
2023-01-04,Healthcare,0.6666666666666667,5,4,13,0.8
2023-01-04,Industrials,0.2,5,3,13,0.6
2023-01-04,Materials,0.0,5,2,4,0.2
2023-01-04,RealEstate,0.2,5,2,2,0.72
2023-01-04,Tech,-0.2,5,5,26,0.8
2023-01-04,Utilities,0.8,5,4,8,0.2
2023-01-05,Comm,0.6,5,3,8,0.6
2023-01-05,Consumer,0.64,5,5,21,0.6
2023-01-05,Energy,0.5333333333333333,5,5,22,1.0
2023-01-05,Financials,0.33333333333333337,5,5,15,0.4
2023-01-05,Healthcare,0.6,5,5,12,0.6666666666666667
2023-01-05,Industrials,0.2,5,4,6,0.2
2023-01-05,Materials,0.2,5,5,7,0.0
2023-01-05,RealEstate,0.4,5,2,4,0.2
2023-01-05,Tech,1.0,5,5,27,-0.2
2023-01-05,Utilities,0.4,5,4,8,0.8
2023-01-06,Comm,0.2,5,5,9,0.6
2023-01-06,Consumer,0.4,5,4,10,0.64
2023-01-06,Energy,0.8,5,5,22,0.5333333333333333
2023-01-06,Financials,0.5599999999999999,5,4,13,0.33333333333333337
2023-01-06,Healthcare,0.6,5,5,9,0.6
2023-01-06,Industrials,0.2,5,2,6,0.2
2023-01-06,Materials,0.2,5,2,5,0.2
2023-01-06,RealEstate,0.2,5,1,4,0.4
2023-01-06,Tech,0.8,5,5,21,1.0
2023-01-06,Utilities,0.2,5,1,2,0.4
2023-01-09,Comm,0.2,5,4,9,0.2
2023-01-09,Consumer,0.4,5,4,25,0.4
2023-01-09,Energy,0.8,5,5,22,0.8
2023-01-09,Financials,0.4666666666666666,5,5,25,0.5599999999999999
2023-01-09,Healthcare,0.6,5,4,14,0.6
2023-01-09,Industrials,0.4,5,4,11,0.2
2023-01-09,Materials,0.6,5,5,10,0.2
2023-01-09,RealEstate,0.4,5,3,9,0.2
2023-01-09,Tech,0.6,5,5,24,0.8
2023-01-09,Utilities,0.6,5,5,8,0.2
2023-01-10,Comm,0.4,5,3,7,0.2
2023-01-10,Consumer,0.6,5,5,13,0.4
2023-01-10,Energy,0.3866666666666666,5,5,16,0.8
2023-01-10,Financials,-0.1,5,4,25,0.4666666666666666
2023-01-10,Healthcare,0.4,5,4,13,0.6
2023-01-10,Industrials,0.6,5,4,11,0.4
2023-01-10,Materials,0.2,5,3,3,0.6
2023-01-10,RealEstate,0.6,5,4,5,0.4
2023-01-10,Tech,0.6,5,5,21,0.6
2023-01-10,Utilities,0.2,5,1,2,0.6
2023-01-11,Comm,0.4,5,4,8,0.4
2023-01-11,Consumer,1.0,5,5,21,0.6
2023-01-11,Energy,0.4,5,3,9,0.3866666666666666
2023-01-11,Financials,0.33333333333333337,5,4,24,-0.1
2023-01-11,Healthcare,0.6,5,5,13,0.4
2023-01-11,Industrials,0.4,5,3,4,0.6
2023-01-11,Materials,0.8,5,4,10,0.2
2023-01-11,RealEstate,0.6,5,3,5,0.6
2023-01-11,Tech,0.8,5,5,17,0.6
2023-01-11,Utilities,0.4,5,3,4,0.2
2023-01-12,Comm,0.4,5,4,14,0.4
2023-01-12,Consumer,1.0,5,5,28,1.0
2023-01-12,Energy,0.6,5,4,20,0.4
2023-01-12,Financials,0.8,5,5,23,0.33333333333333337
2023-01-12,Healthcare,0.4,5,4,7,0.6
2023-01-12,Industrials,0.4666666666666666,5,4,14,0.4
2023-01-12,Materials,0.4,5,4,5,0.8
2023-01-12,RealEstate,0.6,5,4,5,0.6
2023-01-12,Tech,0.8,5,5,13,0.8
2023-01-12,Utilities,0.6,5,4,7,0.4
2023-01-13,Comm,0.0,5,1,2,0.4
2023-01-13,Consumer,0.4,5,5,17,1.0
2023-01-13,Energy,0.4,5,4,14,0.6
2023-01-13,Financials,0.15394957983193275,5,5,48,0.8
2023-01-13,Healthcare,0.6,5,4,8,0.4
2023-01-13,Industrials,0.2,5,4,11,0.4666666666666666
2023-01-13,Materials,0.8,5,5,10,0.4
2023-01-13,RealEstate,0.2,5,3,4,0.6
2023-01-13,Tech,0.8,5,5,14,0.8
2023-01-13,Utilities,0.4,5,3,4,0.6
2023-01-17,Comm,0.4,5,4,13,0.0
2023-01-17,Consumer,1.0,5,5,51,0.4
2023-01-17,Energy,0.5428571428571429,5,5,40,0.4
2023-01-17,Financials,0.2323809523809524,5,5,100,0.15394957983193275
2023-01-17,Healthcare,0.8,5,5,33,0.6
2023-01-17,Industrials,0.8,5,4,13,0.2
2023-01-17,Materials,0.4,5,3,7,0.8
2023-01-17,RealEstate,0.8,5,4,8,0.2
2023-01-17,Tech,0.7333333333333333,5,5,46,0.8
2023-01-17,Utilities,0.2,5,4,8,0.4
2023-01-18,Comm,0.2,5,3,3,0.4
2023-01-18,Consumer,0.5333333333333333,5,5,27,1.0
2023-01-18,Energy,0.8,5,5,21,0.5428571428571429
2023-01-18,Financials,0.6,5,5,26,0.2323809523809524
2023-01-18,Healthcare,0.0,5,4,10,0.8
2023-01-18,Industrials,0.4,5,4,8,0.8
2023-01-18,Materials,0.0,5,3,7,0.4
2023-01-18,RealEstate,0.4,5,3,8,0.8
2023-01-18,Tech,0.6,5,5,18,0.7333333333333333
2023-01-18,Utilities,0.2,5,3,3,0.2
2023-01-19,Comm,0.4,5,3,11,0.2
2023-01-19,Consumer,0.8,5,5,24,0.5333333333333333
2023-01-19,Energy,0.6,5,4,14,0.8
2023-01-19,Financials,0.5333333333333333,5,5,22,0.6
2023-01-19,Healthcare,0.2,5,4,10,0.0
2023-01-19,Industrials,0.2,5,4,7,0.4
2023-01-19,Materials,0.4,5,4,11,0.0
2023-01-19,RealEstate,0.4,5,4,10,0.4
2023-01-19,Tech,0.0,5,3,12,0.6
2023-01-19,Utilities,0.0,5,5,5,0.2
2023-01-20,Comm,0.24,5,3,11,0.4
2023-01-20,Consumer,0.4666666666666666,5,5,18,0.8
2023-01-20,Energy,0.76,5,4,31,0.6
2023-01-20,Financials,0.6,5,5,24,0.5333333333333333
2023-01-20,Healthcare,0.4666666666666666,5,5,14,0.2
2023-01-20,Industrials,0.4,5,3,5,0.2
2023-01-20,Materials,0.4,5,3,5,0.4
2023-01-20,RealEstate,0.4,5,3,8,0.4
2023-01-20,Tech,0.3,5,5,26,0.0
2023-01-20,Utilities,0.4,5,3,7,0.0
2023-01-23,Comm,0.4,5,3,10,0.24
2023-01-23,Consumer,0.9199999999999999,5,5,31,0.4666666666666666
2023-01-23,Energy,0.9199999999999999,5,5,31,0.76
2023-01-23,Financials,0.14285714285714288,5,5,21,0.6
2023-01-23,Healthcare,0.7666666666666666,5,5,18,0.4666666666666666
2023-01-23,Industrials,0.4,5,4,23,0.4
2023-01-23,Materials,0.4,5,3,9,0.4
2023-01-23,RealEstate,0.2,5,5,13,0.4
2023-01-23,Tech,0.8,5,5,54,0.3
2023-01-23,Utilities,0.6,5,5,12,0.4
2023-01-24,Comm,0.06666666666666667,5,5,9,0.4
2023-01-24,Consumer,0.3,5,5,33,0.9199999999999999
2023-01-24,Energy,0.2,5,5,21,0.9199999999999999
2023-01-24,Financials,0.6,5,5,10,0.14285714285714288
2023-01-24,Healthcare,0.4,5,4,8,0.7666666666666666
2023-01-24,Industrials,-0.10833333333333332,5,4,52,0.4
2023-01-24,Materials,0.2,5,3,7,0.4
2023-01-24,RealEstate,0.4,5,4,5,0.2
2023-01-24,Tech,0.15238095238095237,5,4,32,0.8
2023-01-24,Utilities,0.52,5,4,12,0.6
2023-01-25,Comm,0.053333333333333344,5,5,27,0.06666666666666667
2023-01-25,Consumer,0.4,5,5,21,0.3
2023-01-25,Energy,0.7714285714285715,5,5,29,0.2
2023-01-25,Financials,0.26666666666666666,5,4,22,0.6
2023-01-25,Healthcare,0.1,5,4,29,0.4
2023-01-25,Industrials,0.2,5,3,6,-0.10833333333333332
2023-01-25,Materials,0.0,5,5,11,0.2
2023-01-25,RealEstate,0.26666666666666666,5,3,5,0.4
2023-01-25,Tech,0.6666666666666666,5,5,29,0.15238095238095237
2023-01-25,Utilities,0.6,5,4,14,0.52
2023-01-26,Comm,0.6,5,4,20,0.053333333333333344
2023-01-26,Consumer,0.8,5,5,19,0.4
2023-01-26,Energy,0.27999999999999997,5,3,39,0.7714285714285715
2023-01-26,Financials,0.7636363636363637,5,5,35,0.26666666666666666
2023-01-26,Healthcare,0.8,5,5,18,0.1
2023-01-26,Industrials,0.5333333333333334,5,4,19,0.2
2023-01-26,Materials,0.5333333333333334,5,5,26,0.0
2023-01-26,RealEstate,0.2,5,3,6,0.26666666666666666
2023-01-26,Tech,0.37333333333333335,5,5,37,0.6666666666666666
2023-01-26,Utilities,0.8,5,5,14,0.6
2023-01-27,Comm,0.3,5,5,13,0.6
2023-01-27,Consumer,0.5,5,5,19,0.8
2023-01-27,Energy,0.324,5,5,46,0.27999999999999997
2023-01-27,Financials,0.13333333333333333,5,4,29,0.7636363636363637
2023-01-27,Healthcare,0.4,5,4,8,0.8
2023-01-27,Industrials,0.33333333333333337,5,3,8,0.5333333333333334
2023-01-27,Materials,0.4,5,2,3,0.5333333333333334
2023-01-27,RealEstate,0.2,5,2,2,0.2
2023-01-27,Tech,0.3,5,4,51,0.37333333333333335
2023-01-27,Utilities,0.2,5,4,6,0.8
2023-01-30,Comm,0.4,5,3,7,0.3
2023-01-30,Consumer,0.7,5,5,30,0.5
2023-01-30,Energy,0.82,5,5,29,0.324
2023-01-30,Financials,0.5,5,5,20,0.13333333333333333
2023-01-30,Healthcare,0.8,5,5,19,0.4
2023-01-30,Industrials,0.8,5,4,17,0.33333333333333337
2023-01-30,Materials,0.4,5,2,6,0.4
2023-01-30,RealEstate,0.6,5,4,10,0.2
2023-01-30,Tech,0.8,5,5,31,0.3
2023-01-30,Utilities,0.6,5,3,6,0.2
2023-01-31,Comm,0.2,5,5,16,0.4
2023-01-31,Consumer,0.8,5,5,21,0.7
2023-01-31,Energy,0.6914285714285715,5,5,36,0.82
2023-01-31,Financials,0.0,5,4,12,0.5
2023-01-31,Healthcare,0.0,5,5,23,0.8
2023-01-31,Industrials,0.23030303030303031,5,3,39,0.8
2023-01-31,Materials,0.0,5,3,4,0.4
2023-01-31,RealEstate,0.6,5,4,8,0.6
2023-01-31,Tech,0.15999999999999998,5,4,50,0.8
2023-01-31,Utilities,0.0,5,4,8,0.6
2023-02-01,Comm,-0.13333333333333336,5,5,24,0.2
2023-02-01,Consumer,0.3333333333333333,5,5,22,0.8
2023-02-01,Energy,0.2,5,5,22,0.6914285714285715
2023-02-01,Financials,0.0,5,3,6,0.0
2023-02-01,Healthcare,0.8666666666666666,5,5,26,0.0
2023-02-01,Industrials,0.0,5,4,8,0.23030303030303031
2023-02-01,Materials,0.0,5,1,1,0.0
2023-02-01,RealEstate,0.4,5,4,6,0.6
2023-02-01,Tech,0.07999999999999999,5,5,50,0.15999999999999998
2023-02-01,Utilities,0.6,5,5,7,0.0
2023-02-02,Comm,0.52,5,5,15,-0.13333333333333336
2023-02-02,Consumer,0.27999999999999997,5,5,20,0.3333333333333333
2023-02-02,Energy,0.8,5,5,23,0.2
2023-02-02,Financials,0.8,5,5,21,0.0
2023-02-02,Healthcare,0.7666666666666667,5,4,29,0.8666666666666666
2023-02-02,Industrials,0.4,5,4,5,0.0
2023-02-02,Materials,0.1,5,3,6,0.0
2023-02-02,RealEstate,0.4,5,4,5,0.4
2023-02-02,Tech,0.8,5,5,31,0.07999999999999999
2023-02-02,Utilities,0.4,5,4,8,0.6
2023-02-03,Comm,0.2,5,5,6,0.52
2023-02-03,Consumer,0.7,5,5,19,0.27999999999999997
2023-02-03,Energy,0.06666666666666665,5,5,13,0.8
2023-02-03,Financials,0.6,5,4,15,0.8
2023-02-03,Healthcare,-0.06666666666666665,5,3,17,0.7666666666666667
2023-02-03,Industrials,0.2,5,4,8,0.4
2023-02-03,Materials,0.0,5,4,9,0.1
2023-02-03,RealEstate,0.6,5,3,6,0.4
2023-02-03,Tech,0.6,5,5,25,0.8
2023-02-03,Utilities,0.6,5,4,9,0.4
2023-02-06,Comm,-0.2,5,5,20,0.2
2023-02-06,Consumer,0.6571428571428571,5,5,38,0.7
2023-02-06,Energy,0.5,5,5,22,0.06666666666666665
2023-02-06,Financials,-0.2,5,4,19,0.6
2023-02-06,Healthcare,0.5428571428571429,5,5,22,-0.06666666666666665
2023-02-06,Industrials,0.4,5,3,12,0.2
2023-02-06,Materials,-0.2,5,4,17,0.0
2023-02-06,RealEstate,0.6,5,5,19,0.6
2023-02-06,Tech,0.6,5,5,31,0.6
2023-02-06,Utilities,0.2,5,5,15,0.6
2023-02-07,Comm,0.4,5,5,13,-0.2
2023-02-07,Consumer,0.6,5,4,14,0.6571428571428571
2023-02-07,Energy,0.2,5,5,17,0.5
2023-02-07,Financials,0.26666666666666666,5,5,19,-0.2
2023-02-07,Healthcare,0.8666666666666666,5,5,13,0.5428571428571429
2023-02-07,Industrials,0.2,5,2,6,0.4
2023-02-07,Materials,-0.37777777777777777,5,5,19,-0.2
2023-02-07,RealEstate,0.0,5,3,6,0.6
2023-02-07,Tech,0.6,5,5,17,0.6
2023-02-07,Utilities,0.0,5,4,10,0.2
2023-02-08,Comm,0.2,5,4,5,0.4
2023-02-08,Consumer,0.6947368421052632,5,5,39,0.6
2023-02-08,Energy,0.2,5,5,19,0.2
2023-02-08,Financials,-0.2,5,5,16,0.26666666666666666
2023-02-08,Healthcare,0.8,5,5,15,0.8666666666666666
2023-02-08,Industrials,0.2,5,2,4,0.2
2023-02-08,Materials,0.0,5,3,3,-0.37777777777777777
2023-02-08,RealEstate,0.2,5,4,5,0.0
2023-02-08,Tech,0.06666666666666667,5,4,17,0.6
2023-02-08,Utilities,0.4,5,3,18,0.0
2023-02-09,Comm,0.4,5,3,6,0.2
2023-02-09,Consumer,0.6461538461538462,5,5,43,0.6947368421052632
2023-02-09,Energy,-0.2,5,5,23,0.2
2023-02-09,Financials,0.0,5,5,15,-0.2
2023-02-09,Healthcare,0.09090909090909091,5,5,29,0.8
2023-02-09,Industrials,0.4,5,3,9,0.2
2023-02-09,Materials,0.2,5,4,8,0.0
2023-02-09,RealEstate,0.2,5,4,8,0.2
2023-02-09,Tech,0.2,5,5,19,0.06666666666666667
2023-02-09,Utilities,0.0,5,5,15,0.4
2023-02-10,Comm,0.4,5,4,5,0.4
2023-02-10,Consumer,0.8,5,5,18,0.6461538461538462
2023-02-10,Energy,0.6666666666666666,5,4,24,-0.2
2023-02-10,Financials,0.0,5,2,6,0.0
2023-02-10,Healthcare,0.0,5,3,5,0.09090909090909091
2023-02-10,Industrials,0.2,5,3,5,0.4
2023-02-10,Materials,0.0,5,2,3,0.2
2023-02-10,RealEstate,0.4,5,3,4,0.2
2023-02-10,Tech,0.3,5,4,18,0.2
2023-02-10,Utilities,0.0,5,3,4,0.0
2023-02-13,Comm,0.2,5,4,9,0.4
2023-02-13,Consumer,1.0,5,5,41,0.8
2023-02-13,Energy,0.8,5,5,31,0.6666666666666666
2023-02-13,Financials,0.4,5,4,9,0.0
2023-02-13,Healthcare,0.6,5,5,12,0.0
2023-02-13,Industrials,0.6,5,4,8,0.2
2023-02-13,Materials,0.4,5,4,8,0.0
2023-02-13,RealEstate,0.6,5,4,10,0.4
2023-02-13,Tech,1.0,5,5,39,0.3
2023-02-13,Utilities,0.4,5,4,9,0.0
2023-02-14,Comm,0.2,5,3,4,0.2
2023-02-14,Consumer,0.43589743589743596,5,5,37,1.0
2023-02-14,Energy,0.0,5,5,12,0.8
2023-02-14,Financials,0.4666666666666666,5,5,20,0.4
2023-02-14,Healthcare,0.4,5,4,12,0.6
2023-02-14,Industrials,0.4,5,3,9,0.6
2023-02-14,Materials,0.0,5,3,3,0.4
2023-02-14,RealEstate,0.4,5,5,8,0.6
2023-02-14,Tech,0.76,5,5,21,1.0
2023-02-14,Utilities,0.16666666666666666,5,5,11,0.4
2023-02-15,Comm,1.0,5,5,9,0.2
2023-02-15,Consumer,0.32,5,4,16,0.43589743589743596
2023-02-15,Energy,0.13333333333333336,5,3,10,0.0
2023-02-15,Financials,0.21333333333333332,5,4,15,0.4666666666666666
2023-02-15,Healthcare,0.2,5,3,7,0.4
2023-02-15,Industrials,0.2,5,3,6,0.4
2023-02-15,Materials,0.4,5,2,10,0.0
2023-02-15,RealEstate,0.6,5,3,5,0.4
2023-02-15,Tech,0.6,5,5,11,0.76
2023-02-15,Utilities,0.2,5,4,5,0.16666666666666666
2023-02-16,Comm,0.4,5,5,7,1.0
2023-02-16,Consumer,0.0,5,5,24,0.32
2023-02-16,Energy,0.6666666666666667,5,5,21,0.13333333333333336
2023-02-16,Financials,-0.2,5,5,15,0.21333333333333332
2023-02-16,Healthcare,0.8,5,5,22,0.2
2023-02-16,Industrials,0.6,5,4,12,0.2
2023-02-16,Materials,0.4,5,4,7,0.4
2023-02-16,RealEstate,0.4,5,3,6,0.6
2023-02-16,Tech,0.9199999999999999,5,5,27,0.6
2023-02-16,Utilities,0.4666666666666666,5,4,16,0.2
2023-02-17,Comm,0.0,5,3,4,0.4
2023-02-17,Consumer,0.6,5,4,14,0.0
2023-02-17,Energy,0.8,5,4,14,0.6666666666666667
2023-02-17,Financials,0.4,5,5,14,-0.2
2023-02-17,Healthcare,0.5555555555555556,5,5,14,0.8
2023-02-17,Industrials,0.0,5,4,9,0.6
2023-02-17,Materials,0.0,5,3,6,0.4
2023-02-17,RealEstate,-0.2,5,2,5,0.4
2023-02-17,Tech,0.6,5,5,23,0.9199999999999999
2023-02-17,Utilities,0.6,5,4,10,0.4666666666666666
2023-02-21,Comm,0.64,5,5,20,0.0
2023-02-21,Consumer,0.5047619047619047,5,5,91,0.6
2023-02-21,Energy,0.8,5,5,34,0.8
2023-02-21,Financials,0.08,5,5,18,0.4
2023-02-21,Healthcare,0.6,5,5,26,0.5555555555555556
2023-02-21,Industrials,0.8,5,4,15,0.0
2023-02-21,Materials,0.06666666666666667,5,3,10,0.0
2023-02-21,RealEstate,0.4,5,4,18,-0.2
2023-02-21,Tech,0.72,5,5,39,0.6
2023-02-21,Utilities,0.6,5,5,18,0.6
2023-02-22,Comm,0.2,5,3,9,0.64
2023-02-22,Consumer,0.6666666666666666,5,5,29,0.5047619047619047
2023-02-22,Energy,0.4666666666666666,5,5,17,0.8
2023-02-22,Financials,0.26666666666666666,5,4,16,0.08
2023-02-22,Healthcare,1.0,5,5,20,0.6
2023-02-22,Industrials,0.4,5,4,5,0.8
2023-02-22,Materials,-0.06666666666666667,5,3,8,0.06666666666666667
2023-02-22,RealEstate,0.4,5,4,11,0.4
2023-02-22,Tech,0.7,5,5,41,0.72
2023-02-22,Utilities,0.2,5,3,7,0.6
2023-02-23,Comm,0.2,5,5,9,0.2
2023-02-23,Consumer,0.6,5,5,21,0.6666666666666666
2023-02-23,Energy,0.8,5,4,19,0.4666666666666666
2023-02-23,Financials,1.0,5,5,14,0.26666666666666666
2023-02-23,Healthcare,0.4,5,3,5,1.0
2023-02-23,Industrials,0.2,5,4,7,0.4
2023-02-23,Materials,0.06666666666666667,5,4,13,-0.06666666666666667
2023-02-23,RealEstate,0.4666666666666667,5,5,20,0.4
2023-02-23,Tech,0.7761904761904762,5,5,82,0.7
2023-02-23,Utilities,0.6,5,4,12,0.2
2023-02-24,Comm,-0.06666666666666667,5,3,7,0.2
2023-02-24,Consumer,0.4,5,4,14,0.6
2023-02-24,Energy,0.26666666666666666,5,5,10,0.8
2023-02-24,Financials,0.06666666666666665,5,5,15,1.0
2023-02-24,Healthcare,0.4,5,3,9,0.4
2023-02-24,Industrials,0.0,5,3,6,0.2
2023-02-24,Materials,0.4,5,4,7,0.06666666666666667
2023-02-24,RealEstate,0.4,5,4,8,0.4666666666666667
2023-02-24,Tech,0.16666666666666666,5,5,31,0.7761904761904762
2023-02-24,Utilities,0.3,5,4,10,0.6
2023-02-27,Comm,0.2,5,3,9,-0.06666666666666667
2023-02-27,Consumer,0.7,5,5,28,0.4
2023-02-27,Energy,0.44000000000000006,5,5,28,0.26666666666666666
2023-02-27,Financials,0.4,5,5,21,0.06666666666666665
2023-02-27,Healthcare,1.0,5,5,23,0.4
2023-02-27,Industrials,0.2,5,4,10,0.0
2023-02-27,Materials,0.0,5,4,6,0.4
2023-02-27,RealEstate,1.0,5,5,12,0.4
2023-02-27,Tech,0.42857142857142855,5,5,42,0.16666666666666666
2023-02-27,Utilities,0.4,5,5,12,0.3
2023-02-28,Comm,0.2,5,4,6,0.2
2023-02-28,Consumer,0.4,5,4,13,0.7
2023-02-28,Energy,0.16666666666666666,5,3,18,0.44000000000000006
2023-02-28,Financials,0.36,5,3,16,0.4
2023-02-28,Healthcare,0.2,5,3,11,1.0
2023-02-28,Industrials,0.2,5,3,10,0.2
2023-02-28,Materials,0.0,5,1,1,0.0
2023-02-28,RealEstate,0.4,5,2,3,1.0
2023-02-28,Tech,0.6,5,4,20,0.42857142857142855
2023-02-28,Utilities,0.2,5,4,5,0.4
2023-03-01,Comm,0.2,5,5,14,0.2
2023-03-01,Consumer,1.0,5,5,28,0.4
2023-03-01,Energy,0.3,5,4,14,0.16666666666666666
2023-03-01,Financials,0.2,5,5,19,0.36
2023-03-01,Healthcare,0.13333333333333336,5,5,15,0.2
2023-03-01,Industrials,0.33333333333333337,5,4,19,0.2
2023-03-01,Materials,0.06666666666666667,5,3,8,0.0
2023-03-01,RealEstate,0.2,5,4,5,0.4
2023-03-01,Tech,0.6666666666666666,5,5,26,0.6
2023-03-01,Utilities,0.2,5,3,4,0.2
2023-03-02,Comm,1.0,5,5,13,0.2
2023-03-02,Consumer,0.4,5,5,26,1.0
2023-03-02,Energy,0.6,5,5,17,0.3
2023-03-02,Financials,0.0,5,5,14,0.2
2023-03-02,Healthcare,0.8,5,5,13,0.13333333333333336
2023-03-02,Industrials,0.2,5,3,4,0.33333333333333337
2023-03-02,Materials,0.0,5,4,8,0.06666666666666667
2023-03-02,RealEstate,0.6,5,3,6,0.2
2023-03-02,Tech,0.75,5,5,30,0.6666666666666666
2023-03-02,Utilities,0.0,5,3,3,0.2
2023-03-03,Comm,0.2,5,2,2,1.0
2023-03-03,Consumer,0.4,5,3,9,0.4
2023-03-03,Energy,0.2,5,4,11,0.6
2023-03-03,Financials,0.33333333333333337,5,5,15,0.0
2023-03-03,Healthcare,0.4,5,3,6,0.8
2023-03-03,Industrials,0.4,5,4,8,0.2
2023-03-03,Materials,0.2,5,4,8,0.0
2023-03-03,RealEstate,0.06666666666666667,5,1,4,0.6
2023-03-03,Tech,0.6,5,5,24,0.75
2023-03-03,Utilities,0.2,5,3,3,0.0
2023-03-06,Comm,0.4,5,5,7,0.2
2023-03-06,Consumer,0.6,5,5,28,0.4
2023-03-06,Energy,0.5,5,5,40,0.2
2023-03-06,Financials,0.4,5,3,17,0.33333333333333337
2023-03-06,Healthcare,0.8,5,5,23,0.4
2023-03-06,Industrials,0.4,5,4,12,0.4
2023-03-06,Materials,0.4,5,4,6,0.2
2023-03-06,RealEstate,0.8,5,5,11,0.06666666666666667
2023-03-06,Tech,0.8,5,5,33,0.6
2023-03-06,Utilities,0.4,5,4,9,0.2
2023-03-07,Comm,0.0,5,4,5,0.4
2023-03-07,Consumer,0.8,5,5,21,0.6
2023-03-07,Energy,0.8,5,5,25,0.5
2023-03-07,Financials,0.4,5,5,15,0.4
2023-03-07,Healthcare,0.2,5,4,8,0.8
2023-03-07,Industrials,0.2,5,2,5,0.4
2023-03-07,Materials,0.0,5,4,6,0.4
2023-03-07,RealEstate,0.2,5,2,3,0.8
2023-03-07,Tech,0.4,5,5,28,0.8
2023-03-07,Utilities,0.4,5,5,13,0.4
2023-03-08,Comm,0.2,5,2,3,0.0
2023-03-08,Consumer,0.8,5,5,11,0.8
2023-03-08,Energy,0.4666666666666666,5,5,31,0.8
2023-03-08,Financials,0.6,5,5,23,0.4
2023-03-08,Healthcare,0.6,5,5,17,0.2
2023-03-08,Industrials,0.6,5,4,10,0.2
2023-03-08,Materials,0.4,5,4,7,0.0
2023-03-08,RealEstate,0.6,5,4,5,0.2
2023-03-08,Tech,0.5,5,5,23,0.4
2023-03-08,Utilities,0.4,5,2,5,0.4
2023-03-09,Comm,0.2,5,4,8,0.2
2023-03-09,Consumer,0.8,5,5,21,0.8
2023-03-09,Energy,1.0,5,5,21,0.4666666666666666
2023-03-09,Financials,0.26666666666666666,5,5,15,0.6
2023-03-09,Healthcare,0.8,5,5,17,0.6
2023-03-09,Industrials,0.0,5,4,16,0.6
2023-03-09,Materials,0.0,5,3,7,0.4
2023-03-09,RealEstate,0.4,5,4,9,0.6
2023-03-09,Tech,0.7,5,5,29,0.5
2023-03-09,Utilities,0.2,5,2,3,0.4
2023-03-10,Comm,0.2,5,3,8,0.2
2023-03-10,Consumer,0.4,5,5,21,0.8
2023-03-10,Energy,0.0,5,4,18,1.0
2023-03-10,Financials,0.5066666666666666,5,5,23,0.26666666666666666
2023-03-10,Healthcare,0.2,5,4,9,0.8
2023-03-10,Industrials,0.2,5,4,14,0.0
2023-03-10,Materials,0.0,5,4,5,0.0
2023-03-10,RealEstate,0.6,5,5,9,0.4
2023-03-10,Tech,0.4,5,4,25,0.7
2023-03-10,Utilities,0.6,5,4,7,0.2
2023-03-13,Comm,0.2,5,3,10,0.2
2023-03-13,Consumer,0.4057142857142857,5,5,41,0.4
2023-03-13,Energy,0.6,5,5,30,0.0
2023-03-13,Financials,-0.13714285714285715,5,5,45,0.5066666666666666
2023-03-13,Healthcare,0.4,5,5,18,0.2
2023-03-13,Industrials,0.4,5,4,18,0.2
2023-03-13,Materials,0.2,5,5,8,0.0
2023-03-13,RealEstate,0.6,5,5,11,0.6
2023-03-13,Tech,0.8,5,5,28,0.4
2023-03-13,Utilities,0.4,5,2,5,0.6
2023-03-14,Comm,0.0,5,1,3,0.2
2023-03-14,Consumer,0.6,5,5,19,0.4057142857142857
2023-03-14,Energy,0.6,5,5,24,0.6
2023-03-14,Financials,0.7,5,5,27,-0.13714285714285715
2023-03-14,Healthcare,0.8,5,5,15,0.4
2023-03-14,Industrials,0.2,5,2,7,0.4
2023-03-14,Materials,0.6,5,4,13,0.2
2023-03-14,RealEstate,0.6,5,5,7,0.6
2023-03-14,Tech,0.6,5,4,18,0.8
2023-03-14,Utilities,0.2,5,3,5,0.4
2023-03-15,Comm,0.4,5,3,9,0.0
2023-03-15,Consumer,1.0,5,5,20,0.6
2023-03-15,Energy,0.4,5,5,28,0.6
2023-03-15,Financials,-0.2,5,5,26,0.7
2023-03-15,Healthcare,0.6,5,5,14,0.8
2023-03-15,Industrials,0.2,5,4,9,0.2
2023-03-15,Materials,0.4,5,5,15,0.6
2023-03-15,RealEstate,0.72,5,4,10,0.6
2023-03-15,Tech,0.5333333333333334,5,5,19,0.6
2023-03-15,Utilities,0.4,5,4,9,0.2
2023-03-16,Comm,0.4,5,4,14,0.4
2023-03-16,Consumer,0.8,5,5,15,1.0
2023-03-16,Energy,0.4,5,5,15,0.4
2023-03-16,Financials,0.45,5,5,26,-0.2
2023-03-16,Healthcare,0.6,5,5,9,0.6
2023-03-16,Industrials,0.26666666666666666,5,3,6,0.2
2023-03-16,Materials,0.6,5,3,7,0.4
2023-03-16,RealEstate,0.6,5,4,8,0.72
2023-03-16,Tech,0.7,5,5,49,0.5333333333333334
2023-03-16,Utilities,0.6,5,5,9,0.4
2023-03-17,Comm,0.4,5,2,4,0.4
2023-03-17,Consumer,0.4666666666666666,5,5,17,0.8
2023-03-17,Energy,0.4,5,4,11,0.4
2023-03-17,Financials,0.2,5,5,28,0.45
2023-03-17,Healthcare,0.4,5,3,8,0.6
2023-03-17,Industrials,0.2,5,3,6,0.26666666666666666
2023-03-17,Materials,0.2,5,3,12,0.6
2023-03-17,RealEstate,0.4,5,4,6,0.6
2023-03-17,Tech,0.4666666666666666,5,5,37,0.7
2023-03-17,Utilities,0.8,5,4,11,0.6
2023-03-20,Comm,0.6,5,5,11,0.4
2023-03-20,Consumer,0.6,5,5,26,0.4666666666666666
2023-03-20,Energy,0.6,5,5,29,0.4
2023-03-20,Financials,-0.40476190476190477,5,5,40,0.2
2023-03-20,Healthcare,0.6,5,5,20,0.4
2023-03-20,Industrials,0.0,5,4,11,0.2
2023-03-20,Materials,0.4,5,3,8,0.2
2023-03-20,RealEstate,0.2,5,4,8,0.4
2023-03-20,Tech,0.6,5,5,44,0.4666666666666666
2023-03-20,Utilities,0.06666666666666667,5,4,10,0.8
2023-03-21,Comm,0.4,5,5,13,0.6
2023-03-21,Consumer,0.8,5,4,21,0.6
2023-03-21,Energy,0.4,5,4,16,0.6
2023-03-21,Financials,1.0,5,5,19,-0.40476190476190477
2023-03-21,Healthcare,0.6,5,5,13,0.6
2023-03-21,Industrials,0.4,5,3,5,0.0
2023-03-21,Materials,0.4,5,4,12,0.4
2023-03-21,RealEstate,0.8,5,4,8,0.2
2023-03-21,Tech,0.7,5,5,29,0.6
2023-03-21,Utilities,0.0,5,4,5,0.06666666666666667
2023-03-22,Comm,0.2,5,3,6,0.4
2023-03-22,Consumer,0.3142857142857143,5,5,30,0.8
2023-03-22,Energy,0.8,5,5,22,0.4
2023-03-22,Financials,0.4,5,5,21,1.0
2023-03-22,Healthcare,0.0,5,5,20,0.6
2023-03-22,Industrials,0.4,5,3,5,0.4
2023-03-22,Materials,0.2,5,4,6,0.4
2023-03-22,RealEstate,0.2,5,3,3,0.8
2023-03-22,Tech,0.4666666666666666,5,5,39,0.7
2023-03-22,Utilities,0.2,5,4,8,0.0
2023-03-23,Comm,0.4,5,4,9,0.2
2023-03-23,Consumer,0.6,5,5,20,0.3142857142857143
2023-03-23,Energy,0.8,5,5,17,0.8
2023-03-23,Financials,0.24,5,5,21,0.4
2023-03-23,Healthcare,0.4666666666666666,5,3,11,0.0
2023-03-23,Industrials,0.4,5,3,4,0.4
2023-03-23,Materials,0.4,5,4,9,0.2
2023-03-23,RealEstate,0.2,5,4,4,0.2
2023-03-23,Tech,0.6,5,5,35,0.4666666666666666
2023-03-23,Utilities,0.4,5,4,7,0.2
2023-03-24,Comm,0.0,5,2,2,0.4
2023-03-24,Consumer,0.6,5,5,15,0.6
2023-03-24,Energy,0.4,5,5,11,0.8
2023-03-24,Financials,0.17142857142857143,5,5,24,0.24
2023-03-24,Healthcare,0.4,5,4,11,0.4666666666666666
2023-03-24,Industrials,0.4,5,4,8,0.4
2023-03-24,Materials,0.0,5,1,1,0.4
2023-03-24,RealEstate,0.2,5,2,2,0.2
2023-03-24,Tech,0.4,5,5,29,0.6
2023-03-24,Utilities,0.2,5,2,2,0.4
2023-03-27,Comm,0.6,5,3,13,0.0
2023-03-27,Consumer,1.0,5,5,29,0.6
2023-03-27,Energy,0.8,5,5,25,0.4
2023-03-27,Financials,0.4,5,5,29,0.17142857142857143
2023-03-27,Healthcare,1.0,5,5,22,0.4
2023-03-27,Industrials,0.6,5,4,17,0.4
2023-03-27,Materials,0.2,5,2,5,0.0
2023-03-27,RealEstate,0.4,5,3,8,0.2
2023-03-27,Tech,0.8,5,5,48,0.4
2023-03-27,Utilities,0.6,5,4,7,0.2
2023-03-28,Comm,0.4,5,4,7,0.6
2023-03-28,Consumer,1.0,5,5,22,1.0
2023-03-28,Energy,1.0,5,5,15,0.8
2023-03-28,Financials,0.52,5,5,16,0.4
2023-03-28,Healthcare,0.8,5,5,13,1.0
2023-03-28,Industrials,0.0,5,2,6,0.6
2023-03-28,Materials,0.4,5,2,4,0.2
2023-03-28,RealEstate,0.0,5,2,2,0.4
2023-03-28,Tech,0.4,5,5,20,0.8
2023-03-28,Utilities,0.6,5,4,7,0.6
2023-03-29,Comm,0.0,5,4,7,0.4
2023-03-29,Consumer,0.8,5,5,24,1.0
2023-03-29,Energy,0.7,5,5,29,1.0
2023-03-29,Financials,0.2,5,5,20,0.52
2023-03-29,Healthcare,0.0,5,5,12,0.8
2023-03-29,Industrials,0.4,5,4,12,0.0
2023-03-29,Materials,0.6,5,3,8,0.4
2023-03-29,RealEstate,0.4,5,3,5,0.0
2023-03-29,Tech,0.5428571428571429,5,5,26,0.4
2023-03-29,Utilities,0.8,5,4,8,0.6
2023-03-30,Comm,0.4,5,4,6,0.0
2023-03-30,Consumer,0.4,5,5,26,0.8
2023-03-30,Energy,0.4,5,5,16,0.7
2023-03-30,Financials,0.4,5,4,17,0.2
2023-03-30,Healthcare,0.2533333333333333,5,4,13,0.0
2023-03-30,Industrials,0.4,5,3,6,0.4
2023-03-30,Materials,0.2,5,3,6,0.6
2023-03-30,RealEstate,0.2,5,3,7,0.4
2023-03-30,Tech,0.6,5,5,31,0.5428571428571429
2023-03-30,Utilities,0.4,5,4,5,0.8
2023-03-31,Comm,0.0,5,3,9,0.4
2023-03-31,Consumer,0.6,5,4,24,0.4
2023-03-31,Energy,0.4666666666666667,5,5,14,0.4
2023-03-31,Financials,0.06666666666666667,5,5,13,0.4
2023-03-31,Healthcare,0.4666666666666667,5,4,11,0.2533333333333333
2023-03-31,Industrials,0.4,5,3,6,0.4
2023-03-31,Materials,0.6,5,3,5,0.2
2023-03-31,RealEstate,0.4,5,3,4,0.2
2023-03-31,Tech,0.6,5,5,22,0.6
2023-03-31,Utilities,0.0,5,3,8,0.4
2023-04-03,Comm,0.38666666666666666,5,4,18,0.0
2023-04-03,Consumer,0.82,5,5,47,0.6
2023-04-03,Energy,0.01598793363499245,5,5,64,0.4666666666666667
2023-04-03,Financials,0.22666666666666666,5,5,28,0.06666666666666667
2023-04-03,Healthcare,0.6,5,5,16,0.4666666666666667
2023-04-03,Industrials,0.4,5,4,10,0.4
2023-04-03,Materials,-0.2,5,4,5,0.6
2023-04-03,RealEstate,0.6,5,4,9,0.4
2023-04-03,Tech,0.8123976608187136,5,5,64,0.6
2023-04-03,Utilities,0.2,5,4,8,0.0
2023-04-04,Comm,0.2,5,5,12,0.38666666666666666
2023-04-04,Consumer,0.8,5,5,13,0.82
2023-04-04,Energy,0.7555555555555555,5,5,33,0.01598793363499245
2023-04-04,Financials,-0.17142857142857143,5,5,29,0.22666666666666666
2023-04-04,Healthcare,0.6,5,4,15,0.6
2023-04-04,Industrials,0.0,5,4,16,0.4
2023-04-04,Materials,0.2,5,3,6,-0.2
2023-04-04,RealEstate,0.6,5,4,7,0.6
2023-04-04,Tech,0.5333333333333333,5,5,33,0.8123976608187136
2023-04-04,Utilities,0.6,5,4,7,0.2
2023-04-05,Comm,0.0,5,2,8,0.2
2023-04-05,Consumer,0.4,5,5,20,0.8
2023-04-05,Energy,0.36666666666666664,5,5,28,0.7555555555555555
2023-04-05,Financials,0.0,5,5,19,-0.17142857142857143
2023-04-05,Healthcare,0.6,5,5,15,0.6
2023-04-05,Industrials,0.0,5,3,11,0.0
2023-04-05,Materials,0.0,5,3,4,0.2
2023-04-05,RealEstate,0.14285714285714285,5,1,7,0.6
2023-04-05,Tech,0.10666666666666666,5,4,31,0.5333333333333333
2023-04-05,Utilities,0.2,5,2,5,0.6
2023-04-06,Comm,0.8,5,5,12,0.0
2023-04-06,Consumer,0.8,5,5,26,0.4
2023-04-06,Energy,0.55,5,4,20,0.36666666666666664
2023-04-06,Financials,-0.2,5,5,15,0.0
2023-04-06,Healthcare,1.0,5,5,18,0.6
2023-04-06,Industrials,0.6,5,4,15,0.0
2023-04-06,Materials,0.2,5,4,6,0.0
2023-04-06,RealEstate,0.8,5,4,8,0.14285714285714285
2023-04-06,Tech,0.0,5,5,19,0.10666666666666666
2023-04-06,Utilities,0.4,5,4,6,0.2
2023-04-10,Comm,0.0,5,5,10,0.8
2023-04-10,Consumer,0.62,5,5,35,0.8
2023-04-10,Energy,0.7692307692307693,5,5,49,0.55
2023-04-10,Financials,0.7333333333333333,5,4,43,-0.2
2023-04-10,Healthcare,1.0,5,5,28,1.0
2023-04-10,Industrials,0.8,5,4,21,0.6
2023-04-10,Materials,0.4,5,4,11,0.2
2023-04-10,RealEstate,0.8,5,5,16,0.8
2023-04-10,Tech,1.0,5,5,56,0.0
2023-04-10,Utilities,0.4,5,3,7,0.4
2023-04-11,Comm,0.2,5,4,9,0.0
2023-04-11,Consumer,0.8,5,4,18,0.62
2023-04-11,Energy,0.8,5,4,18,0.7692307692307693
2023-04-11,Financials,0.4,5,5,28,0.7333333333333333
2023-04-11,Healthcare,0.6,5,5,13,1.0
2023-04-11,Industrials,0.6,5,4,9,0.8
2023-04-11,Materials,0.2,5,4,12,0.4
2023-04-11,RealEstate,0.2,5,4,5,0.8
2023-04-11,Tech,0.2,5,5,21,1.0
2023-04-11,Utilities,0.2,5,5,7,0.4
2023-04-12,Comm,0.6,5,5,13,0.2
2023-04-12,Consumer,0.8,5,5,20,0.8
2023-04-12,Energy,0.6,5,5,19,0.8
2023-04-12,Financials,0.6,5,5,29,0.4
2023-04-12,Healthcare,0.0,5,5,20,0.6
2023-04-12,Industrials,0.6,5,4,16,0.6
2023-04-12,Materials,0.0,5,1,2,0.2
2023-04-12,RealEstate,0.4,5,2,5,0.2
2023-04-12,Tech,1.0,5,5,27,0.2
2023-04-12,Utilities,0.0,5,3,5,0.2
2023-04-13,Comm,0.2,5,5,13,0.6
2023-04-13,Consumer,0.4666666666666667,5,5,23,0.8
2023-04-13,Energy,0.8,5,4,20,0.6
2023-04-13,Financials,0.4,5,5,36,0.6
2023-04-13,Healthcare,0.32,5,4,11,0.0
2023-04-13,Industrials,0.2,5,3,6,0.6
2023-04-13,Materials,0.2,5,4,5,0.0
2023-04-13,RealEstate,0.2,5,2,3,0.4
2023-04-13,Tech,0.8,5,5,45,1.0
2023-04-13,Utilities,0.0,5,4,9,0.0
2023-04-14,Comm,0.2,5,2,7,0.2
2023-04-14,Consumer,0.6,5,5,16,0.4666666666666667
2023-04-14,Energy,0.8,5,5,24,0.8
2023-04-14,Financials,0.16588235294117648,5,5,55,0.4
2023-04-14,Healthcare,0.7523809523809524,5,5,17,0.32
2023-04-14,Industrials,0.6666666666666666,5,4,10,0.2
2023-04-14,Materials,0.2,5,1,4,0.2
2023-04-14,RealEstate,0.2,5,3,6,0.2
2023-04-14,Tech,1.0,5,5,36,0.8
2023-04-14,Utilities,0.2,5,5,8,0.0
2023-04-17,Comm,0.6,5,5,15,0.2
2023-04-17,Consumer,0.4333333333333333,5,5,39,0.6
2023-04-17,Energy,0.2866666666666667,5,5,28,0.8
2023-04-17,Financials,0.6428571428571429,5,5,71,0.16588235294117648
2023-04-17,Healthcare,1.0,5,5,30,0.7523809523809524
2023-04-17,Industrials,0.4,5,4,17,0.6666666666666666
2023-04-17,Materials,0.2,5,2,2,0.2
2023-04-17,RealEstate,0.0,5,4,8,0.2
2023-04-17,Tech,0.8,5,5,37,1.0
2023-04-17,Utilities,0.6,5,4,10,0.2
2023-04-18,Comm,0.4,5,4,13,0.6
2023-04-18,Consumer,0.3,5,5,21,0.4333333333333333
2023-04-18,Energy,0.8,5,5,28,0.2866666666666667
2023-04-18,Financials,0.6823529411764706,5,5,46,0.6428571428571429
2023-04-18,Healthcare,0.6,5,5,13,1.0
2023-04-18,Industrials,0.4,5,4,11,0.4
2023-04-18,Materials,0.4,5,4,8,0.2
2023-04-18,RealEstate,0.7,5,5,20,0.0
2023-04-18,Tech,0.9555555555555555,5,5,42,0.8
2023-04-18,Utilities,0.6,5,5,14,0.6
2023-04-19,Comm,0.2,5,3,12,0.4
2023-04-19,Consumer,0.5333333333333333,5,5,28,0.3
2023-04-19,Energy,0.8,5,5,25,0.8
2023-04-19,Financials,0.8,5,5,62,0.6823529411764706
2023-04-19,Healthcare,1.0,5,5,33,0.6
2023-04-19,Industrials,0.2,5,4,15,0.4
2023-04-19,Materials,0.2,5,3,8,0.4
2023-04-19,RealEstate,0.4666666666666666,5,4,11,0.7
2023-04-19,Tech,1.0,5,5,24,0.9555555555555555
2023-04-19,Utilities,0.8,5,5,8,0.6
2023-04-20,Comm,-0.42857142857142855,5,3,32,0.2
2023-04-20,Consumer,0.6,5,5,22,0.5333333333333333
2023-04-20,Energy,0.4,5,5,20,0.8
2023-04-20,Financials,0.3317171717171717,5,5,43,0.8
2023-04-20,Healthcare,0.2,5,4,14,1.0
2023-04-20,Industrials,0.2,5,4,14,0.2
2023-04-20,Materials,0.2,5,5,20,0.2
2023-04-20,RealEstate,0.2,5,4,9,0.4666666666666666
2023-04-20,Tech,0.03333333333333334,5,5,36,1.0
2023-04-20,Utilities,0.2,5,5,12,0.8
2023-04-21,Comm,0.0,5,5,20,-0.42857142857142855
2023-04-21,Consumer,1.0,5,5,22,0.6
2023-04-21,Energy,0.82,5,5,30,0.4
2023-04-21,Financials,0.2,5,4,8,0.3317171717171717
2023-04-21,Healthcare,0.6,5,5,12,0.2
2023-04-21,Industrials,0.4,5,3,8,0.2
2023-04-21,Materials,0.4,5,4,8,0.2
2023-04-21,RealEstate,0.6,5,3,7,0.2
2023-04-21,Tech,0.6,5,5,30,0.03333333333333334
2023-04-21,Utilities,0.2,5,3,5,0.2
2023-04-24,Comm,0.6,5,4,27,0.0
2023-04-24,Consumer,0.5066666666666666,5,5,46,1.0
2023-04-24,Energy,0.8,5,5,31,0.82
2023-04-24,Financials,0.4,5,5,34,0.2
2023-04-24,Healthcare,0.4,5,5,25,0.6
2023-04-24,Industrials,0.6,5,4,16,0.4
2023-04-24,Materials,0.0,5,5,6,0.4
2023-04-24,RealEstate,0.4666666666666666,5,5,14,0.6
2023-04-24,Tech,0.7428571428571429,5,5,35,0.6
2023-04-24,Utilities,0.2,5,4,18,0.2
2023-04-25,Comm,-0.1,5,4,11,0.6
2023-04-25,Consumer,0.7272727272727273,5,5,30,0.5066666666666666
2023-04-25,Energy,0.6,5,4,16,0.8
2023-04-25,Financials,0.2,5,5,27,0.4
2023-04-25,Healthcare,0.6857142857142857,5,5,24,0.4
2023-04-25,Industrials,-0.017777777777777802,5,4,47,0.6
2023-04-25,Materials,0.3333333333333333,5,5,16,0.0
2023-04-25,RealEstate,0.6,5,5,15,0.4666666666666666
2023-04-25,Tech,0.44000000000000006,5,5,36,0.7428571428571429
2023-04-25,Utilities,0.4,5,5,13,0.2
2023-04-26,Comm,0.15555555555555556,5,5,19,-0.1
2023-04-26,Consumer,0.82,5,5,38,0.7272727272727273
2023-04-26,Energy,0.4,5,4,16,0.6
2023-04-26,Financials,1.0,5,5,33,0.2
2023-04-26,Healthcare,0.6,5,5,17,0.6857142857142857
2023-04-26,Industrials,0.26666666666666666,5,4,28,-0.017777777777777802
2023-04-26,Materials,-0.06666666666666665,5,4,13,0.3333333333333333
2023-04-26,RealEstate,0.2,5,3,11,0.6
2023-04-26,Tech,0.16,5,5,25,0.44000000000000006
2023-04-26,Utilities,0.55,5,4,13,0.4
2023-04-27,Comm,0.23333333333333334,5,5,34,0.15555555555555556
2023-04-27,Consumer,0.37333333333333335,5,5,25,0.82
2023-04-27,Energy,0.4,5,5,27,0.4
2023-04-27,Financials,0.6666666666666666,5,4,18,1.0
2023-04-27,Healthcare,0.5,5,5,46,0.6
2023-04-27,Industrials,0.7428571428571429,5,4,21,0.26666666666666666
2023-04-27,Materials,0.13333333333333333,5,5,12,-0.06666666666666665
2023-04-27,RealEstate,0.2,5,2,5,0.2
2023-04-27,Tech,0.711111111111111,5,5,49,0.16
2023-04-27,Utilities,0.45,5,5,13,0.55
2023-04-28,Comm,0.6,5,3,18,0.23333333333333334
2023-04-28,Consumer,0.8,5,5,28,0.37333333333333335
2023-04-28,Energy,0.41000000000000003,5,4,57,0.4
2023-04-28,Financials,0.0,5,5,17,0.6666666666666666
2023-04-28,Healthcare,0.6,5,5,21,0.5
2023-04-28,Industrials,0.6,5,4,13,0.7428571428571429
2023-04-28,Materials,0.4,5,4,8,0.13333333333333333
2023-04-28,RealEstate,0.6,5,3,3,0.2
2023-04-28,Tech,0.6545454545454545,5,5,45,0.711111111111111
2023-04-28,Utilities,0.4,5,5,14,0.45
2023-05-01,Comm,0.0,5,5,17,0.6
2023-05-01,Consumer,0.6,5,5,34,0.8
2023-05-01,Energy,1.0,5,5,44,0.41000000000000003
2023-05-01,Financials,-0.24,5,5,25,0.0
2023-05-01,Healthcare,0.8666666666666666,5,5,21,0.6
2023-05-01,Industrials,0.8,5,4,21,0.6
2023-05-01,Materials,0.2,5,3,6,0.4
2023-05-01,RealEstate,0.26666666666666666,5,3,5,0.6
2023-05-01,Tech,0.82,5,5,49,0.6545454545454545
2023-05-01,Utilities,0.4,5,5,13,0.4
2023-05-02,Comm,0.7333333333333334,5,5,18,0.0
2023-05-02,Consumer,0.42857142857142855,5,5,26,0.6
2023-05-02,Energy,0.5111111111111111,5,4,25,1.0
2023-05-02,Financials,0.03333333333333335,5,5,22,-0.24
2023-05-02,Healthcare,0.32,5,5,14,0.8666666666666666
2023-05-02,Industrials,0.4,5,4,14,0.8
2023-05-02,Materials,0.26666666666666666,5,3,7,0.2
2023-05-02,RealEstate,0.6,5,5,12,0.26666666666666666
2023-05-02,Tech,0.8,5,5,36,0.82
2023-05-02,Utilities,0.0,5,4,9,0.4
2023-05-03,Comm,0.2,5,4,7,0.7333333333333334
2023-05-03,Consumer,0.4,5,4,25,0.42857142857142855
2023-05-03,Energy,0.2,5,4,18,0.5111111111111111
2023-05-03,Financials,0.0,5,5,14,0.03333333333333335
2023-05-03,Healthcare,-0.2,5,4,9,0.32
2023-05-03,Industrials,0.2,5,4,9,0.4
2023-05-03,Materials,0.2,5,2,6,0.26666666666666666
2023-05-03,RealEstate,0.4,5,3,9,0.6
2023-05-03,Tech,0.7333333333333333,5,5,73,0.8
2023-05-03,Utilities,0.8,5,5,10,0.0
2023-05-04,Comm,0.6,5,5,9,0.2
2023-05-04,Consumer,0.2,5,5,24,0.4
2023-05-04,Energy,0.5295238095238095,5,4,21,0.2
2023-05-04,Financials,0.26666666666666666,5,5,22,0.0
2023-05-04,Healthcare,0.6,5,5,13,-0.2
2023-05-04,Industrials,0.6,5,4,9,0.2
2023-05-04,Materials,0.0,5,4,11,0.2
2023-05-04,RealEstate,0.4,5,4,14,0.4
2023-05-04,Tech,0.7666666666666667,5,5,61,0.7333333333333333
2023-05-04,Utilities,0.26666666666666666,5,3,13,0.8
2023-05-05,Comm,0.4,5,3,4,0.6
2023-05-05,Consumer,0.4,5,5,14,0.2
2023-05-05,Energy,0.8,5,4,19,0.5295238095238095
2023-05-05,Financials,0.8,5,4,11,0.26666666666666666
2023-05-05,Healthcare,0.13333333333333333,5,5,7,0.6
2023-05-05,Industrials,0.2,5,4,4,0.6
2023-05-05,Materials,0.0,5,2,2,0.0
2023-05-05,RealEstate,0.36,5,5,8,0.4
2023-05-05,Tech,0.26666666666666666,5,5,18,0.7666666666666667
2023-05-05,Utilities,0.6,5,4,11,0.26666666666666666
2023-05-08,Comm,0.8,5,5,15,0.4
2023-05-08,Consumer,0.7333333333333334,5,5,31,0.4
2023-05-08,Energy,0.5833333333333333,5,5,41,0.8
2023-05-08,Financials,0.033333333333333326,5,5,18,0.8
2023-05-08,Healthcare,0.26666666666666666,5,4,14,0.13333333333333333
2023-05-08,Industrials,0.2,5,4,10,0.2
2023-05-08,Materials,0.2,5,2,5,0.0
2023-05-08,RealEstate,0.4,5,5,9,0.36
2023-05-08,Tech,0.9,5,5,38,0.26666666666666666
2023-05-08,Utilities,0.8,5,4,7,0.6
2023-05-09,Comm,0.8,5,5,14,0.8
2023-05-09,Consumer,0.7666666666666667,5,5,26,0.7333333333333334
2023-05-09,Energy,-0.10666666666666666,5,5,20,0.5833333333333333
2023-05-09,Financials,-0.4,5,5,18,0.033333333333333326
2023-05-09,Healthcare,-0.2,5,4,7,0.26666666666666666
2023-05-09,Industrials,0.4,5,3,8,0.2
2023-05-09,Materials,0.2,5,1,1,0.2
2023-05-09,RealEstate,0.2,5,1,1,0.4
2023-05-09,Tech,0.12000000000000002,5,4,35,0.9
2023-05-09,Utilities,0.16,5,4,13,0.8
2023-05-10,Comm,0.0,5,5,18,0.8
2023-05-10,Consumer,0.44000000000000006,5,5,25,0.7666666666666667
2023-05-10,Energy,0.2311111111111111,5,4,26,-0.10666666666666666
2023-05-10,Financials,0.4,5,5,15,-0.4
2023-05-10,Healthcare,0.26666666666666666,5,5,18,-0.2
2023-05-10,Industrials,0.2,5,3,7,0.4
2023-05-10,Materials,0.0,5,1,1,0.2
2023-05-10,RealEstate,0.4,5,4,6,0.2
2023-05-10,Tech,0.4,5,4,20,0.12000000000000002
2023-05-10,Utilities,0.2,5,5,9,0.16
2023-05-11,Comm,0.6,5,5,14,0.0
2023-05-11,Consumer,-0.03529411764705883,5,4,38,0.44000000000000006
2023-05-11,Energy,0.8,5,5,19,0.2311111111111111
2023-05-11,Financials,0.4,5,5,11,0.4
2023-05-11,Healthcare,0.2,5,3,6,0.26666666666666666
2023-05-11,Industrials,0.4,5,3,7,0.2
2023-05-11,Materials,0.0,5,5,11,0.0
2023-05-11,RealEstate,0.4,5,5,8,0.4
2023-05-11,Tech,0.6,5,4,36,0.4
2023-05-11,Utilities,0.2,5,4,9,0.2
2023-05-12,Comm,0.2,5,4,8,0.6
2023-05-12,Consumer,0.4666666666666666,5,5,30,-0.03529411764705883
2023-05-12,Energy,0.0,5,4,19,0.8
2023-05-12,Financials,0.12,5,5,15,0.4
2023-05-12,Healthcare,0.4,5,3,9,0.2
2023-05-12,Industrials,0.2,5,3,5,0.4
2023-05-12,Materials,0.0,5,3,4,0.0
2023-05-12,RealEstate,0.2,5,1,2,0.4
2023-05-12,Tech,0.26666666666666666,5,4,20,0.6
2023-05-12,Utilities,0.2,5,4,7,0.2
2023-05-15,Comm,0.6,5,5,17,0.2
2023-05-15,Consumer,0.7733333333333333,5,5,40,0.4666666666666666
2023-05-15,Energy,0.5333333333333334,5,5,35,0.0
2023-05-15,Financials,-0.2,5,5,28,0.12
2023-05-15,Healthcare,0.4,5,5,17,0.4
2023-05-15,Industrials,0.22857142857142856,5,4,16,0.2
2023-05-15,Materials,0.14285714285714285,5,4,12,0.0
2023-05-15,RealEstate,0.6,5,4,7,0.2
2023-05-15,Tech,0.8,5,5,31,0.26666666666666666
2023-05-15,Utilities,0.2,5,4,6,0.2
2023-05-16,Comm,0.0,5,4,17,0.6
2023-05-16,Consumer,-0.2857142857142857,5,5,26,0.7733333333333333
2023-05-16,Energy,0.0,5,4,12,0.5333333333333334
2023-05-16,Financials,0.3,5,5,24,-0.2
2023-05-16,Healthcare,0.08,5,5,25,0.4
2023-05-16,Industrials,0.2,5,3,5,0.22857142857142856
2023-05-16,Materials,0.0,5,3,5,0.14285714285714285
2023-05-16,RealEstate,0.2,5,1,4,0.6
2023-05-16,Tech,0.4,5,5,38,0.8
2023-05-16,Utilities,0.2,5,4,5,0.2
2023-05-17,Comm,0.4,5,4,15,0.0
2023-05-17,Consumer,0.5066666666666666,5,4,31,-0.2857142857142857
2023-05-17,Energy,0.0,5,5,19,0.0
2023-05-17,Financials,0.6,5,5,21,0.3
2023-05-17,Healthcare,0.12,5,5,18,0.08
2023-05-17,Industrials,0.2,5,4,7,0.2
2023-05-17,Materials,0.2,5,1,2,0.0
2023-05-17,RealEstate,0.6,5,3,3,0.2
2023-05-17,Tech,0.4,5,5,28,0.4
2023-05-17,Utilities,0.2,5,2,5,0.2
2023-05-18,Comm,0.04,5,5,30,0.4
2023-05-18,Consumer,0.54,5,5,45,0.5066666666666666
2023-05-18,Energy,0.8,5,4,17,0.0
2023-05-18,Financials,0.6,5,5,12,0.6
2023-05-18,Healthcare,0.8,5,5,19,0.12
2023-05-18,Industrials,0.4,5,3,10,0.2
2023-05-18,Materials,0.2,5,4,11,0.2
2023-05-18,RealEstate,0.06666666666666667,5,4,9,0.6
2023-05-18,Tech,0.7555555555555555,5,4,28,0.4
2023-05-18,Utilities,0.2,5,3,3,0.2
2023-05-19,Comm,0.8,5,5,12,0.04
2023-05-19,Consumer,0.15555555555555556,5,5,43,0.54
2023-05-19,Energy,0.5,5,5,18,0.8
2023-05-19,Financials,0.21818181818181817,5,5,24,0.6
2023-05-19,Healthcare,0.6,5,5,15,0.8
2023-05-19,Industrials,0.2,5,4,6,0.4
2023-05-19,Materials,0.2,5,1,3,0.2
2023-05-19,RealEstate,0.0,5,3,3,0.06666666666666667
2023-05-19,Tech,0.72,5,5,32,0.7555555555555555
2023-05-19,Utilities,0.2,5,2,3,0.2
2023-05-22,Comm,0.6,5,4,19,0.8
2023-05-22,Consumer,0.5,5,5,46,0.15555555555555556
2023-05-22,Energy,0.6545454545454545,5,4,38,0.5
2023-05-22,Financials,0.6,5,5,23,0.21818181818181817
2023-05-22,Healthcare,0.3333333333333333,5,5,19,0.6
2023-05-22,Industrials,0.4,5,4,16,0.2
2023-05-22,Materials,0.0,5,3,8,0.2
2023-05-22,RealEstate,0.8,5,4,9,0.0
2023-05-22,Tech,-0.1205128205128205,5,5,56,0.72
2023-05-22,Utilities,0.2,5,5,11,0.2
2023-05-23,Comm,0.2,5,4,9,0.6
2023-05-23,Consumer,0.26666666666666666,5,5,19,0.5
2023-05-23,Energy,0.0,5,4,17,0.6545454545454545
2023-05-23,Financials,0.4,5,5,14,0.6
2023-05-23,Healthcare,0.26666666666666666,5,4,11,0.3333333333333333
2023-05-23,Industrials,0.0,5,2,3,0.4
2023-05-23,Materials,0.2,5,3,7,0.0
2023-05-23,RealEstate,0.0,5,4,4,0.8
2023-05-23,Tech,1.0,5,5,25,-0.1205128205128205
2023-05-23,Utilities,-0.2,5,1,1,0.2
2023-05-24,Comm,0.4,5,4,7,0.2
2023-05-24,Consumer,0.13333333333333333,5,5,22,0.26666666666666666
2023-05-24,Energy,0.2,5,4,16,0.0
2023-05-24,Financials,0.4,5,5,16,0.4
2023-05-24,Healthcare,0.2,5,5,14,0.26666666666666666
2023-05-24,Industrials,0.2,5,3,12,0.0
2023-05-24,Materials,0.0,5,4,4,0.2
2023-05-24,RealEstate,0.0,5,2,2,0.0
2023-05-24,Tech,0.2,5,5,54,1.0
2023-05-24,Utilities,0.0,5,4,5,-0.2
2023-05-25,Comm,0.2,5,1,5,0.4
2023-05-25,Consumer,0.2,5,4,14,0.13333333333333333
2023-05-25,Energy,0.31999999999999995,5,5,30,0.2
2023-05-25,Financials,0.0,5,5,15,0.4
2023-05-25,Healthcare,0.2,5,5,10,0.2
2023-05-25,Industrials,0.6,5,4,12,0.2
2023-05-25,Materials,0.2,5,5,13,0.0
2023-05-25,RealEstate,0.6,5,4,9,0.0
2023-05-25,Tech,0.7142857142857142,5,5,132,0.2
2023-05-25,Utilities,0.0,5,3,5,0.0
2023-05-26,Comm,0.6,5,5,10,0.2
2023-05-26,Consumer,0.4,5,4,16,0.2
2023-05-26,Energy,0.4,5,5,24,0.31999999999999995
2023-05-26,Financials,0.0,5,5,13,0.0
2023-05-26,Healthcare,0.0,5,5,14,0.2
2023-05-26,Industrials,0.0,5,2,5,0.6
2023-05-26,Materials,0.4,5,3,8,0.2
2023-05-26,RealEstate,0.2,5,1,2,0.6
2023-05-26,Tech,0.475,5,5,55,0.7142857142857142
2023-05-26,Utilities,0.2,5,3,4,0.0
2023-05-30,Comm,0.2,5,4,10,0.6
2023-05-30,Consumer,0.7,5,5,41,0.4
2023-05-30,Energy,0.48571428571428565,5,5,31,0.4
2023-05-30,Financials,0.37142857142857144,5,5,32,0.0
2023-05-30,Healthcare,0.4,5,5,18,0.0
2023-05-30,Industrials,0.2,5,4,18,0.0
2023-05-30,Materials,0.2,5,3,9,0.4
2023-05-30,RealEstate,0.4,5,5,8,0.2
2023-05-30,Tech,0.2807142857142857,5,5,150,0.475
2023-05-30,Utilities,0.4,5,4,12,0.2
2023-05-31,Comm,0.2,5,4,9,0.2
2023-05-31,Consumer,0.8,5,5,24,0.7
2023-05-31,Energy,0.4,5,4,12,0.48571428571428565
2023-05-31,Financials,0.4,5,5,24,0.37142857142857144
2023-05-31,Healthcare,0.2,5,5,16,0.4
2023-05-31,Industrials,0.2,5,4,13,0.2
2023-05-31,Materials,0.2,5,3,5,0.2
2023-05-31,RealEstate,0.2,5,4,5,0.4
2023-05-31,Tech,0.38735930735930735,5,5,80,0.2807142857142857
2023-05-31,Utilities,0.2,5,1,3,0.4
2023-06-01,Comm,0.4,5,4,10,0.2
2023-06-01,Consumer,0.64,5,5,25,0.8
2023-06-01,Energy,0.0,5,5,22,0.4
2023-06-01,Financials,-0.10666666666666666,5,5,22,0.4
2023-06-01,Healthcare,0.26666666666666666,5,5,18,0.2
2023-06-01,Industrials,0.4,5,4,12,0.2
2023-06-01,Materials,0.6,5,5,14,0.2
2023-06-01,RealEstate,0.4,5,4,7,0.2
2023-06-01,Tech,0.8666666666666666,5,5,62,0.38735930735930735
2023-06-01,Utilities,0.6,5,5,11,0.2
2023-06-02,Comm,-0.05396825396825398,5,4,28,0.4
2023-06-02,Consumer,0.27,5,4,17,0.64
2023-06-02,Energy,0.2,5,4,24,0.0
2023-06-02,Financials,-0.06666666666666665,5,5,22,-0.10666666666666666
2023-06-02,Healthcare,0.4,5,4,10,0.26666666666666666
2023-06-02,Industrials,0.24,5,3,16,0.4
2023-06-02,Materials,0.2,5,2,9,0.6
2023-06-02,RealEstate,0.4,5,4,5,0.4
2023-06-02,Tech,0.8153846153846154,5,5,59,0.8666666666666666
2023-06-02,Utilities,0.2,5,3,3,0.6
2023-06-05,Comm,0.2,5,4,15,-0.05396825396825398
2023-06-05,Consumer,0.5333333333333333,5,5,37,0.27
2023-06-05,Energy,0.13333333333333333,5,5,31,0.2
2023-06-05,Financials,-0.4666666666666666,5,5,29,-0.06666666666666665
2023-06-05,Healthcare,0.8,5,5,16,0.4
2023-06-05,Industrials,0.0,5,4,19,0.24
2023-06-05,Materials,0.2,5,3,6,0.2
2023-06-05,RealEstate,0.4,5,3,7,0.4
2023-06-05,Tech,0.6090909090909091,5,5,75,0.8153846153846154
2023-06-05,Utilities,0.4,5,5,11,0.2
2023-06-06,Comm,0.4,5,2,9,0.2
2023-06-06,Consumer,0.4,5,5,17,0.5333333333333333
2023-06-06,Energy,0.4,5,5,25,0.13333333333333333
2023-06-06,Financials,0.4,5,5,18,-0.4666666666666666
2023-06-06,Healthcare,0.4,5,5,14,0.8
2023-06-06,Industrials,0.2,5,3,5,0.0
2023-06-06,Materials,0.4,5,3,4,0.2
2023-06-06,RealEstate,0.6,5,3,3,0.4
2023-06-06,Tech,0.6666666666666666,5,5,31,0.6090909090909091
2023-06-06,Utilities,0.0,5,0,0,0.4
2023-06-07,Comm,0.6,5,4,11,0.4
2023-06-07,Consumer,0.4666666666666667,5,5,28,0.4
2023-06-07,Energy,0.4,5,4,10,0.4
2023-06-07,Financials,0.8,5,5,20,0.4
2023-06-07,Healthcare,0.6,5,5,14,0.4
2023-06-07,Industrials,0.6,5,4,10,0.2
2023-06-07,Materials,0.4,5,2,2,0.4
2023-06-07,RealEstate,0.2,5,1,1,0.6
2023-06-07,Tech,0.76,5,5,36,0.6666666666666666
2023-06-07,Utilities,0.4,5,3,4,0.0
2023-06-08,Comm,0.2,5,3,9,0.6
2023-06-08,Consumer,0.6,5,5,23,0.4666666666666667
2023-06-08,Energy,0.2,5,5,17,0.4
2023-06-08,Financials,0.4666666666666666,5,5,21,0.8
2023-06-08,Healthcare,0.8,5,5,15,0.6
2023-06-08,Industrials,0.4,5,4,8,0.6
2023-06-08,Materials,0.4,5,3,10,0.4
2023-06-08,RealEstate,0.4,5,5,10,0.2
2023-06-08,Tech,0.95,5,5,62,0.76
2023-06-08,Utilities,0.8,5,4,11,0.4
2023-06-09,Comm,0.8,5,4,12,0.2
2023-06-09,Consumer,0.4666666666666666,5,5,20,0.6
2023-06-09,Energy,0.0,5,4,18,0.2
2023-06-09,Financials,-0.06666666666666665,5,4,21,0.4666666666666666
2023-06-09,Healthcare,0.6,5,5,13,0.8
2023-06-09,Industrials,-0.02857142857142857,5,3,11,0.4
2023-06-09,Materials,0.2,5,2,2,0.4
2023-06-09,RealEstate,0.2,5,3,5,0.4
2023-06-09,Tech,0.4884615384615385,5,5,52,0.95
2023-06-09,Utilities,0.6,5,4,10,0.8
2023-06-12,Comm,0.2,5,3,9,0.8
2023-06-12,Consumer,0.8,5,5,32,0.4666666666666666
2023-06-12,Energy,0.6,5,5,23,0.0
2023-06-12,Financials,0.4666666666666666,5,5,36,-0.06666666666666665
2023-06-12,Healthcare,0.6,5,5,20,0.6
2023-06-12,Industrials,0.2,5,4,11,-0.02857142857142857
2023-06-12,Materials,0.4,5,2,4,0.2
2023-06-12,RealEstate,0.8,5,4,7,0.2
2023-06-12,Tech,0.9666666666666666,5,5,75,0.4884615384615385
2023-06-12,Utilities,0.2533333333333333,5,4,7,0.6
2023-06-13,Comm,0.6,5,4,12,0.2
2023-06-13,Consumer,0.6,5,5,15,0.8
2023-06-13,Energy,0.6,5,5,16,0.6
2023-06-13,Financials,0.2,5,5,27,0.4666666666666666
2023-06-13,Healthcare,0.8,5,4,8,0.6
2023-06-13,Industrials,0.4,5,4,11,0.2
2023-06-13,Materials,0.4,5,4,8,0.4
2023-06-13,RealEstate,0.2,5,3,4,0.8
2023-06-13,Tech,0.8,5,5,72,0.9666666666666666
2023-06-13,Utilities,0.4,5,4,10,0.2533333333333333
2023-06-14,Comm,0.4,5,3,8,0.6
2023-06-14,Consumer,0.6,5,5,30,0.6
2023-06-14,Energy,0.4,5,5,14,0.6
2023-06-14,Financials,0.06666666666666665,5,5,25,0.2
2023-06-14,Healthcare,0.2,5,3,5,0.8
2023-06-14,Industrials,0.6,5,3,13,0.4
2023-06-14,Materials,0.2,5,3,3,0.4
2023-06-14,RealEstate,0.2,5,1,4,0.2
2023-06-14,Tech,0.7428571428571429,5,5,52,0.8
2023-06-14,Utilities,0.3,5,2,7,0.4
2023-06-15,Comm,0.4,5,3,10,0.4
2023-06-15,Consumer,0.72,5,5,25,0.6
2023-06-15,Energy,0.4,5,5,16,0.4
2023-06-15,Financials,0.8,5,5,15,0.06666666666666665
2023-06-15,Healthcare,0.0,5,3,7,0.2
2023-06-15,Industrials,0.2,5,4,10,0.6
2023-06-15,Materials,0.4,5,5,11,0.2
2023-06-15,RealEstate,0.4,5,4,5,0.2
2023-06-15,Tech,0.890909090909091,5,5,61,0.7428571428571429
2023-06-15,Utilities,0.2,5,3,4,0.3
2023-06-16,Comm,0.2,5,5,15,0.4
2023-06-16,Consumer,0.8,5,5,14,0.72
2023-06-16,Energy,0.6,5,5,12,0.4
2023-06-16,Financials,0.2,5,5,20,0.8
2023-06-16,Healthcare,0.2,5,3,13,0.0
2023-06-16,Industrials,0.44000000000000006,5,4,12,0.2
2023-06-16,Materials,0.2,5,3,4,0.4
2023-06-16,RealEstate,0.24,5,2,4,0.4
2023-06-16,Tech,0.6755555555555556,5,5,53,0.890909090909091
2023-06-16,Utilities,0.2,5,3,4,0.2
2023-06-20,Comm,0.6,5,5,21,0.2
2023-06-20,Consumer,0.5666666666666667,5,5,42,0.8
2023-06-20,Energy,0.5555555555555556,5,5,30,0.6
2023-06-20,Financials,0.5428571428571429,5,5,34,0.2
2023-06-20,Healthcare,0.4,5,5,21,0.2
2023-06-20,Industrials,0.4,5,4,32,0.44000000000000006
2023-06-20,Materials,0.2,5,3,6,0.2
2023-06-20,RealEstate,0.6,5,3,5,0.24
2023-06-20,Tech,0.6702859800046501,5,5,109,0.6755555555555556
2023-06-20,Utilities,0.2,5,2,5,0.2
2023-06-21,Comm,0.2,5,3,5,0.6
2023-06-21,Consumer,1.0,5,5,26,0.5666666666666667
2023-06-21,Energy,0.6,5,5,20,0.5555555555555556
2023-06-21,Financials,0.2,5,4,25,0.5428571428571429
2023-06-21,Healthcare,0.4,5,5,17,0.4
2023-06-21,Industrials,0.0,5,4,17,0.4
2023-06-21,Materials,0.4,5,4,6,0.2
2023-06-21,RealEstate,0.0,5,1,1,0.6
2023-06-21,Tech,0.6266666666666667,5,5,58,0.6702859800046501
2023-06-21,Utilities,0.26666666666666666,5,3,8,0.2
2023-06-22,Comm,0.0,5,5,8,0.2
2023-06-22,Consumer,0.3866666666666666,5,5,33,1.0
2023-06-22,Energy,0.06666666666666668,5,5,29,0.6
2023-06-22,Financials,0.2,5,4,15,0.2
2023-06-22,Healthcare,0.4,5,5,13,0.4
2023-06-22,Industrials,0.4,5,4,10,0.0
2023-06-22,Materials,0.2,5,3,4,0.4
2023-06-22,RealEstate,0.6,5,5,11,0.0
2023-06-22,Tech,0.7428571428571429,5,5,44,0.6266666666666667
2023-06-22,Utilities,0.2,5,4,8,0.26666666666666666
2023-06-23,Comm,-0.2,5,2,5,0.0
2023-06-23,Consumer,-0.06666666666666668,5,5,33,0.3866666666666666
2023-06-23,Energy,0.4,5,5,16,0.06666666666666668
2023-06-23,Financials,0.2,5,5,13,0.2
2023-06-23,Healthcare,0.4,5,5,11,0.4
2023-06-23,Industrials,0.12,5,4,20,0.4
2023-06-23,Materials,0.2,5,3,7,0.2
2023-06-23,RealEstate,0.4,5,5,9,0.6
2023-06-23,Tech,0.42857142857142855,5,5,44,0.7428571428571429
2023-06-23,Utilities,0.2,5,2,5,0.2
2023-06-26,Comm,0.6,5,5,23,-0.2
2023-06-26,Consumer,0.5,5,5,35,-0.06666666666666668
2023-06-26,Energy,0.06666666666666667,5,5,18,0.4
2023-06-26,Financials,0.4,5,5,37,0.2
2023-06-26,Healthcare,0.2,5,5,26,0.4
2023-06-26,Industrials,0.6,5,3,11,0.12
2023-06-26,Materials,0.0,5,2,3,0.2
2023-06-26,RealEstate,0.6,5,4,9,0.4
2023-06-26,Tech,0.85,5,5,49,0.42857142857142855
2023-06-26,Utilities,0.6,5,3,9,0.2
2023-06-27,Comm,0.4,5,5,10,0.6
2023-06-27,Consumer,0.52,5,5,19,0.5
2023-06-27,Energy,0.52,5,5,17,0.06666666666666667
2023-06-27,Financials,0.4,5,4,18,0.4
2023-06-27,Healthcare,0.2,5,4,14,0.2
2023-06-27,Industrials,0.6,5,3,9,0.6
2023-06-27,Materials,0.4,5,5,7,0.0
2023-06-27,RealEstate,0.4,5,4,8,0.6
2023-06-27,Tech,0.325,5,5,52,0.85
2023-06-27,Utilities,0.6,5,5,12,0.6
2023-06-28,Comm,0.4,5,4,11,0.4
2023-06-28,Consumer,0.4,5,5,18,0.52
2023-06-28,Energy,0.6,5,4,14,0.52
2023-06-28,Financials,0.2,5,5,25,0.4
2023-06-28,Healthcare,0.2,5,5,8,0.2
2023-06-28,Industrials,0.4,5,3,5,0.6
2023-06-28,Materials,0.4,5,4,6,0.4
2023-06-28,RealEstate,0.4,5,3,10,0.4
2023-06-28,Tech,-0.04134199134199134,5,5,86,0.325
2023-06-28,Utilities,0.2,5,1,3,0.6
2023-06-29,Comm,0.2,5,4,12,0.4
2023-06-29,Consumer,0.7428571428571429,5,5,32,0.4
2023-06-29,Energy,0.5666666666666667,5,4,21,0.6
2023-06-29,Financials,0.75,5,5,46,0.2
2023-06-29,Healthcare,0.6,5,4,17,0.2
2023-06-29,Industrials,0.0,5,4,8,0.4
2023-06-29,Materials,0.2,5,5,10,0.4
2023-06-29,RealEstate,0.8,5,4,10,0.4
2023-06-29,Tech,0.9555555555555555,5,5,58,-0.04134199134199134
2023-06-29,Utilities,0.6,5,4,7,0.2
2023-06-30,Comm,0.2,5,3,7,0.2
2023-06-30,Consumer,0.3047619047619048,5,5,49,0.7428571428571429
2023-06-30,Energy,0.6,5,5,16,0.5666666666666667
2023-06-30,Financials,0.6,5,5,21,0.75
2023-06-30,Healthcare,0.4,5,5,18,0.6
2023-06-30,Industrials,0.6,5,4,7,0.0
2023-06-30,Materials,0.2,5,2,2,0.2
2023-06-30,RealEstate,0.4,5,2,4,0.8
2023-06-30,Tech,0.9,5,5,52,0.9555555555555555
2023-06-30,Utilities,0.2,5,5,9,0.6
2023-07-03,Comm,0.6,5,3,14,0.2
2023-07-03,Consumer,0.6,5,5,30,0.3047619047619048
2023-07-03,Energy,0.8,5,5,32,0.6
2023-07-03,Financials,1.0,5,5,34,0.6
2023-07-03,Healthcare,0.8,5,5,25,0.4
2023-07-03,Industrials,0.8,5,4,15,0.6
2023-07-03,Materials,0.2,5,3,7,0.2
2023-07-03,RealEstate,0.4,5,5,9,0.4
2023-07-03,Tech,0.76,5,5,46,0.9
2023-07-03,Utilities,0.2,5,3,6,0.2
2023-07-05,Comm,0.2,5,4,13,0.6
2023-07-05,Consumer,0.6,5,5,29,0.6
2023-07-05,Energy,0.4,5,4,29,0.8
2023-07-05,Financials,0.8,5,5,36,1.0
2023-07-05,Healthcare,0.6,5,5,16,0.8
2023-07-05,Industrials,0.5333333333333333,5,4,24,0.8
2023-07-05,Materials,0.2,5,3,5,0.2
2023-07-05,RealEstate,0.4,5,3,6,0.4
2023-07-05,Tech,0.6384615384615385,5,5,63,0.76
2023-07-05,Utilities,0.0,5,2,4,0.2
2023-07-06,Comm,0.4,5,5,12,0.2
2023-07-06,Consumer,0.52,5,5,20,0.6
2023-07-06,Energy,0.3,5,5,27,0.4
2023-07-06,Financials,-0.6,5,5,26,0.8
2023-07-06,Healthcare,0.6,5,3,13,0.6
2023-07-06,Industrials,0.2,5,4,10,0.5333333333333333
2023-07-06,Materials,0.0,5,4,9,0.2
2023-07-06,RealEstate,0.4,5,5,11,0.4
2023-07-06,Tech,0.1,5,5,56,0.6384615384615385
2023-07-06,Utilities,0.3,5,5,13,0.0
2023-07-07,Comm,0.4,5,4,11,0.4
2023-07-07,Consumer,0.2,5,4,17,0.52
2023-07-07,Energy,0.8,5,5,22,0.3
2023-07-07,Financials,0.1333333333333333,5,5,29,-0.6
2023-07-07,Healthcare,0.2,5,5,12,0.6
2023-07-07,Industrials,0.2,5,4,9,0.2
2023-07-07,Materials,0.4,5,3,7,0.0
2023-07-07,RealEstate,0.4,5,4,5,0.4
2023-07-07,Tech,0.7,5,5,40,0.1
2023-07-07,Utilities,0.4,5,3,6,0.3
2023-07-10,Comm,0.4,5,4,10,0.4
2023-07-10,Consumer,0.8,5,5,27,0.2
2023-07-10,Energy,0.8,5,5,21,0.8
2023-07-10,Financials,0.56,5,5,43,0.1333333333333333
2023-07-10,Healthcare,0.6,5,5,20,0.2
2023-07-10,Industrials,0.4,5,4,17,0.2
2023-07-10,Materials,0.0,5,3,3,0.4
2023-07-10,RealEstate,0.6,5,3,5,0.4
2023-07-10,Tech,0.8472727272727273,5,5,53,0.7
2023-07-10,Utilities,0.4,5,3,7,0.4
2023-07-11,Comm,0.6,5,5,12,0.4
2023-07-11,Consumer,0.8,5,5,29,0.8
2023-07-11,Energy,1.0,5,5,20,0.8
2023-07-11,Financials,0.9199999999999999,5,5,31,0.56
2023-07-11,Healthcare,0.6,5,5,15,0.6
2023-07-11,Industrials,0.6,5,4,9,0.4
2023-07-11,Materials,0.2,5,5,9,0.0
2023-07-11,RealEstate,0.2,5,1,2,0.6
2023-07-11,Tech,0.653968253968254,5,5,52,0.8472727272727273
2023-07-11,Utilities,0.2,5,4,11,0.4
2023-07-12,Comm,1.0,5,5,24,0.6
2023-07-12,Consumer,0.72,5,4,29,0.8
2023-07-12,Energy,1.0,5,5,27,1.0
2023-07-12,Financials,0.02857142857142857,5,5,29,0.9199999999999999
2023-07-12,Healthcare,0.4,5,5,14,0.6
2023-07-12,Industrials,0.2,5,2,4,0.6
2023-07-12,Materials,0.26666666666666666,5,5,8,0.2
2023-07-12,RealEstate,0.6,5,4,8,0.2
2023-07-12,Tech,0.6,5,5,46,0.653968253968254
2023-07-12,Utilities,0.0,5,3,5,0.2
2023-07-13,Comm,0.2,5,3,14,1.0
2023-07-13,Consumer,0.8,5,5,31,0.72
2023-07-13,Energy,0.4,5,5,25,1.0
2023-07-13,Financials,0.26666666666666666,5,5,33,0.02857142857142857
2023-07-13,Healthcare,0.6666666666666666,5,5,14,0.4
2023-07-13,Industrials,0.2,5,4,9,0.2
2023-07-13,Materials,0.0,5,4,6,0.26666666666666666
2023-07-13,RealEstate,0.8,5,4,13,0.6
2023-07-13,Tech,0.5555555555555556,5,5,40,0.6
2023-07-13,Utilities,0.2,5,4,8,0.0
2023-07-14,Comm,0.5272727272727272,5,4,22,0.2
2023-07-14,Consumer,1.0,5,5,23,0.8
2023-07-14,Energy,-0.23333333333333334,5,5,27,0.4
2023-07-14,Financials,-0.059259259259259255,5,5,60,0.26666666666666666
2023-07-14,Healthcare,0.4,5,5,14,0.6666666666666666
2023-07-14,Industrials,0.6,5,3,7,0.2
2023-07-14,Materials,0.0,5,1,1,0.0
2023-07-14,RealEstate,0.0,5,4,5,0.8
2023-07-14,Tech,0.7333333333333333,5,5,50,0.5555555555555556
2023-07-14,Utilities,0.0,5,3,8,0.2
2023-07-17,Comm,0.5238095238095238,5,5,39,0.5272727272727272
2023-07-17,Consumer,0.8,5,5,32,1.0
2023-07-17,Energy,0.6,5,5,25,-0.23333333333333334
2023-07-17,Financials,0.3833333333333333,5,5,66,-0.059259259259259255
2023-07-17,Healthcare,0.6,5,5,15,0.4
2023-07-17,Industrials,0.4,5,4,16,0.6
2023-07-17,Materials,0.2,5,4,5,0.0
2023-07-17,RealEstate,0.7,5,5,18,0.0
2023-07-17,Tech,0.5866666666666667,5,5,56,0.7333333333333333
2023-07-17,Utilities,0.2,5,2,5,0.0
2023-07-18,Comm,0.9428571428571428,5,5,24,0.5238095238095238
2023-07-18,Consumer,0.5733333333333334,5,5,30,0.8
2023-07-18,Energy,0.5333333333333334,5,5,20,0.6
2023-07-18,Financials,0.41142857142857137,5,5,72,0.3833333333333333
2023-07-18,Healthcare,0.4,5,5,13,0.6
2023-07-18,Industrials,0.26666666666666666,5,4,9,0.4
2023-07-18,Materials,-0.2,5,5,7,0.2
2023-07-18,RealEstate,0.4666666666666667,5,4,16,0.7
2023-07-18,Tech,0.8,5,5,44,0.5866666666666667
2023-07-18,Utilities,0.4,5,3,7,0.2
2023-07-19,Comm,0.6,5,4,25,0.9428571428571428
2023-07-19,Consumer,0.8,5,5,20,0.5733333333333334
2023-07-19,Energy,0.4,5,5,13,0.5333333333333334
2023-07-19,Financials,0.36507936507936506,5,5,71,0.41142857142857137
2023-07-19,Healthcare,0.4,5,5,12,0.4
2023-07-19,Industrials,0.8,5,4,19,0.26666666666666666
2023-07-19,Materials,-0.2,5,4,6,-0.2
2023-07-19,RealEstate,0.8,5,4,11,0.4666666666666667
2023-07-19,Tech,1.0,5,5,29,0.8
2023-07-19,Utilities,0.2,5,2,5,0.4
2023-07-20,Comm,0.23333333333333334,5,5,21,0.6
2023-07-20,Consumer,0.52,5,5,22,0.8
2023-07-20,Energy,0.6,5,5,20,0.4
2023-07-20,Financials,0.9199999999999999,5,5,37,0.36507936507936506
2023-07-20,Healthcare,0.4584615384615384,5,5,29,0.4
2023-07-20,Industrials,-0.2,5,3,4,0.8
2023-07-20,Materials,-0.06666666666666665,5,3,11,-0.2
2023-07-20,RealEstate,0.4666666666666666,5,5,23,0.8
2023-07-20,Tech,0.6066666666666667,5,5,53,1.0
2023-07-20,Utilities,0.4,5,3,5,0.2
2023-07-21,Comm,0.7,5,4,17,0.23333333333333334
2023-07-21,Consumer,0.4,5,5,19,0.52
2023-07-21,Energy,-0.08571428571428572,5,5,38,0.6
2023-07-21,Financials,0.8,5,5,24,0.9199999999999999
2023-07-21,Healthcare,0.52,5,5,20,0.4584615384615384
2023-07-21,Industrials,0.0,5,4,10,-0.2
2023-07-21,Materials,0.0,5,5,7,-0.06666666666666665
2023-07-21,RealEstate,0.4,5,3,5,0.4666666666666666
2023-07-21,Tech,0.5428571428571429,5,5,47,0.6066666666666667
2023-07-21,Utilities,0.4666666666666667,5,4,8,0.4
2023-07-24,Comm,0.6628571428571428,5,5,29,0.7
2023-07-24,Consumer,0.6555555555555556,5,5,34,0.4
2023-07-24,Energy,0.6900000000000001,5,5,50,-0.08571428571428572
2023-07-24,Financials,0.6,5,5,30,0.8
2023-07-24,Healthcare,0.7333333333333333,5,5,28,0.52
2023-07-24,Industrials,0.8,5,4,19,0.0
2023-07-24,Materials,0.13333333333333333,5,5,15,0.0
2023-07-24,RealEstate,1.0,5,5,15,0.4
2023-07-24,Tech,0.7,5,5,61,0.5428571428571429
2023-07-24,Utilities,0.6,5,4,11,0.4666666666666667
2023-07-25,Comm,-0.06666666666666668,5,5,18,0.6628571428571428
2023-07-25,Consumer,0.8,5,5,26,0.6555555555555556
2023-07-25,Energy,0.3333333333333333,5,5,26,0.6900000000000001
2023-07-25,Financials,0.4,5,5,31,0.6
2023-07-25,Healthcare,0.2,5,5,21,0.7333333333333333
2023-07-25,Industrials,0.52,5,4,56,0.8
2023-07-25,Materials,0.42857142857142855,5,4,23,0.13333333333333333
2023-07-25,RealEstate,0.6,5,5,8,1.0
2023-07-25,Tech,0.8,5,5,45,0.7
2023-07-25,Utilities,0.4,5,5,22,0.6
2023-07-26,Comm,0.7555555555555555,5,5,31,-0.06666666666666668
2023-07-26,Consumer,0.5142857142857142,5,5,36,0.8
2023-07-26,Energy,0.4,5,5,13,0.3333333333333333
2023-07-26,Financials,0.6888888888888889,5,5,40,0.4
2023-07-26,Healthcare,0.20512820512820512,5,5,24,0.2
2023-07-26,Industrials,0.52,5,4,24,0.52
2023-07-26,Materials,0.0,5,4,16,0.42857142857142855
2023-07-26,RealEstate,0.4,5,2,8,0.6
2023-07-26,Tech,0.8,5,5,58,0.8
2023-07-26,Utilities,0.6,5,3,4,0.4
2023-07-27,Comm,0.95,5,5,36,0.7555555555555555
2023-07-27,Consumer,0.34285714285714286,5,4,22,0.5142857142857142
2023-07-27,Energy,0.6,5,4,22,0.4
2023-07-27,Financials,1.0,5,5,26,0.6888888888888889
2023-07-27,Healthcare,0.4084967320261438,5,4,30,0.20512820512820512
2023-07-27,Industrials,0.5428571428571429,5,4,15,0.52
2023-07-27,Materials,0.0,5,4,10,0.0
2023-07-27,RealEstate,0.2,5,5,13,0.4
2023-07-27,Tech,0.5322222222222222,5,5,76,0.8
2023-07-27,Utilities,0.1,5,5,20,0.6
2023-07-28,Comm,0.52,5,4,14,0.95
2023-07-28,Consumer,0.44000000000000006,5,4,17,0.34285714285714286
2023-07-28,Energy,0.38,5,4,63,0.6
2023-07-28,Financials,0.7,5,4,18,1.0
2023-07-28,Healthcare,0.4533333333333333,5,5,20,0.4084967320261438
2023-07-28,Industrials,0.33333333333333337,5,4,15,0.5428571428571429
2023-07-28,Materials,0.0,5,1,1,0.0
2023-07-28,RealEstate,1.0,5,5,9,0.2
2023-07-28,Tech,0.72473604826546,5,5,98,0.5322222222222222
2023-07-28,Utilities,0.6,5,4,7,0.1
2023-07-31,Comm,0.6666666666666666,5,4,27,0.52
2023-07-31,Consumer,0.8800000000000001,5,5,50,0.44000000000000006
2023-07-31,Energy,0.9428571428571428,5,5,45,0.38
2023-07-31,Financials,0.5333333333333333,5,5,30,0.7
2023-07-31,Healthcare,0.48571428571428565,5,5,26,0.4533333333333333
2023-07-31,Industrials,0.3,5,4,32,0.33333333333333337
2023-07-31,Materials,0.0,5,0,0,0.0
2023-07-31,RealEstate,0.2,5,4,8,1.0
2023-07-31,Tech,0.8572742474916388,5,5,117,0.72473604826546
2023-07-31,Utilities,0.4,5,4,7,0.6
2023-08-01,Comm,0.5333333333333334,5,5,21,0.6666666666666666
2023-08-01,Consumer,0.5333333333333333,5,5,27,0.8800000000000001
2023-08-01,Energy,0.6,5,5,20,0.9428571428571428
2023-08-01,Financials,0.06666666666666665,5,5,22,0.5333333333333333
2023-08-01,Healthcare,0.5142857142857143,5,4,30,0.48571428571428565
2023-08-01,Industrials,0.45714285714285713,5,4,35,0.3
2023-08-01,Materials,0.4,5,4,5,0.0
2023-08-01,RealEstate,0.6,5,5,9,0.2
2023-08-01,Tech,0.9428571428571428,5,5,59,0.8572742474916388
2023-08-01,Utilities,0.2,5,2,6,0.4
2023-08-02,Comm,0.6222222222222222,5,5,20,0.5333333333333334
2023-08-02,Consumer,0.5777777777777777,5,5,31,0.5333333333333333
2023-08-02,Energy,0.13333333333333336,5,5,15,0.6
2023-08-02,Financials,0.2,5,5,16,0.06666666666666665
2023-08-02,Healthcare,0.32,5,4,16,0.5142857142857143
2023-08-02,Industrials,0.4909090909090909,5,3,26,0.45714285714285713
2023-08-02,Materials,0.0,5,4,15,0.4
2023-08-02,RealEstate,0.6,5,4,10,0.6
2023-08-02,Tech,0.08985994397759103,5,5,82,0.9428571428571428
2023-08-02,Utilities,-0.13333333333333336,5,5,7,0.2
2023-08-03,Comm,0.2,5,5,17,0.6222222222222222
2023-08-03,Consumer,0.48571428571428565,5,5,21,0.5777777777777777
2023-08-03,Energy,0.5866666666666667,5,5,33,0.13333333333333336
2023-08-03,Financials,0.4,5,5,13,0.2
2023-08-03,Healthcare,0.7636363636363637,5,5,37,0.32
2023-08-03,Industrials,0.6,5,3,8,0.4909090909090909
2023-08-03,Materials,0.2,5,4,7,0.0
2023-08-03,RealEstate,0.4,5,5,15,0.6
2023-08-03,Tech,0.39898989898989895,5,5,78,0.08985994397759103
2023-08-03,Utilities,0.26,5,5,19,-0.13333333333333336
2023-08-04,Comm,0.6,5,5,13,0.2
2023-08-04,Consumer,0.8,5,5,22,0.48571428571428565
2023-08-04,Energy,0.4,5,4,13,0.5866666666666667
2023-08-04,Financials,0.2,5,5,12,0.4
2023-08-04,Healthcare,0.38,5,5,31,0.7636363636363637
2023-08-04,Industrials,0.8,5,4,13,0.6
2023-08-04,Materials,0.0,5,0,0,0.2
2023-08-04,RealEstate,-0.2,5,5,10,0.4
2023-08-04,Tech,0.7466666666666667,5,5,41,0.39898989898989895
2023-08-04,Utilities,-0.48,5,5,22,0.26
2023-08-07,Comm,1.0,5,5,14,0.6
2023-08-07,Consumer,0.0,5,5,30,0.8
2023-08-07,Energy,0.6,5,5,26,0.4
2023-08-07,Financials,0.2,5,5,25,0.2
2023-08-07,Healthcare,0.6,5,5,13,0.38
2023-08-07,Industrials,0.06666666666666665,5,4,15,0.8
2023-08-07,Materials,0.2,5,1,1,0.0
2023-08-07,RealEstate,0.6,5,4,7,-0.2
2023-08-07,Tech,0.8666666666666666,5,5,52,0.7466666666666667
2023-08-07,Utilities,0.6,5,5,8,-0.48
2023-08-08,Comm,0.0,5,3,11,1.0
2023-08-08,Consumer,0.7485714285714286,5,5,29,0.0
2023-08-08,Energy,0.3333333333333333,5,4,9,0.6
2023-08-08,Financials,0.02666666666666666,5,5,38,0.2
2023-08-08,Healthcare,0.8,5,4,13,0.6
2023-08-08,Industrials,0.17142857142857143,5,2,17,0.06666666666666665
2023-08-08,Materials,0.0,5,2,3,0.2
2023-08-08,RealEstate,0.2,5,1,3,0.6
2023-08-08,Tech,0.5555555555555556,5,5,39,0.8666666666666666
2023-08-08,Utilities,-0.4,5,2,11,0.6
2023-08-09,Comm,0.8,5,4,16,0.0
2023-08-09,Consumer,0.6,5,5,54,0.7485714285714286
2023-08-09,Energy,0.2,5,5,21,0.3333333333333333
2023-08-09,Financials,0.4,5,5,19,0.02666666666666666
2023-08-09,Healthcare,0.7333333333333333,5,5,18,0.8
2023-08-09,Industrials,0.1,5,3,15,0.17142857142857143
2023-08-09,Materials,0.2,5,3,4,0.0
2023-08-09,RealEstate,0.2,5,5,8,0.2
2023-08-09,Tech,0.4121212121212121,5,5,39,0.5555555555555556
2023-08-09,Utilities,0.2,5,2,3,-0.4
2023-08-10,Comm,0.2,5,4,9,0.8
2023-08-10,Consumer,0.4833333333333334,5,5,38,0.6
2023-08-10,Energy,0.0,5,4,18,0.2
2023-08-10,Financials,0.4666666666666666,5,5,14,0.4
2023-08-10,Healthcare,0.6,5,4,10,0.7333333333333333
2023-08-10,Industrials,0.4,5,3,7,0.1
2023-08-10,Materials,0.4,5,5,6,0.2
2023-08-10,RealEstate,0.8,5,5,9,0.2
2023-08-10,Tech,0.10769230769230768,5,5,47,0.4121212121212121
2023-08-10,Utilities,0.0,5,5,10,0.2
2023-08-11,Comm,0.26666666666666666,5,4,11,0.2
2023-08-11,Consumer,0.7,5,5,34,0.4833333333333334
2023-08-11,Energy,0.5066666666666666,5,5,36,0.0
2023-08-11,Financials,0.0,5,4,10,0.4666666666666666
2023-08-11,Healthcare,0.2,5,5,13,0.6
2023-08-11,Industrials,0.2,5,4,11,0.4
2023-08-11,Materials,0.0,5,1,3,0.4
2023-08-11,RealEstate,0.4,5,2,4,0.8
2023-08-11,Tech,0.4666666666666666,5,5,39,0.10769230769230768
2023-08-11,Utilities,0.0,5,3,4,0.0
2023-08-14,Comm,0.6,5,4,10,0.26666666666666666
2023-08-14,Consumer,0.6438095238095238,5,5,52,0.7
2023-08-14,Energy,0.8,5,5,29,0.5066666666666666
2023-08-14,Financials,0.5428571428571429,5,5,27,0.0
2023-08-14,Healthcare,0.8,5,4,20,0.2
2023-08-14,Industrials,0.2,5,3,5,0.2
2023-08-14,Materials,0.4,5,3,6,0.0
2023-08-14,RealEstate,0.2,5,2,7,0.4
2023-08-14,Tech,0.8565656565656565,5,5,63,0.4666666666666666
2023-08-14,Utilities,0.4,5,2,4,0.0
2023-08-15,Comm,0.6,5,4,12,0.6
2023-08-15,Consumer,0.6666666666666666,5,5,32,0.6438095238095238
2023-08-15,Energy,0.2,5,5,20,0.8
2023-08-15,Financials,-0.16666666666666666,5,5,27,0.5428571428571429
2023-08-15,Healthcare,0.4,5,5,15,0.8
2023-08-15,Industrials,0.06666666666666667,5,4,8,0.2
2023-08-15,Materials,0.06666666666666667,5,5,10,0.4
2023-08-15,RealEstate,0.8,5,4,4,0.2
2023-08-15,Tech,0.8666666666666666,5,5,60,0.8565656565656565
2023-08-15,Utilities,0.2,5,3,8,0.4
2023-08-16,Comm,0.4,5,5,9,0.6
2023-08-16,Consumer,0.9111111111111111,5,5,35,0.6666666666666666
2023-08-16,Energy,0.44000000000000006,5,4,28,0.2
2023-08-16,Financials,-0.2,5,5,16,-0.16666666666666666
2023-08-16,Healthcare,0.0,5,4,7,0.4
2023-08-16,Industrials,0.4,5,4,9,0.06666666666666667
2023-08-16,Materials,0.0,5,0,0,0.06666666666666667
2023-08-16,RealEstate,0.2,5,4,5,0.8
2023-08-16,Tech,0.30666666666666664,5,5,52,0.8666666666666666
2023-08-16,Utilities,0.4,5,2,3,0.2
2023-08-17,Comm,0.6,5,5,11,0.4
2023-08-17,Consumer,0.4909090909090909,5,5,51,0.9111111111111111
2023-08-17,Energy,0.07142857142857142,5,5,36,0.44000000000000006
2023-08-17,Financials,0.2,5,5,18,-0.2
2023-08-17,Healthcare,0.2,5,5,9,0.0
2023-08-17,Industrials,0.24,5,3,10,0.4
2023-08-17,Materials,0.3,5,5,9,0.0
2023-08-17,RealEstate,1.0,5,5,14,0.2
2023-08-17,Tech,0.6066666666666667,5,5,54,0.30666666666666664
2023-08-17,Utilities,0.0,5,4,7,0.4
2023-08-18,Comm,0.2,5,4,10,0.6
2023-08-18,Consumer,0.5435897435897437,5,5,40,0.4909090909090909
2023-08-18,Energy,0.33333333333333337,5,5,28,0.07142857142857142
2023-08-18,Financials,1.0,5,5,20,0.2
2023-08-18,Healthcare,0.0,5,2,7,0.2
2023-08-18,Industrials,0.0,5,4,8,0.24
2023-08-18,Materials,0.0,5,2,4,0.3
2023-08-18,RealEstate,0.2,5,3,7,1.0
2023-08-18,Tech,0.43157894736842106,5,4,46,0.6066666666666667
2023-08-18,Utilities,0.2,5,4,6,0.0
2023-08-21,Comm,0.8,5,5,18,0.2
2023-08-21,Consumer,0.6,5,5,40,0.5435897435897437
2023-08-21,Energy,0.7333333333333333,5,4,27,0.33333333333333337
2023-08-21,Financials,0.5333333333333333,5,5,32,1.0
2023-08-21,Healthcare,1.0,5,5,25,0.0
2023-08-21,Industrials,0.4,5,3,9,0.0
2023-08-21,Materials,-0.13333333333333336,5,4,13,0.0
2023-08-21,RealEstate,0.4,5,4,6,0.2
2023-08-21,Tech,0.4787878787878788,5,4,82,0.43157894736842106
2023-08-21,Utilities,0.2,5,5,10,0.2
2023-08-22,Comm,0.5,5,4,9,0.8
2023-08-22,Consumer,0.7,5,5,24,0.6
2023-08-22,Energy,0.2,5,4,23,0.7333333333333333
2023-08-22,Financials,0.8666666666666666,5,5,18,0.5333333333333333
2023-08-22,Healthcare,0.2,5,4,8,1.0
2023-08-22,Industrials,0.4,5,4,13,0.4
2023-08-22,Materials,0.0,5,4,8,-0.13333333333333336
2023-08-22,RealEstate,0.6,5,3,4,0.4
2023-08-22,Tech,0.3625,5,5,84,0.4787878787878788
2023-08-22,Utilities,0.2,5,4,4,0.2
2023-08-23,Comm,0.2,5,3,19,0.5
2023-08-23,Consumer,0.6545454545454545,5,5,35,0.7
2023-08-23,Energy,-0.13333333333333336,5,4,23,0.2
2023-08-23,Financials,0.8,5,5,31,0.8666666666666666
2023-08-23,Healthcare,0.6666666666666666,5,5,24,0.2
2023-08-23,Industrials,0.4,5,4,12,0.4
2023-08-23,Materials,0.2,5,2,2,0.0
2023-08-23,RealEstate,0.2,5,1,2,0.6
2023-08-23,Tech,0.8,5,5,86,0.3625
2023-08-23,Utilities,0.4,5,5,14,0.2
2023-08-24,Comm,0.06666666666666667,5,3,15,0.2
2023-08-24,Consumer,0.8,5,5,42,0.6545454545454545
2023-08-24,Energy,0.4,5,5,14,-0.13333333333333336
2023-08-24,Financials,0.3333333333333333,5,5,15,0.8
2023-08-24,Healthcare,0.2,5,5,9,0.6666666666666666
2023-08-24,Industrials,0.2,5,4,9,0.4
2023-08-24,Materials,0.2,5,4,5,0.2
2023-08-24,RealEstate,0.4,5,5,8,0.2
2023-08-24,Tech,0.8916666666666666,5,5,141,0.8
2023-08-24,Utilities,0.0,5,4,11,0.4
2023-08-25,Comm,0.2,5,4,12,0.06666666666666667
2023-08-25,Consumer,0.5,5,5,29,0.8
2023-08-25,Energy,0.0,5,4,12,0.4
2023-08-25,Financials,0.4,5,5,18,0.3333333333333333
2023-08-25,Healthcare,0.4,5,5,15,0.2
2023-08-25,Industrials,0.2,5,4,11,0.2
2023-08-25,Materials,0.4,5,3,5,0.2
2023-08-25,RealEstate,0.8,5,4,9,0.4
2023-08-25,Tech,0.7407407407407407,5,5,65,0.8916666666666666
2023-08-25,Utilities,0.4,5,3,7,0.0
2023-08-28,Comm,0.26666666666666666,5,3,12,0.2
2023-08-28,Consumer,0.7,5,5,27,0.5
2023-08-28,Energy,0.8,5,5,25,0.0
2023-08-28,Financials,0.3828571428571429,5,5,34,0.4
2023-08-28,Healthcare,0.4666666666666666,5,4,23,0.4
2023-08-28,Industrials,0.1288888888888889,5,4,25,0.2
2023-08-28,Materials,0.4,5,3,4,0.4
2023-08-28,RealEstate,0.8,5,4,10,0.8
2023-08-28,Tech,0.8904615384615384,5,5,73,0.7407407407407407
2023-08-28,Utilities,0.2,5,4,11,0.4
2023-08-29,Comm,0.32727272727272727,5,3,19,0.26666666666666666
2023-08-29,Consumer,0.5428571428571429,5,4,26,0.7
2023-08-29,Energy,0.6,5,5,19,0.8
2023-08-29,Financials,0.6,5,5,13,0.3828571428571429
2023-08-29,Healthcare,0.4,5,5,25,0.4666666666666666
2023-08-29,Industrials,0.5428571428571429,5,4,20,0.1288888888888889
2023-08-29,Materials,0.0,5,1,1,0.4
2023-08-29,RealEstate,0.6,5,3,7,0.8
2023-08-29,Tech,0.775,5,5,56,0.8904615384615384
2023-08-29,Utilities,0.2,5,4,7,0.2
2023-08-30,Comm,0.26666666666666666,5,3,10,0.32727272727272727
2023-08-30,Consumer,0.6666666666666667,5,5,25,0.5428571428571429
2023-08-30,Energy,0.36,5,3,17,0.6
2023-08-30,Financials,0.6,5,5,17,0.6
2023-08-30,Healthcare,0.4,5,4,10,0.4
2023-08-30,Industrials,0.26666666666666666,5,3,11,0.5428571428571429
2023-08-30,Materials,0.4,5,3,6,0.0
2023-08-30,RealEstate,0.2,5,4,6,0.6
2023-08-30,Tech,0.1,5,5,55,0.775
2023-08-30,Utilities,0.4,5,3,6,0.2
2023-08-31,Comm,0.4,5,5,18,0.26666666666666666
2023-08-31,Consumer,0.8,5,5,24,0.6666666666666667
2023-08-31,Energy,0.0,5,4,13,0.36
2023-08-31,Financials,0.0,5,5,20,0.6
2023-08-31,Healthcare,0.0,5,4,13,0.4
2023-08-31,Industrials,0.06666666666666665,5,4,20,0.26666666666666666
2023-08-31,Materials,0.0,5,4,8,0.4
2023-08-31,RealEstate,0.2,5,4,9,0.2
2023-08-31,Tech,0.5666666666666667,5,5,55,0.1
2023-08-31,Utilities,0.6,5,5,9,0.4
2023-09-01,Comm,0.4,5,4,9,0.4
2023-09-01,Consumer,0.9333333333333332,5,5,23,0.8
2023-09-01,Energy,0.26666666666666666,5,3,8,0.0
2023-09-01,Financials,0.0,5,4,13,0.0
2023-09-01,Healthcare,0.6,5,5,19,0.0
2023-09-01,Industrials,0.6,5,4,16,0.06666666666666665
2023-09-01,Materials,0.6,5,4,5,0.0
2023-09-01,RealEstate,0.4,5,5,9,0.2
2023-09-01,Tech,0.5,5,5,46,0.5666666666666667
2023-09-01,Utilities,0.6,5,4,5,0.6
2023-09-05,Comm,0.8,5,5,11,0.4
2023-09-05,Consumer,0.45,5,5,38,0.9333333333333332
2023-09-05,Energy,0.2,5,5,36,0.26666666666666666
2023-09-05,Financials,-0.1,5,4,37,0.0
2023-09-05,Healthcare,0.7333333333333333,5,5,26,0.6
2023-09-05,Industrials,0.6,5,4,17,0.6
2023-09-05,Materials,0.0,5,4,8,0.6
2023-09-05,RealEstate,0.8,5,4,13,0.4
2023-09-05,Tech,0.8761904761904763,5,5,103,0.5
2023-09-05,Utilities,0.6,5,3,8,0.6
2023-09-06,Comm,0.4,5,5,12,0.8
2023-09-06,Consumer,0.4,5,5,27,0.45
2023-09-06,Energy,0.8,5,5,15,0.2
2023-09-06,Financials,0.5,5,4,16,-0.1
2023-09-06,Healthcare,0.26666666666666666,5,5,10,0.7333333333333333
2023-09-06,Industrials,0.6,5,4,14,0.6
2023-09-06,Materials,0.2,5,5,6,0.0
2023-09-06,RealEstate,0.4,5,3,3,0.8
2023-09-06,Tech,0.7692307692307693,5,5,51,0.8761904761904763
2023-09-06,Utilities,0.5777777777777777,5,5,15,0.6
2023-09-07,Comm,0.0,5,4,13,0.4
2023-09-07,Consumer,0.3,5,4,26,0.4
2023-09-07,Energy,0.2,5,4,16,0.8
2023-09-07,Financials,0.5333333333333334,5,5,25,0.5
2023-09-07,Healthcare,-0.2,5,5,7,0.26666666666666666
2023-09-07,Industrials,0.4,5,4,11,0.6
2023-09-07,Materials,0.6,5,4,8,0.2
2023-09-07,RealEstate,0.2,5,5,8,0.4
2023-09-07,Tech,0.5238095238095238,5,5,65,0.7692307692307693
2023-09-07,Utilities,0.8,5,5,11,0.5777777777777777
2023-09-08,Comm,0.4,5,5,13,0.0
2023-09-08,Consumer,0.75,5,5,26,0.3
2023-09-08,Energy,0.3866666666666666,5,5,27,0.2
2023-09-08,Financials,0.26666666666666666,5,5,22,0.5333333333333334
2023-09-08,Healthcare,0.52,5,5,18,-0.2
2023-09-08,Industrials,0.0,5,3,9,0.4
2023-09-08,Materials,0.4,5,4,7,0.6
2023-09-08,RealEstate,0.6,5,4,5,0.2
2023-09-08,Tech,0.15555555555555556,5,5,53,0.5238095238095238
2023-09-08,Utilities,0.8,5,5,11,0.8
2023-09-11,Comm,0.4,5,4,13,0.4
2023-09-11,Consumer,0.8400000000000001,5,5,38,0.75
2023-09-11,Energy,0.6666666666666666,5,5,29,0.3866666666666666
2023-09-11,Financials,0.8,5,5,32,0.26666666666666666
2023-09-11,Healthcare,0.8,5,5,19,0.52
2023-09-11,Industrials,0.4,5,4,16,0.0
2023-09-11,Materials,0.0,5,5,6,0.4
2023-09-11,RealEstate,0.7428571428571429,5,5,11,0.6
2023-09-11,Tech,0.9733333333333334,5,5,100,0.15555555555555556
2023-09-11,Utilities,0.6,5,5,13,0.8
2023-09-12,Comm,0.8,5,4,12,0.4
2023-09-12,Consumer,0.4666666666666666,5,4,25,0.8400000000000001
2023-09-12,Energy,-0.047619047619047616,5,5,35,0.6666666666666666
2023-09-12,Financials,0.6,5,5,20,0.8
2023-09-12,Healthcare,0.8,5,5,13,0.8
2023-09-12,Industrials,0.32,5,4,20,0.4
2023-09-12,Materials,0.0,5,4,5,0.0
2023-09-12,RealEstate,0.06666666666666667,5,3,4,0.7428571428571429
2023-09-12,Tech,0.41666666666666663,5,5,56,0.9733333333333334
2023-09-12,Utilities,0.0,5,3,4,0.6
2023-09-13,Comm,0.4,5,4,12,0.8
2023-09-13,Consumer,0.8,5,4,22,0.4666666666666666
2023-09-13,Energy,0.4,5,5,23,-0.047619047619047616
2023-09-13,Financials,0.6666666666666666,5,5,21,0.6
2023-09-13,Healthcare,0.6,5,3,8,0.8
2023-09-13,Industrials,0.4,5,4,15,0.32
2023-09-13,Materials,0.2,5,2,3,0.0
2023-09-13,RealEstate,0.6,5,4,6,0.06666666666666667
2023-09-13,Tech,0.8,5,5,40,0.41666666666666663
2023-09-13,Utilities,0.2,5,5,9,0.0
2023-09-14,Comm,0.4,5,3,11,0.4
2023-09-14,Consumer,0.6,5,5,24,0.8
2023-09-14,Energy,0.4,5,5,16,0.4
2023-09-14,Financials,0.2,5,4,41,0.6666666666666666
2023-09-14,Healthcare,0.2,5,5,12,0.6
2023-09-14,Industrials,0.2,5,4,13,0.4
2023-09-14,Materials,-0.2,5,4,4,0.2
2023-09-14,RealEstate,0.4,5,4,8,0.6
2023-09-14,Tech,0.8358974358974359,5,5,66,0.8
2023-09-14,Utilities,0.8,5,5,7,0.2
2023-09-15,Comm,0.2,5,2,7,0.4
2023-09-15,Consumer,0.9199999999999999,5,5,30,0.6
2023-09-15,Energy,0.2,5,4,16,0.4
2023-09-15,Financials,0.18666666666666668,5,5,21,0.2
2023-09-15,Healthcare,0.4,5,4,16,0.2
2023-09-15,Industrials,0.6,5,4,13,0.2
2023-09-15,Materials,0.2,5,2,10,-0.2
2023-09-15,RealEstate,0.6,5,5,8,0.4
2023-09-15,Tech,0.7692640692640692,5,5,84,0.8358974358974359
2023-09-15,Utilities,0.6,5,3,5,0.8
2023-09-18,Comm,0.12,5,4,13,0.2
2023-09-18,Consumer,0.5095238095238096,5,5,31,0.9199999999999999
2023-09-18,Energy,0.5,5,5,38,0.2
2023-09-18,Financials,0.6666666666666666,5,5,21,0.18666666666666668
2023-09-18,Healthcare,0.26666666666666666,5,5,14,0.4
2023-09-18,Industrials,0.6,5,4,21,0.6
2023-09-18,Materials,0.06666666666666667,5,4,13,0.2
2023-09-18,RealEstate,0.4,5,3,6,0.6
2023-09-18,Tech,0.45666666666666667,5,5,64,0.7692640692640692
2023-09-18,Utilities,0.5,5,3,5,0.6
2023-09-19,Comm,0.4,5,2,5,0.12
2023-09-19,Consumer,-0.06666666666666665,5,5,36,0.5095238095238096
2023-09-19,Energy,0.13333333333333336,5,5,29,0.5
2023-09-19,Financials,-0.4666666666666666,5,4,16,0.6666666666666666
2023-09-19,Healthcare,0.0,5,5,8,0.26666666666666666
2023-09-19,Industrials,0.4,5,4,13,0.6
2023-09-19,Materials,0.2,5,3,4,0.06666666666666667
2023-09-19,RealEstate,0.4666666666666666,5,4,5,0.4
2023-09-19,Tech,0.5666666666666667,5,5,57,0.45666666666666667
2023-09-19,Utilities,0.2,5,3,4,0.5
2023-09-20,Comm,0.4,5,3,4,0.4
2023-09-20,Consumer,0.26666666666666666,5,5,31,-0.06666666666666665
2023-09-20,Energy,0.10666666666666666,5,4,21,0.13333333333333336
2023-09-20,Financials,0.7,5,5,18,-0.4666666666666666
2023-09-20,Healthcare,0.0,5,5,14,0.0
2023-09-20,Industrials,0.26666666666666666,5,4,13,0.4
2023-09-20,Materials,0.0,5,3,4,0.2
2023-09-20,RealEstate,0.4,5,4,5,0.4666666666666666
2023-09-20,Tech,0.16666666666666669,5,5,65,0.5666666666666667
2023-09-20,Utilities,0.2,5,2,5,0.2
2023-09-21,Comm,0.4,5,5,12,0.4
2023-09-21,Consumer,0.7,5,5,31,0.26666666666666666
2023-09-21,Energy,0.6,5,4,25,0.10666666666666666
2023-09-21,Financials,0.4,5,5,21,0.7
2023-09-21,Healthcare,0.6,5,5,10,0.0
2023-09-21,Industrials,0.8,5,4,22,0.26666666666666666
2023-09-21,Materials,0.4,5,4,8,0.0
2023-09-21,RealEstate,0.32,5,4,13,0.4
2023-09-21,Tech,0.6933333333333334,5,5,48,0.16666666666666669
2023-09-21,Utilities,0.0,5,5,12,0.2
2023-09-22,Comm,0.8,5,4,11,0.4
2023-09-22,Consumer,0.8,5,5,23,0.7
2023-09-22,Energy,0.6,5,5,24,0.6
2023-09-22,Financials,0.4,5,5,14,0.4
2023-09-22,Healthcare,0.2,5,4,12,0.6
2023-09-22,Industrials,0.6,5,4,7,0.8
2023-09-22,Materials,0.2,5,2,3,0.4
2023-09-22,RealEstate,0.0,5,2,5,0.32
2023-09-22,Tech,0.32,5,5,48,0.6933333333333334
2023-09-22,Utilities,0.2,5,2,3,0.0
2023-09-25,Comm,0.26666666666666666,5,4,15,0.8
2023-09-25,Consumer,0.21428571428571427,5,5,60,0.8
2023-09-25,Energy,0.5,5,4,32,0.6
2023-09-25,Financials,-0.1,5,5,21,0.4
2023-09-25,Healthcare,0.8,5,4,15,0.2
2023-09-25,Industrials,0.6,5,4,17,0.6
2023-09-25,Materials,-0.06666666666666667,5,3,10,0.2
2023-09-25,RealEstate,0.3,5,5,11,0.0
2023-09-25,Tech,0.5116666666666667,5,5,62,0.32
2023-09-25,Utilities,0.2,5,3,8,0.2
2023-09-26,Comm,0.26666666666666666,5,5,13,0.26666666666666666
2023-09-26,Consumer,0.8666666666666666,5,5,34,0.21428571428571427
2023-09-26,Energy,0.3,5,5,19,0.5
2023-09-26,Financials,0.3,5,5,27,-0.1
2023-09-26,Healthcare,0.5,5,4,14,0.8
2023-09-26,Industrials,0.5,5,4,11,0.6
2023-09-26,Materials,0.0,5,1,2,-0.06666666666666667
2023-09-26,RealEstate,0.26666666666666666,5,3,5,0.3
2023-09-26,Tech,0.6,5,5,37,0.5116666666666667
2023-09-26,Utilities,0.13333333333333336,5,4,8,0.2
2023-09-27,Comm,0.2,5,3,4,0.26666666666666666
2023-09-27,Consumer,0.5666666666666667,5,5,22,0.8666666666666666
2023-09-27,Energy,0.6,5,5,19,0.3
2023-09-27,Financials,-0.2,5,5,19,0.3
2023-09-27,Healthcare,0.6,5,3,7,0.5
2023-09-27,Industrials,0.6,5,4,14,0.5
2023-09-27,Materials,0.2,5,5,7,0.0
2023-09-27,RealEstate,0.4,5,4,11,0.26666666666666666
2023-09-27,Tech,0.48571428571428577,5,5,43,0.6
2023-09-27,Utilities,0.8,5,5,18,0.13333333333333336
2023-09-28,Comm,0.4,5,4,15,0.2
2023-09-28,Consumer,0.6,5,4,31,0.5666666666666667
2023-09-28,Energy,0.9,5,5,21,0.6
2023-09-28,Financials,0.1,5,5,21,-0.2
2023-09-28,Healthcare,0.4,5,5,11,0.6
2023-09-28,Industrials,0.4,5,4,14,0.6
2023-09-28,Materials,0.2,5,4,6,0.2
2023-09-28,RealEstate,0.6,5,3,7,0.4
2023-09-28,Tech,0.24571428571428572,5,5,40,0.48571428571428577
2023-09-28,Utilities,0.1,5,4,13,0.8
2023-09-29,Comm,0.4,5,4,10,0.4
2023-09-29,Consumer,0.3,5,5,57,0.6
2023-09-29,Energy,0.7333333333333333,5,5,23,0.9
2023-09-29,Financials,0.0,5,5,12,0.1
2023-09-29,Healthcare,1.0,5,5,16,0.4
2023-09-29,Industrials,0.33333333333333337,5,3,9,0.4
2023-09-29,Materials,0.0,5,1,1,0.2
2023-09-29,RealEstate,0.4666666666666666,5,3,4,0.6
2023-09-29,Tech,0.16363636363636366,5,5,54,0.24571428571428572
2023-09-29,Utilities,0.6,5,5,10,0.1
2023-10-02,Comm,0.6,5,5,12,0.4
2023-10-02,Consumer,0.8755555555555556,5,5,47,0.3
2023-10-02,Energy,0.8333333333333333,5,5,27,0.7333333333333333
2023-10-02,Financials,0.1333333333333333,5,5,31,0.0
2023-10-02,Healthcare,1.0,5,5,28,1.0
2023-10-02,Industrials,0.8,5,4,22,0.33333333333333337
2023-10-02,Materials,0.0,5,5,9,0.0
2023-10-02,RealEstate,0.6,5,4,7,0.4666666666666666
2023-10-02,Tech,0.6438095238095238,5,5,74,0.16363636363636366
2023-10-02,Utilities,0.7333333333333333,5,5,25,0.6
2023-10-03,Comm,0.0,5,3,4,0.6
2023-10-03,Consumer,0.6,5,5,16,0.8755555555555556
2023-10-03,Energy,0.8857142857142858,5,5,13,0.8333333333333333
2023-10-03,Financials,-0.1,5,4,25,0.1333333333333333
2023-10-03,Healthcare,0.2,5,4,7,1.0
2023-10-03,Industrials,0.8,5,5,26,0.8
2023-10-03,Materials,0.2,5,4,11,0.0
2023-10-03,RealEstate,0.4,5,5,9,0.6
2023-10-03,Tech,0.45,5,5,45,0.6438095238095238
2023-10-03,Utilities,0.8,5,5,10,0.7333333333333333
2023-10-04,Comm,0.5428571428571429,5,3,11,0.0
2023-10-04,Consumer,0.2,5,5,23,0.6
2023-10-04,Energy,0.7485714285714286,5,5,33,0.8857142857142858
2023-10-04,Financials,0.2,5,3,10,-0.1
2023-10-04,Healthcare,0.6,5,4,9,0.2
2023-10-04,Industrials,0.6,5,4,12,0.8
2023-10-04,Materials,0.2,5,3,6,0.2
2023-10-04,RealEstate,0.2,5,2,6,0.4
2023-10-04,Tech,0.16363636363636364,5,5,43,0.45
2023-10-04,Utilities,0.2,5,5,8,0.8
2023-10-05,Comm,0.2,5,2,7,0.5428571428571429
2023-10-05,Consumer,0.3555555555555555,5,5,22,0.2
2023-10-05,Energy,0.27142857142857146,5,5,39,0.7485714285714286
2023-10-05,Financials,0.0,5,5,20,0.2
2023-10-05,Healthcare,0.0,5,5,8,0.6
2023-10-05,Industrials,0.2,5,5,16,0.6
2023-10-05,Materials,0.4,5,4,8,0.2
2023-10-05,RealEstate,0.2,5,4,5,0.2
2023-10-05,Tech,0.7714285714285715,5,5,52,0.16363636363636364
2023-10-05,Utilities,0.2,5,5,15,0.2
2023-10-06,Comm,0.6,5,3,14,0.2
2023-10-06,Consumer,0.3333333333333333,5,5,34,0.3555555555555555
2023-10-06,Energy,0.15882352941176472,5,4,42,0.27142857142857146
2023-10-06,Financials,0.4866666666666667,5,5,20,0.0
2023-10-06,Healthcare,0.4666666666666666,5,4,12,0.0
2023-10-06,Industrials,0.0,5,4,7,0.2
2023-10-06,Materials,0.4,5,2,3,0.4
2023-10-06,RealEstate,0.6,5,4,5,0.2
2023-10-06,Tech,0.5555555555555556,5,5,39,0.7714285714285715
2023-10-06,Utilities,0.6,5,4,13,0.2
2023-10-09,Comm,0.8,5,5,18,0.6
2023-10-09,Consumer,0.8,5,5,49,0.3333333333333333
2023-10-09,Energy,0.06666666666666667,5,5,62,0.15882352941176472
2023-10-09,Financials,0.17142857142857143,5,5,28,0.4866666666666667
2023-10-09,Healthcare,0.8,5,5,13,0.4666666666666666
2023-10-09,Industrials,0.3,5,5,14,0.0
2023-10-09,Materials,-0.2,5,2,3,0.4
2023-10-09,RealEstate,0.6,5,3,8,0.6
2023-10-09,Tech,0.2,5,5,65,0.5555555555555556
2023-10-09,Utilities,-0.2,5,3,8,0.6
2023-10-10,Comm,0.2,5,4,9,0.8
2023-10-10,Consumer,0.21333333333333332,5,5,31,0.8
2023-10-10,Energy,0.3,5,5,32,0.06666666666666667
2023-10-10,Financials,0.7,5,4,21,0.17142857142857143
2023-10-10,Healthcare,0.6666666666666666,5,5,15,0.8
2023-10-10,Industrials,0.2,5,5,23,0.3
2023-10-10,Materials,0.2,5,2,3,-0.2
2023-10-10,RealEstate,0.6666666666666666,5,4,6,0.6
2023-10-10,Tech,0.8,5,5,53,0.2
2023-10-10,Utilities,0.2,5,3,7,-0.2
2023-10-11,Comm,0.1,5,2,5,0.2
2023-10-11,Consumer,0.5333333333333333,5,5,29,0.21333333333333332
2023-10-11,Energy,0.14666666666666667,5,3,31,0.3
2023-10-11,Financials,-0.2,5,5,21,0.7
2023-10-11,Healthcare,0.36,5,5,19,0.6666666666666666
2023-10-11,Industrials,0.26666666666666666,5,5,20,0.2
2023-10-11,Materials,0.0,5,3,7,0.2
2023-10-11,RealEstate,0.2,5,2,4,0.6666666666666666
2023-10-11,Tech,0.4666666666666666,5,5,58,0.8
2023-10-11,Utilities,0.0,5,3,5,0.2
2023-10-12,Comm,-0.13333333333333336,5,5,13,0.1
2023-10-12,Consumer,0.6,5,5,26,0.5333333333333333
2023-10-12,Energy,0.9,5,5,21,0.14666666666666667
2023-10-12,Financials,0.3619047619047619,5,5,38,-0.2
2023-10-12,Healthcare,0.26666666666666666,5,4,13,0.36
2023-10-12,Industrials,0.13999999999999999,5,4,19,0.26666666666666666
2023-10-12,Materials,0.2,5,4,9,0.0
2023-10-12,RealEstate,0.6,5,5,9,0.2
2023-10-12,Tech,0.44000000000000006,5,4,42,0.4666666666666666
2023-10-12,Utilities,0.1,5,4,7,0.0
2023-10-13,Comm,0.6,5,4,11,-0.13333333333333336
2023-10-13,Consumer,0.6,5,5,17,0.6
2023-10-13,Energy,0.12,5,4,26,0.9
2023-10-13,Financials,0.8714285714285713,5,5,51,0.3619047619047619
2023-10-13,Healthcare,0.6,5,4,14,0.26666666666666666
2023-10-13,Industrials,0.06666666666666667,5,4,18,0.13999999999999999
2023-10-13,Materials,0.2,5,3,6,0.2
2023-10-13,RealEstate,0.2,5,2,2,0.6
2023-10-13,Tech,0.6222222222222222,5,5,45,0.44000000000000006
2023-10-13,Utilities,0.4,5,5,8,0.1
2023-10-16,Comm,0.3333333333333333,5,4,11,0.6
2023-10-16,Consumer,0.9333333333333333,5,5,36,0.6
2023-10-16,Energy,0.26666666666666666,5,3,12,0.12
2023-10-16,Financials,0.8,5,5,54,0.8714285714285713
2023-10-16,Healthcare,0.6,5,5,16,0.6
2023-10-16,Industrials,0.6,5,5,18,0.06666666666666667
2023-10-16,Materials,0.2,5,3,6,0.2
2023-10-16,RealEstate,0.6,5,4,17,0.2
2023-10-16,Tech,0.7533333333333333,5,5,60,0.6222222222222222
2023-10-16,Utilities,0.26666666666666666,5,4,12,0.4
2023-10-17,Comm,0.2,5,3,4,0.3333333333333333
2023-10-17,Consumer,0.7,5,5,24,0.9333333333333333
2023-10-17,Energy,0.6,5,3,22,0.26666666666666666
2023-10-17,Financials,0.631578947368421,5,5,45,0.8
2023-10-17,Healthcare,0.8,5,5,19,0.6
2023-10-17,Industrials,-0.06666666666666668,5,3,9,0.6
2023-10-17,Materials,0.4,5,4,8,0.2
2023-10-17,RealEstate,0.3,5,4,15,0.6
2023-10-17,Tech,0.44276094276094274,5,5,89,0.7533333333333333
2023-10-17,Utilities,0.2,5,4,9,0.26666666666666666
2023-10-18,Comm,0.2,5,3,13,0.2
2023-10-18,Consumer,0.6666666666666667,5,5,26,0.7
2023-10-18,Energy,-0.18666666666666668,5,5,39,0.6
2023-10-18,Financials,0.58,5,5,64,0.631578947368421
2023-10-18,Healthcare,0.2571428571428571,5,5,33,0.8
2023-10-18,Industrials,0.52,5,5,22,-0.06666666666666668
2023-10-18,Materials,0.2,5,5,11,0.4
2023-10-18,RealEstate,0.4,5,4,12,0.3
2023-10-18,Tech,0.5058823529411764,5,5,75,0.44276094276094274
2023-10-18,Utilities,0.2,5,2,6,0.2
2023-10-19,Comm,0.15555555555555556,5,4,32,0.2
2023-10-19,Consumer,0.8,5,5,27,0.6666666666666667
2023-10-19,Energy,0.6,5,5,27,-0.18666666666666668
2023-10-19,Financials,0.7666666666666667,5,5,33,0.58
2023-10-19,Healthcare,0.4,5,5,25,0.2571428571428571
2023-10-19,Industrials,0.8,5,5,26,0.52
2023-10-19,Materials,0.4,5,5,9,0.2
2023-10-19,RealEstate,0.42857142857142855,5,4,22,0.4
2023-10-19,Tech,1.0,5,5,30,0.5058823529411764
2023-10-19,Utilities,0.2,5,3,3,0.2
2023-10-20,Comm,-0.32,5,5,20,0.15555555555555556
2023-10-20,Consumer,0.2,5,4,11,0.8
2023-10-20,Energy,0.30666666666666664,5,4,36,0.6
2023-10-20,Financials,0.2,5,5,20,0.7666666666666667
2023-10-20,Healthcare,0.26666666666666666,5,5,18,0.4
2023-10-20,Industrials,0.6,5,5,21,0.8
2023-10-20,Materials,-0.4,5,4,6,0.4
2023-10-20,RealEstate,0.2,5,5,10,0.42857142857142855
2023-10-20,Tech,-0.37142857142857144,5,5,49,1.0
2023-10-20,Utilities,0.0,5,2,3,0.2
2023-10-23,Comm,0.2,5,4,17,-0.32
2023-10-23,Consumer,0.6333333333333334,5,5,43,0.2
2023-10-23,Energy,0.48,5,5,67,0.30666666666666664
2023-10-23,Financials,0.52,5,4,21,0.2
2023-10-23,Healthcare,0.06666666666666667,5,5,24,0.26666666666666666
2023-10-23,Industrials,0.6666666666666666,5,5,27,0.6
2023-10-23,Materials,0.21904761904761907,5,5,20,-0.4
2023-10-23,RealEstate,0.6,5,3,9,0.2
2023-10-23,Tech,0.696969696969697,5,5,80,-0.37142857142857144
2023-10-23,Utilities,0.2,5,4,8,0.0
2023-10-24,Comm,0.4,5,3,15,0.2
2023-10-24,Consumer,1.0,5,5,50,0.6333333333333334
2023-10-24,Energy,0.72,5,5,37,0.48
2023-10-24,Financials,0.2,5,3,16,0.52
2023-10-24,Healthcare,0.2,5,5,17,0.06666666666666667
2023-10-24,Industrials,0.7414141414141414,5,5,51,0.6666666666666666
2023-10-24,Materials,0.6,5,3,17,0.21904761904761907
2023-10-24,RealEstate,0.8,5,5,7,0.6
2023-10-24,Tech,0.4222222222222222,5,5,61,0.696969696969697
2023-10-24,Utilities,0.52,5,3,13,0.2
2023-10-25,Comm,0.5272727272727272,5,5,27,0.4
2023-10-25,Consumer,0.6666666666666666,5,5,35,1.0
2023-10-25,Energy,0.33506493506493507,5,3,25,0.72
2023-10-25,Financials,0.4666666666666666,5,4,20,0.2
2023-10-25,Healthcare,0.0,5,5,22,0.2
2023-10-25,Industrials,0.4333333333333333,5,5,41,0.7414141414141414
2023-10-25,Materials,0.2,5,4,8,0.6
2023-10-25,RealEstate,0.6,5,3,14,0.8
2023-10-25,Tech,0.5636363636363637,5,5,45,0.4222222222222222
2023-10-25,Utilities,0.0,5,3,11,0.52
2023-10-26,Comm,0.2,5,4,26,0.5272727272727272
2023-10-26,Consumer,0.5555555555555556,5,5,28,0.6666666666666666
2023-10-26,Energy,0.8,5,5,41,0.33506493506493507
2023-10-26,Financials,0.2,5,5,16,0.4666666666666666
2023-10-26,Healthcare,1.0,5,5,25,0.0
2023-10-26,Industrials,0.6176470588235294,5,5,42,0.4333333333333333
2023-10-26,Materials,0.16,5,5,17,0.2
2023-10-26,RealEstate,0.8,5,4,13,0.6
2023-10-26,Tech,0.5666666666666667,5,5,46,0.5636363636363637
2023-10-26,Utilities,0.22000000000000003,5,5,18,0.0
2023-10-27,Comm,0.4666666666666666,5,3,12,0.2
2023-10-27,Consumer,1.0,5,5,27,0.5555555555555556
2023-10-27,Energy,0.4693333333333333,5,4,62,0.8
2023-10-27,Financials,0.0,5,4,13,0.2
2023-10-27,Healthcare,0.6,5,5,23,1.0
2023-10-27,Industrials,0.2,5,5,14,0.6176470588235294
2023-10-27,Materials,0.2,5,2,5,0.16
2023-10-27,RealEstate,0.6,5,3,8,0.8
2023-10-27,Tech,0.6138888888888889,5,5,67,0.5666666666666667
2023-10-27,Utilities,0.0,5,3,11,0.22000000000000003
2023-10-30,Comm,0.6,5,5,13,0.4666666666666666
2023-10-30,Consumer,0.8,5,5,47,1.0
2023-10-30,Energy,0.37333333333333335,5,4,33,0.4693333333333333
2023-10-30,Financials,0.6,5,4,15,0.0
2023-10-30,Healthcare,0.4666666666666666,5,5,21,0.6
2023-10-30,Industrials,-0.02564102564102565,5,4,21,0.2
2023-10-30,Materials,0.6,5,5,5,0.2
2023-10-30,RealEstate,0.4,5,5,20,0.6
2023-10-30,Tech,0.6692307692307693,5,5,76,0.6138888888888889
2023-10-30,Utilities,0.2,5,1,4,0.0
2023-10-31,Comm,0.8,5,5,11,0.6
2023-10-31,Consumer,0.4,5,5,19,0.8
2023-10-31,Energy,0.8,5,5,22,0.37333333333333335
2023-10-31,Financials,0.4,5,4,15,0.6
2023-10-31,Healthcare,0.7709090909090909,5,5,38,0.4666666666666666
2023-10-31,Industrials,0.52,5,5,28,-0.02564102564102565
2023-10-31,Materials,0.0,5,3,3,0.6
2023-10-31,RealEstate,0.4666666666666667,5,3,10,0.4
2023-10-31,Tech,0.6494117647058824,5,5,61,0.6692307692307693
2023-10-31,Utilities,0.2,5,4,9,0.2
2023-11-01,Comm,0.6,5,5,14,0.8
2023-11-01,Consumer,0.9555555555555555,5,5,33,0.4
2023-11-01,Energy,0.18,5,5,27,0.8
2023-11-01,Financials,0.2,5,3,11,0.4
2023-11-01,Healthcare,0.0,5,3,10,0.7709090909090909
2023-11-01,Industrials,0.0,5,5,14,0.52
2023-11-01,Materials,0.32,5,5,14,0.0
2023-11-01,RealEstate,0.2,5,3,5,0.4666666666666667
2023-11-01,Tech,0.6,5,5,67,0.6494117647058824
2023-11-01,Utilities,0.33333333333333337,5,5,12,0.2
2023-11-02,Comm,0.4,5,5,18,0.6
2023-11-02,Consumer,0.7333333333333333,5,5,41,0.9555555555555555
2023-11-02,Energy,0.72,5,5,40,0.18
2023-11-02,Financials,0.0,5,5,17,0.2
2023-11-02,Healthcare,0.4666666666666666,5,4,25,0.0
2023-11-02,Industrials,0.7,5,5,19,0.0
2023-11-02,Materials,0.2,5,4,6,0.32
2023-11-02,RealEstate,0.6,5,4,14,0.2
2023-11-02,Tech,0.8717948717948717,5,5,64,0.6
2023-11-02,Utilities,0.6761904761904762,5,5,29,0.33333333333333337
2023-11-03,Comm,0.3,5,3,9,0.4
2023-11-03,Consumer,0.4,5,5,24,0.7333333333333333
2023-11-03,Energy,0.2,5,4,10,0.72
2023-11-03,Financials,0.4,5,5,9,0.0
2023-11-03,Healthcare,0.32,5,3,10,0.4666666666666666
2023-11-03,Industrials,-0.4,5,3,6,0.7
2023-11-03,Materials,0.4,5,3,4,0.2
2023-11-03,RealEstate,0.4,5,5,7,0.6
2023-11-03,Tech,0.6666666666666667,5,5,45,0.8717948717948717
2023-11-03,Utilities,0.33090909090909093,5,4,16,0.6761904761904762
2023-11-06,Comm,0.2,5,5,17,0.3
2023-11-06,Consumer,0.6222222222222222,5,5,47,0.4
2023-11-06,Energy,0.6,5,5,27,0.2
2023-11-06,Financials,0.4,5,5,23,0.4
2023-11-06,Healthcare,0.6,5,5,21,0.32
2023-11-06,Industrials,0.72,5,5,28,-0.4
2023-11-06,Materials,0.4,5,3,4,0.4
2023-11-06,RealEstate,0.7,5,4,16,0.4
2023-11-06,Tech,0.7784615384615384,5,5,43,0.6666666666666667
2023-11-06,Utilities,0.04,5,4,14,0.33090909090909093
2023-11-07,Comm,0.4,5,4,10,0.2
2023-11-07,Consumer,0.8,5,5,36,0.6222222222222222
2023-11-07,Energy,0.3079365079365079,5,5,29,0.6
2023-11-07,Financials,0.0,5,3,8,0.4
2023-11-07,Healthcare,0.3866666666666666,5,5,20,0.6
2023-11-07,Industrials,0.2,5,4,11,0.72
2023-11-07,Materials,0.26666666666666666,5,4,10,0.4
2023-11-07,RealEstate,0.2,5,3,5,0.7
2023-11-07,Tech,0.6711111111111111,5,5,47,0.7784615384615384
2023-11-07,Utilities,0.4,5,4,5,0.04
2023-11-08,Comm,0.6,5,5,21,0.4
2023-11-08,Consumer,0.7428571428571429,5,5,34,0.8
2023-11-08,Energy,0.4066666666666666,5,4,22,0.3079365079365079
2023-11-08,Financials,0.0,5,2,11,0.0
2023-11-08,Healthcare,0.2,5,5,17,0.3866666666666666
2023-11-08,Industrials,0.33333333333333337,5,5,13,0.2
2023-11-08,Materials,-0.2,5,2,2,0.26666666666666666
2023-11-08,RealEstate,0.2,5,3,7,0.2
2023-11-08,Tech,0.44000000000000006,5,5,38,0.6711111111111111
2023-11-08,Utilities,0.2,5,3,7,0.4
2023-11-09,Comm,0.6,5,5,17,0.6
2023-11-09,Consumer,0.6095238095238096,5,5,38,0.7428571428571429
2023-11-09,Energy,0.4666666666666667,5,5,25,0.4066666666666666
2023-11-09,Financials,0.4666666666666666,5,5,24,0.0
2023-11-09,Healthcare,0.4,5,5,23,0.2
2023-11-09,Industrials,0.6,5,4,8,0.33333333333333337
2023-11-09,Materials,0.2,5,4,10,-0.2
2023-11-09,RealEstate,0.8,5,4,8,0.2
2023-11-09,Tech,0.5333333333333333,5,5,39,0.44000000000000006
2023-11-09,Utilities,0.2,5,3,6,0.2
2023-11-10,Comm,0.0,5,3,8,0.6
2023-11-10,Consumer,0.64,5,5,29,0.6095238095238096
2023-11-10,Energy,1.0,5,5,19,0.4666666666666667
2023-11-10,Financials,0.0,5,5,11,0.4666666666666666
2023-11-10,Healthcare,0.6,5,4,13,0.4
2023-11-10,Industrials,0.4,5,4,14,0.6
2023-11-10,Materials,0.2,5,3,4,0.2
2023-11-10,RealEstate,0.2,5,3,5,0.8
2023-11-10,Tech,0.4666666666666666,5,5,43,0.5333333333333333
2023-11-10,Utilities,0.0,5,2,5,0.2
2023-11-13,Comm,0.2,5,4,10,0.0
2023-11-13,Consumer,0.42857142857142855,5,5,54,0.64
2023-11-13,Energy,0.8,5,5,30,1.0
2023-11-13,Financials,0.1,5,5,27,0.0
2023-11-13,Healthcare,0.2,5,5,19,0.6
2023-11-13,Industrials,0.4333333333333333,5,5,37,0.4
2023-11-13,Materials,0.4,5,4,6,0.2
2023-11-13,RealEstate,0.5,5,5,11,0.2
2023-11-13,Tech,0.6342857142857142,5,5,50,0.4666666666666666
2023-11-13,Utilities,0.26666666666666666,5,4,8,0.0
2023-11-14,Comm,0.0,5,3,5,0.2
2023-11-14,Consumer,0.65,5,5,33,0.42857142857142855
2023-11-14,Energy,0.6,5,4,27,0.8
2023-11-14,Financials,-0.1,5,5,24,0.1
2023-11-14,Healthcare,0.6,5,4,15,0.2
2023-11-14,Industrials,0.6,5,4,19,0.4333333333333333
2023-11-14,Materials,0.2,5,3,7,0.4
2023-11-14,RealEstate,0.4,5,2,4,0.5
2023-11-14,Tech,0.76,5,5,61,0.6342857142857142
2023-11-14,Utilities,0.2,5,2,5,0.26666666666666666
2023-11-15,Comm,0.2,5,4,6,0.0
2023-11-15,Consumer,0.5466666666666666,5,5,44,0.65
2023-11-15,Energy,0.0,5,4,13,0.6
2023-11-15,Financials,0.4,5,3,9,-0.1
2023-11-15,Healthcare,0.0,5,5,10,0.6
2023-11-15,Industrials,0.4,5,4,12,0.6
2023-11-15,Materials,-0.2,5,3,6,0.2
2023-11-15,RealEstate,0.4,5,2,2,0.4
2023-11-15,Tech,0.8,5,5,45,0.76
2023-11-15,Utilities,0.2,5,2,2,0.2
2023-11-16,Comm,0.2,5,3,6,0.2
2023-11-16,Consumer,0.04444444444444444,5,5,50,0.5466666666666666
2023-11-16,Energy,0.6,5,4,15,0.0
2023-11-16,Financials,0.4,5,5,14,0.4
2023-11-16,Healthcare,0.13333333333333336,5,5,9,0.0
2023-11-16,Industrials,0.4,5,5,14,0.4
2023-11-16,Materials,0.0,5,4,6,-0.2
2023-11-16,RealEstate,0.1,5,2,6,0.4
2023-11-16,Tech,0.64,5,5,46,0.8
2023-11-16,Utilities,0.8,5,5,11,0.2
2023-11-17,Comm,0.0,5,2,3,0.2
2023-11-17,Consumer,0.52,5,5,21,0.04444444444444444
2023-11-17,Energy,0.4,5,4,14,0.6
2023-11-17,Financials,0.0,5,5,13,0.4
2023-11-17,Healthcare,0.2,5,4,13,0.13333333333333336
2023-11-17,Industrials,0.6,5,5,23,0.4
2023-11-17,Materials,0.2,5,4,4,0.0
2023-11-17,RealEstate,0.0,5,2,5,0.1
2023-11-17,Tech,0.5428571428571429,5,5,41,0.64
2023-11-17,Utilities,0.6,5,4,7,0.8
2023-11-20,Comm,0.6,5,5,12,0.0
2023-11-20,Consumer,0.6,5,5,31,0.52
2023-11-20,Energy,0.06666666666666667,5,4,11,0.4
2023-11-20,Financials,0.2,5,5,21,0.0
2023-11-20,Healthcare,0.6,5,5,13,0.2
2023-11-20,Industrials,0.2,5,4,19,0.6
2023-11-20,Materials,0.4,5,3,5,0.2
2023-11-20,RealEstate,0.6,5,4,10,0.0
2023-11-20,Tech,0.5652173913043479,5,5,66,0.5428571428571429
2023-11-20,Utilities,0.0,5,1,2,0.6
2023-11-21,Comm,0.4,5,3,8,0.6
2023-11-21,Consumer,0.24,5,4,25,0.6
2023-11-21,Energy,0.6,5,5,20,0.06666666666666667
2023-11-21,Financials,0.0,5,4,12,0.2
2023-11-21,Healthcare,0.4,5,4,12,0.6
2023-11-21,Industrials,0.4,5,5,17,0.2
2023-11-21,Materials,0.2,5,4,6,0.4
2023-11-21,RealEstate,0.6,5,3,5,0.6
2023-11-21,Tech,0.64,5,5,84,0.5652173913043479
2023-11-21,Utilities,0.2,5,5,10,0.0
2023-11-22,Comm,0.4,5,4,11,0.4
2023-11-22,Consumer,0.7,5,5,23,0.24
2023-11-22,Energy,0.4,5,4,12,0.6
2023-11-22,Financials,0.32,5,5,19,0.0
2023-11-22,Healthcare,0.0,5,5,8,0.4
2023-11-22,Industrials,0.9428571428571428,5,5,24,0.4
2023-11-22,Materials,0.0,5,2,5,0.2
2023-11-22,RealEstate,0.2,5,3,5,0.6
2023-11-22,Tech,0.4904761904761905,5,5,78,0.64
2023-11-22,Utilities,0.6,5,3,7,0.2
2023-11-24,Comm,0.8,5,5,17,0.4
2023-11-24,Consumer,0.6,5,5,34,0.7
2023-11-24,Energy,0.13999999999999999,5,4,18,0.4
2023-11-24,Financials,0.32,5,4,25,0.32
2023-11-24,Healthcare,0.4,5,5,13,0.0
2023-11-24,Industrials,0.4,5,4,19,0.9428571428571428
2023-11-24,Materials,0.2,5,4,8,0.0
2023-11-24,RealEstate,0.4,5,3,7,0.2
2023-11-24,Tech,0.41666666666666663,5,5,86,0.4904761904761905
2023-11-24,Utilities,0.4,5,4,10,0.6
2023-11-27,Comm,0.6,5,4,13,0.8
2023-11-27,Consumer,0.8909090909090909,5,5,54,0.6
2023-11-27,Energy,0.4,5,4,15,0.13999999999999999
2023-11-27,Financials,0.2,5,5,24,0.32
2023-11-27,Healthcare,0.6,5,5,11,0.4
2023-11-27,Industrials,0.0,5,5,19,0.4
2023-11-27,Materials,0.4,5,4,7,0.2
2023-11-27,RealEstate,-0.0666666666666667,5,4,23,0.4
2023-11-27,Tech,0.6933333333333334,5,5,65,0.41666666666666663
2023-11-27,Utilities,0.2,5,2,6,0.4
2023-11-28,Comm,0.4,5,3,8,0.6
2023-11-28,Consumer,0.2,5,5,19,0.8909090909090909
2023-11-28,Energy,0.0,5,5,18,0.4
2023-11-28,Financials,0.4,5,3,11,0.2
2023-11-28,Healthcare,0.4,5,4,9,0.6
2023-11-28,Industrials,-0.06666666666666667,5,4,20,0.0
2023-11-28,Materials,0.0,5,3,6,0.4
2023-11-28,RealEstate,0.2,5,2,5,-0.0666666666666667
2023-11-28,Tech,1.0,5,5,45,0.6933333333333334
2023-11-28,Utilities,0.0,5,4,5,0.2
2023-11-29,Comm,0.16666666666666666,5,5,13,0.4
2023-11-29,Consumer,0.7,5,5,28,0.2
2023-11-29,Energy,0.2,5,5,24,0.0
2023-11-29,Financials,0.6,5,4,18,0.4
2023-11-29,Healthcare,0.6,5,5,15,0.4
2023-11-29,Industrials,0.0,5,5,21,-0.06666666666666667
2023-11-29,Materials,0.2,5,3,7,0.0
2023-11-29,RealEstate,0.32,5,4,12,0.2
2023-11-29,Tech,0.5568421052631579,5,5,50,1.0
2023-11-29,Utilities,0.2,5,3,7,0.0
2023-11-30,Comm,0.6,5,4,13,0.16666666666666666
2023-11-30,Consumer,0.05333333333333332,5,5,27,0.7
2023-11-30,Energy,0.0,5,4,18,0.2
2023-11-30,Financials,0.4,5,5,16,0.6
2023-11-30,Healthcare,0.52,5,5,22,0.6
2023-11-30,Industrials,0.6,5,5,14,0.0
2023-11-30,Materials,0.0,5,4,4,0.2
2023-11-30,RealEstate,0.4,5,4,6,0.32
2023-11-30,Tech,0.3303030303030303,5,5,49,0.5568421052631579
2023-11-30,Utilities,-0.2,5,3,7,0.2
2023-12-01,Comm,0.4,5,3,8,0.6
2023-12-01,Consumer,0.6,5,4,18,0.05333333333333332
2023-12-01,Energy,0.2,5,3,9,0.0
2023-12-01,Financials,0.2,5,4,18,0.4
2023-12-01,Healthcare,0.2,5,5,8,0.52
2023-12-01,Industrials,0.8,5,5,16,0.6
2023-12-01,Materials,-0.2,5,4,6,0.0
2023-12-01,RealEstate,0.4,5,4,9,0.4
2023-12-01,Tech,0.2,5,5,32,0.3303030303030303
2023-12-01,Utilities,0.6,5,3,5,-0.2
2023-12-04,Comm,0.2,5,4,23,0.4
2023-12-04,Consumer,0.6666666666666666,5,5,34,0.6
2023-12-04,Energy,0.72,5,5,17,0.2
2023-12-04,Financials,0.4,5,4,28,0.2
2023-12-04,Healthcare,0.6,5,5,15,0.2
2023-12-04,Industrials,0.4,5,5,18,0.8
2023-12-04,Materials,0.0,5,1,1,-0.2
2023-12-04,RealEstate,0.5,5,4,10,0.4
2023-12-04,Tech,1.0,5,5,68,0.2
2023-12-04,Utilities,0.6,5,3,6,0.6
2023-12-05,Comm,0.05333333333333333,5,4,33,0.2
2023-12-05,Consumer,0.4,5,5,16,0.6666666666666666
2023-12-05,Energy,0.2,5,3,17,0.72
2023-12-05,Financials,0.8,5,4,20,0.4
2023-12-05,Healthcare,0.4,5,3,7,0.6
2023-12-05,Industrials,0.2,5,5,11,0.4
2023-12-05,Materials,0.0,5,1,1,0.0
2023-12-05,RealEstate,0.4,5,4,6,0.5
2023-12-05,Tech,0.12727272727272726,5,5,52,1.0
2023-12-05,Utilities,0.2,5,4,5,0.6
2023-12-06,Comm,-0.06666666666666668,5,5,16,0.05333333333333333
2023-12-06,Consumer,0.6,5,5,26,0.4
2023-12-06,Energy,0.52,5,5,30,0.2
2023-12-06,Financials,0.0,5,4,16,0.8
2023-12-06,Healthcare,0.0,5,4,15,0.4
2023-12-06,Industrials,0.24,5,4,24,0.2
2023-12-06,Materials,0.0,5,4,4,0.0
2023-12-06,RealEstate,0.2,5,4,12,0.4
2023-12-06,Tech,0.62,5,5,50,0.12727272727272726
2023-12-06,Utilities,0.4,5,3,5,0.2
2023-12-07,Comm,0.6,5,5,12,-0.06666666666666668
2023-12-07,Consumer,0.8,5,5,19,0.6
2023-12-07,Energy,0.4,5,5,21,0.52
2023-12-07,Financials,0.2,5,3,10,0.0
2023-12-07,Healthcare,0.4,5,4,27,0.0
2023-12-07,Industrials,0.4,5,5,18,0.24
2023-12-07,Materials,0.0,5,5,14,0.0
2023-12-07,RealEstate,0.4,5,3,14,0.2
2023-12-07,Tech,0.485,5,5,61,0.62
2023-12-07,Utilities,0.4,5,5,14,0.4
2023-12-08,Comm,0.2,5,5,14,0.6
2023-12-08,Consumer,0.8,5,5,23,0.8
2023-12-08,Energy,0.4,5,5,32,0.4
2023-12-08,Financials,0.6,5,5,12,0.2
2023-12-08,Healthcare,0.8,5,5,16,0.4
2023-12-08,Industrials,0.0,5,4,12,0.4
2023-12-08,Materials,0.4,5,3,4,0.0
2023-12-08,RealEstate,0.0,5,4,8,0.4
2023-12-08,Tech,0.5733333333333334,5,5,67,0.485
2023-12-08,Utilities,0.4,5,4,5,0.4
2023-12-11,Comm,0.8,5,5,19,0.2
2023-12-11,Consumer,0.96,5,5,41,0.8
2023-12-11,Energy,0.8066666666666666,5,5,65,0.4
2023-12-11,Financials,0.13333333333333336,5,5,42,0.6
2023-12-11,Healthcare,0.6,5,5,35,0.8
2023-12-11,Industrials,0.26666666666666666,5,5,33,0.0
2023-12-11,Materials,0.4,5,5,9,0.4
2023-12-11,RealEstate,0.4,5,5,11,0.0
2023-12-11,Tech,0.5828571428571429,5,5,125,0.5733333333333334
2023-12-11,Utilities,0.4,5,5,14,0.4
2023-12-12,Comm,0.4666666666666666,5,3,20,0.8
2023-12-12,Consumer,0.4,5,5,20,0.96
2023-12-12,Energy,0.4545454545454545,5,4,40,0.8066666666666666
2023-12-12,Financials,0.6190476190476191,5,5,28,0.13333333333333336
2023-12-12,Healthcare,1.0,5,5,22,0.6
2023-12-12,Industrials,1.0,5,5,27,0.26666666666666666
2023-12-12,Materials,0.0,5,3,3,0.4
2023-12-12,RealEstate,0.4,5,5,15,0.4
2023-12-12,Tech,0.7309090909090908,5,5,81,0.5828571428571429
2023-12-12,Utilities,0.6,5,5,8,0.4
2023-12-13,Comm,0.06666666666666665,5,4,13,0.4666666666666666
2023-12-13,Consumer,0.6,5,5,24,0.4
2023-12-13,Energy,0.4,5,5,26,0.4545454545454545
2023-12-13,Financials,0.6,5,5,22,0.6190476190476191
2023-12-13,Healthcare,0.42857142857142855,5,5,17,1.0
2023-12-13,Industrials,0.8,5,5,24,1.0
2023-12-13,Materials,0.6,5,4,10,0.0
2023-12-13,RealEstate,0.4,5,5,15,0.4
2023-12-13,Tech,0.5866666666666667,5,5,45,0.7309090909090908
2023-12-13,Utilities,0.4,5,3,8,0.6
2023-12-14,Comm,0.06666666666666665,5,3,9,0.06666666666666665
2023-12-14,Consumer,0.6,5,5,22,0.6
2023-12-14,Energy,0.4,5,4,12,0.4
2023-12-14,Financials,0.2,5,3,9,0.6
2023-12-14,Healthcare,0.2,5,3,4,0.42857142857142855
2023-12-14,Industrials,0.2,5,3,7,0.8
2023-12-14,Materials,0.0,5,4,5,0.6
2023-12-14,RealEstate,0.2,5,4,8,0.4
2023-12-14,Tech,0.55,5,5,35,0.5866666666666667
2023-12-14,Utilities,0.0,5,3,9,0.4
2023-12-15,Comm,0.4,5,4,7,0.06666666666666665
2023-12-15,Consumer,0.55,5,4,18,0.6
2023-12-15,Energy,0.5636363636363637,5,5,18,0.4
2023-12-15,Financials,0.4666666666666667,5,3,17,0.2
2023-12-15,Healthcare,0.0,5,1,1,0.2
2023-12-15,Industrials,0.2,5,2,3,0.2
2023-12-15,Materials,0.0,5,1,1,0.0
2023-12-15,RealEstate,0.3333333333333333,5,2,8,0.2
2023-12-15,Tech,0.7333333333333333,5,5,30,0.55
2023-12-15,Utilities,0.4,5,3,5,0.0
2023-12-18,Comm,0.8,5,5,22,0.4
2023-12-18,Consumer,0.6,5,5,22,0.55
2023-12-18,Energy,0.8,5,4,34,0.5636363636363637
2023-12-18,Financials,0.5333333333333333,5,4,25,0.4666666666666667
2023-12-18,Healthcare,0.7666666666666666,5,5,34,0.0
2023-12-18,Industrials,0.8285714285714285,5,5,29,0.2
2023-12-18,Materials,0.0,5,4,5,0.0
2023-12-18,RealEstate,0.2,5,3,10,0.3333333333333333
2023-12-18,Tech,0.5529411764705883,5,5,102,0.7333333333333333
2023-12-18,Utilities,0.4,5,4,5,0.4
2023-12-19,Comm,0.0,5,0,0,0.8
2023-12-19,Consumer,0.0,5,0,0,0.6
2023-12-19,Energy,0.0,5,0,0,0.8
2023-12-19,Financials,0.0,5,0,0,0.5333333333333333
2023-12-19,Healthcare,0.0,5,0,0,0.7666666666666666
2023-12-19,Industrials,0.0,5,0,0,0.8285714285714285
2023-12-19,Materials,0.0,5,0,0,0.0
2023-12-19,RealEstate,0.0,5,0,0,0.2
2023-12-19,Tech,0.2,5,1,6,0.5529411764705883
2023-12-19,Utilities,0.0,5,0,0,0.4
2023-12-20,Comm,0.0,5,0,0,0.0
2023-12-20,Consumer,0.0,5,0,0,0.0
2023-12-20,Energy,0.0,5,0,0,0.0
2023-12-20,Financials,0.0,5,0,0,0.0
2023-12-20,Healthcare,0.0,5,0,0,0.0
2023-12-20,Industrials,0.0,5,0,0,0.0
2023-12-20,Materials,0.0,5,0,0,0.0
2023-12-20,RealEstate,0.0,5,0,0,0.0
2023-12-20,Tech,0.2,5,1,5,0.2
2023-12-20,Utilities,0.0,5,0,0,0.0
2023-12-21,Comm,0.0,5,0,0,0.0
2023-12-21,Consumer,0.0,5,0,0,0.0
2023-12-21,Energy,0.0,5,0,0,0.0
2023-12-21,Financials,0.0,5,0,0,0.0
2023-12-21,Healthcare,0.0,5,0,0,0.0
2023-12-21,Industrials,0.0,5,0,0,0.0
2023-12-21,Materials,0.0,5,0,0,0.0
2023-12-21,RealEstate,0.0,5,0,0,0.0
2023-12-21,Tech,0.2,5,1,8,0.2
2023-12-21,Utilities,0.0,5,0,0,0.0
2023-12-22,Comm,0.0,5,0,0,0.0
2023-12-22,Consumer,0.0,5,0,0,0.0
2023-12-22,Energy,0.0,5,0,0,0.0
2023-12-22,Financials,0.0,5,0,0,0.0
2023-12-22,Healthcare,0.0,5,0,0,0.0
2023-12-22,Industrials,0.0,5,0,0,0.0
2023-12-22,Materials,0.0,5,0,0,0.0
2023-12-22,RealEstate,0.0,5,0,0,0.0
2023-12-22,Tech,0.06666666666666667,5,1,5,0.2
2023-12-22,Utilities,0.0,5,0,0,0.0
2023-12-26,Comm,0.0,5,0,0,0.0
2023-12-26,Consumer,0.0,5,0,0,0.0
2023-12-26,Energy,0.0,5,0,0,0.0
2023-12-26,Financials,0.0,5,0,0,0.0
2023-12-26,Healthcare,0.0,5,0,0,0.0
2023-12-26,Industrials,0.0,5,0,0,0.0
2023-12-26,Materials,0.0,5,0,0,0.0
2023-12-26,RealEstate,0.0,5,0,0,0.0
2023-12-26,Tech,0.2,5,1,10,0.06666666666666667
2023-12-26,Utilities,0.0,5,0,0,0.0
2023-12-27,Comm,0.0,5,0,0,0.0
2023-12-27,Consumer,0.0,5,0,0,0.0
2023-12-27,Energy,0.0,5,0,0,0.0
2023-12-27,Financials,0.0,5,0,0,0.0
2023-12-27,Healthcare,0.0,5,0,0,0.0
2023-12-27,Industrials,0.0,5,0,0,0.0
2023-12-27,Materials,0.0,5,0,0,0.0
2023-12-27,RealEstate,0.0,5,0,0,0.0
2023-12-27,Tech,0.2,5,1,4,0.2
2023-12-27,Utilities,0.0,5,0,0,0.0
2023-12-28,Comm,0.0,5,0,0,0.0
2023-12-28,Consumer,0.0,5,0,0,0.0
2023-12-28,Energy,0.0,5,0,0,0.0
2023-12-28,Financials,0.0,5,0,0,0.0
2023-12-28,Healthcare,0.0,5,0,0,0.0
2023-12-28,Industrials,0.0,5,0,0,0.0
2023-12-28,Materials,0.0,5,0,0,0.0
2023-12-28,RealEstate,0.0,5,0,0,0.0
2023-12-28,Tech,0.2,5,1,10,0.2
2023-12-28,Utilities,0.0,5,0,0,0.0
2023-12-29,Comm,0.0,5,0,0,0.0
2023-12-29,Consumer,0.0,5,0,0,0.0
2023-12-29,Energy,0.0,5,0,0,0.0
2023-12-29,Financials,0.0,5,0,0,0.0
2023-12-29,Healthcare,0.0,5,0,0,0.0
2023-12-29,Industrials,0.0,5,0,0,0.0
2023-12-29,Materials,0.0,5,0,0,0.0
2023-12-29,RealEstate,0.0,5,0,0,0.0
2023-12-29,Tech,0.2,5,1,8,0.2
2023-12-29,Utilities,0.0,5,0,0,0.0
