date,ticker,sector,base_weight,weight,sentiment_lag1,sentiment_z,tilt_multiplier,turnover,fund,asset_family,method
2021-01-04,ABBV,Healthcare,0.027193725862258773,0.03034314677965478,0.6,0.8689266695452382,1.1303390004317857,1.0,Equity Sentiment Tilt,Equity,risk_parity_sentiment_tilt
2021-01-04,ABT,Healthcare,0.022319216205143565,0.024904099451095518,0.6,0.8689266695452382,1.1303390004317857,1.0,Equity Sentiment Tilt,Equity,risk_parity_sentiment_tilt
2021-01-04,ADBE,Tech,0.0191687134705875,0.01744260145822127,0.2,-0.5213560017271428,0.9217965997409285,1.0,Equity Sentiment Tilt,Equity,risk_parity_sentiment_tilt
2021-01-04,AEP,Utilities,0.02416444599994625,0.021988476257548926,0.2,-0.5213560017271428,0.9217965997409285,1.0,Equity Sentiment Tilt,Equity,risk_parity_sentiment_tilt
2021-01-04,AMD,Tech,0.017256629604327525,0.015702697688203395,0.2,-0.5213560017271428,0.9217965997409285,1.0,Equity Sentiment Tilt,Equity,risk_parity_sentiment_tilt
2021-01-04,AMGN,Healthcare,0.023784214157200664,0.026538765039633223,0.6,0.8689266695452382,1.1303390004317857,1.0,Equity Sentiment Tilt,Equity,risk_parity_sentiment_tilt
2021-01-04,AMT,RealEstate,0.018757633408948152,0.017068538499139623,0.2,-0.5213560017271428,0.9217965997409285,1.0,Equity Sentiment Tilt,Equity,risk_parity_sentiment_tilt
2021-01-04,BA,Industrials,0.011024708372032899,0.011166738843538887,0.4,0.1737853339090478,1.0260678000863572,1.0,Equity Sentiment Tilt,Equity,risk_parity_sentiment_tilt
2021-01-04,CAT,Industrials,0.018516266496454766,0.01875481013609365,0.4,0.1737853339090478,1.0260678000863572,1.0,Equity Sentiment Tilt,Equity,risk_parity_sentiment_tilt
2021-01-04,CCI,RealEstate,0.019827537324536605,0.018042099277062178,0.2,-0.5213560017271428,0.9217965997409285,1.0,Equity Sentiment Tilt,Equity,risk_parity_sentiment_tilt
2021-01-04,CMCSA,Comm,0.020961249574457167,0.021231291743369966,0.4,0.1737853339090478,1.0260678000863572,1.0,Equity Sentiment Tilt,Equity,risk_parity_sentiment_tilt
2021-01-04,COP,Energy,0.01252407544841542,0.010107182789967873,0.0,-1.2164973373633334,0.8175253993955,1.0,Equity Sentiment Tilt,Equity,risk_parity_sentiment_tilt
2021-01-04,CVX,Energy,0.013549251687780168,0.010934520798738998,0.0,-1.2164973373633334,0.8175253993955,1.0,Equity Sentiment Tilt,Equity,risk_parity_sentiment_tilt
2021-01-04,D,Utilities,0.019378865115706245,0.017633829283563867,0.2,-0.5213560017271428,0.9217965997409285,1.0,Equity Sentiment Tilt,Equity,risk_parity_sentiment_tilt
2021-01-04,DD,Materials,0.01601343021905313,0.012923162830262494,0.0,-1.2164973373633334,0.8175253993955,1.0,Equity Sentiment Tilt,Equity,risk_parity_sentiment_tilt
2021-01-04,DIS,Consumer,0.018280553353835497,0.023220164265756828,0.9,1.9116386729995243,1.2867458009499286,1.0,Equity Sentiment Tilt,Equity,risk_parity_sentiment_tilt
2021-01-04,DOW,Materials,0.013662458590930154,0.01102588106464732,0.0,-1.2164973373633334,0.8175253993955,1.0,Equity Sentiment Tilt,Equity,risk_parity_sentiment_tilt
2021-01-04,DUK,Utilities,0.01935596354611624,0.017612989963713886,0.2,-0.5213560017271428,0.9217965997409285,1.0,Equity Sentiment Tilt,Equity,risk_parity_sentiment_tilt
2021-01-04,EA,Comm,0.03267859842636634,0.033099594300908086,0.4,0.1737853339090478,1.0260678000863572,1.0,Equity Sentiment Tilt,Equity,risk_parity_sentiment_tilt
2021-01-04,GE,Industrials,0.014796639582045475,0.01498726355373014,0.4,0.1737853339090478,1.0260678000863572,1.0,Equity Sentiment Tilt,Equity,risk_parity_sentiment_tilt
2021-01-04,GILD,Healthcare,0.03633845453628011,0.040546965330354075,0.6,0.8689266695452382,1.1303390004317857,1.0,Equity Sentiment Tilt,Equity,risk_parity_sentiment_tilt
2021-01-04,GS,Financials,0.014982275565799447,0.016717436547274478,0.6,0.8689266695452382,1.1303390004317857,1.0,Equity Sentiment Tilt,Equity,risk_parity_sentiment_tilt
2021-01-04,INTC,Tech,0.016709950051626885,0.015205245755513845,0.2,-0.5213560017271428,0.9217965997409285,1.0,Equity Sentiment Tilt,Equity,risk_parity_sentiment_tilt
2021-01-04,KO,Consumer,0.022653463657623437,0.028774684066552255,0.9,1.9116386729995243,1.2867458009499286,1.0,Equity Sentiment Tilt,Equity,risk_parity_sentiment_tilt
2021-01-04,MMM,Industrials,0.022612664679096173,0.022903981902010307,0.4,0.1737853339090478,1.0260678000863572,1.0,Equity Sentiment Tilt,Equity,risk_parity_sentiment_tilt
2021-01-04,MRK,Healthcare,0.027344352625458306,0.030511218268198057,0.6,0.8689266695452382,1.1303390004317857,1.0,Equity Sentiment Tilt,Equity,risk_parity_sentiment_tilt
2021-01-04,MS,Financials,0.013245341463621649,0.014779340727822428,0.6,0.8689266695452382,1.1303390004317857,1.0,Equity Sentiment Tilt,Equity,risk_parity_sentiment_tilt
2021-01-04,NEE,Utilities,0.01971579768450909,0.017940421613035554,0.2,-0.5213560017271428,0.9217965997409285,1.0,Equity Sentiment Tilt,Equity,risk_parity_sentiment_tilt
2021-01-04,NEM,Materials,0.03927608998283469,0.03169660086820718,0.0,-1.2164973373633334,0.8175253993955,1.0,Equity Sentiment Tilt,Equity,risk_parity_sentiment_tilt
2021-01-04,NKE,Consumer,0.02072221754720969,0.026321593558107533,0.9,1.9116386729995243,1.2867458009499286,1.0,Equity Sentiment Tilt,Equity,risk_parity_sentiment_tilt
2021-01-04,NUE,Materials,0.016450600895916268,0.013275968429339972,0.0,-1.2164973373633334,0.8175253993955,1.0,Equity Sentiment Tilt,Equity,risk_parity_sentiment_tilt
2021-01-04,NVDA,Tech,0.015236394666596376,0.013864381677852027,0.2,-0.5213560017271428,0.9217965997409285,1.0,Equity Sentiment Tilt,Equity,risk_parity_sentiment_tilt
2021-01-04,O,RealEstate,0.01572596722983608,0.014309869014212547,0.2,-0.5213560017271428,0.9217965997409285,1.0,Equity Sentiment Tilt,Equity,risk_parity_sentiment_tilt
2021-01-04,OXY,Energy,0.009790161043211315,0.007900858439772404,0.0,-1.2164973373633334,0.8175253993955,1.0,Equity Sentiment Tilt,Equity,risk_parity_sentiment_tilt
2021-01-04,PLD,RealEstate,0.017069661410513304,0.015532565681427407,0.2,-0.5213560017271428,0.9217965997409285,1.0,Equity Sentiment Tilt,Equity,risk_parity_sentiment_tilt
2021-01-04,PSA,RealEstate,0.02604468825436295,0.02369940570198038,0.2,-0.5213560017271428,0.9217965997409285,1.0,Equity Sentiment Tilt,Equity,risk_parity_sentiment_tilt
2021-01-04,QCOM,Tech,0.01720851662492055,0.015658917205697294,0.2,-0.5213560017271428,0.9217965997409285,1.0,Equity Sentiment Tilt,Equity,risk_parity_sentiment_tilt
2021-01-04,SBUX,Consumer,0.017236115729271688,0.021893507859996542,0.9,1.9116386729995243,1.2867458009499286,1.0,Equity Sentiment Tilt,Equity,risk_parity_sentiment_tilt
2021-01-04,SHW,Materials,0.020057839535409436,0.016187083141684298,0.0,-1.2164973373633334,0.8175253993955,1.0,Equity Sentiment Tilt,Equity,risk_parity_sentiment_tilt
2021-01-04,SLB,Energy,0.012275639197422116,0.00990668969881827,0.0,-1.2164973373633334,0.8175253993955,1.0,Equity Sentiment Tilt,Equity,risk_parity_sentiment_tilt
2021-01-04,SO,Utilities,0.017796027520910175,0.01619352368446978,0.2,-0.5213560017271428,0.9217965997409285,1.0,Equity Sentiment Tilt,Equity,risk_parity_sentiment_tilt
2021-01-04,T,Comm,0.02191311229105981,0.022195417234268842,0.4,0.1737853339090478,1.0260678000863572,1.0,Equity Sentiment Tilt,Equity,risk_parity_sentiment_tilt
2021-01-04,TMUS,Comm,0.02281874107608114,0.02311271316539558,0.4,0.1737853339090478,1.0260678000863572,1.0,Equity Sentiment Tilt,Equity,risk_parity_sentiment_tilt
2021-01-04,TTWO,Comm,0.03171282488012015,0.0321213787682154,0.4,0.1737853339090478,1.0260678000863572,1.0,Equity Sentiment Tilt,Equity,risk_parity_sentiment_tilt
2021-01-04,UPS,Industrials,0.023964244217723956,0.02427297373606317,0.4,0.1737853339090478,1.0260678000863572,1.0,Equity Sentiment Tilt,Equity,risk_parity_sentiment_tilt
2021-01-04,USB,Financials,0.01424466252398616,0.015894397405536612,0.6,0.8689266695452382,1.1303390004317857,1.0,Equity Sentiment Tilt,Equity,risk_parity_sentiment_tilt
2021-01-04,V,Financials,0.017360369840980338,0.019370948023163016,0.6,0.8689266695452382,1.1303390004317857,1.0,Equity Sentiment Tilt,Equity,risk_parity_sentiment_tilt
2021-01-04,WFC,Financials,0.01340582312825764,0.014958408455803441,0.6,0.8689266695452382,1.1303390004317857,1.0,Equity Sentiment Tilt,Equity,risk_parity_sentiment_tilt
2021-01-04,WMT,Consumer,0.03638974444907783,0.04622266226526524,0.9,1.9116386729995243,1.2867458009499286,1.0,Equity Sentiment Tilt,Equity,risk_parity_sentiment_tilt
2021-01-04,XOM,Energy,0.016484081244140726,0.013302987749110935,0.0,-1.2164973373633334,0.8175253993955,1.0,Equity Sentiment Tilt,Equity,risk_parity_sentiment_tilt
2021-03-31,ABBV,Healthcare,0.028910135415242393,0.02319801245273994,-0.2,-1.227284465709545,0.8159073301435682,0.19041039336523755,Equity Sentiment Tilt,Equity,risk_parity_sentiment_tilt
2021-03-31,ABT,Healthcare,0.026089544264512498,0.02093471940001276,-0.2,-1.227284465709545,0.8159073301435682,0.19041039336523755,Equity Sentiment Tilt,Equity,risk_parity_sentiment_tilt
2021-03-31,ADBE,Tech,0.019977399802714048,0.021100631016195408,0.4,0.4932077759393497,1.0739811663909025,0.19041039336523755,Equity Sentiment Tilt,Equity,risk_parity_sentiment_tilt
2021-03-31,AEP,Utilities,0.022597152587254598,0.021955906942982807,0.2,-0.08028963794361516,0.9879565543084577,0.19041039336523755,Equity Sentiment Tilt,Equity,risk_parity_sentiment_tilt
2021-03-31,AMD,Tech,0.016422940333003865,0.01734632172304171,0.4,0.4932077759393497,1.0739811663909025,0.19041039336523755,Equity Sentiment Tilt,Equity,risk_parity_sentiment_tilt
2021-03-31,AMGN,Healthcare,0.02661968512831827,0.021360113960903974,-0.2,-1.227284465709545,0.8159073301435682,0.19041039336523755,Equity Sentiment Tilt,Equity,risk_parity_sentiment_tilt
2021-03-31,AMT,RealEstate,0.0193648106201156,0.018815290037186,0.2,-0.08028963794361516,0.9879565543084577,0.19041039336523755,Equity Sentiment Tilt,Equity,risk_parity_sentiment_tilt
2021-03-31,BA,Industrials,0.009448645153057163,0.009180518338173191,0.2,-0.08028963794361516,0.9879565543084577,0.19041039336523755,Equity Sentiment Tilt,Equity,risk_parity_sentiment_tilt
2021-03-31,CAT,Industrials,0.016395463821654983,0.01593020521348052,0.2,-0.08028963794361516,0.9879565543084577,0.19041039336523755,Equity Sentiment Tilt,Equity,risk_parity_sentiment_tilt
2021-03-31,CCI,RealEstate,0.02158520551462421,0.020972676172110006,0.2,-0.08028963794361516,0.9879565543084577,0.19041039336523755,Equity Sentiment Tilt,Equity,risk_parity_sentiment_tilt
2021-03-31,CMCSA,Comm,0.01826531378706416,0.022382860542708365,0.8,1.6402026037052797,1.246030390555792,0.19041039336523755,Equity Sentiment Tilt,Equity,risk_parity_sentiment_tilt
2021-03-31,COP,Energy,0.011930435899017223,0.01058253944662662,0.0,-0.65378705182658,0.901931942226013,0.19041039336523755,Equity Sentiment Tilt,Equity,risk_parity_sentiment_tilt
2021-03-31,CVX,Energy,0.01336119122261965,0.011851648536910654,0.0,-0.65378705182658,0.901931942226013,0.19041039336523755,Equity Sentiment Tilt,Equity,risk_parity_sentiment_tilt
2021-03-31,D,Utilities,0.02568230188989243,0.024953508111199472,0.2,-0.08028963794361516,0.9879565543084577,0.19041039336523755,Equity Sentiment Tilt,Equity,risk_parity_sentiment_tilt
2021-03-31,DD,Materials,0.01489406768974218,0.013211341159832008,0.0,-0.65378705182658,0.901931942226013,0.19041039336523755,Equity Sentiment Tilt,Equity,risk_parity_sentiment_tilt
2021-03-31,DIS,Consumer,0.017408019568086835,0.021332306625532888,0.8,1.6402026037052797,1.246030390555792,0.19041039336523755,Equity Sentiment Tilt,Equity,risk_parity_sentiment_tilt
2021-03-31,DOW,Materials,0.01202318783765732,0.010664812303856486,0.0,-0.65378705182658,0.901931942226013,0.19041039336523755,Equity Sentiment Tilt,Equity,risk_parity_sentiment_tilt
2021-03-31,DUK,Utilities,0.022832035842748215,0.022184124851419264,0.2,-0.08028963794361516,0.9879565543084577,0.19041039336523755,Equity Sentiment Tilt,Equity,risk_parity_sentiment_tilt
2021-03-31,EA,Comm,0.038980833988026264,0.04776827713796963,0.8,1.6402026037052797,1.246030390555792,0.19041039336523755,Equity Sentiment Tilt,Equity,risk_parity_sentiment_tilt
2021-03-31,GE,Industrials,0.014231769419920342,0.013827910565776402,0.2,-0.08028963794361516,0.9879565543084577,0.19041039336523755,Equity Sentiment Tilt,Equity,risk_parity_sentiment_tilt
2021-03-31,GILD,Healthcare,0.0288008414817211,0.023110313035410363,-0.2,-1.227284465709545,0.8159073301435682,0.19041039336523755,Equity Sentiment Tilt,Equity,risk_parity_sentiment_tilt
2021-03-31,GS,Financials,0.0153945041578042,0.012873791551555913,-0.12,-0.997885500156359,0.8503171749765461,0.19041039336523755,Equity Sentiment Tilt,Equity,risk_parity_sentiment_tilt
2021-03-31,INTC,Tech,0.01807969652048634,0.01909622918552925,0.4,0.4932077759393497,1.0739811663909025,0.19041039336523755,Equity Sentiment Tilt,Equity,risk_parity_sentiment_tilt
2021-03-31,KO,Consumer,0.019513546361362634,0.023912481985903917,0.8,1.6402026037052797,1.246030390555792,0.19041039336523755,Equity Sentiment Tilt,Equity,risk_parity_sentiment_tilt
2021-03-31,MMM,Industrials,0.02297695793421523,0.02232493444864378,0.2,-0.08028963794361516,0.9879565543084577,0.19041039336523755,Equity Sentiment Tilt,Equity,risk_parity_sentiment_tilt
2021-03-31,MRK,Healthcare,0.02640124136411189,0.021184830756951517,-0.2,-1.227284465709545,0.8159073301435682,0.19041039336523755,Equity Sentiment Tilt,Equity,risk_parity_sentiment_tilt
2021-03-31,MS,Financials,0.013532780423530904,0.011316908456398315,-0.12,-0.997885500156359,0.8503171749765461,0.19041039336523755,Equity Sentiment Tilt,Equity,risk_parity_sentiment_tilt
2021-03-31,NEE,Utilities,0.019738295341543956,0.019178176279452293,0.2,-0.08028963794361516,0.9879565543084577,0.19041039336523755,Equity Sentiment Tilt,Equity,risk_parity_sentiment_tilt
2021-03-31,NEM,Materials,0.030383295647944893,0.0269506015902891,0.0,-0.65378705182658,0.901931942226013,0.19041039336523755,Equity Sentiment Tilt,Equity,risk_parity_sentiment_tilt
2021-03-31,NKE,Consumer,0.02055357701415999,0.02518696658184837,0.8,1.6402026037052797,1.246030390555792,0.19041039336523755,Equity Sentiment Tilt,Equity,risk_parity_sentiment_tilt
2021-03-31,NUE,Materials,0.015608084850682139,0.013844688913021638,0.0,-0.65378705182658,0.901931942226013,0.19041039336523755,Equity Sentiment Tilt,Equity,risk_parity_sentiment_tilt
2021-03-31,NVDA,Tech,0.015118132826543436,0.0159681512898083,0.4,0.4932077759393497,1.0739811663909025,0.19041039336523755,Equity Sentiment Tilt,Equity,risk_parity_sentiment_tilt
2021-03-31,O,RealEstate,0.015919640458446398,0.015467884421355708,0.2,-0.08028963794361516,0.9879565543084577,0.19041039336523755,Equity Sentiment Tilt,Equity,risk_parity_sentiment_tilt
2021-03-31,OXY,Energy,0.00771796747865944,0.006845994227035997,0.0,-0.65378705182658,0.901931942226013,0.19041039336523755,Equity Sentiment Tilt,Equity,risk_parity_sentiment_tilt
2021-03-31,PLD,RealEstate,0.01669009963134658,0.01621648006137033,0.2,-0.08028963794361516,0.9879565543084577,0.19041039336523755,Equity Sentiment Tilt,Equity,risk_parity_sentiment_tilt
2021-03-31,PSA,RealEstate,0.030925937821418763,0.03004834393668347,0.2,-0.08028963794361516,0.9879565543084577,0.19041039336523755,Equity Sentiment Tilt,Equity,risk_parity_sentiment_tilt
2021-03-31,QCOM,Tech,0.016105442257312256,0.01701097228769575,0.4,0.4932077759393497,1.0739811663909025,0.19041039336523755,Equity Sentiment Tilt,Equity,risk_parity_sentiment_tilt
2021-03-31,SBUX,Consumer,0.016755297782238786,0.020532441872255485,0.8,1.6402026037052797,1.246030390555792,0.19041039336523755,Equity Sentiment Tilt,Equity,risk_parity_sentiment_tilt
2021-03-31,SHW,Materials,0.019740576004957693,0.01751029266992704,0.0,-0.65378705182658,0.901931942226013,0.19041039336523755,Equity Sentiment Tilt,Equity,risk_parity_sentiment_tilt
2021-03-31,SLB,Energy,0.010095130166971979,0.008954585910780653,0.0,-0.65378705182658,0.901931942226013,0.19041039336523755,Equity Sentiment Tilt,Equity,risk_parity_sentiment_tilt
2021-03-31,SO,Utilities,0.018183708689373385,0.0176677045623603,0.2,-0.08028963794361516,0.9879565543084577,0.19041039336523755,Equity Sentiment Tilt,Equity,risk_parity_sentiment_tilt
2021-03-31,T,Comm,0.022123631556908545,0.027110958268192962,0.8,1.6402026037052797,1.246030390555792,0.19041039336523755,Equity Sentiment Tilt,Equity,risk_parity_sentiment_tilt
2021-03-31,TMUS,Comm,0.023860449164163668,0.029239306389912276,0.8,1.6402026037052797,1.246030390555792,0.19041039336523755,Equity Sentiment Tilt,Equity,risk_parity_sentiment_tilt
2021-03-31,TTWO,Comm,0.03872259877308843,0.047451827999972156,0.8,1.6402026037052797,1.246030390555792,0.19041039336523755,Equity Sentiment Tilt,Equity,risk_parity_sentiment_tilt
2021-03-31,UPS,Industrials,0.0200397185061957,0.019471045875654687,0.2,-0.08028963794361516,0.9879565543084577,0.19041039336523755,Equity Sentiment Tilt,Equity,risk_parity_sentiment_tilt
2021-03-31,USB,Financials,0.012418274262362044,0.010384892728269842,-0.12,-0.997885500156359,0.8503171749765461,0.19041039336523755,Equity Sentiment Tilt,Equity,risk_parity_sentiment_tilt
2021-03-31,V,Financials,0.01606755899310048,0.013436639666932107,-0.12,-0.997885500156359,0.8503171749765461,0.19041039336523755,Equity Sentiment Tilt,Equity,risk_parity_sentiment_tilt
2021-03-31,WFC,Financials,0.012274473869772023,0.010264638366046857,-0.12,-0.997885500156359,0.8503171749765461,0.19041039336523755,Equity Sentiment Tilt,Equity,risk_parity_sentiment_tilt
2021-03-31,WMT,Consumer,0.045325339617804265,0.055543023653647994,0.8,1.6402026037052797,1.246030390555792,0.19041039336523755,Equity Sentiment Tilt,Equity,risk_parity_sentiment_tilt
2021-03-31,XOM,Energy,0.013913061256500577,0.012341168488435406,0.0,-0.65378705182658,0.901931942226013,0.19041039336523755,Equity Sentiment Tilt,Equity,risk_parity_sentiment_tilt
2021-04-30,ABBV,Healthcare,0.029550220258816966,0.03682854418649821,0.676923076923077,1.703293065452207,1.255493959817831,0.24882538425612036,Equity Sentiment Tilt,Equity,risk_parity_sentiment_tilt
2021-04-30,ABT,Healthcare,0.02406905319934252,0.02999734626393103,0.676923076923077,1.703293065452207,1.255493959817831,0.24882538425612036,Equity Sentiment Tilt,Equity,risk_parity_sentiment_tilt
2021-04-30,ADBE,Tech,0.021240963725067466,0.025329715517487167,0.6,1.3419154702360383,1.2012873205354058,0.24882538425612036,Equity Sentiment Tilt,Equity,risk_parity_sentiment_tilt
2021-04-30,AEP,Utilities,0.02924540870200864,0.0266917740999159,0.2,-0.5372480248880369,0.9194127962667945,0.24882538425612036,Equity Sentiment Tilt,Equity,risk_parity_sentiment_tilt
2021-04-30,AMD,Tech,0.0157802760495828,0.018817879842788487,0.6,1.3419154702360383,1.2012873205354058,0.24882538425612036,Equity Sentiment Tilt,Equity,risk_parity_sentiment_tilt
2021-04-30,AMGN,Healthcare,0.026264538235469547,0.032733587041685455,0.676923076923077,1.703293065452207,1.255493959817831,0.24882538425612036,Equity Sentiment Tilt,Equity,risk_parity_sentiment_tilt
2021-04-30,AMT,RealEstate,0.021648082814610493,0.023796077432208636,0.4666666666666666,0.715527638528013,1.107329145779202,0.24882538425612036,Equity Sentiment Tilt,Equity,risk_parity_sentiment_tilt
2021-04-30,BA,Industrials,0.008555323125906922,0.007808294100291027,0.2,-0.5372480248880369,0.9194127962667945,0.24882538425612036,Equity Sentiment Tilt,Equity,risk_parity_sentiment_tilt
2021-04-30,CAT,Industrials,0.01504401706935939,0.013730411814796766,0.2,-0.5372480248880369,0.9194127962667945,0.24882538425612036,Equity Sentiment Tilt,Equity,risk_parity_sentiment_tilt
2021-04-30,CCI,RealEstate,0.022728256306041687,0.024983429322093683,0.4666666666666666,0.715527638528013,1.107329145779202,0.24882538425612036,Equity Sentiment Tilt,Equity,risk_parity_sentiment_tilt
2021-04-30,CMCSA,Comm,0.018116955189117875,0.016535028804470785,0.2,-0.5372480248880369,0.9194127962667945,0.24882538425612036,Equity Sentiment Tilt,Equity,risk_parity_sentiment_tilt
2021-04-30,COP,Energy,0.010780091403159841,0.009838801277884869,0.2,-0.5372480248880369,0.9194127962667945,0.24882538425612036,Equity Sentiment Tilt,Equity,risk_parity_sentiment_tilt
2021-04-30,CVX,Energy,0.012977621160140234,0.011844448333422004,0.2,-0.5372480248880369,0.9194127962667945,0.24882538425612036,Equity Sentiment Tilt,Equity,risk_parity_sentiment_tilt
2021-04-30,D,Utilities,0.03246631814738484,0.029631441935926074,0.2,-0.5372480248880369,0.9194127962667945,0.24882538425612036,Equity Sentiment Tilt,Equity,risk_parity_sentiment_tilt
2021-04-30,DD,Materials,0.014168571790398486,0.010949145951676245,0.0,-1.4768297724500745,0.7784755341324888,0.24882538425612036,Equity Sentiment Tilt,Equity,risk_parity_sentiment_tilt
2021-04-30,DIS,Consumer,0.015856475539906906,0.014471928480964201,0.2,-0.5372480248880369,0.9194127962667945,0.24882538425612036,Equity Sentiment Tilt,Equity,risk_parity_sentiment_tilt
2021-04-30,DOW,Materials,0.011494634210232203,0.008882788575363074,0.0,-1.4768297724500745,0.7784755341324888,0.24882538425612036,Equity Sentiment Tilt,Equity,risk_parity_sentiment_tilt
2021-04-30,DUK,Utilities,0.02737145561037203,0.024981449819429166,0.2,-0.5372480248880369,0.9194127962667945,0.24882538425612036,Equity Sentiment Tilt,Equity,risk_parity_sentiment_tilt
2021-04-30,EA,Comm,0.03369002951499372,0.030748301943612406,0.2,-0.5372480248880369,0.9194127962667945,0.24882538425612036,Equity Sentiment Tilt,Equity,risk_parity_sentiment_tilt
2021-04-30,GE,Industrials,0.012775236871422808,0.011659735725338443,0.2,-0.5372480248880369,0.9194127962667945,0.24882538425612036,Equity Sentiment Tilt,Equity,risk_parity_sentiment_tilt
2021-04-30,GILD,Healthcare,0.030583213175311815,0.03811596691757309,0.676923076923077,1.703293065452207,1.255493959817831,0.24882538425612036,Equity Sentiment Tilt,Equity,risk_parity_sentiment_tilt
2021-04-30,GS,Financials,0.014653126938908533,0.015423707419681023,0.4,0.4023337226740008,1.0603500584011,0.24882538425612036,Equity Sentiment Tilt,Equity,risk_parity_sentiment_tilt
2021-04-30,INTC,Tech,0.01735621026847926,0.020697171477367743,0.6,1.3419154702360383,1.2012873205354058,0.24882538425612036,Equity Sentiment Tilt,Equity,risk_parity_sentiment_tilt
2021-04-30,KO,Consumer,0.019858446888412953,0.01812445788402645,0.2,-0.5372480248880369,0.9194127962667945,0.24882538425612036,Equity Sentiment Tilt,Equity,risk_parity_sentiment_tilt
2021-04-30,MMM,Industrials,0.021726729552186703,0.019829606863969174,0.2,-0.5372480248880369,0.9194127962667945,0.24882538425612036,Equity Sentiment Tilt,Equity,risk_parity_sentiment_tilt
2021-04-30,MRK,Healthcare,0.029756125428141923,0.03708516452842104,0.676923076923077,1.703293065452207,1.255493959817831,0.24882538425612036,Equity Sentiment Tilt,Equity,risk_parity_sentiment_tilt
2021-04-30,MS,Financials,0.013532521793764999,0.014244171750349649,0.4,0.4023337226740008,1.0603500584011,0.24882538425612036,Equity Sentiment Tilt,Equity,risk_parity_sentiment_tilt
2021-04-30,NEE,Utilities,0.02179372182372648,0.01989074954098217,0.2,-0.5372480248880369,0.9194127962667945,0.24882538425612036,Equity Sentiment Tilt,Equity,risk_parity_sentiment_tilt
2021-04-30,NEM,Materials,0.02861978377371977,0.02211670973472621,0.0,-1.4768297724500745,0.7784755341324888,0.24882538425612036,Equity Sentiment Tilt,Equity,risk_parity_sentiment_tilt
2021-04-30,NKE,Consumer,0.020749583345934276,0.018937782575731813,0.2,-0.5372480248880369,0.9194127962667945,0.24882538425612036,Equity Sentiment Tilt,Equity,risk_parity_sentiment_tilt
2021-04-30,NUE,Materials,0.013052052839180516,0.010086325821634457,0.0,-1.4768297724500745,0.7784755341324888,0.24882538425612036,Equity Sentiment Tilt,Equity,risk_parity_sentiment_tilt
2021-04-30,NVDA,Tech,0.015193847495200937,0.018118567483608954,0.6,1.3419154702360383,1.2012873205354058,0.24882538425612036,Equity Sentiment Tilt,Equity,risk_parity_sentiment_tilt
2021-04-30,O,RealEstate,0.01724954448858973,0.018961101536611725,0.4666666666666666,0.715527638528013,1.107329145779202,0.24882538425612036,Equity Sentiment Tilt,Equity,risk_parity_sentiment_tilt
2021-04-30,OXY,Energy,0.0067544103099201605,0.00616463240461226,0.2,-0.5372480248880369,0.9194127962667945,0.24882538425612036,Equity Sentiment Tilt,Equity,risk_parity_sentiment_tilt
2021-04-30,PLD,RealEstate,0.017990256082457478,0.01977530899292816,0.4666666666666666,0.715527638528013,1.107329145779202,0.24882538425612036,Equity Sentiment Tilt,Equity,risk_parity_sentiment_tilt
2021-04-30,PSA,RealEstate,0.028611317669548456,0.0314502275574533,0.4666666666666666,0.715527638528013,1.107329145779202,0.24882538425612036,Equity Sentiment Tilt,Equity,risk_parity_sentiment_tilt
2021-04-30,QCOM,Tech,0.014172454846477346,0.01690056318028777,0.6,1.3419154702360383,1.2012873205354058,0.24882538425612036,Equity Sentiment Tilt,Equity,risk_parity_sentiment_tilt
2021-04-30,SBUX,Consumer,0.01704924914403944,0.01556055213188488,0.2,-0.5372480248880369,0.9194127962667945,0.24882538425612036,Equity Sentiment Tilt,Equity,risk_parity_sentiment_tilt
2021-04-30,SHW,Materials,0.024591997853590158,0.019004129542875732,0.0,-1.4768297724500745,0.7784755341324888,0.24882538425612036,Equity Sentiment Tilt,Equity,risk_parity_sentiment_tilt
2021-04-30,SLB,Energy,0.008857892769424438,0.00808444413315779,0.2,-0.5372480248880369,0.9194127962667945,0.24882538425612036,Equity Sentiment Tilt,Equity,risk_parity_sentiment_tilt
2021-04-30,SO,Utilities,0.02248322423537819,0.02052004635815712,0.2,-0.5372480248880369,0.9194127962667945,0.24882538425612036,Equity Sentiment Tilt,Equity,risk_parity_sentiment_tilt
2021-04-30,T,Comm,0.024317878970923395,0.022194503714916516,0.2,-0.5372480248880369,0.9194127962667945,0.24882538425612036,Equity Sentiment Tilt,Equity,risk_parity_sentiment_tilt
2021-04-30,TMUS,Comm,0.01894162013385134,0.017287686106587184,0.2,-0.5372480248880369,0.9194127962667945,0.24882538425612036,Equity Sentiment Tilt,Equity,risk_parity_sentiment_tilt
2021-04-30,TTWO,Comm,0.03206809629511182,0.02926799180155365,0.2,-0.5372480248880369,0.9194127962667945,0.24882538425612036,Equity Sentiment Tilt,Equity,risk_parity_sentiment_tilt
2021-04-30,UPS,Industrials,0.018984872024002765,0.017327161351849765,0.2,-0.5372480248880369,0.9194127962667945,0.24882538425612036,Equity Sentiment Tilt,Equity,risk_parity_sentiment_tilt
2021-04-30,USB,Financials,0.012585835745409538,0.013247701257122881,0.4,0.4023337226740008,1.0603500584011,0.24882538425612036,Equity Sentiment Tilt,Equity,risk_parity_sentiment_tilt
2021-04-30,V,Financials,0.01740183246031105,0.018316962212444873,0.4,0.4023337226740008,1.0603500584011,0.24882538425612036,Equity Sentiment Tilt,Equity,risk_parity_sentiment_tilt
2021-04-30,WFC,Financials,0.011701682192777,0.012317051726361935,0.4,0.4023337226740008,1.0603500584011,0.24882538425612036,Equity Sentiment Tilt,Equity,risk_parity_sentiment_tilt
2021-04-30,WMT,Consumer,0.04339750913910169,0.03960814917113398,0.2,-0.5372480248880369,0.9194127962667945,0.24882538425612036,Equity Sentiment Tilt,Equity,risk_parity_sentiment_tilt
2021-04-30,XOM,Energy,0.012141433392782454,0.01108127435220512,0.2,-0.5372480248880369,0.9194127962667945,0.24882538425612036,Equity Sentiment Tilt,Equity,risk_parity_sentiment_tilt
2021-06-30,ABBV,Healthcare,0.02365853992504071,0.020113075042349347,-0.2,-1.176696810829104,0.8234954783756344,0.20662891216201265,Equity Sentiment Tilt,Equity,risk_parity_sentiment_tilt
2021-06-30,ABT,Healthcare,0.025620266189223265,0.02178081733283152,-0.2,-1.176696810829104,0.8234954783756344,0.20662891216201265,Equity Sentiment Tilt,Equity,risk_parity_sentiment_tilt
2021-06-30,ADBE,Tech,0.01976244200498849,0.024002889471836937,0.6,1.176696810829104,1.1765045216243657,0.20662891216201265,Equity Sentiment Tilt,Equity,risk_parity_sentiment_tilt
2021-06-30,AEP,Utilities,0.031503345645794115,0.0296524573205089,0.0,-0.588348405414552,0.9117477391878172,0.20662891216201265,Equity Sentiment Tilt,Equity,risk_parity_sentiment_tilt
2021-06-30,AMD,Tech,0.01614876493076717,0.019613821998416874,0.6,1.176696810829104,1.1765045216243657,0.20662891216201265,Equity Sentiment Tilt,Equity,risk_parity_sentiment_tilt
2021-06-30,AMGN,Healthcare,0.021223704265511595,0.01804312345230789,-0.2,-1.176696810829104,0.8234954783756344,0.20662891216201265,Equity Sentiment Tilt,Equity,risk_parity_sentiment_tilt
2021-06-30,AMT,RealEstate,0.023679386727855342,0.022288172571197907,0.0,-0.588348405414552,0.9117477391878172,0.20662891216201265,Equity Sentiment Tilt,Equity,risk_parity_sentiment_tilt
2021-06-30,BA,Industrials,0.010372278301245414,0.010707879546380163,0.2,0.0,1.0,0.20662891216201265,Equity Sentiment Tilt,Equity,risk_parity_sentiment_tilt
2021-06-30,CAT,Industrials,0.017387725017959092,0.017950315222021306,0.2,0.0,1.0,0.20662891216201265,Equity Sentiment Tilt,Equity,risk_parity_sentiment_tilt
2021-06-30,CCI,RealEstate,0.026957108507101753,0.025373321249068014,0.0,-0.588348405414552,0.9117477391878172,0.20662891216201265,Equity Sentiment Tilt,Equity,risk_parity_sentiment_tilt
2021-06-30,CMCSA,Comm,0.017005151025538616,0.01600606236185304,0.0,-0.588348405414552,0.9117477391878172,0.20662891216201265,Equity Sentiment Tilt,Equity,risk_parity_sentiment_tilt
2021-06-30,COP,Energy,0.010422261238119776,0.013608124939926662,0.8,1.7650452162436563,1.2647567824365484,0.20662891216201265,Equity Sentiment Tilt,Equity,risk_parity_sentiment_tilt
2021-06-30,CVX,Energy,0.012782833399218395,0.01669027382911895,0.8,1.7650452162436563,1.2647567824365484,0.20662891216201265,Equity Sentiment Tilt,Equity,risk_parity_sentiment_tilt
2021-06-30,D,Utilities,0.029087920135352625,0.027378943178089653,0.0,-0.588348405414552,0.9117477391878172,0.20662891216201265,Equity Sentiment Tilt,Equity,risk_parity_sentiment_tilt
2021-06-30,DD,Materials,0.01384987615328685,0.013036166575676095,0.0,-0.588348405414552,0.9117477391878172,0.20662891216201265,Equity Sentiment Tilt,Equity,risk_parity_sentiment_tilt
2021-06-30,DIS,Consumer,0.01781322734367004,0.01676666248364693,0.0,-0.588348405414552,0.9117477391878172,0.20662891216201265,Equity Sentiment Tilt,Equity,risk_parity_sentiment_tilt
2021-06-30,DOW,Materials,0.012865619993919487,0.012109737551716694,0.0,-0.588348405414552,0.9117477391878172,0.20662891216201265,Equity Sentiment Tilt,Equity,risk_parity_sentiment_tilt
2021-06-30,DUK,Utilities,0.027630236858642205,0.0260069018833186,0.0,-0.588348405414552,0.9117477391878172,0.20662891216201265,Equity Sentiment Tilt,Equity,risk_parity_sentiment_tilt
2021-06-30,EA,Comm,0.025700540728860993,0.024190579490984764,0.0,-0.588348405414552,0.9117477391878172,0.20662891216201265,Equity Sentiment Tilt,Equity,risk_parity_sentiment_tilt
2021-06-30,GE,Industrials,0.015018400292503528,0.015504329583225614,0.2,0.0,1.0,0.20662891216201265,Equity Sentiment Tilt,Equity,risk_parity_sentiment_tilt
2021-06-30,GILD,Healthcare,0.027464778977719782,0.023348911739719973,-0.2,-1.176696810829104,0.8234954783756344,0.20662891216201265,Equity Sentiment Tilt,Equity,risk_parity_sentiment_tilt
2021-06-30,GS,Financials,0.016994953683060376,0.02064157833988917,0.6,1.176696810829104,1.1765045216243657,0.20662891216201265,Equity Sentiment Tilt,Equity,risk_parity_sentiment_tilt
2021-06-30,INTC,Tech,0.015596123104038071,0.018942599247648306,0.6,1.176696810829104,1.1765045216243657,0.20662891216201265,Equity Sentiment Tilt,Equity,risk_parity_sentiment_tilt
2021-06-30,KO,Consumer,0.020661572087990195,0.01944766093741989,0.0,-0.588348405414552,0.9117477391878172,0.20662891216201265,Equity Sentiment Tilt,Equity,risk_parity_sentiment_tilt
2021-06-30,MMM,Industrials,0.02645095487281732,0.027306791279487465,0.2,0.0,1.0,0.20662891216201265,Equity Sentiment Tilt,Equity,risk_parity_sentiment_tilt
2021-06-30,MRK,Healthcare,0.030796393884211896,0.026181251387001496,-0.2,-1.176696810829104,0.8234954783756344,0.20662891216201265,Equity Sentiment Tilt,Equity,risk_parity_sentiment_tilt
2021-06-30,MS,Financials,0.014465603991653975,0.017569503488859745,0.6,1.176696810829104,1.1765045216243657,0.20662891216201265,Equity Sentiment Tilt,Equity,risk_parity_sentiment_tilt
2021-06-30,NEE,Utilities,0.01995421847814562,0.018781865851327996,0.0,-0.588348405414552,0.9117477391878172,0.20662891216201265,Equity Sentiment Tilt,Equity,risk_parity_sentiment_tilt
2021-06-30,NEM,Materials,0.01934649676072286,0.01820984907281703,0.0,-0.588348405414552,0.9117477391878172,0.20662891216201265,Equity Sentiment Tilt,Equity,risk_parity_sentiment_tilt
2021-06-30,NKE,Consumer,0.02295990464122837,0.021610961582039828,0.0,-0.588348405414552,0.9117477391878172,0.20662891216201265,Equity Sentiment Tilt,Equity,risk_parity_sentiment_tilt
2021-06-30,NUE,Materials,0.012329750501540783,0.011605351527743913,0.0,-0.588348405414552,0.9117477391878172,0.20662891216201265,Equity Sentiment Tilt,Equity,risk_parity_sentiment_tilt
2021-06-30,NVDA,Tech,0.013772647479893315,0.01672785858706156,0.6,1.176696810829104,1.1765045216243657,0.20662891216201265,Equity Sentiment Tilt,Equity,risk_parity_sentiment_tilt
2021-06-30,O,RealEstate,0.019342308728640685,0.01820590709649585,0.0,-0.588348405414552,0.9117477391878172,0.20662891216201265,Equity Sentiment Tilt,Equity,risk_parity_sentiment_tilt
2021-06-30,OXY,Energy,0.008364886078798862,0.010921853930528002,0.8,1.7650452162436563,1.2647567824365484,0.20662891216201265,Equity Sentiment Tilt,Equity,risk_parity_sentiment_tilt
2021-06-30,PLD,RealEstate,0.019869393916109503,0.018702024912089766,0.0,-0.588348405414552,0.9117477391878172,0.20662891216201265,Equity Sentiment Tilt,Equity,risk_parity_sentiment_tilt
2021-06-30,PSA,RealEstate,0.03740121941725745,0.03520381850786945,0.0,-0.588348405414552,0.9117477391878172,0.20662891216201265,Equity Sentiment Tilt,Equity,risk_parity_sentiment_tilt
2021-06-30,QCOM,Tech,0.013898831266583507,0.016881117758387555,0.6,1.176696810829104,1.1765045216243657,0.20662891216201265,Equity Sentiment Tilt,Equity,risk_parity_sentiment_tilt
2021-06-30,SBUX,Consumer,0.0182801580836035,0.017206160052990298,0.0,-0.588348405414552,0.9117477391878172,0.20662891216201265,Equity Sentiment Tilt,Equity,risk_parity_sentiment_tilt
2021-06-30,SHW,Materials,0.02419535702729325,0.02277382852198977,0.0,-0.588348405414552,0.9117477391878172,0.20662891216201265,Equity Sentiment Tilt,Equity,risk_parity_sentiment_tilt
2021-06-30,SLB,Energy,0.010154878608988626,0.013259009125147951,0.8,1.7650452162436563,1.2647567824365484,0.20662891216201265,Equity Sentiment Tilt,Equity,risk_parity_sentiment_tilt
2021-06-30,SO,Utilities,0.023668321780468283,0.022277757712921026,0.0,-0.588348405414552,0.9117477391878172,0.20662891216201265,Equity Sentiment Tilt,Equity,risk_parity_sentiment_tilt
2021-06-30,T,Comm,0.03143473057084729,0.02958787352663887,0.0,-0.588348405414552,0.9117477391878172,0.20662891216201265,Equity Sentiment Tilt,Equity,risk_parity_sentiment_tilt
2021-06-30,TMUS,Comm,0.02030386990877124,0.019110974519348636,0.0,-0.588348405414552,0.9117477391878172,0.20662891216201265,Equity Sentiment Tilt,Equity,risk_parity_sentiment_tilt
2021-06-30,TTWO,Comm,0.025753480307489383,0.024240408757167913,0.0,-0.588348405414552,0.9117477391878172,0.20662891216201265,Equity Sentiment Tilt,Equity,risk_parity_sentiment_tilt
2021-06-30,UPS,Industrials,0.019967422243581744,0.020613480088585066,0.2,0.0,1.0,0.20662891216201265,Equity Sentiment Tilt,Equity,risk_parity_sentiment_tilt
2021-06-30,USB,Financials,0.014599303628852185,0.017731891194452162,0.6,1.176696810829104,1.1765045216243657,0.20662891216201265,Equity Sentiment Tilt,Equity,risk_parity_sentiment_tilt
2021-06-30,V,Financials,0.01617432314297093,0.0196448642624483,0.6,1.176696810829104,1.1765045216243657,0.20662891216201265,Equity Sentiment Tilt,Equity,risk_parity_sentiment_tilt
2021-06-30,WFC,Financials,0.013560692689092066,0.016470424439229806,0.6,1.176696810829104,1.1765045216243657,0.20662891216201265,Equity Sentiment Tilt,Equity,risk_parity_sentiment_tilt
2021-06-30,WMT,Consumer,0.030595101134118584,0.028797574098839374,0.0,-0.588348405414552,0.9117477391878172,0.20662891216201265,Equity Sentiment Tilt,Equity,risk_parity_sentiment_tilt
2021-06-30,XOM,Energy,0.013152694318910892,0.01717319336937792,0.8,1.7650452162436563,1.2647567824365484,0.20662891216201265,Equity Sentiment Tilt,Equity,risk_parity_sentiment_tilt
2021-08-31,ABBV,Healthcare,0.0222314941175965,0.02171661866612849,0.2,-0.25160038214116043,0.962259942678826,0.12815577041363674,Equity Sentiment Tilt,Equity,risk_parity_sentiment_tilt
2021-08-31,ABT,Healthcare,0.027039017173744437,0.026412800775469897,0.2,-0.25160038214116043,0.962259942678826,0.12815577041363674,Equity Sentiment Tilt,Equity,risk_parity_sentiment_tilt
2021-08-31,ADBE,Tech,0.01887712594831699,0.0222132511024622,0.6,1.06109726381272,1.159164589571908,0.12815577041363674,Equity Sentiment Tilt,Equity,risk_parity_sentiment_tilt
2021-08-31,AEP,Utilities,0.031966369979533955,0.028031187661930166,0.0,-0.9079492051181008,0.8638076192322849,0.12815577041363674,Equity Sentiment Tilt,Equity,risk_parity_sentiment_tilt
2021-08-31,AMD,Tech,0.017175102483642197,0.02021043167398481,0.6,1.06109726381272,1.159164589571908,0.12815577041363674,Equity Sentiment Tilt,Equity,risk_parity_sentiment_tilt
2021-08-31,AMGN,Healthcare,0.01988866659335125,0.019428050400072398,0.2,-0.25160038214116043,0.962259942678826,0.12815577041363674,Equity Sentiment Tilt,Equity,risk_parity_sentiment_tilt
2021-08-31,AMT,RealEstate,0.025182072174195873,0.01956526356610688,-0.2,-1.5642980280950411,0.7653552957857439,0.12815577041363674,Equity Sentiment Tilt,Equity,risk_parity_sentiment_tilt
2021-08-31,BA,Industrials,0.009828931055206777,0.010583639210306861,0.4,0.40474844083577993,1.060712266125367,0.12815577041363674,Equity Sentiment Tilt,Equity,risk_parity_sentiment_tilt
2021-08-31,CAT,Industrials,0.016584158742261577,0.017857562714469605,0.4,0.40474844083577993,1.060712266125367,0.12815577041363674,Equity Sentiment Tilt,Equity,risk_parity_sentiment_tilt
2021-08-31,CCI,RealEstate,0.029962395991819126,0.023279346139461424,-0.2,-1.5642980280950411,0.7653552957857439,0.12815577041363674,Equity Sentiment Tilt,Equity,risk_parity_sentiment_tilt
2021-08-31,CMCSA,Comm,0.016781077229268918,0.016392431973631306,0.2,-0.25160038214116043,0.962259942678826,0.12815577041363674,Equity Sentiment Tilt,Equity,risk_parity_sentiment_tilt
2021-08-31,COP,Energy,0.01053214464007688,0.01063909819287492,0.26666666666666666,-0.03281744114884705,0.995077383827673,0.12815577041363674,Equity Sentiment Tilt,Equity,risk_parity_sentiment_tilt
2021-08-31,CVX,Energy,0.012924088115894293,0.01305533176929134,0.26666666666666666,-0.03281744114884705,0.995077383827673,0.12815577041363674,Equity Sentiment Tilt,Equity,risk_parity_sentiment_tilt
2021-08-31,D,Utilities,0.028906009135690452,0.025347568934438645,0.0,-0.9079492051181008,0.8638076192322849,0.12815577041363674,Equity Sentiment Tilt,Equity,risk_parity_sentiment_tilt
2021-08-31,DD,Materials,0.013654552465629476,0.01333831668641705,0.2,-0.25160038214116043,0.962259942678826,0.12815577041363674,Equity Sentiment Tilt,Equity,risk_parity_sentiment_tilt
2021-08-31,DIS,Consumer,0.016779507595789746,0.022143879585028378,0.9,2.0456204982781307,1.3,0.12815577041363674,Equity Sentiment Tilt,Equity,risk_parity_sentiment_tilt
2021-08-31,DOW,Materials,0.012963463399992678,0.012663233058507115,0.2,-0.25160038214116043,0.962259942678826,0.12815577041363674,Equity Sentiment Tilt,Equity,risk_parity_sentiment_tilt
2021-08-31,DUK,Utilities,0.028136905599071484,0.024673144982634815,0.0,-0.9079492051181008,0.8638076192322849,0.12815577041363674,Equity Sentiment Tilt,Equity,risk_parity_sentiment_tilt
2021-08-31,EA,Comm,0.026086978121461806,0.02548281069273768,0.2,-0.25160038214116043,0.962259942678826,0.12815577041363674,Equity Sentiment Tilt,Equity,risk_parity_sentiment_tilt
2021-08-31,GE,Industrials,0.014558321395970486,0.015676172749326613,0.4,0.40474844083577993,1.060712266125367,0.12815577041363674,Equity Sentiment Tilt,Equity,risk_parity_sentiment_tilt
2021-08-31,GILD,Healthcare,0.026917360814755015,0.0262939619451822,0.2,-0.25160038214116043,0.962259942678826,0.12815577041363674,Equity Sentiment Tilt,Equity,risk_parity_sentiment_tilt
2021-08-31,GS,Financials,0.016388546206815433,0.016008991864560965,0.2,-0.25160038214116043,0.962259942678826,0.12815577041363674,Equity Sentiment Tilt,Equity,risk_parity_sentiment_tilt
2021-08-31,INTC,Tech,0.01586611054757239,0.01867010362581553,0.6,1.06109726381272,1.159164589571908,0.12815577041363674,Equity Sentiment Tilt,Equity,risk_parity_sentiment_tilt
2021-08-31,KO,Consumer,0.02159211881598605,0.028495072118015673,0.9,2.0456204982781307,1.3,0.12815577041363674,Equity Sentiment Tilt,Equity,risk_parity_sentiment_tilt
2021-08-31,MMM,Industrials,0.02561271431231132,0.027579370122305026,0.4,0.40474844083577993,1.060712266125367,0.12815577041363674,Equity Sentiment Tilt,Equity,risk_parity_sentiment_tilt
2021-08-31,MRK,Healthcare,0.030370000006312337,0.029666638937478153,0.2,-0.25160038214116043,0.962259942678826,0.12815577041363674,Equity Sentiment Tilt,Equity,risk_parity_sentiment_tilt
2021-08-31,MS,Financials,0.013723972611825064,0.013406129080613406,0.2,-0.25160038214116043,0.962259942678826,0.12815577041363674,Equity Sentiment Tilt,Equity,risk_parity_sentiment_tilt
2021-08-31,NEE,Utilities,0.021294008846800234,0.01867263497361801,0.0,-0.9079492051181008,0.8638076192322849,0.12815577041363674,Equity Sentiment Tilt,Equity,risk_parity_sentiment_tilt
2021-08-31,NEM,Materials,0.019436571876066646,0.01898642607539555,0.2,-0.25160038214116043,0.962259942678826,0.12815577041363674,Equity Sentiment Tilt,Equity,risk_parity_sentiment_tilt
2021-08-31,NKE,Consumer,0.022587551396395934,0.029808742323757673,0.9,2.0456204982781307,1.3,0.12815577041363674,Equity Sentiment Tilt,Equity,risk_parity_sentiment_tilt
2021-08-31,NUE,Materials,0.011826569600500507,0.011552669415017433,0.2,-0.25160038214116043,0.962259942678826,0.12815577041363674,Equity Sentiment Tilt,Equity,risk_parity_sentiment_tilt
2021-08-31,NVDA,Tech,0.013788919892149677,0.016225814291574665,0.6,1.06109726381272,1.159164589571908,0.12815577041363674,Equity Sentiment Tilt,Equity,risk_parity_sentiment_tilt
2021-08-31,O,RealEstate,0.020599988800322124,0.016005204319529853,-0.2,-1.5642980280950411,0.7653552957857439,0.12815577041363674,Equity Sentiment Tilt,Equity,risk_parity_sentiment_tilt
2021-08-31,OXY,Energy,0.008415904699718682,0.00850136791147705,0.26666666666666666,-0.03281744114884705,0.995077383827673,0.12815577041363674,Equity Sentiment Tilt,Equity,risk_parity_sentiment_tilt
2021-08-31,PLD,RealEstate,0.02007998866820647,0.015601189130911719,-0.2,-1.5642980280950411,0.7653552957857439,0.12815577041363674,Equity Sentiment Tilt,Equity,risk_parity_sentiment_tilt
2021-08-31,PSA,RealEstate,0.03826865134262772,0.02973290858109735,-0.2,-1.5642980280950411,0.7653552957857439,0.12815577041363674,Equity Sentiment Tilt,Equity,risk_parity_sentiment_tilt
2021-08-31,QCOM,Tech,0.012804712054827166,0.015067668931559974,0.6,1.06109726381272,1.159164589571908,0.12815577041363674,Equity Sentiment Tilt,Equity,risk_parity_sentiment_tilt
2021-08-31,SBUX,Consumer,0.017969575426264324,0.02371440950586213,0.9,2.0456204982781307,1.3,0.12815577041363674,Equity Sentiment Tilt,Equity,risk_parity_sentiment_tilt
2021-08-31,SHW,Materials,0.025416141651773017,0.024827510616076066,0.2,-0.25160038214116043,0.962259942678826,0.12815577041363674,Equity Sentiment Tilt,Equity,risk_parity_sentiment_tilt
2021-08-31,SLB,Energy,0.010141860927052212,0.010244851162678517,0.26666666666666666,-0.03281744114884705,0.995077383827673,0.12815577041363674,Equity Sentiment Tilt,Equity,risk_parity_sentiment_tilt
2021-08-31,SO,Utilities,0.02457725212891376,0.021551698459388174,0.0,-0.9079492051181008,0.8638076192322849,0.12815577041363674,Equity Sentiment Tilt,Equity,risk_parity_sentiment_tilt
2021-08-31,T,Comm,0.030197060582180562,0.029497704744106193,0.2,-0.25160038214116043,0.962259942678826,0.12815577041363674,Equity Sentiment Tilt,Equity,risk_parity_sentiment_tilt
2021-08-31,TMUS,Comm,0.02008487440369687,0.019619714090063405,0.2,-0.25160038214116043,0.962259942678826,0.12815577041363674,Equity Sentiment Tilt,Equity,risk_parity_sentiment_tilt
2021-08-31,TTWO,Comm,0.027509496036645327,0.026872383473872757,0.2,-0.25160038214116043,0.962259942678826,0.12815577041363674,Equity Sentiment Tilt,Equity,risk_parity_sentiment_tilt
2021-08-31,UPS,Industrials,0.019917119350958076,0.021446442561777312,0.4,0.40474844083577993,1.060712266125367,0.12815577041363674,Equity Sentiment Tilt,Equity,risk_parity_sentiment_tilt
2021-08-31,USB,Financials,0.01350719885490918,0.013194375745868344,0.2,-0.25160038214116043,0.962259942678826,0.12815577041363674,Equity Sentiment Tilt,Equity,risk_parity_sentiment_tilt
2021-08-31,V,Financials,0.015790740296762244,0.015425030979327103,0.2,-0.25160038214116043,0.962259942678826,0.12815577041363674,Equity Sentiment Tilt,Equity,risk_parity_sentiment_tilt
2021-08-31,WFC,Financials,0.012558552117205303,0.012267699412617508,0.2,-0.25160038214116043,0.962259942678826,0.12815577041363674,Equity Sentiment Tilt,Equity,risk_parity_sentiment_tilt
2021-08-31,WMT,Consumer,0.029790679735728447,0.03931469508614428,0.9,2.0456204982781307,1.3,0.12815577041363674,Equity Sentiment Tilt,Equity,risk_parity_sentiment_tilt
2021-08-31,XOM,Energy,0.012907376036203065,0.013038449979027507,0.26666666666666666,-0.03281744114884705,0.995077383827673,0.12815577041363674,Equity Sentiment Tilt,Equity,risk_parity_sentiment_tilt
2021-09-30,ABBV,Healthcare,0.020919548736035028,0.021828588196614023,0.2,0.17616606585441108,1.0264249098781617,0.14642829646259875,Equity Sentiment Tilt,Equity,risk_parity_sentiment_tilt
2021-09-30,ABT,Healthcare,0.028811533612749,0.030063511908469686,0.2,0.17616606585441108,1.0264249098781617,0.14642829646259875,Equity Sentiment Tilt,Equity,risk_parity_sentiment_tilt
2021-09-30,ADBE,Tech,0.020184533108242097,0.02648386864560819,0.6,1.9378267243985212,1.290674008659778,0.14642829646259875,Equity Sentiment Tilt,Equity,risk_parity_sentiment_tilt
2021-09-30,AEP,Utilities,0.03008443886864962,0.03139173007392647,0.2,0.17616606585441108,1.0264249098781617,0.14642829646259875,Equity Sentiment Tilt,Equity,risk_parity_sentiment_tilt
2021-09-30,AMD,Tech,0.01695257616023976,0.02224325912443957,0.6,1.9378267243985212,1.290674008659778,0.14642829646259875,Equity Sentiment Tilt,Equity,risk_parity_sentiment_tilt
2021-09-30,AMGN,Healthcare,0.02060779348841947,0.021503285915756922,0.2,0.17616606585441108,1.0264249098781617,0.14642829646259875,Equity Sentiment Tilt,Equity,risk_parity_sentiment_tilt
2021-09-30,AMT,RealEstate,0.027122364974882893,0.02465795832795058,0.0,-0.7046642634176442,0.8943003604873534,0.14642829646259875,Equity Sentiment Tilt,Equity,risk_parity_sentiment_tilt
2021-09-30,BA,Industrials,0.009993835541170878,0.010428108334723645,0.2,0.17616606585441108,1.0264249098781617,0.14642829646259875,Equity Sentiment Tilt,Equity,risk_parity_sentiment_tilt
2021-09-30,CAT,Industrials,0.015429506616494275,0.01609998142207636,0.2,0.17616606585441108,1.0264249098781617,0.14642829646259875,Equity Sentiment Tilt,Equity,risk_parity_sentiment_tilt
2021-09-30,CCI,RealEstate,0.03466859729199211,0.031518520899858696,0.0,-0.7046642634176442,0.8943003604873534,0.14642829646259875,Equity Sentiment Tilt,Equity,risk_parity_sentiment_tilt
2021-09-30,CMCSA,Comm,0.015196617088368681,0.011774656188446695,-0.2,-1.5854945926896993,0.7621758110965451,0.14642829646259875,Equity Sentiment Tilt,Equity,risk_parity_sentiment_tilt
2021-09-30,COP,Energy,0.01023513024347299,0.012054636110949401,0.4,1.0569963951264663,1.15854945926897,0.14642829646259875,Equity Sentiment Tilt,Equity,risk_parity_sentiment_tilt
2021-09-30,CVX,Energy,0.01263474652998566,0.01488083377055071,0.4,1.0569963951264663,1.15854945926897,0.14642829646259875,Equity Sentiment Tilt,Equity,risk_parity_sentiment_tilt
2021-09-30,D,Utilities,0.028063017501888072,0.029282469728799266,0.2,0.17616606585441108,1.0264249098781617,0.14642829646259875,Equity Sentiment Tilt,Equity,risk_parity_sentiment_tilt
2021-09-30,DD,Materials,0.01425730190355431,0.012961847410150877,0.0,-0.7046642634176442,0.8943003604873534,0.14642829646259875,Equity Sentiment Tilt,Equity,risk_parity_sentiment_tilt
2021-09-30,DIS,Consumer,0.015559874819961276,0.016236014654117906,0.2,0.17616606585441108,1.0264249098781617,0.14642829646259875,Equity Sentiment Tilt,Equity,risk_parity_sentiment_tilt
2021-09-30,DOW,Materials,0.012676782358393823,0.01152493786641567,0.0,-0.7046642634176442,0.8943003604873534,0.14642829646259875,Equity Sentiment Tilt,Equity,risk_parity_sentiment_tilt
2021-09-30,DUK,Utilities,0.027303342149445308,0.02848978339312195,0.2,0.17616606585441108,1.0264249098781617,0.14642829646259875,Equity Sentiment Tilt,Equity,risk_parity_sentiment_tilt
2021-09-30,EA,Comm,0.0291851914255962,0.02261329563231676,-0.2,-1.5854945926896993,0.7621758110965451,0.14642829646259875,Equity Sentiment Tilt,Equity,risk_parity_sentiment_tilt
2021-09-30,GE,Industrials,0.015374594674666339,0.01604268333308012,0.2,0.17616606585441108,1.0264249098781617,0.14642829646259875,Equity Sentiment Tilt,Equity,risk_parity_sentiment_tilt
2021-09-30,GILD,Healthcare,0.026142088814093942,0.027278068878187633,0.2,0.17616606585441108,1.0264249098781617,0.14642829646259875,Equity Sentiment Tilt,Equity,risk_parity_sentiment_tilt
2021-09-30,GS,Financials,0.015468219200659807,0.01406273770044352,0.0,-0.7046642634176442,0.8943003604873534,0.14642829646259875,Equity Sentiment Tilt,Equity,risk_parity_sentiment_tilt
2021-09-30,INTC,Tech,0.0156642574821113,0.02055287260609571,0.6,1.9378267243985212,1.290674008659778,0.14642829646259875,Equity Sentiment Tilt,Equity,risk_parity_sentiment_tilt
2021-09-30,KO,Consumer,0.021868531735977397,0.022818808366882166,0.2,0.17616606585441108,1.0264249098781617,0.14642829646259875,Equity Sentiment Tilt,Equity,risk_parity_sentiment_tilt
2021-09-30,MMM,Industrials,0.026697479387650106,0.027857593430624827,0.2,0.17616606585441108,1.0264249098781617,0.14642829646259875,Equity Sentiment Tilt,Equity,risk_parity_sentiment_tilt
2021-09-30,MRK,Healthcare,0.031260458071867496,0.03261885209373055,0.2,0.17616606585441108,1.0264249098781617,0.14642829646259875,Equity Sentiment Tilt,Equity,risk_parity_sentiment_tilt
2021-09-30,MS,Financials,0.01344218785573781,0.012220796685326569,0.0,-0.7046642634176442,0.8943003604873534,0.14642829646259875,Equity Sentiment Tilt,Equity,risk_parity_sentiment_tilt
2021-09-30,NEE,Utilities,0.02106372997422899,0.021979034695911236,0.2,0.17616606585441108,1.0264249098781617,0.14642829646259875,Equity Sentiment Tilt,Equity,risk_parity_sentiment_tilt
2021-09-30,NEM,Materials,0.020019225640269037,0.01820022819000964,0.0,-0.7046642634176442,0.8943003604873534,0.14642829646259875,Equity Sentiment Tilt,Equity,risk_parity_sentiment_tilt
2021-09-30,NKE,Consumer,0.01835939129237289,0.019157181501309326,0.2,0.17616606585441108,1.0264249098781617,0.14642829646259875,Equity Sentiment Tilt,Equity,risk_parity_sentiment_tilt
2021-09-30,NUE,Materials,0.011059255415099152,0.010054383510295422,0.0,-0.7046642634176442,0.8943003604873534,0.14642829646259875,Equity Sentiment Tilt,Equity,risk_parity_sentiment_tilt
2021-09-30,NVDA,Tech,0.01539249237606114,0.02019629307401066,0.6,1.9378267243985212,1.290674008659778,0.14642829646259875,Equity Sentiment Tilt,Equity,risk_parity_sentiment_tilt
2021-09-30,O,RealEstate,0.020410457738528762,0.01855591195078709,0.0,-0.7046642634176442,0.8943003604873534,0.14642829646259875,Equity Sentiment Tilt,Equity,risk_parity_sentiment_tilt
2021-09-30,OXY,Energy,0.008013757305223803,0.009438368237428121,0.4,1.0569963951264663,1.15854945926897,0.14642829646259875,Equity Sentiment Tilt,Equity,risk_parity_sentiment_tilt
2021-09-30,PLD,RealEstate,0.021827635452850058,0.019844321315361155,0.0,-0.7046642634176442,0.8943003604873534,0.14642829646259875,Equity Sentiment Tilt,Equity,risk_parity_sentiment_tilt
2021-09-30,PSA,RealEstate,0.03840854893653091,0.03491865108338028,0.0,-0.7046642634176442,0.8943003604873534,0.14642829646259875,Equity Sentiment Tilt,Equity,risk_parity_sentiment_tilt
2021-09-30,QCOM,Tech,0.0129573801733902,0.017001213387648203,0.6,1.9378267243985212,1.290674008659778,0.14642829646259875,Equity Sentiment Tilt,Equity,risk_parity_sentiment_tilt
2021-09-30,SBUX,Consumer,0.017881953047001787,0.018658996622704958,0.2,0.17616606585441108,1.0264249098781617,0.14642829646259875,Equity Sentiment Tilt,Equity,risk_parity_sentiment_tilt
2021-09-30,SHW,Materials,0.026680960775314778,0.024256661229824644,0.0,-0.7046642634176442,0.8943003604873534,0.14642829646259875,Equity Sentiment Tilt,Equity,risk_parity_sentiment_tilt
2021-09-30,SLB,Energy,0.009913236801565271,0.011675519459143913,0.4,1.0569963951264663,1.15854945926897,0.14642829646259875,Equity Sentiment Tilt,Equity,risk_parity_sentiment_tilt
2021-09-30,SO,Utilities,0.02297979915202959,0.023978364871059237,0.2,0.17616606585441108,1.0264249098781617,0.14642829646259875,Equity Sentiment Tilt,Equity,risk_parity_sentiment_tilt
2021-09-30,T,Comm,0.028170905482102073,0.02182740570747562,-0.2,-1.5854945926896993,0.7621758110965451,0.14642829646259875,Equity Sentiment Tilt,Equity,risk_parity_sentiment_tilt
2021-09-30,TMUS,Comm,0.020172279746655124,0.01562990349581336,-0.2,-1.5854945926896993,0.7621758110965451,0.14642829646259875,Equity Sentiment Tilt,Equity,risk_parity_sentiment_tilt
2021-09-30,TTWO,Comm,0.027512836224125245,0.021317519907510706,-0.2,-1.5854945926896993,0.7621758110965451,0.14642829646259875,Equity Sentiment Tilt,Equity,risk_parity_sentiment_tilt
2021-09-30,UPS,Industrials,0.019903361491693895,0.020768243484246253,0.2,0.17616606585441108,1.0264249098781617,0.14642829646259875,Equity Sentiment Tilt,Equity,risk_parity_sentiment_tilt
2021-09-30,USB,Financials,0.013631900540820833,0.01239327159624945,0.0,-0.7046642634176442,0.8943003604873534,0.14642829646259875,Equity Sentiment Tilt,Equity,risk_parity_sentiment_tilt
2021-09-30,V,Financials,0.016208929091988646,0.014736144818532278,0.0,-0.7046642634176442,0.8943003604873534,0.14642829646259875,Equity Sentiment Tilt,Equity,risk_parity_sentiment_tilt
2021-09-30,WFC,Financials,0.012129293142130404,0.011027194904394196,0.0,-0.7046642634176442,0.8943003604873534,0.14642829646259875,Equity Sentiment Tilt,Equity,risk_parity_sentiment_tilt
2021-09-30,WMT,Consumer,0.029629865413453464,0.030917403553608346,0.2,0.17616606585441108,1.0264249098781617,0.14642829646259875,Equity Sentiment Tilt,Equity,risk_parity_sentiment_tilt
2021-09-30,XOM,Energy,0.011868255144258528,0.013978082704631427,0.4,1.0569963951264663,1.15854945926897,0.14642829646259875,Equity Sentiment Tilt,Equity,risk_parity_sentiment_tilt
2021-11-30,ABBV,Healthcare,0.02189609935838298,0.02264806122861684,0.3,0.1161675398430036,1.0174251309764506,0.11055206616953664,Equity Sentiment Tilt,Equity,risk_parity_sentiment_tilt
2021-11-30,ABT,Healthcare,0.031906869947837466,0.03300262445673811,0.3,0.1161675398430036,1.0174251309764506,0.11055206616953664,Equity Sentiment Tilt,Equity,risk_parity_sentiment_tilt
2021-11-30,ADBE,Tech,0.020304365203108358,0.026834566456000693,1.0,2.455431698325404,1.3,0.11055206616953664,Equity Sentiment Tilt,Equity,risk_parity_sentiment_tilt
2021-11-30,AEP,Utilities,0.03015145211140013,0.02657731577174119,0.0,-0.8863742423637395,0.8670438636454391,0.11055206616953664,Equity Sentiment Tilt,Equity,risk_parity_sentiment_tilt
2021-11-30,AMD,Tech,0.016392736195319668,0.021664896411617507,1.0,2.455431698325404,1.3,0.11055206616953664,Equity Sentiment Tilt,Equity,risk_parity_sentiment_tilt
2021-11-30,AMGN,Healthcare,0.02068044863369575,0.021390662292180795,0.3,0.1161675398430036,1.0174251309764506,0.11055206616953664,Equity Sentiment Tilt,Equity,risk_parity_sentiment_tilt
2021-11-30,AMT,RealEstate,0.024106651821595503,0.023706040309088672,0.2,-0.2180130542259107,0.9672980418661135,0.11055206616953664,Equity Sentiment Tilt,Equity,risk_parity_sentiment_tilt
2021-11-30,BA,Industrials,0.01246986100850609,0.01099169062996746,0.0,-0.8863742423637395,0.8670438636454391,0.11055206616953664,Equity Sentiment Tilt,Equity,risk_parity_sentiment_tilt
2021-11-30,CAT,Industrials,0.014718086229984375,0.012973412485898545,0.0,-0.8863742423637395,0.8670438636454391,0.11055206616953664,Equity Sentiment Tilt,Equity,risk_parity_sentiment_tilt
2021-11-30,CCI,RealEstate,0.02679409668973039,0.026348824418800123,0.2,-0.2180130542259107,0.9672980418661135,0.11055206616953664,Equity Sentiment Tilt,Equity,risk_parity_sentiment_tilt
2021-11-30,CMCSA,Comm,0.015446074498865713,0.015189387037119556,0.2,-0.2180130542259107,0.9672980418661135,0.11055206616953664,Equity Sentiment Tilt,Equity,risk_parity_sentiment_tilt
2021-11-30,COP,Energy,0.011978919774137587,0.011779850521201507,0.2,-0.2180130542259107,0.9672980418661135,0.11055206616953664,Equity Sentiment Tilt,Equity,risk_parity_sentiment_tilt
2021-11-30,CVX,Energy,0.01466301947272348,0.014419345052386826,0.2,-0.2180130542259107,0.9672980418661135,0.11055206616953664,Equity Sentiment Tilt,Equity,risk_parity_sentiment_tilt
2021-11-30,D,Utilities,0.02821441625872363,0.024869895070159038,0.0,-0.8863742423637395,0.8670438636454391,0.11055206616953664,Equity Sentiment Tilt,Equity,risk_parity_sentiment_tilt
2021-11-30,DD,Materials,0.013537914825585815,0.011933137942450586,0.0,-0.8863742423637395,0.8670438636454391,0.11055206616953664,Equity Sentiment Tilt,Equity,risk_parity_sentiment_tilt
2021-11-30,DIS,Consumer,0.016731268343303036,0.017184053162889228,0.2857142857142857,0.06842745497601582,1.0102641182464023,0.11055206616953664,Equity Sentiment Tilt,Equity,risk_parity_sentiment_tilt
2021-11-30,DOW,Materials,0.012452776478705454,0.010976631290813721,0.0,-0.8863742423637395,0.8670438636454391,0.11055206616953664,Equity Sentiment Tilt,Equity,risk_parity_sentiment_tilt
2021-11-30,DUK,Utilities,0.03282250454174556,0.028931743134704792,0.0,-0.8863742423637395,0.8670438636454391,0.11055206616953664,Equity Sentiment Tilt,Equity,risk_parity_sentiment_tilt
2021-11-30,EA,Comm,0.029169292796307866,0.028684548809778176,0.2,-0.2180130542259107,0.9672980418661135,0.11055206616953664,Equity Sentiment Tilt,Equity,risk_parity_sentiment_tilt
2021-11-30,GE,Industrials,0.014114673964568506,0.012441528374339098,0.0,-0.8863742423637395,0.8670438636454391,0.11055206616953664,Equity Sentiment Tilt,Equity,risk_parity_sentiment_tilt
2021-11-30,GILD,Healthcare,0.027378570361706628,0.028318812759978187,0.3,0.1161675398430036,1.0174251309764506,0.11055206616953664,Equity Sentiment Tilt,Equity,risk_parity_sentiment_tilt
2021-11-30,GS,Financials,0.015989563865999,0.017896744089738736,0.4666666666666666,0.6731351966245275,1.100970279493679,0.11055206616953664,Equity Sentiment Tilt,Equity,risk_parity_sentiment_tilt
2021-11-30,INTC,Tech,0.015188728670824221,0.020073661245858573,1.0,2.455431698325404,1.3,0.11055206616953664,Equity Sentiment Tilt,Equity,risk_parity_sentiment_tilt
2021-11-30,KO,Consumer,0.02524601236365356,0.02592922483259487,0.2857142857142857,0.06842745497601582,1.0102641182464023,0.11055206616953664,Equity Sentiment Tilt,Equity,risk_parity_sentiment_tilt
2021-11-30,MMM,Industrials,0.027190319244719676,0.02396719394579795,0.0,-0.8863742423637395,0.8670438636454391,0.11055206616953664,Equity Sentiment Tilt,Equity,risk_parity_sentiment_tilt
2021-11-30,MRK,Healthcare,0.026608995205762896,0.027522808642232756,0.3,0.1161675398430036,1.0174251309764506,0.11055206616953664,Equity Sentiment Tilt,Equity,risk_parity_sentiment_tilt
2021-11-30,MS,Financials,0.014074277434047783,0.015753008874792137,0.4666666666666666,0.6731351966245275,1.100970279493679,0.11055206616953664,Equity Sentiment Tilt,Equity,risk_parity_sentiment_tilt
2021-11-30,NEE,Utilities,0.019380881963375538,0.017083483010117483,0.0,-0.8863742423637395,0.8670438636454391,0.11055206616953664,Equity Sentiment Tilt,Equity,risk_parity_sentiment_tilt
2021-11-30,NEM,Materials,0.02088417412736163,0.01840857575828188,0.0,-0.8863742423637395,0.8670438636454391,0.11055206616953664,Equity Sentiment Tilt,Equity,risk_parity_sentiment_tilt
2021-11-30,NKE,Consumer,0.01762571857213673,0.0181027091767944,0.2857142857142857,0.06842745497601582,1.0102641182464023,0.11055206616953664,Equity Sentiment Tilt,Equity,risk_parity_sentiment_tilt
2021-11-30,NUE,Materials,0.011307206728398718,0.009966856740653823,0.0,-0.8863742423637395,0.8670438636454391,0.11055206616953664,Equity Sentiment Tilt,Equity,risk_parity_sentiment_tilt
2021-11-30,NVDA,Tech,0.013796919760156201,0.018234224832369656,1.0,2.455431698325404,1.3,0.11055206616953664,Equity Sentiment Tilt,Equity,risk_parity_sentiment_tilt
2021-11-30,O,RealEstate,0.023060189621485514,0.022676968529177634,0.2,-0.2180130542259107,0.9672980418661135,0.11055206616953664,Equity Sentiment Tilt,Equity,risk_parity_sentiment_tilt
2021-11-30,OXY,Energy,0.00897987088104788,0.008830640714934562,0.2,-0.2180130542259107,0.9672980418661135,0.11055206616953664,Equity Sentiment Tilt,Equity,risk_parity_sentiment_tilt
2021-11-30,PLD,RealEstate,0.019421577752191915,0.019098824194536738,0.2,-0.2180130542259107,0.9672980418661135,0.11055206616953664,Equity Sentiment Tilt,Equity,risk_parity_sentiment_tilt
2021-11-30,PSA,RealEstate,0.03571475312865323,0.03512123473482716,0.2,-0.2180130542259107,0.9672980418661135,0.11055206616953664,Equity Sentiment Tilt,Equity,risk_parity_sentiment_tilt
2021-11-30,QCOM,Tech,0.013102694122851902,0.017316725377777016,1.0,2.455431698325404,1.3,0.11055206616953664,Equity Sentiment Tilt,Equity,risk_parity_sentiment_tilt
2021-11-30,SBUX,Consumer,0.017939114125808345,0.018424585901547413,0.2857142857142857,0.06842745497601582,1.0102641182464023,0.11055206616953664,Equity Sentiment Tilt,Equity,risk_parity_sentiment_tilt
2021-11-30,SHW,Materials,0.022998122146075335,0.020271937556274964,0.0,-0.8863742423637395,0.8670438636454391,0.11055206616953664,Equity Sentiment Tilt,Equity,risk_parity_sentiment_tilt
2021-11-30,SLB,Energy,0.009819725362790847,0.009656538245015113,0.2,-0.2180130542259107,0.9672980418661135,0.11055206616953664,Equity Sentiment Tilt,Equity,risk_parity_sentiment_tilt
2021-11-30,SO,Utilities,0.025019497580216557,0.022053700272310097,0.0,-0.8863742423637395,0.8670438636454391,0.11055206616953664,Equity Sentiment Tilt,Equity,risk_parity_sentiment_tilt
2021-11-30,T,Comm,0.0288804012078918,0.028400458107733322,0.2,-0.2180130542259107,0.9672980418661135,0.11055206616953664,Equity Sentiment Tilt,Equity,risk_parity_sentiment_tilt
2021-11-30,TMUS,Comm,0.01867838564772604,0.018367982677587397,0.2,-0.2180130542259107,0.9672980418661135,0.11055206616953664,Equity Sentiment Tilt,Equity,risk_parity_sentiment_tilt
2021-11-30,TTWO,Comm,0.024463388994279498,0.02405684911729576,0.2,-0.2180130542259107,0.9672980418661135,0.11055206616953664,Equity Sentiment Tilt,Equity,risk_parity_sentiment_tilt
2021-11-30,UPS,Industrials,0.022187083722400736,0.019557039175614046,0.0,-0.8863742423637395,0.8670438636454391,0.11055206616953664,Equity Sentiment Tilt,Equity,risk_parity_sentiment_tilt
2021-11-30,USB,Financials,0.014863193892432021,0.01663602457692202,0.4666666666666666,0.6731351966245275,1.100970279493679,0.11055206616953664,Equity Sentiment Tilt,Equity,risk_parity_sentiment_tilt
2021-11-30,V,Financials,0.01664985968291324,0.018635797722337664,0.4666666666666666,0.6731351966245275,1.100970279493679,0.11055206616953664,Equity Sentiment Tilt,Equity,risk_parity_sentiment_tilt
2021-11-30,WFC,Financials,0.012683759406507681,0.01419663463596929,0.4666666666666666,0.6731351966245275,1.100970279493679,0.11055206616953664,Equity Sentiment Tilt,Equity,risk_parity_sentiment_tilt
2021-11-30,WMT,Consumer,0.02930976131736593,0.030102947746385805,0.2857142857142857,0.06842745497601582,1.0102641182464023,0.11055206616953664,Equity Sentiment Tilt,Equity,risk_parity_sentiment_tilt
2021-11-30,XOM,Energy,0.013005724954991587,0.012789591948051175,0.2,-0.2180130542259107,0.9672980418661135,0.11055206616953664,Equity Sentiment Tilt,Equity,risk_parity_sentiment_tilt
2021-12-31,ABBV,Healthcare,0.022974221967710755,0.02765725163518243,0.6,1.4185789068281538,1.212786836024223,0.11238550723647182,Equity Sentiment Tilt,Equity,risk_parity_sentiment_tilt
2021-12-31,ABT,Healthcare,0.03136689879878913,0.03776067865595955,0.6,1.4185789068281538,1.212786836024223,0.11238550723647182,Equity Sentiment Tilt,Equity,risk_parity_sentiment_tilt
2021-12-31,ADBE,Tech,0.01859318102287587,0.0223831861192476,0.6,1.4185789068281538,1.212786836024223,0.11238550723647182,Equity Sentiment Tilt,Equity,risk_parity_sentiment_tilt
2021-12-31,AEP,Utilities,0.029714843625493165,0.02669773910102144,0.2,-0.6323785488270085,0.9051432176759487,0.11238550723647182,Equity Sentiment Tilt,Equity,risk_parity_sentiment_tilt
2021-12-31,AMD,Tech,0.015122178722421888,0.01820466010931898,0.6,1.4185789068281538,1.212786836024223,0.11238550723647182,Equity Sentiment Tilt,Equity,risk_parity_sentiment_tilt
2021-12-31,AMGN,Healthcare,0.02178258774841604,0.026222716550318704,0.6,1.4185789068281538,1.212786836024223,0.11238550723647182,Equity Sentiment Tilt,Equity,risk_parity_sentiment_tilt
2021-12-31,AMT,RealEstate,0.023864681914289917,0.021441575109954928,0.2,-0.6323785488270085,0.9051432176759487,0.11238550723647182,Equity Sentiment Tilt,Equity,risk_parity_sentiment_tilt
2021-12-31,BA,Industrials,0.01198487161920118,0.01259791685443605,0.4,0.3931001790005728,1.0589650268500859,0.11238550723647182,Equity Sentiment Tilt,Equity,risk_parity_sentiment_tilt
2021-12-31,CAT,Industrials,0.015164469516280536,0.015940156238441673,0.4,0.3931001790005728,1.0589650268500859,0.11238550723647182,Equity Sentiment Tilt,Equity,risk_parity_sentiment_tilt
2021-12-31,CCI,RealEstate,0.025427349278113104,0.022845576628752758,0.2,-0.6323785488270085,0.9051432176759487,0.11238550723647182,Equity Sentiment Tilt,Equity,risk_parity_sentiment_tilt
2021-12-31,CMCSA,Comm,0.0161087338256855,0.01693272116833519,0.4,0.3931001790005728,1.0589650268500859,0.11238550723647182,Equity Sentiment Tilt,Equity,risk_parity_sentiment_tilt
2021-12-31,COP,Energy,0.012304861846587849,0.011055484437161096,0.2,-0.6323785488270085,0.9051432176759487,0.11238550723647182,Equity Sentiment Tilt,Equity,risk_parity_sentiment_tilt
2021-12-31,CVX,Energy,0.01557781174766426,0.013996114502422016,0.2,-0.6323785488270085,0.9051432176759487,0.11238550723647182,Equity Sentiment Tilt,Equity,risk_parity_sentiment_tilt
2021-12-31,D,Utilities,0.026316124697193726,0.02364411000005606,0.2,-0.6323785488270085,0.9051432176759487,0.11238550723647182,Equity Sentiment Tilt,Equity,risk_parity_sentiment_tilt
2021-12-31,DD,Materials,0.013634763079230594,0.010168504705803195,0.0,-1.6578572766545898,0.7513214085018115,0.11238550723647182,Equity Sentiment Tilt,Equity,risk_parity_sentiment_tilt
2021-12-31,DIS,Consumer,0.017418659900116647,0.018752918776161982,0.4333333333333333,0.5640133003051694,1.0846019950457755,0.11238550723647182,Equity Sentiment Tilt,Equity,risk_parity_sentiment_tilt
2021-12-31,DOW,Materials,0.012828440185973454,0.009567166927740041,0.0,-1.6578572766545898,0.7513214085018115,0.11238550723647182,Equity Sentiment Tilt,Equity,risk_parity_sentiment_tilt
2021-12-31,DUK,Utilities,0.032530048787988416,0.02922710166107427,0.2,-0.6323785488270085,0.9051432176759487,0.11238550723647182,Equity Sentiment Tilt,Equity,risk_parity_sentiment_tilt
2021-12-31,EA,Comm,0.028025596099695585,0.029459149891461648,0.4,0.3931001790005728,1.0589650268500859,0.11238550723647182,Equity Sentiment Tilt,Equity,risk_parity_sentiment_tilt
2021-12-31,GE,Industrials,0.01415251709567255,0.014876440842855783,0.4,0.3931001790005728,1.0589650268500859,0.11238550723647182,Equity Sentiment Tilt,Equity,risk_parity_sentiment_tilt
2021-12-31,GILD,Healthcare,0.028853336268459994,0.034734755449516104,0.6,1.4185789068281538,1.212786836024223,0.11238550723647182,Equity Sentiment Tilt,Equity,risk_parity_sentiment_tilt
2021-12-31,GS,Financials,0.0157824778359078,0.014179999765141853,0.2,-0.6323785488270085,0.9051432176759487,0.11238550723647182,Equity Sentiment Tilt,Equity,risk_parity_sentiment_tilt
2021-12-31,INTC,Tech,0.015284932293445163,0.01840058911508212,0.6,1.4185789068281538,1.212786836024223,0.11238550723647182,Equity Sentiment Tilt,Equity,risk_parity_sentiment_tilt
2021-12-31,KO,Consumer,0.024946402286145225,0.02685728170319292,0.4333333333333333,0.5640133003051694,1.0846019950457755,0.11238550723647182,Equity Sentiment Tilt,Equity,risk_parity_sentiment_tilt
2021-12-31,MMM,Industrials,0.026569206446259944,0.02792826359208333,0.4,0.3931001790005728,1.0589650268500859,0.11238550723647182,Equity Sentiment Tilt,Equity,risk_parity_sentiment_tilt
2021-12-31,MRK,Healthcare,0.030701957698896082,0.036960196996638765,0.6,1.4185789068281538,1.212786836024223,0.11238550723647182,Equity Sentiment Tilt,Equity,risk_parity_sentiment_tilt
2021-12-31,MS,Financials,0.014265532758460299,0.012817078108252264,0.2,-0.6323785488270085,0.9051432176759487,0.11238550723647182,Equity Sentiment Tilt,Equity,risk_parity_sentiment_tilt
2021-12-31,NEE,Utilities,0.020538479516834133,0.01845309955465095,0.2,-0.6323785488270085,0.9051432176759487,0.11238550723647182,Equity Sentiment Tilt,Equity,risk_parity_sentiment_tilt
2021-12-31,NEM,Materials,0.023082161811242757,0.01721416570525239,0.0,-1.6578572766545898,0.7513214085018115,0.11238550723647182,Equity Sentiment Tilt,Equity,risk_parity_sentiment_tilt
2021-12-31,NKE,Consumer,0.01820514472383946,0.019599647864538022,0.4333333333333333,0.5640133003051694,1.0846019950457755,0.11238550723647182,Equity Sentiment Tilt,Equity,risk_parity_sentiment_tilt
2021-12-31,NUE,Materials,0.012204861896503997,0.009102116032901559,0.0,-1.6578572766545898,0.7513214085018115,0.11238550723647182,Equity Sentiment Tilt,Equity,risk_parity_sentiment_tilt
2021-12-31,NVDA,Tech,0.013009791869264913,0.015661687606018354,0.6,1.4185789068281538,1.212786836024223,0.11238550723647182,Equity Sentiment Tilt,Equity,risk_parity_sentiment_tilt
2021-12-31,O,RealEstate,0.02239242868658686,0.020118807503998845,0.2,-0.6323785488270085,0.9051432176759487,0.11238550723647182,Equity Sentiment Tilt,Equity,risk_parity_sentiment_tilt
2021-12-31,OXY,Energy,0.009839742497117332,0.008840661634305061,0.2,-0.6323785488270085,0.9051432176759487,0.11238550723647182,Equity Sentiment Tilt,Equity,risk_parity_sentiment_tilt
2021-12-31,PLD,RealEstate,0.02065158042710386,0.018554716734015094,0.2,-0.6323785488270085,0.9051432176759487,0.11238550723647182,Equity Sentiment Tilt,Equity,risk_parity_sentiment_tilt
2021-12-31,PSA,RealEstate,0.03302665920530669,0.02967328860802619,0.2,-0.6323785488270085,0.9051432176759487,0.11238550723647182,Equity Sentiment Tilt,Equity,risk_parity_sentiment_tilt
2021-12-31,QCOM,Tech,0.01396745443119702,0.016814558614846205,0.6,1.4185789068281538,1.212786836024223,0.11238550723647182,Equity Sentiment Tilt,Equity,risk_parity_sentiment_tilt
2021-12-31,SBUX,Consumer,0.017545859298207882,0.01888986157167323,0.4333333333333333,0.5640133003051694,1.0846019950457755,0.11238550723647182,Equity Sentiment Tilt,Equity,risk_parity_sentiment_tilt
2021-12-31,SHW,Materials,0.022269368177741326,0.016608002192246743,0.0,-1.6578572766545898,0.7513214085018115,0.11238550723647182,Equity Sentiment Tilt,Equity,risk_parity_sentiment_tilt
2021-12-31,SLB,Energy,0.010541657789893352,0.009471307771761901,0.2,-0.6323785488270085,0.9051432176759487,0.11238550723647182,Equity Sentiment Tilt,Equity,risk_parity_sentiment_tilt
2021-12-31,SO,Utilities,0.026187091599800733,0.02352817831241159,0.2,-0.6323785488270085,0.9051432176759487,0.11238550723647182,Equity Sentiment Tilt,Equity,risk_parity_sentiment_tilt
2021-12-31,T,Comm,0.02636545167430618,0.02771408643964261,0.4,0.3931001790005728,1.0589650268500859,0.11238550723647182,Equity Sentiment Tilt,Equity,risk_parity_sentiment_tilt
2021-12-31,TMUS,Comm,0.017535640048242325,0.018432615912476507,0.4,0.3931001790005728,1.0589650268500859,0.11238550723647182,Equity Sentiment Tilt,Equity,risk_parity_sentiment_tilt
2021-12-31,TTWO,Comm,0.023720642943765087,0.024933991538178487,0.4,0.3931001790005728,1.0589650268500859,0.11238550723647182,Equity Sentiment Tilt,Equity,risk_parity_sentiment_tilt
2021-12-31,UPS,Industrials,0.019860742775021974,0.02087665133986183,0.4,0.3931001790005728,1.0589650268500859,0.11238550723647182,Equity Sentiment Tilt,Equity,risk_parity_sentiment_tilt
2021-12-31,USB,Financials,0.01461089345545512,0.0131273725153278,0.2,-0.6323785488270085,0.9051432176759487,0.11238550723647182,Equity Sentiment Tilt,Equity,risk_parity_sentiment_tilt
2021-12-31,V,Financials,0.01639256418429251,0.014728140834418622,0.2,-0.6323785488270085,0.9051432176759487,0.11238550723647182,Equity Sentiment Tilt,Equity,risk_parity_sentiment_tilt
2021-12-31,WFC,Financials,0.012662012833752553,0.011376372004168687,0.2,-0.6323785488270085,0.9051432176759487,0.11238550723647182,Equity Sentiment Tilt,Equity,risk_parity_sentiment_tilt
2021-12-31,WMT,Consumer,0.0300629576489218,0.032365762130624795,0.4333333333333333,0.5640133003051694,1.0846019950457755,0.11238550723647182,Equity Sentiment Tilt,Equity,risk_parity_sentiment_tilt
2021-12-31,XOM,Energy,0.014030125438627514,0.012605572933041634,0.2,-0.6323785488270085,0.9051432176759487,0.11238550723647182,Equity Sentiment Tilt,Equity,risk_parity_sentiment_tilt
2022-01-31,ABBV,Healthcare,0.026874156420688685,0.030086098873183142,0.6,0.7254509694554757,1.1088176454183214,0.12087728101699169,Equity Sentiment Tilt,Equity,risk_parity_sentiment_tilt
2022-01-31,ABT,Healthcare,0.02832301877581916,0.03170812619890529,0.6,0.7254509694554757,1.1088176454183214,0.12087728101699169,Equity Sentiment Tilt,Equity,risk_parity_sentiment_tilt
2022-01-31,ADBE,Tech,0.017735384962170718,0.021698162367384293,0.8,1.411636857537376,1.2117455286306065,0.12087728101699169,Equity Sentiment Tilt,Equity,risk_parity_sentiment_tilt
2022-01-31,AEP,Utilities,0.03016279912484097,0.02749868757429088,0.2,-0.6469208067083247,0.9029618789937512,0.12087728101699169,Equity Sentiment Tilt,Equity,risk_parity_sentiment_tilt
2022-01-31,AMD,Tech,0.01351224957380597,0.016531413658425385,0.8,1.411636857537376,1.2117455286306065,0.12087728101699169,Equity Sentiment Tilt,Equity,risk_parity_sentiment_tilt
2022-01-31,AMGN,Healthcare,0.02235287628553493,0.025024444879278584,0.6,0.7254509694554757,1.1088176454183214,0.12087728101699169,Equity Sentiment Tilt,Equity,risk_parity_sentiment_tilt
2022-01-31,AMT,RealEstate,0.021256033145742727,0.01716965503715215,0.0,-1.333106694790225,0.8000339957814663,0.12087728101699169,Equity Sentiment Tilt,Equity,risk_parity_sentiment_tilt
2022-01-31,BA,Industrials,0.011954556213788603,0.012099597250600428,0.3933333333333333,0.016392218437512034,1.0024588327656268,0.12087728101699169,Equity Sentiment Tilt,Equity,risk_parity_sentiment_tilt
2022-01-31,CAT,Industrials,0.016372401959251187,0.016571043390417886,0.3933333333333333,0.016392218437512034,1.0024588327656268,0.12087728101699169,Equity Sentiment Tilt,Equity,risk_parity_sentiment_tilt
2022-01-31,CCI,RealEstate,0.02194298092131965,0.01772454014926711,0.0,-1.333106694790225,0.8000339957814663,0.12087728101699169,Equity Sentiment Tilt,Equity,risk_parity_sentiment_tilt
2022-01-31,CMCSA,Comm,0.0171604740530487,0.015644785242191917,0.2,-0.6469208067083247,0.9029618789937512,0.12087728101699169,Equity Sentiment Tilt,Equity,risk_parity_sentiment_tilt
2022-01-31,COP,Energy,0.01299819921733419,0.012810701126465799,0.34222222222222226,-0.15896639740564006,0.976155040389154,0.12087728101699169,Equity Sentiment Tilt,Equity,risk_parity_sentiment_tilt
2022-01-31,CVX,Energy,0.017481648074549185,0.0172294765556791,0.34222222222222226,-0.15896639740564006,0.976155040389154,0.12087728101699169,Equity Sentiment Tilt,Equity,risk_parity_sentiment_tilt
2022-01-31,D,Utilities,0.025757209713224382,0.02348221926479385,0.2,-0.6469208067083247,0.9029618789937512,0.12087728101699169,Equity Sentiment Tilt,Equity,risk_parity_sentiment_tilt
2022-01-31,DD,Materials,0.01439415911726271,0.011626945860440488,0.0,-1.333106694790225,0.8000339957814663,0.12087728101699169,Equity Sentiment Tilt,Equity,risk_parity_sentiment_tilt
2022-01-31,DIS,Consumer,0.017266694268766508,0.01933037312319928,0.6,0.7254509694554757,1.1088176454183214,0.12087728101699169,Equity Sentiment Tilt,Equity,risk_parity_sentiment_tilt
2022-01-31,DOW,Materials,0.013614081329871307,0.010996834568280697,0.0,-1.333106694790225,0.8000339957814663,0.12087728101699169,Equity Sentiment Tilt,Equity,risk_parity_sentiment_tilt
2022-01-31,DUK,Utilities,0.032151643636682756,0.029311868560532278,0.2,-0.6469208067083247,0.9029618789937512,0.12087728101699169,Equity Sentiment Tilt,Equity,risk_parity_sentiment_tilt
2022-01-31,EA,Comm,0.027982025663911368,0.02551052965087652,0.2,-0.6469208067083247,0.9029618789937512,0.12087728101699169,Equity Sentiment Tilt,Equity,risk_parity_sentiment_tilt
2022-01-31,GE,Industrials,0.013024966999740265,0.013182995008835505,0.3933333333333333,0.016392218437512034,1.0024588327656268,0.12087728101699169,Equity Sentiment Tilt,Equity,risk_parity_sentiment_tilt
2022-01-31,GILD,Healthcare,0.02726520771689378,0.030523887794924164,0.6,0.7254509694554757,1.1088176454183214,0.12087728101699169,Equity Sentiment Tilt,Equity,risk_parity_sentiment_tilt
2022-01-31,GS,Financials,0.014944368605223848,0.017895264993977034,0.75,1.240090385516901,1.1860135578275353,0.12087728101699169,Equity Sentiment Tilt,Equity,risk_parity_sentiment_tilt
2022-01-31,INTC,Tech,0.016049744868924718,0.019635884468469835,0.8,1.411636857537376,1.2117455286306065,0.12087728101699169,Equity Sentiment Tilt,Equity,risk_parity_sentiment_tilt
2022-01-31,KO,Consumer,0.025291726831832236,0.02831454063987858,0.6,0.7254509694554757,1.1088176454183214,0.12087728101699169,Equity Sentiment Tilt,Equity,risk_parity_sentiment_tilt
2022-01-31,MMM,Industrials,0.02293153902191095,0.02320976049127779,0.3933333333333333,0.016392218437512034,1.0024588327656268,0.12087728101699169,Equity Sentiment Tilt,Equity,risk_parity_sentiment_tilt
2022-01-31,MRK,Healthcare,0.03699023469278151,0.04141122946849152,0.6,0.7254509694554757,1.1088176454183214,0.12087728101699169,Equity Sentiment Tilt,Equity,risk_parity_sentiment_tilt
2022-01-31,MS,Financials,0.015234597992581313,0.01824280271423816,0.75,1.240090385516901,1.1860135578275353,0.12087728101699169,Equity Sentiment Tilt,Equity,risk_parity_sentiment_tilt
2022-01-31,NEE,Utilities,0.024750609139595658,0.022564526096737644,0.2,-0.6469208067083247,0.9029618789937512,0.12087728101699169,Equity Sentiment Tilt,Equity,risk_parity_sentiment_tilt
2022-01-31,NEM,Materials,0.024128704885360355,0.019490068374204604,0.0,-1.333106694790225,0.8000339957814663,0.12087728101699169,Equity Sentiment Tilt,Equity,risk_parity_sentiment_tilt
2022-01-31,NKE,Consumer,0.01834754350591625,0.020540403179839784,0.6,0.7254509694554757,1.1088176454183214,0.12087728101699169,Equity Sentiment Tilt,Equity,risk_parity_sentiment_tilt
2022-01-31,NUE,Materials,0.01143486440040238,0.009236562429375168,0.0,-1.333106694790225,0.8000339957814663,0.12087728101699169,Equity Sentiment Tilt,Equity,risk_parity_sentiment_tilt
2022-01-31,NVDA,Tech,0.011672053990175953,0.014280046538596002,0.8,1.411636857537376,1.2117455286306065,0.12087728101699169,Equity Sentiment Tilt,Equity,risk_parity_sentiment_tilt
2022-01-31,O,RealEstate,0.02167845800238945,0.017510870588427072,0.0,-1.333106694790225,0.8000339957814663,0.12087728101699169,Equity Sentiment Tilt,Equity,risk_parity_sentiment_tilt
2022-01-31,OXY,Energy,0.009540979876706079,0.009403351926712015,0.34222222222222226,-0.15896639740564006,0.976155040389154,0.12087728101699169,Equity Sentiment Tilt,Equity,risk_parity_sentiment_tilt
2022-01-31,PLD,RealEstate,0.02072123282865625,0.016737667709357945,0.0,-1.333106694790225,0.8000339957814663,0.12087728101699169,Equity Sentiment Tilt,Equity,risk_parity_sentiment_tilt
2022-01-31,PSA,RealEstate,0.030636563255017773,0.02474681983255659,0.0,-1.333106694790225,0.8000339957814663,0.12087728101699169,Equity Sentiment Tilt,Equity,risk_parity_sentiment_tilt
2022-01-31,QCOM,Tech,0.014009503792316072,0.017139773882582504,0.8,1.411636857537376,1.2117455286306065,0.12087728101699169,Equity Sentiment Tilt,Equity,risk_parity_sentiment_tilt
2022-01-31,SBUX,Consumer,0.019100584055723815,0.021383445546728188,0.6,0.7254509694554757,1.1088176454183214,0.12087728101699169,Equity Sentiment Tilt,Equity,risk_parity_sentiment_tilt
2022-01-31,SHW,Materials,0.021561213278130403,0.01741616564246414,0.0,-1.333106694790225,0.8000339957814663,0.12087728101699169,Equity Sentiment Tilt,Equity,risk_parity_sentiment_tilt
2022-01-31,SLB,Energy,0.011052551001489653,0.0108931187465015,0.34222222222222226,-0.15896639740564006,0.976155040389154,0.12087728101699169,Equity Sentiment Tilt,Equity,risk_parity_sentiment_tilt
2022-01-31,SO,Utilities,0.02976448920131571,0.02713555814126222,0.2,-0.6469208067083247,0.9029618789937512,0.12087728101699169,Equity Sentiment Tilt,Equity,risk_parity_sentiment_tilt
2022-01-31,T,Comm,0.02192558696762571,0.019989022352011634,0.2,-0.6469208067083247,0.9029618789937512,0.12087728101699169,Equity Sentiment Tilt,Equity,risk_parity_sentiment_tilt
2022-01-31,TMUS,Comm,0.018411569223947856,0.016785378165543204,0.2,-0.6469208067083247,0.9029618789937512,0.12087728101699169,Equity Sentiment Tilt,Equity,risk_parity_sentiment_tilt
2022-01-31,TTWO,Comm,0.023525823795208328,0.02144791919989497,0.2,-0.6469208067083247,0.9029618789937512,0.12087728101699169,Equity Sentiment Tilt,Equity,risk_parity_sentiment_tilt
2022-01-31,UPS,Industrials,0.01931675043955825,0.019551114765718452,0.3933333333333333,0.016392218437512034,1.0024588327656268,0.12087728101699169,Equity Sentiment Tilt,Equity,risk_parity_sentiment_tilt
2022-01-31,USB,Financials,0.014751876604195075,0.017664763762467884,0.75,1.240090385516901,1.1860135578275353,0.12087728101699169,Equity Sentiment Tilt,Equity,risk_parity_sentiment_tilt
2022-01-31,V,Financials,0.014955214609695186,0.01790825263696602,0.75,1.240090385516901,1.1860135578275353,0.12087728101699169,Equity Sentiment Tilt,Equity,risk_parity_sentiment_tilt
2022-01-31,WFC,Financials,0.01368035464551951,0.01638166041404928,0.75,1.240090385516901,1.1860135578275353,0.12087728101699169,Equity Sentiment Tilt,Equity,risk_parity_sentiment_tilt
2022-01-31,WMT,Consumer,0.029475019810595256,0.03299781196584535,0.6,0.7254509694554757,1.1088176454183214,0.12087728101699169,Equity Sentiment Tilt,Equity,risk_parity_sentiment_tilt
2022-01-31,XOM,Energy,0.014533473502956699,0.014323829190700217,0.34222222222222226,-0.15896639740564006,0.976155040389154,0.12087728101699169,Equity Sentiment Tilt,Equity,risk_parity_sentiment_tilt
2022-02-28,ABBV,Healthcare,0.028540929043362258,0.023503429541957773,0.0,-1.2152132902287236,0.8177180064656915,0.19772968929031043,Equity Sentiment Tilt,Equity,risk_parity_sentiment_tilt
2022-02-28,ABT,Healthcare,0.02506029302743675,0.020637128895709837,0.0,-1.2152132902287236,0.8177180064656915,0.19772968929031043,Equity Sentiment Tilt,Equity,risk_parity_sentiment_tilt
2022-02-28,ADBE,Tech,0.016965306672289418,0.017827674068816815,0.4,0.2896948091257329,1.04345422136886,0.19772968929031043,Equity Sentiment Tilt,Equity,risk_parity_sentiment_tilt
2022-02-28,AEP,Utilities,0.028975405705881453,0.023861220684973133,0.0,-1.2152132902287236,0.8177180064656915,0.19772968929031043,Equity Sentiment Tilt,Equity,risk_parity_sentiment_tilt
2022-02-28,AMD,Tech,0.011649299219685449,0.012241447421512982,0.4,0.2896948091257329,1.04345422136886,0.19772968929031043,Equity Sentiment Tilt,Equity,risk_parity_sentiment_tilt
2022-02-28,AMGN,Healthcare,0.021430139729976715,0.01764770090183727,0.0,-1.2152132902287236,0.8177180064656915,0.19772968929031043,Equity Sentiment Tilt,Equity,risk_parity_sentiment_tilt
2022-02-28,AMT,RealEstate,0.02188595011217526,0.027973819385164893,0.8,1.7946029084801893,1.2691904362720283,0.19772968929031043,Equity Sentiment Tilt,Equity,risk_parity_sentiment_tilt
2022-02-28,BA,Industrials,0.0124663207045791,0.013099999112989074,0.4,0.2896948091257329,1.04345422136886,0.19772968929031043,Equity Sentiment Tilt,Equity,risk_parity_sentiment_tilt
2022-02-28,CAT,Industrials,0.016470297674810095,0.01730750315539576,0.4,0.2896948091257329,1.04345422136886,0.19772968929031043,Equity Sentiment Tilt,Equity,risk_parity_sentiment_tilt
2022-02-28,CCI,RealEstate,0.021521206996759815,0.027507618101678556,0.8,1.7946029084801893,1.2691904362720283,0.19772968929031043,Equity Sentiment Tilt,Equity,risk_parity_sentiment_tilt
2022-02-28,CMCSA,Comm,0.0167560054930779,0.019512323010999356,0.6,1.0421488588029608,1.156322328820444,0.19772968929031043,Equity Sentiment Tilt,Equity,risk_parity_sentiment_tilt
2022-02-28,COP,Energy,0.013758188385086894,0.013649550484791833,0.2966666666666667,-0.09907311654083499,0.9851390325188748,0.19772968929031043,Equity Sentiment Tilt,Equity,risk_parity_sentiment_tilt
2022-02-28,CVX,Energy,0.018055935115334053,0.017913361193252857,0.2966666666666667,-0.09907311654083499,0.9851390325188748,0.19772968929031043,Equity Sentiment Tilt,Equity,risk_parity_sentiment_tilt
2022-02-28,D,Utilities,0.025764965347134995,0.02121742592076577,0.0,-1.2152132902287236,0.8177180064656915,0.19772968929031043,Equity Sentiment Tilt,Equity,risk_parity_sentiment_tilt
2022-02-28,DD,Materials,0.013450433026685953,0.011076419568236079,0.0,-1.2152132902287236,0.8177180064656915,0.19772968929031043,Equity Sentiment Tilt,Equity,risk_parity_sentiment_tilt
2022-02-28,DIS,Consumer,0.019543499536182715,0.020536919645798568,0.4,0.2896948091257329,1.04345422136886,0.19772968929031043,Equity Sentiment Tilt,Equity,risk_parity_sentiment_tilt
2022-02-28,DOW,Materials,0.014405486097730605,0.01186290491810064,0.0,-1.2152132902287236,0.8177180064656915,0.19772968929031043,Equity Sentiment Tilt,Equity,risk_parity_sentiment_tilt
2022-02-28,DUK,Utilities,0.028917483520737832,0.0238135218173094,0.0,-1.2152132902287236,0.8177180064656915,0.19772968929031043,Equity Sentiment Tilt,Equity,risk_parity_sentiment_tilt
2022-02-28,EA,Comm,0.028013408603679506,0.03262153844124201,0.6,1.0421488588029608,1.156322328820444,0.19772968929031043,Equity Sentiment Tilt,Equity,risk_parity_sentiment_tilt
2022-02-28,GE,Industrials,0.013070631255318339,0.013735027512005483,0.4,0.2896948091257329,1.04345422136886,0.19772968929031043,Equity Sentiment Tilt,Equity,risk_parity_sentiment_tilt
2022-02-28,GILD,Healthcare,0.03155950069248523,0.02598922059538577,0.0,-1.2152132902287236,0.8177180064656915,0.19772968929031043,Equity Sentiment Tilt,Equity,risk_parity_sentiment_tilt
2022-02-28,GS,Financials,0.015326227933997306,0.015524588285348051,0.33333333333333337,0.038876792566656895,1.0058315188849984,0.19772968929031043,Equity Sentiment Tilt,Equity,risk_parity_sentiment_tilt
2022-02-28,INTC,Tech,0.015863630657606754,0.016669998507827667,0.4,0.2896948091257329,1.04345422136886,0.19772968929031043,Equity Sentiment Tilt,Equity,risk_parity_sentiment_tilt
2022-02-28,KO,Consumer,0.027953334700271178,0.02937423707093718,0.4,0.2896948091257329,1.04345422136886,0.19772968929031043,Equity Sentiment Tilt,Equity,risk_parity_sentiment_tilt
2022-02-28,MMM,Industrials,0.020097356860531438,0.021118930218896187,0.4,0.2896948091257329,1.04345422136886,0.19772968929031043,Equity Sentiment Tilt,Equity,risk_parity_sentiment_tilt
2022-02-28,MRK,Healthcare,0.03438163075280633,0.028313242176120686,0.0,-1.2152132902287236,0.8177180064656915,0.19772968929031043,Equity Sentiment Tilt,Equity,risk_parity_sentiment_tilt
2022-02-28,MS,Financials,0.015367369930371255,0.015566262763745047,0.33333333333333337,0.038876792566656895,1.0058315188849984,0.19772968929031043,Equity Sentiment Tilt,Equity,risk_parity_sentiment_tilt
2022-02-28,NEE,Utilities,0.022159015685968928,0.018247929599735042,0.0,-1.2152132902287236,0.8177180064656915,0.19772968929031043,Equity Sentiment Tilt,Equity,risk_parity_sentiment_tilt
2022-02-28,NEM,Materials,0.028063512434746377,0.02311027739173464,0.0,-1.2152132902287236,0.8177180064656915,0.19772968929031043,Equity Sentiment Tilt,Equity,risk_parity_sentiment_tilt
2022-02-28,NKE,Consumer,0.018305856823578565,0.019236366032465292,0.4,0.2896948091257329,1.04345422136886,0.19772968929031043,Equity Sentiment Tilt,Equity,risk_parity_sentiment_tilt
2022-02-28,NUE,Materials,0.010881935394878688,0.00896126406554906,0.0,-1.2152132902287236,0.8177180064656915,0.19772968929031043,Equity Sentiment Tilt,Equity,risk_parity_sentiment_tilt
2022-02-28,NVDA,Tech,0.010590817984915762,0.011129162284206573,0.4,0.2896948091257329,1.04345422136886,0.19772968929031043,Equity Sentiment Tilt,Equity,risk_parity_sentiment_tilt
2022-02-28,O,RealEstate,0.021534399841331302,0.027524480712135396,0.8,1.7946029084801893,1.2691904362720283,0.19772968929031043,Equity Sentiment Tilt,Equity,risk_parity_sentiment_tilt
2022-02-28,OXY,Energy,0.011342745179967507,0.011253180188891408,0.2966666666666667,-0.09907311654083499,0.9851390325188748,0.19772968929031043,Equity Sentiment Tilt,Equity,risk_parity_sentiment_tilt
2022-02-28,PLD,RealEstate,0.019601765321588242,0.025054258093709904,0.8,1.7946029084801893,1.2691904362720283,0.19772968929031043,Equity Sentiment Tilt,Equity,risk_parity_sentiment_tilt
2022-02-28,PSA,RealEstate,0.029473073077460058,0.03767140191624464,0.8,1.7946029084801893,1.2691904362720283,0.19772968929031043,Equity Sentiment Tilt,Equity,risk_parity_sentiment_tilt
2022-02-28,QCOM,Tech,0.012319683107910795,0.012945907746995253,0.4,0.2896948091257329,1.04345422136886,0.19772968929031043,Equity Sentiment Tilt,Equity,risk_parity_sentiment_tilt
2022-02-28,SBUX,Consumer,0.018542936570892395,0.01948549683481807,0.4,0.2896948091257329,1.04345422136886,0.19772968929031043,Equity Sentiment Tilt,Equity,risk_parity_sentiment_tilt
2022-02-28,SHW,Materials,0.019974922747532417,0.016449331018250933,0.0,-1.2152132902287236,0.8177180064656915,0.19772968929031043,Equity Sentiment Tilt,Equity,risk_parity_sentiment_tilt
2022-02-28,SLB,Energy,0.011978453980249016,0.011883869282556853,0.2966666666666667,-0.09907311654083499,0.9851390325188748,0.19772968929031043,Equity Sentiment Tilt,Equity,risk_parity_sentiment_tilt
2022-02-28,SO,Utilities,0.02897245566993227,0.02385879133300731,0.0,-1.2152132902287236,0.8177180064656915,0.19772968929031043,Equity Sentiment Tilt,Equity,risk_parity_sentiment_tilt
2022-02-28,T,Comm,0.02233136230034765,0.02600481091152929,0.6,1.0421488588029608,1.156322328820444,0.19772968929031043,Equity Sentiment Tilt,Equity,risk_parity_sentiment_tilt
2022-02-28,TMUS,Comm,0.019227821533881913,0.02239074609529962,0.6,1.0421488588029608,1.156322328820444,0.19772968929031043,Equity Sentiment Tilt,Equity,risk_parity_sentiment_tilt
2022-02-28,TTWO,Comm,0.02555932402348336,0.02976376359479177,0.6,1.0421488588029608,1.156322328820444,0.19772968929031043,Equity Sentiment Tilt,Equity,risk_parity_sentiment_tilt
2022-02-28,UPS,Industrials,0.017857854241438927,0.018765590928268724,0.4,0.2896948091257329,1.04345422136886,0.19772968929031043,Equity Sentiment Tilt,Equity,risk_parity_sentiment_tilt
2022-02-28,USB,Financials,0.015421740069054382,0.015621336590240897,0.33333333333333337,0.038876792566656895,1.0058315188849984,0.19772968929031043,Equity Sentiment Tilt,Equity,risk_parity_sentiment_tilt
2022-02-28,V,Financials,0.015752227085657926,0.01595610094899364,0.33333333333333337,0.038876792566656895,1.0058315188849984,0.19772968929031043,Equity Sentiment Tilt,Equity,risk_parity_sentiment_tilt
2022-02-28,WFC,Financials,0.014372717309389752,0.014558736809271475,0.33333333333333337,0.038876792566656895,1.0058315188849984,0.19772968929031043,Equity Sentiment Tilt,Equity,risk_parity_sentiment_tilt
2022-02-28,WMT,Consumer,0.03272559973451828,0.034389082204242825,0.4,0.2896948091257329,1.04345422136886,0.19772968929031043,Equity Sentiment Tilt,Equity,risk_parity_sentiment_tilt
2022-02-28,XOM,Energy,0.015759543085280926,0.01563510201626269,0.2966666666666667,-0.09907311654083499,0.9851390325188748,0.19772968929031043,Equity Sentiment Tilt,Equity,risk_parity_sentiment_tilt
2022-03-31,ABBV,Healthcare,0.02972796923683896,0.033510656965182586,0.6,0.9863939238321436,1.1479590885748214,0.22801852816231258,Equity Sentiment Tilt,Equity,risk_parity_sentiment_tilt
2022-03-31,ABT,Healthcare,0.023759952468299695,0.02678324948236179,0.6,0.9863939238321436,1.1479590885748214,0.22801852816231258,Equity Sentiment Tilt,Equity,risk_parity_sentiment_tilt
2022-03-31,ADBE,Tech,0.01571005665352431,0.018279682465455662,0.6666666666666666,1.2329924047901795,1.184948860718527,0.22801852816231258,Equity Sentiment Tilt,Equity,risk_parity_sentiment_tilt
2022-03-31,AEP,Utilities,0.02950830108026212,0.03326303748661765,0.6,0.9863939238321436,1.1479590885748214,0.22801852816231258,Equity Sentiment Tilt,Equity,risk_parity_sentiment_tilt
2022-03-31,AMD,Tech,0.01140279225712202,0.013267897517924405,0.6666666666666666,1.2329924047901795,1.184948860718527,0.22801852816231258,Equity Sentiment Tilt,Equity,risk_parity_sentiment_tilt
2022-03-31,AMGN,Healthcare,0.02268547518777457,0.025572052064949894,0.6,0.9863939238321436,1.1479590885748214,0.22801852816231258,Equity Sentiment Tilt,Equity,risk_parity_sentiment_tilt
2022-03-31,AMT,RealEstate,0.021431390170870833,0.019487772978904843,0.2,-0.4931969619160717,0.9260204557125893,0.22801852816231258,Equity Sentiment Tilt,Equity,risk_parity_sentiment_tilt
2022-03-31,BA,Industrials,0.01216197802511287,0.012384257564306661,0.4,0.24659848095803608,1.0369897721437054,0.22801852816231258,Equity Sentiment Tilt,Equity,risk_parity_sentiment_tilt
2022-03-31,CAT,Industrials,0.0180074328977491,0.018336547444602398,0.4,0.24659848095803608,1.0369897721437054,0.22801852816231258,Equity Sentiment Tilt,Equity,risk_parity_sentiment_tilt
2022-03-31,CCI,RealEstate,0.021509321483839848,0.019558636685037746,0.2,-0.4931969619160717,0.9260204557125893,0.22801852816231258,Equity Sentiment Tilt,Equity,risk_parity_sentiment_tilt
2022-03-31,CMCSA,Comm,0.01718388079035678,0.01749794360939448,0.4,0.24659848095803608,1.0369897721437054,0.22801852816231258,Equity Sentiment Tilt,Equity,risk_parity_sentiment_tilt
2022-03-31,COP,Energy,0.014657750993499571,0.012263631049220404,0.06666666666666665,-0.9863939238321436,0.8520409114251785,0.22801852816231258,Equity Sentiment Tilt,Equity,risk_parity_sentiment_tilt
2022-03-31,CVX,Energy,0.02168416299213965,0.018142385872477514,0.06666666666666665,-0.9863939238321436,0.8520409114251785,0.22801852816231258,Equity Sentiment Tilt,Equity,risk_parity_sentiment_tilt
2022-03-31,D,Utilities,0.026886274967871323,0.030307375870243406,0.6,0.9863939238321436,1.1479590885748214,0.22801852816231258,Equity Sentiment Tilt,Equity,risk_parity_sentiment_tilt
2022-03-31,DD,Materials,0.01252937132155318,0.01139308005388751,0.2,-0.4931969619160717,0.9260204557125893,0.22801852816231258,Equity Sentiment Tilt,Equity,risk_parity_sentiment_tilt
2022-03-31,DIS,Consumer,0.01777240719530485,0.018097226272726273,0.4,0.24659848095803608,1.0369897721437054,0.22801852816231258,Equity Sentiment Tilt,Equity,risk_parity_sentiment_tilt
2022-03-31,DOW,Materials,0.01386337465114482,0.012606102346557978,0.2,-0.4931969619160717,0.9260204557125893,0.22801852816231258,Equity Sentiment Tilt,Equity,risk_parity_sentiment_tilt
2022-03-31,DUK,Utilities,0.030371628812466384,0.034236217970354664,0.6,0.9863939238321436,1.1479590885748214,0.22801852816231258,Equity Sentiment Tilt,Equity,risk_parity_sentiment_tilt
2022-03-31,EA,Comm,0.02769962191583059,0.028205876669998006,0.4,0.24659848095803608,1.0369897721437054,0.22801852816231258,Equity Sentiment Tilt,Equity,risk_parity_sentiment_tilt
2022-03-31,GE,Industrials,0.012594299110577505,0.0128244800068912,0.4,0.24659848095803608,1.0369897721437054,0.22801852816231258,Equity Sentiment Tilt,Equity,risk_parity_sentiment_tilt
2022-03-31,GILD,Healthcare,0.03076775243278584,0.03468274570491253,0.6,0.9863939238321436,1.1479590885748214,0.22801852816231258,Equity Sentiment Tilt,Equity,risk_parity_sentiment_tilt
2022-03-31,GS,Financials,0.013786826538571124,0.00953188364433358,-0.2,-1.9727878476642873,0.7040818228503569,0.22801852816231258,Equity Sentiment Tilt,Equity,risk_parity_sentiment_tilt
2022-03-31,INTC,Tech,0.01665995796057359,0.01938495500834537,0.6666666666666666,1.2329924047901795,1.184948860718527,0.22801852816231258,Equity Sentiment Tilt,Equity,risk_parity_sentiment_tilt
2022-03-31,KO,Consumer,0.02771042771994321,0.028216879967409316,0.4,0.24659848095803608,1.0369897721437054,0.22801852816231258,Equity Sentiment Tilt,Equity,risk_parity_sentiment_tilt
2022-03-31,MMM,Industrials,0.01861600898923912,0.018956246234464465,0.4,0.24659848095803608,1.0369897721437054,0.22801852816231258,Equity Sentiment Tilt,Equity,risk_parity_sentiment_tilt
2022-03-31,MRK,Healthcare,0.035520596785850095,0.04004035810875855,0.6,0.9863939238321436,1.1479590885748214,0.22801852816231258,Equity Sentiment Tilt,Equity,risk_parity_sentiment_tilt
2022-03-31,MS,Financials,0.013462460885853412,0.009307624954251881,-0.2,-1.9727878476642873,0.7040818228503569,0.22801852816231258,Equity Sentiment Tilt,Equity,risk_parity_sentiment_tilt
2022-03-31,NEE,Utilities,0.026056144719205084,0.029371617030550995,0.6,0.9863939238321436,1.1479590885748214,0.22801852816231258,Equity Sentiment Tilt,Equity,risk_parity_sentiment_tilt
2022-03-31,NEM,Materials,0.034416086328380925,0.03129488436552623,0.2,-0.4931969619160717,0.9260204557125893,0.22801852816231258,Equity Sentiment Tilt,Equity,risk_parity_sentiment_tilt
2022-03-31,NKE,Consumer,0.016537945167197608,0.016840202482856816,0.4,0.24659848095803608,1.0369897721437054,0.22801852816231258,Equity Sentiment Tilt,Equity,risk_parity_sentiment_tilt
2022-03-31,NUE,Materials,0.011005917392044241,0.010007788475255198,0.2,-0.4931969619160717,0.9260204557125893,0.22801852816231258,Equity Sentiment Tilt,Equity,risk_parity_sentiment_tilt
2022-03-31,NVDA,Tech,0.009786386618737162,0.011387103421716047,0.6666666666666666,1.2329924047901795,1.184948860718527,0.22801852816231258,Equity Sentiment Tilt,Equity,risk_parity_sentiment_tilt
2022-03-31,O,RealEstate,0.02084907448676091,0.018958267624211902,0.2,-0.4931969619160717,0.9260204557125893,0.22801852816231258,Equity Sentiment Tilt,Equity,risk_parity_sentiment_tilt
2022-03-31,OXY,Energy,0.01105964987971316,0.009253224844555413,0.06666666666666665,-0.9863939238321436,0.8520409114251785,0.22801852816231258,Equity Sentiment Tilt,Equity,risk_parity_sentiment_tilt
2022-03-31,PLD,RealEstate,0.01919407595610511,0.017453361251424288,0.2,-0.4931969619160717,0.9260204557125893,0.22801852816231258,Equity Sentiment Tilt,Equity,risk_parity_sentiment_tilt
2022-03-31,PSA,RealEstate,0.026469800646165418,0.024069248969693882,0.2,-0.4931969619160717,0.9260204557125893,0.22801852816231258,Equity Sentiment Tilt,Equity,risk_parity_sentiment_tilt
2022-03-31,QCOM,Tech,0.011540972954032386,0.01342867983195955,0.6666666666666666,1.2329924047901795,1.184948860718527,0.22801852816231258,Equity Sentiment Tilt,Equity,risk_parity_sentiment_tilt
2022-03-31,SBUX,Consumer,0.015439662780900896,0.01572184723487374,0.4,0.24659848095803608,1.0369897721437054,0.22801852816231258,Equity Sentiment Tilt,Equity,risk_parity_sentiment_tilt
2022-03-31,SHW,Materials,0.01972849038700405,0.01793930952743321,0.2,-0.4931969619160717,0.9260204557125893,0.22801852816231258,Equity Sentiment Tilt,Equity,risk_parity_sentiment_tilt
2022-03-31,SLB,Energy,0.013413513420117809,0.0112226206961111,0.06666666666666665,-0.9863939238321436,0.8520409114251785,0.22801852816231258,Equity Sentiment Tilt,Equity,risk_parity_sentiment_tilt
2022-03-31,SO,Utilities,0.030702149218875166,0.03460879491534935,0.6,0.9863939238321436,1.1479590885748214,0.22801852816231258,Equity Sentiment Tilt,Equity,risk_parity_sentiment_tilt
2022-03-31,T,Comm,0.02095221890978395,0.021335154116107924,0.4,0.24659848095803608,1.0369897721437054,0.22801852816231258,Equity Sentiment Tilt,Equity,risk_parity_sentiment_tilt
2022-03-31,TMUS,Comm,0.020362662424261747,0.02073482254583717,0.4,0.24659848095803608,1.0369897721437054,0.22801852816231258,Equity Sentiment Tilt,Equity,risk_parity_sentiment_tilt
2022-03-31,TTWO,Comm,0.023135557642691696,0.02355839684542584,0.4,0.24659848095803608,1.0369897721437054,0.22801852816231258,Equity Sentiment Tilt,Equity,risk_parity_sentiment_tilt
2022-03-31,UPS,Industrials,0.016988270220057767,0.01729875794404615,0.4,0.24659848095803608,1.0369897721437054,0.22801852816231258,Equity Sentiment Tilt,Equity,risk_parity_sentiment_tilt
2022-03-31,USB,Financials,0.01398332530096001,0.00966773821058248,-0.2,-1.9727878476642873,0.7040818228503569,0.22801852816231258,Equity Sentiment Tilt,Equity,risk_parity_sentiment_tilt
2022-03-31,V,Financials,0.015379514954418175,0.010633030497749019,-0.2,-1.9727878476642873,0.7040818228503569,0.22801852816231258,Equity Sentiment Tilt,Equity,risk_parity_sentiment_tilt
2022-03-31,WFC,Financials,0.012716851587020923,0.008792128435838369,-0.2,-1.9727878476642873,0.7040818228503569,0.22801852816231258,Equity Sentiment Tilt,Equity,risk_parity_sentiment_tilt
2022-03-31,WMT,Consumer,0.034507998470825016,0.03513868716165776,0.4,0.24659848095803608,1.0369897721437054,0.22801852816231258,Equity Sentiment Tilt,Equity,risk_parity_sentiment_tilt
2022-03-31,XOM,Energy,0.018102257009785454,0.015145529571666556,0.06666666666666665,-0.9863939238321436,0.8520409114251785,0.22801852816231258,Equity Sentiment Tilt,Equity,risk_parity_sentiment_tilt
2022-05-31,ABBV,Healthcare,0.032263128635922324,0.03606616674580701,0.6,0.8017837257372731,1.120267558860591,0.1374518075082332,Equity Sentiment Tilt,Equity,risk_parity_sentiment_tilt
2022-05-31,ABT,Healthcare,0.0204744053492587,0.02288783972814784,0.6,0.8017837257372731,1.120267558860591,0.1374518075082332,Equity Sentiment Tilt,Equity,risk_parity_sentiment_tilt
2022-05-31,ADBE,Tech,0.015152841519987683,0.015120488698579432,0.4,0.0,1.0,0.1374518075082332,Equity Sentiment Tilt,Equity,risk_parity_sentiment_tilt
2022-05-31,AEP,Utilities,0.030228870997896624,0.026536539100054594,0.2,-0.8017837257372733,0.879732441139409,0.1374518075082332,Equity Sentiment Tilt,Equity,risk_parity_sentiment_tilt
2022-05-31,AMD,Tech,0.00962897954222042,0.009608420714685517,0.4,0.0,1.0,0.1374518075082332,Equity Sentiment Tilt,Equity,risk_parity_sentiment_tilt
2022-05-31,AMGN,Healthcare,0.02950322211885779,0.03298093438131586,0.6,0.8017837257372731,1.120267558860591,0.1374518075082332,Equity Sentiment Tilt,Equity,risk_parity_sentiment_tilt
2022-05-31,AMT,RealEstate,0.020120513891675292,0.017662876117231923,0.2,-0.8017837257372733,0.879732441139409,0.1374518075082332,Equity Sentiment Tilt,Equity,risk_parity_sentiment_tilt
2022-05-31,BA,Industrials,0.011639203310759304,0.011614352455851951,0.4,0.0,1.0,0.1374518075082332,Equity Sentiment Tilt,Equity,risk_parity_sentiment_tilt
2022-05-31,CAT,Industrials,0.017207224353645773,0.017170485220875796,0.4,0.0,1.0,0.1374518075082332,Equity Sentiment Tilt,Equity,risk_parity_sentiment_tilt
2022-05-31,CCI,RealEstate,0.021681849491000323,0.019033501013632416,0.2,-0.8017837257372733,0.879732441139409,0.1374518075082332,Equity Sentiment Tilt,Equity,risk_parity_sentiment_tilt
2022-05-31,CMCSA,Comm,0.01931659937351945,0.02159355658990904,0.6,0.8017837257372731,1.120267558860591,0.1374518075082332,Equity Sentiment Tilt,Equity,risk_parity_sentiment_tilt
2022-05-31,COP,Energy,0.01396619811669963,0.017288567435346076,0.8,1.6035674514745466,1.240535117721182,0.1374518075082332,Equity Sentiment Tilt,Equity,risk_parity_sentiment_tilt
2022-05-31,CVX,Energy,0.019587055148306408,0.02424655020369713,0.8,1.6035674514745466,1.240535117721182,0.1374518075082332,Equity Sentiment Tilt,Equity,risk_parity_sentiment_tilt
2022-05-31,D,Utilities,0.02954639590700476,0.025937425526295077,0.2,-0.8017837257372733,0.879732441139409,0.1374518075082332,Equity Sentiment Tilt,Equity,risk_parity_sentiment_tilt
2022-05-31,DD,Materials,0.013572401018374656,0.011914588220340108,0.2,-0.8017837257372733,0.879732441139409,0.1374518075082332,Equity Sentiment Tilt,Equity,risk_parity_sentiment_tilt
2022-05-31,DIS,Consumer,0.01633011651362994,0.018255040042932186,0.6,0.8017837257372731,1.120267558860591,0.1374518075082332,Equity Sentiment Tilt,Equity,risk_parity_sentiment_tilt
2022-05-31,DOW,Materials,0.017240058333781103,0.015134256323811674,0.2,-0.8017837257372733,0.879732441139409,0.1374518075082332,Equity Sentiment Tilt,Equity,risk_parity_sentiment_tilt
2022-05-31,DUK,Utilities,0.033903339123094865,0.02976218610099658,0.2,-0.8017837257372733,0.879732441139409,0.1374518075082332,Equity Sentiment Tilt,Equity,risk_parity_sentiment_tilt
2022-05-31,EA,Comm,0.02832365512633949,0.0316623251317266,0.6,0.8017837257372731,1.120267558860591,0.1374518075082332,Equity Sentiment Tilt,Equity,risk_parity_sentiment_tilt
2022-05-31,GE,Industrials,0.01261096412728106,0.012584038466529075,0.4,0.0,1.0,0.1374518075082332,Equity Sentiment Tilt,Equity,risk_parity_sentiment_tilt
2022-05-31,GILD,Healthcare,0.0325572252933448,0.03639493024564235,0.6,0.8017837257372731,1.120267558860591,0.1374518075082332,Equity Sentiment Tilt,Equity,risk_parity_sentiment_tilt
2022-05-31,GS,Financials,0.014734165713626056,0.011166189494085788,0.0,-1.6035674514745466,0.759464882278818,0.1374518075082332,Equity Sentiment Tilt,Equity,risk_parity_sentiment_tilt
2022-05-31,INTC,Tech,0.01559743458178601,0.015564132510040208,0.4,0.0,1.0,0.1374518075082332,Equity Sentiment Tilt,Equity,risk_parity_sentiment_tilt
2022-05-31,KO,Consumer,0.025113162744327924,0.028073393788693442,0.6,0.8017837257372731,1.120267558860591,0.1374518075082332,Equity Sentiment Tilt,Equity,risk_parity_sentiment_tilt
2022-05-31,MMM,Industrials,0.02066430755756606,0.02062018720884775,0.4,0.0,1.0,0.1374518075082332,Equity Sentiment Tilt,Equity,risk_parity_sentiment_tilt
2022-05-31,MRK,Healthcare,0.036311469908738674,0.04059170898434736,0.6,0.8017837257372731,1.120267558860591,0.1374518075082332,Equity Sentiment Tilt,Equity,risk_parity_sentiment_tilt
2022-05-31,MS,Financials,0.013546103612988105,0.010265824532519178,0.0,-1.6035674514745466,0.759464882278818,0.1374518075082332,Equity Sentiment Tilt,Equity,risk_parity_sentiment_tilt
2022-05-31,NEE,Utilities,0.022814682339362576,0.020027963002519886,0.2,-0.8017837257372733,0.879732441139409,0.1374518075082332,Equity Sentiment Tilt,Equity,risk_parity_sentiment_tilt
2022-05-31,NEM,Materials,0.03388529213507973,0.029746343478123397,0.2,-0.8017837257372733,0.879732441139409,0.1374518075082332,Equity Sentiment Tilt,Equity,risk_parity_sentiment_tilt
2022-05-31,NKE,Consumer,0.014893815517512987,0.016649434095422008,0.6,0.8017837257372731,1.120267558860591,0.1374518075082332,Equity Sentiment Tilt,Equity,risk_parity_sentiment_tilt
2022-05-31,NUE,Materials,0.011817733375373396,0.01037424599190083,0.2,-0.8017837257372733,0.879732441139409,0.1374518075082332,Equity Sentiment Tilt,Equity,risk_parity_sentiment_tilt
2022-05-31,NVDA,Tech,0.009274799029682533,0.00925499641271403,0.4,0.0,1.0,0.1374518075082332,Equity Sentiment Tilt,Equity,risk_parity_sentiment_tilt
2022-05-31,O,RealEstate,0.021513108693771574,0.01888537120872681,0.2,-0.8017837257372733,0.879732441139409,0.1374518075082332,Equity Sentiment Tilt,Equity,risk_parity_sentiment_tilt
2022-05-31,OXY,Energy,0.010682893824700767,0.01322420953431428,0.8,1.6035674514745466,1.240535117721182,0.1374518075082332,Equity Sentiment Tilt,Equity,risk_parity_sentiment_tilt
2022-05-31,PLD,RealEstate,0.016020268347120864,0.014063458652369801,0.2,-0.8017837257372733,0.879732441139409,0.1374518075082332,Equity Sentiment Tilt,Equity,risk_parity_sentiment_tilt
2022-05-31,PSA,RealEstate,0.021047564308412797,0.018476691149661963,0.2,-0.8017837257372733,0.879732441139409,0.1374518075082332,Equity Sentiment Tilt,Equity,risk_parity_sentiment_tilt
2022-05-31,QCOM,Tech,0.01196276892888402,0.01193722722925007,0.4,0.0,1.0,0.1374518075082332,Equity Sentiment Tilt,Equity,risk_parity_sentiment_tilt
2022-05-31,SBUX,Consumer,0.014129595356956619,0.015795130966541792,0.6,0.8017837257372731,1.120267558860591,0.1374518075082332,Equity Sentiment Tilt,Equity,risk_parity_sentiment_tilt
2022-05-31,SHW,Materials,0.023734516244212713,0.020835442990221383,0.2,-0.8017837257372733,0.879732441139409,0.1374518075082332,Equity Sentiment Tilt,Equity,risk_parity_sentiment_tilt
2022-05-31,SLB,Energy,0.012537520870547395,0.015520027227978298,0.8,1.6035674514745466,1.240535117721182,0.1374518075082332,Equity Sentiment Tilt,Equity,risk_parity_sentiment_tilt
2022-05-31,SO,Utilities,0.031519647228320916,0.027669652338404075,0.2,-0.8017837257372733,0.879732441139409,0.1374518075082332,Equity Sentiment Tilt,Equity,risk_parity_sentiment_tilt
2022-05-31,T,Comm,0.022804718070487378,0.02549283963755313,0.6,0.8017837257372731,1.120267558860591,0.1374518075082332,Equity Sentiment Tilt,Equity,risk_parity_sentiment_tilt
2022-05-31,TMUS,Comm,0.018269339947678948,0.020422850750909067,0.6,0.8017837257372731,1.120267558860591,0.1374518075082332,Equity Sentiment Tilt,Equity,risk_parity_sentiment_tilt
2022-05-31,TTWO,Comm,0.01858386010086429,0.02077444517988423,0.6,0.8017837257372731,1.120267558860591,0.1374518075082332,Equity Sentiment Tilt,Equity,risk_parity_sentiment_tilt
2022-05-31,UPS,Industrials,0.017181795823670954,0.017145110983337673,0.4,0.0,1.0,0.1374518075082332,Equity Sentiment Tilt,Equity,risk_parity_sentiment_tilt
2022-05-31,USB,Financials,0.016188809901447714,0.012268581917476673,0.0,-1.6035674514745466,0.759464882278818,0.1374518075082332,Equity Sentiment Tilt,Equity,risk_parity_sentiment_tilt
2022-05-31,V,Financials,0.014963384585129693,0.011339901491397117,0.0,-1.6035674514745466,0.759464882278818,0.1374518075082332,Equity Sentiment Tilt,Equity,risk_parity_sentiment_tilt
2022-05-31,WFC,Financials,0.013378764257250299,0.010139007514691113,0.0,-1.6035674514745466,0.759464882278818,0.1374518075082332,Equity Sentiment Tilt,Equity,risk_parity_sentiment_tilt
2022-05-31,WMT,Consumer,0.03431051516741649,0.03835489034949905,0.6,0.8017837257372731,1.120267558860591,0.1374518075082332,Equity Sentiment Tilt,Equity,risk_parity_sentiment_tilt
2022-05-31,XOM,Energy,0.017663714534482122,0.021865672915161366,0.8,1.6035674514745466,1.240535117721182,0.1374518075082332,Equity Sentiment Tilt,Equity,risk_parity_sentiment_tilt
2022-06-30,ABBV,Healthcare,0.030701385967910392,0.030797787086015247,0.4,-0.042589051325723326,0.9936116423011415,0.11558711692876925,Equity Sentiment Tilt,Equity,risk_parity_sentiment_tilt
2022-06-30,ABT,Healthcare,0.019716579754947006,0.01977848902300308,0.4,-0.042589051325723326,0.9936116423011415,0.11558711692876925,Equity Sentiment Tilt,Equity,risk_parity_sentiment_tilt
2022-06-30,ADBE,Tech,0.014195905156331647,0.015758418053971435,0.52,0.6634925890744238,1.0995238883611635,0.11558711692876925,Equity Sentiment Tilt,Equity,risk_parity_sentiment_tilt
2022-06-30,AEP,Utilities,0.0287081312076525,0.028798273585915527,0.4,-0.042589051325723326,0.9936116423011415,0.11558711692876925,Equity Sentiment Tilt,Equity,risk_parity_sentiment_tilt
2022-06-30,AMD,Tech,0.009055353897057031,0.010052057319700958,0.52,0.6634925890744238,1.0995238883611635,0.11558711692876925,Equity Sentiment Tilt,Equity,risk_parity_sentiment_tilt
2022-06-30,AMGN,Healthcare,0.03178510473071716,0.03188490868218449,0.4,-0.042589051325723326,0.9936116423011415,0.11558711692876925,Equity Sentiment Tilt,Equity,risk_parity_sentiment_tilt
2022-06-30,AMT,RealEstate,0.01901333313426851,0.019073034236197894,0.4,-0.042589051325723326,0.9936116423011415,0.11558711692876925,Equity Sentiment Tilt,Equity,risk_parity_sentiment_tilt
2022-06-30,BA,Industrials,0.011585013431249689,0.013685991835929799,0.6,1.1342136826745217,1.1701320524011782,0.11558711692876925,Equity Sentiment Tilt,Equity,risk_parity_sentiment_tilt
2022-06-30,CAT,Industrials,0.017068270040909005,0.02016365417438515,0.6,1.1342136826745217,1.1701320524011782,0.11558711692876925,Equity Sentiment Tilt,Equity,risk_parity_sentiment_tilt
2022-06-30,CCI,RealEstate,0.020047166395581496,0.020110113692403474,0.4,-0.042589051325723326,0.9936116423011415,0.11558711692876925,Equity Sentiment Tilt,Equity,risk_parity_sentiment_tilt
2022-06-30,CMCSA,Comm,0.02033537310070876,0.01677519412178461,0.2,-1.2193917853259686,0.8170912322011047,0.11558711692876925,Equity Sentiment Tilt,Equity,risk_parity_sentiment_tilt
2022-06-30,COP,Energy,0.014322020595654896,0.018013237795778753,0.6857142857142857,1.6385577115317698,1.2457836567297655,0.11558711692876925,Equity Sentiment Tilt,Equity,risk_parity_sentiment_tilt
2022-06-30,CVX,Energy,0.019848218316171944,0.024963703547543178,0.6857142857142857,1.6385577115317698,1.2457836567297655,0.11558711692876925,Equity Sentiment Tilt,Equity,risk_parity_sentiment_tilt
2022-06-30,D,Utilities,0.029588757138852933,0.02968166464714913,0.4,-0.042589051325723326,0.9936116423011415,0.11558711692876925,Equity Sentiment Tilt,Equity,risk_parity_sentiment_tilt
2022-06-30,DD,Materials,0.013539257415331029,0.011168896202798153,0.2,-1.2193917853259686,0.8170912322011047,0.11558711692876925,Equity Sentiment Tilt,Equity,risk_parity_sentiment_tilt
2022-06-30,DIS,Consumer,0.01670272866832418,0.017747389953749113,0.4666666666666667,0.34967852667435834,1.0524517790011538,0.11558711692876925,Equity Sentiment Tilt,Equity,risk_parity_sentiment_tilt
2022-06-30,DOW,Materials,0.01716606059099015,0.014160743316292525,0.2,-1.2193917853259686,0.8170912322011047,0.11558711692876925,Equity Sentiment Tilt,Equity,risk_parity_sentiment_tilt
2022-06-30,DUK,Utilities,0.03291103780884053,0.03301437714492391,0.4,-0.042589051325723326,0.9936116423011415,0.11558711692876925,Equity Sentiment Tilt,Equity,risk_parity_sentiment_tilt
2022-06-30,EA,Comm,0.02731516205410889,0.022533009040769013,0.2,-1.2193917853259686,0.8170912322011047,0.11558711692876925,Equity Sentiment Tilt,Equity,risk_parity_sentiment_tilt
2022-06-30,GE,Industrials,0.012862920309949049,0.01519565112227828,0.6,1.1342136826745217,1.1701320524011782,0.11558711692876925,Equity Sentiment Tilt,Equity,risk_parity_sentiment_tilt
2022-06-30,GILD,Healthcare,0.03291848341723486,0.033021846132229374,0.4,-0.042589051325723326,0.9936116423011415,0.11558711692876925,Equity Sentiment Tilt,Equity,risk_parity_sentiment_tilt
2022-06-30,GS,Financials,0.015213101456296053,0.012549694999934656,0.2,-1.2193917853259686,0.8170912322011047,0.11558711692876925,Equity Sentiment Tilt,Equity,risk_parity_sentiment_tilt
2022-06-30,INTC,Tech,0.015537379258485154,0.017247545339446592,0.52,0.6634925890744238,1.0995238883611635,0.11558711692876925,Equity Sentiment Tilt,Equity,risk_parity_sentiment_tilt
2022-06-30,KO,Consumer,0.02694744202090881,0.028632852230191755,0.4666666666666667,0.34967852667435834,1.0524517790011538,0.11558711692876925,Equity Sentiment Tilt,Equity,risk_parity_sentiment_tilt
2022-06-30,MMM,Industrials,0.021997859026146264,0.025987239533765173,0.6,1.1342136826745217,1.1701320524011782,0.11558711692876925,Equity Sentiment Tilt,Equity,risk_parity_sentiment_tilt
2022-06-30,MRK,Healthcare,0.034486238408816566,0.034594523811479344,0.4,-0.042589051325723326,0.9936116423011415,0.11558711692876925,Equity Sentiment Tilt,Equity,risk_parity_sentiment_tilt
2022-06-30,MS,Financials,0.014192066647218308,0.011707416029071736,0.2,-1.2193917853259686,0.8170912322011047,0.11558711692876925,Equity Sentiment Tilt,Equity,risk_parity_sentiment_tilt
2022-06-30,NEE,Utilities,0.02110661340279222,0.021172887320639534,0.4,-0.042589051325723326,0.9936116423011415,0.11558711692876925,Equity Sentiment Tilt,Equity,risk_parity_sentiment_tilt
2022-06-30,NEM,Materials,0.03588885554385678,0.029605678517690928,0.2,-1.2193917853259686,0.8170912322011047,0.11558711692876925,Equity Sentiment Tilt,Equity,risk_parity_sentiment_tilt
2022-06-30,NKE,Consumer,0.014822692776848027,0.015749768441980925,0.4666666666666667,0.34967852667435834,1.0524517790011538,0.11558711692876925,Equity Sentiment Tilt,Equity,risk_parity_sentiment_tilt
2022-06-30,NUE,Materials,0.01198740031535263,0.009888727701709768,0.2,-1.2193917853259686,0.8170912322011047,0.11558711692876925,Equity Sentiment Tilt,Equity,risk_parity_sentiment_tilt
2022-06-30,NVDA,Tech,0.00884411675006738,0.00981756975204442,0.52,0.6634925890744238,1.0995238883611635,0.11558711692876925,Equity Sentiment Tilt,Equity,risk_parity_sentiment_tilt
2022-06-30,O,RealEstate,0.022424397875116058,0.022494809583247045,0.4,-0.042589051325723326,0.9936116423011415,0.11558711692876925,Equity Sentiment Tilt,Equity,risk_parity_sentiment_tilt
2022-06-30,OXY,Energy,0.011220203852365208,0.014111989209894406,0.6857142857142857,1.6385577115317698,1.2457836567297655,0.11558711692876925,Equity Sentiment Tilt,Equity,risk_parity_sentiment_tilt
2022-06-30,PLD,RealEstate,0.015188476215604442,0.015236167420523453,0.4,-0.042589051325723326,0.9936116423011415,0.11558711692876925,Equity Sentiment Tilt,Equity,risk_parity_sentiment_tilt
2022-06-30,PSA,RealEstate,0.020858309617593943,0.020923803871534627,0.4,-0.042589051325723326,0.9936116423011415,0.11558711692876925,Equity Sentiment Tilt,Equity,risk_parity_sentiment_tilt
2022-06-30,QCOM,Tech,0.012350925714055891,0.013710365673218743,0.52,0.6634925890744238,1.0995238883611635,0.11558711692876925,Equity Sentiment Tilt,Equity,risk_parity_sentiment_tilt
2022-06-30,SBUX,Consumer,0.014375512858375525,0.015274619946773194,0.4666666666666667,0.34967852667435834,1.0524517790011538,0.11558711692876925,Equity Sentiment Tilt,Equity,risk_parity_sentiment_tilt
2022-06-30,SHW,Materials,0.021477683976922245,0.017717516969809426,0.2,-1.2193917853259686,0.8170912322011047,0.11558711692876925,Equity Sentiment Tilt,Equity,risk_parity_sentiment_tilt
2022-06-30,SLB,Energy,0.0133404488887606,0.0167786854187727,0.6857142857142857,1.6385577115317698,1.2457836567297655,0.11558711692876925,Equity Sentiment Tilt,Equity,risk_parity_sentiment_tilt
2022-06-30,SO,Utilities,0.030226438113494902,0.030321347914424205,0.4,-0.042589051325723326,0.9936116423011415,0.11558711692876925,Equity Sentiment Tilt,Equity,risk_parity_sentiment_tilt
2022-06-30,T,Comm,0.0224609560635883,0.018528644459168367,0.2,-1.2193917853259686,0.8170912322011047,0.11558711692876925,Equity Sentiment Tilt,Equity,risk_parity_sentiment_tilt
2022-06-30,TMUS,Comm,0.018351161532828574,0.015138364835936858,0.2,-1.2193917853259686,0.8170912322011047,0.11558711692876925,Equity Sentiment Tilt,Equity,risk_parity_sentiment_tilt
2022-06-30,TTWO,Comm,0.018683370333752312,0.015412412776776789,0.2,-1.2193917853259686,0.8170912322011047,0.11558711692876925,Equity Sentiment Tilt,Equity,risk_parity_sentiment_tilt
2022-06-30,UPS,Industrials,0.01869099403059382,0.022080664232818736,0.6,1.1342136826745217,1.1701320524011782,0.11558711692876925,Equity Sentiment Tilt,Equity,risk_parity_sentiment_tilt
2022-06-30,USB,Financials,0.01657489012370035,0.013673070958439063,0.2,-1.2193917853259686,0.8170912322011047,0.11558711692876925,Equity Sentiment Tilt,Equity,risk_parity_sentiment_tilt
2022-06-30,V,Financials,0.014825671280325775,0.01223009346725798,0.2,-1.2193917853259686,0.8170912322011047,0.11558711692876925,Equity Sentiment Tilt,Equity,risk_parity_sentiment_tilt
2022-06-30,WFC,Financials,0.013692655314407557,0.011295438239776712,0.2,-1.2193917853259686,0.8170912322011047,0.11558711692876925,Equity Sentiment Tilt,Equity,risk_parity_sentiment_tilt
2022-06-30,WMT,Consumer,0.03711421019834938,0.03943549430127966,0.4666666666666667,0.34967852667435834,1.0524517790011538,0.11558711692876925,Equity Sentiment Tilt,Equity,risk_parity_sentiment_tilt
2022-06-30,XOM,Energy,0.017733665270585095,0.022304166327390035,0.6857142857142857,1.6385577115317698,1.2457836567297655,0.11558711692876925,Equity Sentiment Tilt,Equity,risk_parity_sentiment_tilt
2022-08-31,ABBV,Healthcare,0.03262159451642382,0.02826170205608505,0.0,-0.9815478202044042,0.8527678269693394,0.09582562454980803,Equity Sentiment Tilt,Equity,risk_parity_sentiment_tilt
2022-08-31,ABT,Healthcare,0.01859006094506627,0.016105489980552976,0.0,-0.9815478202044042,0.8527678269693394,0.09582562454980803,Equity Sentiment Tilt,Equity,risk_parity_sentiment_tilt
2022-08-31,ADBE,Tech,0.013506802516379635,0.015442922785456604,0.5,0.8361333283222702,1.1254199992483405,0.09582562454980803,Equity Sentiment Tilt,Equity,risk_parity_sentiment_tilt
2022-08-31,AEP,Utilities,0.028273432152171513,0.027627308846123588,0.2,-0.25447536079373445,0.9618286958809399,0.09582562454980803,Equity Sentiment Tilt,Equity,risk_parity_sentiment_tilt
2022-08-31,AMD,Tech,0.008983181505171243,0.01027086745244615,0.5,0.8361333283222702,1.1254199992483405,0.09582562454980803,Equity Sentiment Tilt,Equity,risk_parity_sentiment_tilt
2022-08-31,AMGN,Healthcare,0.033443023020592655,0.028973346228889276,0.0,-0.9815478202044042,0.8527678269693394,0.09582562454980803,Equity Sentiment Tilt,Equity,risk_parity_sentiment_tilt
2022-08-31,AMT,RealEstate,0.018355350828807907,0.017935882124147373,0.2,-0.25447536079373445,0.9618286958809399,0.09582562454980803,Equity Sentiment Tilt,Equity,risk_parity_sentiment_tilt
2022-08-31,BA,Industrials,0.012006211210635038,0.011731837274044204,0.2,-0.25447536079373445,0.9618286958809399,0.09582562454980803,Equity Sentiment Tilt,Equity,risk_parity_sentiment_tilt
2022-08-31,CAT,Industrials,0.016378054031267852,0.016003771830212135,0.2,-0.25447536079373445,0.9618286958809399,0.09582562454980803,Equity Sentiment Tilt,Equity,risk_parity_sentiment_tilt
2022-08-31,CCI,RealEstate,0.01934412244264779,0.018902057670391992,0.2,-0.25447536079373445,0.9618286958809399,0.09582562454980803,Equity Sentiment Tilt,Equity,risk_parity_sentiment_tilt
2022-08-31,CMCSA,Comm,0.020908951070296406,0.018114459278085537,0.0,-0.9815478202044042,0.8527678269693394,0.09582562454980803,Equity Sentiment Tilt,Equity,risk_parity_sentiment_tilt
2022-08-31,COP,Energy,0.015266569345953355,0.018300693200586304,0.6,1.1996695580276049,1.1799504337041407,0.09582562454980803,Equity Sentiment Tilt,Equity,risk_parity_sentiment_tilt
2022-08-31,CVX,Energy,0.020684977692548786,0.024795972299608195,0.6,1.1996695580276049,1.1799504337041407,0.09582562454980803,Equity Sentiment Tilt,Equity,risk_parity_sentiment_tilt
2022-08-31,D,Utilities,0.029160431475639095,0.028494037870171678,0.2,-0.25447536079373445,0.9618286958809399,0.09582562454980803,Equity Sentiment Tilt,Equity,risk_parity_sentiment_tilt
2022-08-31,DD,Materials,0.013548475160299304,0.01173771466326914,0.0,-0.9815478202044042,0.8527678269693394,0.09582562454980803,Equity Sentiment Tilt,Equity,risk_parity_sentiment_tilt
2022-08-31,DIS,Consumer,0.015913753817383875,0.02083971053009057,0.8,1.926742017438275,1.2890113026157413,0.09582562454980803,Equity Sentiment Tilt,Equity,risk_parity_sentiment_tilt
2022-08-31,DOW,Materials,0.017517540353017506,0.015176312303286544,0.0,-0.9815478202044042,0.8527678269693394,0.09582562454980803,Equity Sentiment Tilt,Equity,risk_parity_sentiment_tilt
2022-08-31,DUK,Utilities,0.03221369333600718,0.03147752455655901,0.2,-0.25447536079373445,0.9618286958809399,0.09582562454980803,Equity Sentiment Tilt,Equity,risk_parity_sentiment_tilt
2022-08-31,EA,Comm,0.02732858700895373,0.023676107655375176,0.0,-0.9815478202044042,0.8527678269693394,0.09582562454980803,Equity Sentiment Tilt,Equity,risk_parity_sentiment_tilt
2022-08-31,GE,Industrials,0.013276313294738828,0.012972914139236378,0.2,-0.25447536079373445,0.9618286958809399,0.09582562454980803,Equity Sentiment Tilt,Equity,risk_parity_sentiment_tilt
2022-08-31,GILD,Healthcare,0.03246084656427813,0.028122438148326653,0.0,-0.9815478202044042,0.8527678269693394,0.09582562454980803,Equity Sentiment Tilt,Equity,risk_parity_sentiment_tilt
2022-08-31,GS,Financials,0.015271614910750509,0.01492261779353752,0.2,-0.25447536079373445,0.9618286958809399,0.09582562454980803,Equity Sentiment Tilt,Equity,risk_parity_sentiment_tilt
2022-08-31,INTC,Tech,0.015211022357357388,0.017391432462839293,0.5,0.8361333283222702,1.1254199992483405,0.09582562454980803,Equity Sentiment Tilt,Equity,risk_parity_sentiment_tilt
2022-08-31,KO,Consumer,0.026830749220233766,0.035135961852339685,0.8,1.926742017438275,1.2890113026157413,0.09582562454980803,Equity Sentiment Tilt,Equity,risk_parity_sentiment_tilt
2022-08-31,MMM,Industrials,0.02092389118780925,0.02044572448781715,0.2,-0.25447536079373445,0.9618286958809399,0.09582562454980803,Equity Sentiment Tilt,Equity,risk_parity_sentiment_tilt
2022-08-31,MRK,Healthcare,0.03514293892064515,0.030446067516731214,0.0,-0.9815478202044042,0.8527678269693394,0.09582562454980803,Equity Sentiment Tilt,Equity,risk_parity_sentiment_tilt
2022-08-31,MS,Financials,0.014260860136042976,0.013934961460261604,0.2,-0.25447536079373445,0.9618286958809399,0.09582562454980803,Equity Sentiment Tilt,Equity,risk_parity_sentiment_tilt
2022-08-31,NEE,Utilities,0.020762852059736485,0.02028836553317623,0.2,-0.25447536079373445,0.9618286958809399,0.09582562454980803,Equity Sentiment Tilt,Equity,risk_parity_sentiment_tilt
2022-08-31,NEM,Materials,0.036288892176173586,0.03143886354519144,0.0,-0.9815478202044042,0.8527678269693394,0.09582562454980803,Equity Sentiment Tilt,Equity,risk_parity_sentiment_tilt
2022-08-31,NKE,Consumer,0.014198012582050138,0.018592877312786655,0.8,1.926742017438275,1.2890113026157413,0.09582562454980803,Equity Sentiment Tilt,Equity,risk_parity_sentiment_tilt
2022-08-31,NUE,Materials,0.012442505141906316,0.0107795580922576,0.0,-0.9815478202044042,0.8527678269693394,0.09582562454980803,Equity Sentiment Tilt,Equity,risk_parity_sentiment_tilt
2022-08-31,NVDA,Tech,0.008481741984029139,0.009697549541180094,0.5,0.8361333283222702,1.1254199992483405,0.09582562454980803,Equity Sentiment Tilt,Equity,risk_parity_sentiment_tilt
2022-08-31,O,RealEstate,0.022748516508094997,0.022228652254799267,0.2,-0.25447536079373445,0.9618286958809399,0.09582562454980803,Equity Sentiment Tilt,Equity,risk_parity_sentiment_tilt
2022-08-31,OXY,Energy,0.01240246376474928,0.014867366672017124,0.6,1.1996695580276049,1.1799504337041407,0.09582562454980803,Equity Sentiment Tilt,Equity,risk_parity_sentiment_tilt
2022-08-31,PLD,RealEstate,0.014589361009283226,0.014255955212713858,0.2,-0.25447536079373445,0.9618286958809399,0.09582562454980803,Equity Sentiment Tilt,Equity,risk_parity_sentiment_tilt
2022-08-31,PSA,RealEstate,0.02003440062722064,0.019576561158058274,0.2,-0.25447536079373445,0.9618286958809399,0.09582562454980803,Equity Sentiment Tilt,Equity,risk_parity_sentiment_tilt
2022-08-31,QCOM,Tech,0.012490632337232757,0.014281090620188883,0.5,0.8361333283222702,1.1254199992483405,0.09582562454980803,Equity Sentiment Tilt,Equity,risk_parity_sentiment_tilt
2022-08-31,SBUX,Consumer,0.01430064888573901,0.01872728374405984,0.8,1.926742017438275,1.2890113026157413,0.09582562454980803,Equity Sentiment Tilt,Equity,risk_parity_sentiment_tilt
2022-08-31,SHW,Materials,0.02113817313152962,0.018313045695925817,0.0,-0.9815478202044042,0.8527678269693394,0.09582562454980803,Equity Sentiment Tilt,Equity,risk_parity_sentiment_tilt
2022-08-31,SLB,Energy,0.014457859224644036,0.0173312576002945,0.6,1.1996695580276049,1.1799504337041407,0.09582562454980803,Equity Sentiment Tilt,Equity,risk_parity_sentiment_tilt
2022-08-31,SO,Utilities,0.02995181728357595,0.029267338402439436,0.2,-0.25447536079373445,0.9618286958809399,0.09582562454980803,Equity Sentiment Tilt,Equity,risk_parity_sentiment_tilt
2022-08-31,T,Comm,0.02358243848346045,0.020430633758259868,0.0,-0.9815478202044042,0.8527678269693394,0.09582562454980803,Equity Sentiment Tilt,Equity,risk_parity_sentiment_tilt
2022-08-31,TMUS,Comm,0.018565786358559162,0.016084459704701407,0.0,-0.9815478202044042,0.8527678269693394,0.09582562454980803,Equity Sentiment Tilt,Equity,risk_parity_sentiment_tilt
2022-08-31,TTWO,Comm,0.018089132112012154,0.015671510537152374,0.0,-0.9815478202044042,0.8527678269693394,0.09582562454980803,Equity Sentiment Tilt,Equity,risk_parity_sentiment_tilt
2022-08-31,UPS,Industrials,0.018002089965057262,0.017590694212981876,0.2,-0.25447536079373445,0.9618286958809399,0.09582562454980803,Equity Sentiment Tilt,Equity,risk_parity_sentiment_tilt
2022-08-31,USB,Financials,0.01781275208390323,0.017405683207216475,0.2,-0.25447536079373445,0.9618286958809399,0.09582562454980803,Equity Sentiment Tilt,Equity,risk_parity_sentiment_tilt
2022-08-31,V,Financials,0.01511783146227828,0.014772348706873491,0.2,-0.25447536079373445,0.9618286958809399,0.09582562454980803,Equity Sentiment Tilt,Equity,risk_parity_sentiment_tilt
2022-08-31,WFC,Financials,0.014061751944398635,0.013740403421649765,0.2,-0.25447536079373445,0.9618286958809399,0.09582562454980803,Equity Sentiment Tilt,Equity,risk_parity_sentiment_tilt
2022-08-31,WMT,Consumer,0.034446586138160755,0.04510921132165106,0.8,1.926742017438275,1.2890113026157413,0.09582562454980803,Equity Sentiment Tilt,Equity,risk_parity_sentiment_tilt
2022-08-31,XOM,Energy,0.01861070571508591,0.022309453277953622,0.6,1.1996695580276049,1.1799504337041407,0.09582562454980803,Equity Sentiment Tilt,Equity,risk_parity_sentiment_tilt
2022-09-30,ABBV,Healthcare,0.034813603838626715,0.035604155916037494,0.4,0.07750713480742535,1.0116260702211137,0.09972479685270354,Equity Sentiment Tilt,Equity,risk_parity_sentiment_tilt
2022-09-30,ABT,Healthcare,0.01928080273278279,0.019718633838266816,0.4,0.07750713480742535,1.0116260702211137,0.09972479685270354,Equity Sentiment Tilt,Equity,risk_parity_sentiment_tilt
2022-09-30,ADBE,Tech,0.01292068842034108,0.016468287726285627,1.0,1.7383743092522528,1.2607561463878378,0.09972479685270354,Equity Sentiment Tilt,Equity,risk_parity_sentiment_tilt
2022-09-30,AEP,Utilities,0.026565399218806754,0.02493840300231927,0.2,-0.47611525667418386,0.9285827114988724,0.09972479685270354,Equity Sentiment Tilt,Equity,risk_parity_sentiment_tilt
2022-09-30,AMD,Tech,0.009110672346690028,0.011612165598622538,1.0,1.7383743092522528,1.2607561463878378,0.09972479685270354,Equity Sentiment Tilt,Equity,risk_parity_sentiment_tilt
2022-09-30,AMGN,Healthcare,0.03401788391341803,0.03479036667393686,0.4,0.07750713480742535,1.0116260702211137,0.09972479685270354,Equity Sentiment Tilt,Equity,risk_parity_sentiment_tilt
2022-09-30,AMT,RealEstate,0.01811460156205159,0.015484397428966613,0.0,-1.0297376481557932,0.8455393527766311,0.09972479685270354,Equity Sentiment Tilt,Equity,risk_parity_sentiment_tilt
2022-09-30,BA,Industrials,0.011989692804236278,0.012261956388260562,0.4,0.07750713480742535,1.0116260702211137,0.09972479685270354,Equity Sentiment Tilt,Equity,risk_parity_sentiment_tilt
2022-09-30,CAT,Industrials,0.01655384024977846,0.016929747118232807,0.4,0.07750713480742535,1.0116260702211137,0.09972479685270354,Equity Sentiment Tilt,Equity,risk_parity_sentiment_tilt
2022-09-30,CCI,RealEstate,0.018748108087279156,0.01602592006620845,0.0,-1.0297376481557932,0.8455393527766311,0.09972479685270354,Equity Sentiment Tilt,Equity,risk_parity_sentiment_tilt
2022-09-30,CMCSA,Comm,0.020153599944505985,0.018919293974238454,0.2,-0.47611525667418386,0.9285827114988724,0.09972479685270354,Equity Sentiment Tilt,Equity,risk_parity_sentiment_tilt
2022-09-30,COP,Energy,0.01568611650619228,0.0186761143952626,0.8,1.1847519177706438,1.1777127876655966,0.09972479685270354,Equity Sentiment Tilt,Equity,risk_parity_sentiment_tilt
2022-09-30,CVX,Energy,0.02094373963319292,0.024935915597700423,0.8,1.1847519177706438,1.1777127876655966,0.09972479685270354,Equity Sentiment Tilt,Equity,risk_parity_sentiment_tilt
2022-09-30,D,Utilities,0.027367453061096295,0.025691335107115756,0.2,-0.47611525667418386,0.9285827114988724,0.09972479685270354,Equity Sentiment Tilt,Equity,risk_parity_sentiment_tilt
2022-09-30,DD,Materials,0.01377314895589147,0.011773315109958514,0.0,-1.0297376481557932,0.8455393527766311,0.09972479685270354,Equity Sentiment Tilt,Equity,risk_parity_sentiment_tilt
2022-09-30,DIS,Consumer,0.015654223115268866,0.018112453605693083,0.72,0.963302961178,1.1444954441767,0.09972479685270354,Equity Sentiment Tilt,Equity,risk_parity_sentiment_tilt
2022-09-30,DOW,Materials,0.01760412550342908,0.01504804147917623,0.0,-1.0297376481557932,0.8455393527766311,0.09972479685270354,Equity Sentiment Tilt,Equity,risk_parity_sentiment_tilt
2022-09-30,DUK,Utilities,0.029918500545842,0.028086143847938397,0.2,-0.47611525667418386,0.9285827114988724,0.09972479685270354,Equity Sentiment Tilt,Equity,risk_parity_sentiment_tilt
2022-09-30,EA,Comm,0.026166334030458836,0.02456377853651522,0.2,-0.47611525667418386,0.9285827114988724,0.09972479685270354,Equity Sentiment Tilt,Equity,risk_parity_sentiment_tilt
2022-09-30,GE,Industrials,0.014040683490941893,0.014359521251993097,0.4,0.07750713480742535,1.0116260702211137,0.09972479685270354,Equity Sentiment Tilt,Equity,risk_parity_sentiment_tilt
2022-09-30,GILD,Healthcare,0.030244004278394368,0.03093078926400901,0.4,0.07750713480742535,1.0116260702211137,0.09972479685270354,Equity Sentiment Tilt,Equity,risk_parity_sentiment_tilt
2022-09-30,GS,Financials,0.015768960213390203,0.013479338540750218,0.0,-1.0297376481557932,0.8455393527766311,0.09972479685270354,Equity Sentiment Tilt,Equity,risk_parity_sentiment_tilt
2022-09-30,INTC,Tech,0.01515358892785259,0.019314269830766874,1.0,1.7383743092522528,1.2607561463878378,0.09972479685270354,Equity Sentiment Tilt,Equity,risk_parity_sentiment_tilt
2022-09-30,KO,Consumer,0.027361870667399563,0.031658588828011425,0.72,0.963302961178,1.1444954441767,0.09972479685270354,Equity Sentiment Tilt,Equity,risk_parity_sentiment_tilt
2022-09-30,MMM,Industrials,0.02166426043121113,0.022156215420095663,0.4,0.07750713480742535,1.0116260702211137,0.09972479685270354,Equity Sentiment Tilt,Equity,risk_parity_sentiment_tilt
2022-09-30,MRK,Healthcare,0.036874008265926184,0.037711348288872806,0.4,0.07750713480742535,1.0116260702211137,0.09972479685270354,Equity Sentiment Tilt,Equity,risk_parity_sentiment_tilt
2022-09-30,MS,Financials,0.01492977184831265,0.012761998657887573,0.0,-1.0297376481557932,0.8455393527766311,0.09972479685270354,Equity Sentiment Tilt,Equity,risk_parity_sentiment_tilt
2022-09-30,NEE,Utilities,0.02085050635499358,0.019573518395128598,0.2,-0.47611525667418386,0.9285827114988724,0.09972479685270354,Equity Sentiment Tilt,Equity,risk_parity_sentiment_tilt
2022-09-30,NEM,Materials,0.03344025627595524,0.028584797547417967,0.0,-1.0297376481557932,0.8455393527766311,0.09972479685270354,Equity Sentiment Tilt,Equity,risk_parity_sentiment_tilt
2022-09-30,NKE,Consumer,0.013781707328543181,0.015945890943128507,0.72,0.963302961178,1.1444954441767,0.09972479685270354,Equity Sentiment Tilt,Equity,risk_parity_sentiment_tilt
2022-09-30,NUE,Materials,0.01325909483055365,0.01133390062162631,0.0,-1.0297376481557932,0.8455393527766311,0.09972479685270354,Equity Sentiment Tilt,Equity,risk_parity_sentiment_tilt
2022-09-30,NVDA,Tech,0.008816729797651074,0.01123751601997079,1.0,1.7383743092522528,1.2607561463878378,0.09972479685270354,Equity Sentiment Tilt,Equity,risk_parity_sentiment_tilt
2022-09-30,O,RealEstate,0.023279045998124102,0.01989897480037777,0.0,-1.0297376481557932,0.8455393527766311,0.09972479685270354,Equity Sentiment Tilt,Equity,risk_parity_sentiment_tilt
2022-09-30,OXY,Energy,0.013725234903255794,0.0163414607467607,0.8,1.1847519177706438,1.1777127876655966,0.09972479685270354,Equity Sentiment Tilt,Equity,risk_parity_sentiment_tilt
2022-09-30,PLD,RealEstate,0.014823601304329687,0.012671243865812774,0.0,-1.0297376481557932,0.8455393527766311,0.09972479685270354,Equity Sentiment Tilt,Equity,risk_parity_sentiment_tilt
2022-09-30,PSA,RealEstate,0.020201982333401366,0.017268694662247973,0.0,-1.0297376481557932,0.8455393527766311,0.09972479685270354,Equity Sentiment Tilt,Equity,risk_parity_sentiment_tilt
2022-09-30,QCOM,Tech,0.012874877833808815,0.016409899047959822,1.0,1.7383743092522528,1.2607561463878378,0.09972479685270354,Equity Sentiment Tilt,Equity,risk_parity_sentiment_tilt
2022-09-30,SBUX,Consumer,0.014975779092949964,0.017327471445427005,0.72,0.963302961178,1.1444954441767,0.09972479685270354,Equity Sentiment Tilt,Equity,risk_parity_sentiment_tilt
2022-09-30,SHW,Materials,0.02092034770546895,0.01788275481047693,0.0,-1.0297376481557932,0.8455393527766311,0.09972479685270354,Equity Sentiment Tilt,Equity,risk_parity_sentiment_tilt
2022-09-30,SLB,Energy,0.014798144767231472,0.01761888255779374,0.8,1.1847519177706438,1.1777127876655966,0.09972479685270354,Equity Sentiment Tilt,Equity,risk_parity_sentiment_tilt
2022-09-30,SO,Utilities,0.027912458508691847,0.02620296173010192,0.2,-0.47611525667418386,0.9285827114988724,0.09972479685270354,Equity Sentiment Tilt,Equity,risk_parity_sentiment_tilt
2022-09-30,T,Comm,0.02392632159525109,0.022460955523041733,0.2,-0.47611525667418386,0.9285827114988724,0.09972479685270354,Equity Sentiment Tilt,Equity,risk_parity_sentiment_tilt
2022-09-30,TMUS,Comm,0.018807874555233396,0.017655987452408577,0.2,-0.47611525667418386,0.9285827114988724,0.09972479685270354,Equity Sentiment Tilt,Equity,risk_parity_sentiment_tilt
2022-09-30,TTWO,Comm,0.017548990960980122,0.01647420410528422,0.2,-0.47611525667418386,0.9285827114988724,0.09972479685270354,Equity Sentiment Tilt,Equity,risk_parity_sentiment_tilt
2022-09-30,UPS,Industrials,0.018034254063350293,0.01844377837115886,0.4,0.07750713480742535,1.0116260702211137,0.09972479685270354,Equity Sentiment Tilt,Equity,risk_parity_sentiment_tilt
2022-09-30,USB,Financials,0.018305022240020574,0.01564716940307075,0.0,-1.0297376481557932,0.8455393527766311,0.09972479685270354,Equity Sentiment Tilt,Equity,risk_parity_sentiment_tilt
2022-09-30,V,Financials,0.01579045610380187,0.013497713270610192,0.0,-1.0297376481557932,0.8455393527766311,0.09972479685270354,Equity Sentiment Tilt,Equity,risk_parity_sentiment_tilt
2022-09-30,WFC,Financials,0.014573263719053759,0.012457254800221577,0.0,-1.0297376481557932,0.8455393527766311,0.09972479685270354,Equity Sentiment Tilt,Equity,risk_parity_sentiment_tilt
2022-09-30,WMT,Consumer,0.03461914909140083,0.0400554998590104,0.72,0.963302961178,1.1444954441767,0.09972479685270354,Equity Sentiment Tilt,Equity,risk_parity_sentiment_tilt
2022-09-30,XOM,Energy,0.019315218042632292,0.02299697452784041,0.8,1.1847519177706438,1.1777127876655966,0.09972479685270354,Equity Sentiment Tilt,Equity,risk_parity_sentiment_tilt
2022-10-31,ABBV,Healthcare,0.03409878884744584,0.04174535949054077,0.8,1.5940554743647417,1.2391083211547111,0.10815053043878846,Equity Sentiment Tilt,Equity,risk_parity_sentiment_tilt
2022-10-31,ABT,Healthcare,0.01936798848158316,0.02371121289350147,0.8,1.5940554743647417,1.2391083211547111,0.10815053043878846,Equity Sentiment Tilt,Equity,risk_parity_sentiment_tilt
2022-10-31,ADBE,Tech,0.013546587805718113,0.012936285809834091,0.18181818181818182,-0.22306851173955394,0.9665397232390669,0.10815053043878846,Equity Sentiment Tilt,Equity,risk_parity_sentiment_tilt
2022-10-31,AEP,Utilities,0.02461851436825174,0.020946635636634445,-0.05714285714285714,-0.9254861870403742,0.8611770719439439,0.10815053043878846,Equity Sentiment Tilt,Equity,risk_parity_sentiment_tilt
2022-10-31,AMD,Tech,0.009210923679023696,0.008795952382497592,0.18181818181818182,-0.22306851173955394,0.9665397232390669,0.10815053043878846,Equity Sentiment Tilt,Equity,risk_parity_sentiment_tilt
2022-10-31,AMGN,Healthcare,0.03455787509578496,0.04230739471589205,0.8,1.5940554743647417,1.2391083211547111,0.10815053043878846,Equity Sentiment Tilt,Equity,risk_parity_sentiment_tilt
2022-10-31,AMT,RealEstate,0.01797674070959379,0.01574298930784405,0.0,-0.7575167429466998,0.886372488557995,0.10815053043878846,Equity Sentiment Tilt,Equity,risk_parity_sentiment_tilt
2022-10-31,BA,Industrials,0.012551371108891408,0.01317887508176684,0.4,0.418269365709021,1.0627404048563531,0.10815053043878846,Equity Sentiment Tilt,Equity,risk_parity_sentiment_tilt
2022-10-31,CAT,Industrials,0.016725291504543823,0.017561470020464372,0.4,0.418269365709021,1.0627404048563531,0.10815053043878846,Equity Sentiment Tilt,Equity,risk_parity_sentiment_tilt
2022-10-31,CCI,RealEstate,0.019135645783619367,0.016757891312825082,0.0,-0.7575167429466998,0.886372488557995,0.10815053043878846,Equity Sentiment Tilt,Equity,risk_parity_sentiment_tilt
2022-10-31,CMCSA,Comm,0.020420301633684943,0.02042455647996241,0.2857142857142857,0.08233047752167215,1.012349571628251,0.10815053043878846,Equity Sentiment Tilt,Equity,risk_parity_sentiment_tilt
2022-10-31,COP,Energy,0.01609087792918042,0.019465561651227453,0.7666666666666667,1.496073298643432,1.2244109947965147,0.10815053043878846,Equity Sentiment Tilt,Equity,risk_parity_sentiment_tilt
2022-10-31,CVX,Energy,0.021066988086140943,0.02548529404059298,0.7666666666666667,1.496073298643432,1.2244109947965147,0.10815053043878846,Equity Sentiment Tilt,Equity,risk_parity_sentiment_tilt
2022-10-31,D,Utilities,0.025673312014147655,0.02184410904337481,-0.05714285714285714,-0.9254861870403742,0.8611770719439439,0.10815053043878846,Equity Sentiment Tilt,Equity,risk_parity_sentiment_tilt
2022-10-31,DD,Materials,0.014197852419498802,0.012433657604864463,0.0,-0.7575167429466998,0.886372488557995,0.10815053043878846,Equity Sentiment Tilt,Equity,risk_parity_sentiment_tilt
2022-10-31,DIS,Consumer,0.01575503034827691,0.016542700798823404,0.4,0.418269365709021,1.0627404048563531,0.10815053043878846,Equity Sentiment Tilt,Equity,risk_parity_sentiment_tilt
2022-10-31,DOW,Materials,0.018148824314072876,0.01589369017120599,0.0,-0.7575167429466998,0.886372488557995,0.10815053043878846,Equity Sentiment Tilt,Equity,risk_parity_sentiment_tilt
2022-10-31,DUK,Utilities,0.027286426869888625,0.023216626028673616,-0.05714285714285714,-0.9254861870403742,0.8611770719439439,0.10815053043878846,Equity Sentiment Tilt,Equity,risk_parity_sentiment_tilt
2022-10-31,EA,Comm,0.026174007180479866,0.02617946088919661,0.2857142857142857,0.08233047752167215,1.012349571628251,0.10815053043878846,Equity Sentiment Tilt,Equity,risk_parity_sentiment_tilt
2022-10-31,GE,Industrials,0.014278005158645392,0.0149918319496833,0.4,0.418269365709021,1.0627404048563531,0.10815053043878846,Equity Sentiment Tilt,Equity,risk_parity_sentiment_tilt
2022-10-31,GILD,Healthcare,0.026509498742456044,0.03245418949830997,0.8,1.5940554743647417,1.2391083211547111,0.10815053043878846,Equity Sentiment Tilt,Equity,risk_parity_sentiment_tilt
2022-10-31,GS,Financials,0.015808095704958718,0.012466513673650365,-0.2,-1.3454097972745602,0.798188530408816,0.10815053043878846,Equity Sentiment Tilt,Equity,risk_parity_sentiment_tilt
2022-10-31,INTC,Tech,0.014474532681819271,0.013822424836515678,0.18181818181818182,-0.22306851173955394,0.9665397232390669,0.10815053043878846,Equity Sentiment Tilt,Equity,risk_parity_sentiment_tilt
2022-10-31,KO,Consumer,0.027548817855579673,0.028926116997037746,0.4,0.418269365709021,1.0627404048563531,0.10815053043878846,Equity Sentiment Tilt,Equity,risk_parity_sentiment_tilt
2022-10-31,MMM,Industrials,0.021036368341273266,0.02208807851655991,0.4,0.418269365709021,1.0627404048563531,0.10815053043878846,Equity Sentiment Tilt,Equity,risk_parity_sentiment_tilt
2022-10-31,MRK,Healthcare,0.040229487035175024,0.04925085186799017,0.8,1.5940554743647417,1.2391083211547111,0.10815053043878846,Equity Sentiment Tilt,Equity,risk_parity_sentiment_tilt
2022-10-31,MS,Financials,0.014937025708112594,0.011779574131464873,-0.2,-1.3454097972745602,0.798188530408816,0.10815053043878846,Equity Sentiment Tilt,Equity,risk_parity_sentiment_tilt
2022-10-31,NEE,Utilities,0.020230845353478195,0.01721339232341745,-0.05714285714285714,-0.9254861870403742,0.8611770719439439,0.10815053043878846,Equity Sentiment Tilt,Equity,risk_parity_sentiment_tilt
2022-10-31,NEM,Materials,0.03161031790476419,0.02768248732244739,0.0,-0.7575167429466998,0.886372488557995,0.10815053043878846,Equity Sentiment Tilt,Equity,risk_parity_sentiment_tilt
2022-10-31,NKE,Consumer,0.013675961147872315,0.014359688836164522,0.4,0.418269365709021,1.0627404048563531,0.10815053043878846,Equity Sentiment Tilt,Equity,risk_parity_sentiment_tilt
2022-10-31,NUE,Materials,0.013404733343191913,0.011739089810854787,0.0,-0.7575167429466998,0.886372488557995,0.10815053043878846,Equity Sentiment Tilt,Equity,risk_parity_sentiment_tilt
2022-10-31,NVDA,Tech,0.009015860126240232,0.0086096768490512,0.18181818181818182,-0.22306851173955394,0.9665397232390669,0.10815053043878846,Equity Sentiment Tilt,Equity,risk_parity_sentiment_tilt
2022-10-31,O,RealEstate,0.02394495679043611,0.020969607606758516,0.0,-0.7575167429466998,0.886372488557995,0.10815053043878846,Equity Sentiment Tilt,Equity,risk_parity_sentiment_tilt
2022-10-31,OXY,Energy,0.014938771501240464,0.018071827959346608,0.7666666666666667,1.496073298643432,1.2244109947965147,0.10815053043878846,Equity Sentiment Tilt,Equity,risk_parity_sentiment_tilt
2022-10-31,PLD,RealEstate,0.015379524334040016,0.01346849749138927,0.0,-0.7575167429466998,0.886372488557995,0.10815053043878846,Equity Sentiment Tilt,Equity,risk_parity_sentiment_tilt
2022-10-31,PSA,RealEstate,0.021359535032669526,0.01870544483407833,0.0,-0.7575167429466998,0.886372488557995,0.10815053043878846,Equity Sentiment Tilt,Equity,risk_parity_sentiment_tilt
2022-10-31,QCOM,Tech,0.013107426401412563,0.012516909541490956,0.18181818181818182,-0.22306851173955394,0.9665397232390669,0.10815053043878846,Equity Sentiment Tilt,Equity,risk_parity_sentiment_tilt
2022-10-31,SBUX,Consumer,0.015630840495989073,0.016412302092935004,0.4,0.418269365709021,1.0627404048563531,0.10815053043878846,Equity Sentiment Tilt,Equity,risk_parity_sentiment_tilt
2022-10-31,SHW,Materials,0.019550520658515633,0.017121214721951154,0.0,-0.7575167429466998,0.886372488557995,0.10815053043878846,Equity Sentiment Tilt,Equity,risk_parity_sentiment_tilt
2022-10-31,SLB,Energy,0.01532056236957713,0.018533690495262423,0.7666666666666667,1.496073298643432,1.2244109947965147,0.10815053043878846,Equity Sentiment Tilt,Equity,risk_parity_sentiment_tilt
2022-10-31,SO,Utilities,0.02622163900074798,0.022310652451569362,-0.05714285714285714,-0.9254861870403742,0.8611770719439439,0.10815053043878846,Equity Sentiment Tilt,Equity,risk_parity_sentiment_tilt
2022-10-31,T,Comm,0.023723327514208144,0.023728270590641275,0.2857142857142857,0.08233047752167215,1.012349571628251,0.10815053043878846,Equity Sentiment Tilt,Equity,risk_parity_sentiment_tilt
2022-10-31,TMUS,Comm,0.018975581670798592,0.01897953549011444,0.2857142857142857,0.08233047752167215,1.012349571628251,0.10815053043878846,Equity Sentiment Tilt,Equity,risk_parity_sentiment_tilt
2022-10-31,TTWO,Comm,0.019048460489312188,0.019052429493916445,0.2857142857142857,0.08233047752167215,1.012349571628251,0.10815053043878846,Equity Sentiment Tilt,Equity,risk_parity_sentiment_tilt
2022-10-31,UPS,Industrials,0.01890580088209649,0.01985099364717243,0.4,0.418269365709021,1.0627404048563531,0.10815053043878846,Equity Sentiment Tilt,Equity,risk_parity_sentiment_tilt
2022-10-31,USB,Financials,0.01871761687504088,0.014761007971228961,-0.2,-1.3454097972745602,0.798188530408816,0.10815053043878846,Equity Sentiment Tilt,Equity,risk_parity_sentiment_tilt
2022-10-31,V,Financials,0.016905487916813112,0.013331934485225337,-0.2,-1.3454097972745602,0.798188530408816,0.10815053043878846,Equity Sentiment Tilt,Equity,risk_parity_sentiment_tilt
2022-10-31,WFC,Financials,0.01502507054373807,0.011849007677902411,-0.2,-1.3454097972745602,0.798188530408816,0.10815053043878846,Equity Sentiment Tilt,Equity,risk_parity_sentiment_tilt
2022-10-31,WMT,Consumer,0.033803108593034065,0.03549309009016645,0.4,0.418269365709021,1.0627404048563531,0.10815053043878846,Equity Sentiment Tilt,Equity,risk_parity_sentiment_tilt
2022-10-31,XOM,Energy,0.02007887164693626,0.02428994338598082,0.7666666666666667,1.496073298643432,1.2244109947965147,0.10815053043878846,Equity Sentiment Tilt,Equity,risk_parity_sentiment_tilt
2022-11-30,ABBV,Healthcare,0.0346371305918372,0.03146146487548712,0.2,-0.7428036715241169,0.8885794492713824,0.1415393791617951,Equity Sentiment Tilt,Equity,risk_parity_sentiment_tilt
2022-11-30,ABT,Healthcare,0.0190132033432928,0.017269999533289063,0.2,-0.7428036715241169,0.8885794492713824,0.1415393791617951,Equity Sentiment Tilt,Equity,risk_parity_sentiment_tilt
2022-11-30,ADBE,Tech,0.012845557545435031,0.016771488426867306,0.8,1.848371926815826,1.277255789022374,0.1415393791617951,Equity Sentiment Tilt,Equity,risk_parity_sentiment_tilt
2022-11-30,AEP,Utilities,0.024424434924957425,0.02218510853425779,0.2,-0.7428036715241169,0.8885794492713824,0.1415393791617951,Equity Sentiment Tilt,Equity,risk_parity_sentiment_tilt
2022-11-30,AMD,Tech,0.008869926837887067,0.011580803307494326,0.8,1.848371926815826,1.277255789022374,0.1415393791617951,Equity Sentiment Tilt,Equity,risk_parity_sentiment_tilt
2022-11-30,AMGN,Healthcare,0.0361973591307959,0.03287864564472064,0.2,-0.7428036715241169,0.8885794492713824,0.1415393791617951,Equity Sentiment Tilt,Equity,risk_parity_sentiment_tilt
2022-11-30,AMT,RealEstate,0.01704809058512128,0.013227266844220563,0.0,-1.6065288709707646,0.7590206693543853,0.1415393791617951,Equity Sentiment Tilt,Equity,risk_parity_sentiment_tilt
2022-11-30,BA,Industrials,0.013155710581360572,0.013691840252765748,0.4,0.12092152792253077,1.0181382291883796,0.1415393791617951,Equity Sentiment Tilt,Equity,risk_parity_sentiment_tilt
2022-11-30,CAT,Industrials,0.01711879850598149,0.017816434392777816,0.4,0.12092152792253077,1.0181382291883796,0.1415393791617951,Equity Sentiment Tilt,Equity,risk_parity_sentiment_tilt
2022-11-30,CCI,RealEstate,0.0180805821712071,0.014028356072095082,0.0,-1.6065288709707646,0.7590206693543853,0.1415393791617951,Equity Sentiment Tilt,Equity,risk_parity_sentiment_tilt
2022-11-30,CMCSA,Comm,0.020122402935912113,0.020942443572044545,0.4,0.12092152792253077,1.0181382291883796,0.1415393791617951,Equity Sentiment Tilt,Equity,risk_parity_sentiment_tilt
2022-11-30,COP,Energy,0.016524657246956845,0.01741692705895954,0.42000000000000004,0.2072940478671956,1.0310941071800794,0.1415393791617951,Equity Sentiment Tilt,Equity,risk_parity_sentiment_tilt
2022-11-30,CVX,Energy,0.021196400990288262,0.02234092752685054,0.42000000000000004,0.2072940478671956,1.0310941071800794,0.1415393791617951,Equity Sentiment Tilt,Equity,risk_parity_sentiment_tilt
2022-11-30,D,Utilities,0.026092776316334266,0.023700489952645072,0.2,-0.7428036715241169,0.8885794492713824,0.1415393791617951,Equity Sentiment Tilt,Equity,risk_parity_sentiment_tilt
2022-11-30,DD,Materials,0.01469639800721605,0.013348975558881074,0.2,-0.7428036715241169,0.8885794492713824,0.1415393791617951,Equity Sentiment Tilt,Equity,risk_parity_sentiment_tilt
2022-11-30,DIS,Consumer,0.014994034439110479,0.01659795916820721,0.5,0.5527841276458545,1.0829176191468781,0.1415393791617951,Equity Sentiment Tilt,Equity,risk_parity_sentiment_tilt
2022-11-30,DOW,Materials,0.0174211854468108,0.015823943977430772,0.2,-0.7428036715241169,0.8885794492713824,0.1415393791617951,Equity Sentiment Tilt,Equity,risk_parity_sentiment_tilt
2022-11-30,DUK,Utilities,0.02750316617166174,0.02498156982663977,0.2,-0.7428036715241169,0.8885794492713824,0.1415393791617951,Equity Sentiment Tilt,Equity,risk_parity_sentiment_tilt
2022-11-30,EA,Comm,0.026476638444809037,0.027555630824699254,0.4,0.12092152792253077,1.0181382291883796,0.1415393791617951,Equity Sentiment Tilt,Equity,risk_parity_sentiment_tilt
2022-11-30,GE,Industrials,0.014782302366865516,0.015384719914860854,0.4,0.12092152792253077,1.0181382291883796,0.1415393791617951,Equity Sentiment Tilt,Equity,risk_parity_sentiment_tilt
2022-11-30,GILD,Healthcare,0.02772371569990079,0.025181898523544976,0.2,-0.7428036715241169,0.8885794492713824,0.1415393791617951,Equity Sentiment Tilt,Equity,risk_parity_sentiment_tilt
2022-11-30,GS,Financials,0.016327870791992365,0.01915567997804564,0.6,0.9846467273691782,1.1476970091053766,0.1415393791617951,Equity Sentiment Tilt,Equity,risk_parity_sentiment_tilt
2022-11-30,INTC,Tech,0.013829719799184032,0.018056435833044844,0.8,1.848371926815826,1.277255789022374,0.1415393791617951,Equity Sentiment Tilt,Equity,risk_parity_sentiment_tilt
2022-11-30,KO,Consumer,0.02791169050350667,0.030897427985387804,0.5,0.5527841276458545,1.0829176191468781,0.1415393791617951,Equity Sentiment Tilt,Equity,risk_parity_sentiment_tilt
2022-11-30,MMM,Industrials,0.020483783688471258,0.02131855153701259,0.4,0.12092152792253077,1.0181382291883796,0.1415393791617951,Equity Sentiment Tilt,Equity,risk_parity_sentiment_tilt
2022-11-30,MRK,Healthcare,0.04606008969398474,0.0418371230326624,0.2,-0.7428036715241169,0.8885794492713824,0.1415393791617951,Equity Sentiment Tilt,Equity,risk_parity_sentiment_tilt
2022-11-30,MS,Financials,0.015165590907669172,0.017792105890973978,0.6,0.9846467273691782,1.1476970091053766,0.1415393791617951,Equity Sentiment Tilt,Equity,risk_parity_sentiment_tilt
2022-11-30,NEE,Utilities,0.01992548533261064,0.018098639991463356,0.2,-0.7428036715241169,0.8885794492713824,0.1415393791617951,Equity Sentiment Tilt,Equity,risk_parity_sentiment_tilt
2022-11-30,NEM,Materials,0.0258481231372069,0.023478267520524617,0.2,-0.7428036715241169,0.8885794492713824,0.1415393791617951,Equity Sentiment Tilt,Equity,risk_parity_sentiment_tilt
2022-11-30,NKE,Consumer,0.013138127600582729,0.01454352438276146,0.5,0.5527841276458545,1.0829176191468781,0.1415393791617951,Equity Sentiment Tilt,Equity,risk_parity_sentiment_tilt
2022-11-30,NUE,Materials,0.013298715455274238,0.012079437933689872,0.2,-0.7428036715241169,0.8885794492713824,0.1415393791617951,Equity Sentiment Tilt,Equity,risk_parity_sentiment_tilt
2022-11-30,NVDA,Tech,0.008646888452442296,0.011289598687764643,0.8,1.848371926815826,1.277255789022374,0.1415393791617951,Equity Sentiment Tilt,Equity,risk_parity_sentiment_tilt
2022-11-30,O,RealEstate,0.023565277074795384,0.018283819326860674,0.0,-1.6065288709707646,0.7590206693543853,0.1415393791617951,Equity Sentiment Tilt,Equity,risk_parity_sentiment_tilt
2022-11-30,OXY,Energy,0.01514608113625632,0.015963912983904097,0.42000000000000004,0.2072940478671956,1.0310941071800794,0.1415393791617951,Equity Sentiment Tilt,Equity,risk_parity_sentiment_tilt
2022-11-30,PLD,RealEstate,0.01510908964862857,0.011722835443523606,0.0,-1.6065288709707646,0.7590206693543853,0.1415393791617951,Equity Sentiment Tilt,Equity,risk_parity_sentiment_tilt
2022-11-30,PSA,RealEstate,0.020148041750090537,0.015632455921458743,0.0,-1.6065288709707646,0.7590206693543853,0.1415393791617951,Equity Sentiment Tilt,Equity,risk_parity_sentiment_tilt
2022-11-30,QCOM,Tech,0.012564203284200286,0.016404145108412035,0.8,1.848371926815826,1.277255789022374,0.1415393791617951,Equity Sentiment Tilt,Equity,risk_parity_sentiment_tilt
2022-11-30,SBUX,Consumer,0.0157821024809221,0.01747032752462765,0.5,0.5527841276458545,1.0829176191468781,0.1415393791617951,Equity Sentiment Tilt,Equity,risk_parity_sentiment_tilt
2022-11-30,SHW,Materials,0.01853546131406528,0.016836058735790447,0.2,-0.7428036715241169,0.8885794492713824,0.1415393791617951,Equity Sentiment Tilt,Equity,risk_parity_sentiment_tilt
2022-11-30,SLB,Energy,0.016572307038514093,0.017467149761405003,0.42000000000000004,0.2072940478671956,1.0310941071800794,0.1415393791617951,Equity Sentiment Tilt,Equity,risk_parity_sentiment_tilt
2022-11-30,SO,Utilities,0.026073198939836097,0.023682707505527572,0.2,-0.7428036715241169,0.8885794492713824,0.1415393791617951,Equity Sentiment Tilt,Equity,risk_parity_sentiment_tilt
2022-11-30,T,Comm,0.024178019752461075,0.025163337398737103,0.4,0.12092152792253077,1.0181382291883796,0.1415393791617951,Equity Sentiment Tilt,Equity,risk_parity_sentiment_tilt
2022-11-30,TMUS,Comm,0.020361556632580713,0.021191343408385143,0.4,0.12092152792253077,1.0181382291883796,0.1415393791617951,Equity Sentiment Tilt,Equity,risk_parity_sentiment_tilt
2022-11-30,TTWO,Comm,0.019252890054644332,0.020037495762922915,0.4,0.12092152792253077,1.0181382291883796,0.1415393791617951,Equity Sentiment Tilt,Equity,risk_parity_sentiment_tilt
2022-11-30,UPS,Industrials,0.01811177197322614,0.01884987413019583,0.4,0.12092152792253077,1.0181382291883796,0.1415393791617951,Equity Sentiment Tilt,Equity,risk_parity_sentiment_tilt
2022-11-30,USB,Financials,0.018713923169103565,0.021954970609939475,0.6,0.9846467273691782,1.1476970091053766,0.1415393791617951,Equity Sentiment Tilt,Equity,risk_parity_sentiment_tilt
2022-11-30,V,Financials,0.01672408130176704,0.019620509827930545,0.6,0.9846467273691782,1.1476970091053766,0.1415393791617951,Equity Sentiment Tilt,Equity,risk_parity_sentiment_tilt
2022-11-30,WFC,Financials,0.015624781803196448,0.018330823642701076,0.6,0.9846467273691782,1.1476970091053766,0.1415393791617951,Equity Sentiment Tilt,Equity,risk_parity_sentiment_tilt
2022-11-30,WMT,Consumer,0.03328677821885335,0.03684749344556485,0.5,0.5527841276458545,1.0829176191468781,0.1415393791617951,Equity Sentiment Tilt,Equity,risk_parity_sentiment_tilt
2022-11-30,XOM,Energy,0.020689876780192077,0.02180705290004295,0.42000000000000004,0.2072940478671956,1.0310941071800794,0.1415393791617951,Equity Sentiment Tilt,Equity,risk_parity_sentiment_tilt
2023-01-31,ABBV,Healthcare,0.03485571976493024,0.0397979741563003,0.8,0.9465623170878942,1.1419843475631841,0.16022485161377786,Equity Sentiment Tilt,Equity,risk_parity_sentiment_tilt
2023-01-31,ABT,Healthcare,0.018705904850498473,0.021358248311354033,0.8,0.9465623170878942,1.1419843475631841,0.16022485161377786,Equity Sentiment Tilt,Equity,risk_parity_sentiment_tilt
2023-01-31,ADBE,Tech,0.012805962723014961,0.014621742914340144,0.8,0.9465623170878942,1.1419843475631841,0.16022485161377786,Equity Sentiment Tilt,Equity,risk_parity_sentiment_tilt
2023-01-31,AEP,Utilities,0.02400301056880019,0.023093177905523107,0.6,-0.25161783112463026,0.9622573253313055,0.16022485161377786,Equity Sentiment Tilt,Equity,risk_parity_sentiment_tilt
2023-01-31,AMD,Tech,0.008861968179655547,0.010118522382164125,0.8,0.9465623170878942,1.1419843475631841,0.16022485161377786,Equity Sentiment Tilt,Equity,risk_parity_sentiment_tilt
2023-01-31,AMGN,Healthcare,0.03731889601389084,0.042610408538940076,0.8,0.9465623170878942,1.1419843475631841,0.16022485161377786,Equity Sentiment Tilt,Equity,risk_parity_sentiment_tilt
2023-01-31,AMT,RealEstate,0.017196693297666144,0.01654485367872634,0.6,-0.25161783112463026,0.9622573253313055,0.16022485161377786,Equity Sentiment Tilt,Equity,risk_parity_sentiment_tilt
2023-01-31,BA,Industrials,0.01376955045671164,0.015721959463635814,0.8,0.9465623170878942,1.1419843475631841,0.16022485161377786,Equity Sentiment Tilt,Equity,risk_parity_sentiment_tilt
2023-01-31,CAT,Industrials,0.01723966169629449,0.01968410393701883,0.8,0.9465623170878942,1.1419843475631841,0.16022485161377786,Equity Sentiment Tilt,Equity,risk_parity_sentiment_tilt
2023-01-31,CCI,RealEstate,0.01792054704833897,0.017241269796777623,0.6,-0.25161783112463026,0.9622573253313055,0.16022485161377786,Equity Sentiment Tilt,Equity,risk_parity_sentiment_tilt
2023-01-31,CMCSA,Comm,0.019406531336424504,0.015183638009996166,0.4,-1.449797979337154,0.7825303030994268,0.16022485161377786,Equity Sentiment Tilt,Equity,risk_parity_sentiment_tilt
2023-01-31,COP,Energy,0.01748975749749999,0.02028394646273142,0.82,1.066380331909146,1.1599570497863718,0.16022485161377786,Equity Sentiment Tilt,Equity,risk_parity_sentiment_tilt
2023-01-31,CVX,Energy,0.021413496709861344,0.024834547929254564,0.82,1.066380331909146,1.1599570497863718,0.16022485161377786,Equity Sentiment Tilt,Equity,risk_parity_sentiment_tilt
2023-01-31,D,Utilities,0.026482660782534518,0.02547883712794029,0.6,-0.25161783112463026,0.9622573253313055,0.16022485161377786,Equity Sentiment Tilt,Equity,risk_parity_sentiment_tilt
2023-01-31,DD,Materials,0.015234548622399566,0.011919485636984464,0.4,-1.449797979337154,0.7825303030994268,0.16022485161377786,Equity Sentiment Tilt,Equity,risk_parity_sentiment_tilt
2023-01-31,DIS,Consumer,0.014790961066892868,0.015559254140167577,0.7,0.3474722429816316,1.0521208364472447,0.16022485161377786,Equity Sentiment Tilt,Equity,risk_parity_sentiment_tilt
2023-01-31,DOW,Materials,0.017633783887577786,0.01379664333898496,0.4,-1.449797979337154,0.7825303030994268,0.16022485161377786,Equity Sentiment Tilt,Equity,risk_parity_sentiment_tilt
2023-01-31,DUK,Utilities,0.02754676729033631,0.026502608742948998,0.6,-0.25161783112463026,0.9622573253313055,0.16022485161377786,Equity Sentiment Tilt,Equity,risk_parity_sentiment_tilt
2023-01-31,EA,Comm,0.026150193944874993,0.020459868477626136,0.4,-1.449797979337154,0.7825303030994268,0.16022485161377786,Equity Sentiment Tilt,Equity,risk_parity_sentiment_tilt
2023-01-31,GE,Industrials,0.015069634025455992,0.01720638418987477,0.8,0.9465623170878942,1.1419843475631841,0.16022485161377786,Equity Sentiment Tilt,Equity,risk_parity_sentiment_tilt
2023-01-31,GILD,Healthcare,0.027538024064811453,0.031442689390383194,0.8,0.9465623170878942,1.1419843475631841,0.16022485161377786,Equity Sentiment Tilt,Equity,risk_parity_sentiment_tilt
2023-01-31,GS,Financials,0.01722264112470451,0.015022391938244596,0.5,-0.8507079052308921,0.8723938142153662,0.16022485161377786,Equity Sentiment Tilt,Equity,risk_parity_sentiment_tilt
2023-01-31,INTC,Tech,0.013468193918824372,0.015377873047186692,0.8,0.9465623170878942,1.1419843475631841,0.16022485161377786,Equity Sentiment Tilt,Equity,risk_parity_sentiment_tilt
2023-01-31,KO,Consumer,0.028376879414248643,0.02985087152311293,0.7,0.3474722429816316,1.0521208364472447,0.16022485161377786,Equity Sentiment Tilt,Equity,risk_parity_sentiment_tilt
2023-01-31,MMM,Industrials,0.020108609226053245,0.02295984463080304,0.8,0.9465623170878942,1.1419843475631841,0.16022485161377786,Equity Sentiment Tilt,Equity,risk_parity_sentiment_tilt
2023-01-31,MRK,Healthcare,0.042327227590859655,0.048328880342438256,0.8,0.9465623170878942,1.1419843475631841,0.16022485161377786,Equity Sentiment Tilt,Equity,risk_parity_sentiment_tilt
2023-01-31,MS,Financials,0.015424393196474649,0.013453876111641446,0.5,-0.8507079052308921,0.8723938142153662,0.16022485161377786,Equity Sentiment Tilt,Equity,risk_parity_sentiment_tilt
2023-01-31,NEE,Utilities,0.020246672958028667,0.0194792240446058,0.6,-0.25161783112463026,0.9622573253313055,0.16022485161377786,Equity Sentiment Tilt,Equity,risk_parity_sentiment_tilt
2023-01-31,NEM,Materials,0.02403452824117535,0.01880457513136771,0.4,-1.449797979337154,0.7825303030994268,0.16022485161377786,Equity Sentiment Tilt,Equity,risk_parity_sentiment_tilt
2023-01-31,NKE,Consumer,0.012536996116852408,0.01318821054657662,0.7,0.3474722429816316,1.0521208364472447,0.16022485161377786,Equity Sentiment Tilt,Equity,risk_parity_sentiment_tilt
2023-01-31,NUE,Materials,0.01295826782164044,0.010138527304520369,0.4,-1.449797979337154,0.7825303030994268,0.16022485161377786,Equity Sentiment Tilt,Equity,risk_parity_sentiment_tilt
2023-01-31,NVDA,Tech,0.008495352012988129,0.00969992305830245,0.8,0.9465623170878942,1.1419843475631841,0.16022485161377786,Equity Sentiment Tilt,Equity,risk_parity_sentiment_tilt
2023-01-31,O,RealEstate,0.024659954486471004,0.023725220403743853,0.6,-0.25161783112463026,0.9622573253313055,0.16022485161377786,Equity Sentiment Tilt,Equity,risk_parity_sentiment_tilt
2023-01-31,OXY,Energy,0.01612736124668321,0.018703891815516113,0.82,1.066380331909146,1.1599570497863718,0.16022485161377786,Equity Sentiment Tilt,Equity,risk_parity_sentiment_tilt
2023-01-31,PLD,RealEstate,0.014392418622130617,0.013846874865090713,0.6,-0.25161783112463026,0.9622573253313055,0.16022485161377786,Equity Sentiment Tilt,Equity,risk_parity_sentiment_tilt
2023-01-31,PSA,RealEstate,0.0196513870769485,0.01890650243882943,0.6,-0.25161783112463026,0.9622573253313055,0.16022485161377786,Equity Sentiment Tilt,Equity,risk_parity_sentiment_tilt
2023-01-31,QCOM,Tech,0.011901588856670788,0.013589136271782383,0.8,0.9465623170878942,1.1419843475631841,0.16022485161377786,Equity Sentiment Tilt,Equity,risk_parity_sentiment_tilt
2023-01-31,SBUX,Consumer,0.015882043189162608,0.01670701079718341,0.7,0.3474722429816316,1.0521208364472447,0.16022485161377786,Equity Sentiment Tilt,Equity,risk_parity_sentiment_tilt
2023-01-31,SHW,Materials,0.017859006929742724,0.013972857474548898,0.4,-1.449797979337154,0.7825303030994268,0.16022485161377786,Equity Sentiment Tilt,Equity,risk_parity_sentiment_tilt
2023-01-31,SLB,Energy,0.01677547041971251,0.019455543847833347,0.82,1.066380331909146,1.1599570497863718,0.16022485161377786,Equity Sentiment Tilt,Equity,risk_parity_sentiment_tilt
2023-01-31,SO,Utilities,0.025331000294117688,0.02437083026065419,0.6,-0.25161783112463026,0.9622573253313055,0.16022485161377786,Equity Sentiment Tilt,Equity,risk_parity_sentiment_tilt
2023-01-31,T,Comm,0.025958983409525467,0.020310265671121736,0.4,-1.449797979337154,0.7825303030994268,0.16022485161377786,Equity Sentiment Tilt,Equity,risk_parity_sentiment_tilt
2023-01-31,TMUS,Comm,0.022288144895368227,0.017438207690955932,0.4,-1.449797979337154,0.7825303030994268,0.16022485161377786,Equity Sentiment Tilt,Equity,risk_parity_sentiment_tilt
2023-01-31,TTWO,Comm,0.018936628345830576,0.014815986687598265,0.4,-1.449797979337154,0.7825303030994268,0.16022485161377786,Equity Sentiment Tilt,Equity,risk_parity_sentiment_tilt
2023-01-31,UPS,Industrials,0.017978574076392632,0.020527788015420906,0.8,0.9465623170878942,1.1419843475631841,0.16022485161377786,Equity Sentiment Tilt,Equity,risk_parity_sentiment_tilt
2023-01-31,USB,Financials,0.019106167765498054,0.016665291840718837,0.5,-0.8507079052308921,0.8723938142153662,0.16022485161377786,Equity Sentiment Tilt,Equity,risk_parity_sentiment_tilt
2023-01-31,V,Financials,0.016993829237226706,0.014822811523781301,0.5,-0.8507079052308921,0.8723938142153662,0.16022485161377786,Equity Sentiment Tilt,Equity,risk_parity_sentiment_tilt
2023-01-31,WFC,Financials,0.016752904981770646,0.014612666136283264,0.5,-0.8507079052308921,0.8723938142153662,0.16022485161377786,Equity Sentiment Tilt,Equity,risk_parity_sentiment_tilt
2023-01-31,WMT,Consumer,0.03187259359879899,0.033528165050749355,0.7,0.3474722429816316,1.0521208364472447,0.16022485161377786,Equity Sentiment Tilt,Equity,risk_parity_sentiment_tilt
2023-01-31,XOM,Energy,0.02089790711762819,0.024236586997715418,0.82,1.066380331909146,1.1599570497863718,0.16022485161377786,Equity Sentiment Tilt,Equity,risk_parity_sentiment_tilt
2023-02-28,ABBV,Healthcare,0.03455009813244249,0.04198228898055203,1.0,1.5746761664083664,1.236201424961255,0.11203471067272379,Equity Sentiment Tilt,Equity,risk_parity_sentiment_tilt
2023-02-28,ABT,Healthcare,0.019048321197991804,0.023145871310204968,1.0,1.5746761664083664,1.236201424961255,0.11203471067272379,Equity Sentiment Tilt,Equity,risk_parity_sentiment_tilt
2023-02-28,ADBE,Tech,0.01310851571521723,0.012603995017634408,0.42857142857142855,-0.14534149214801428,0.9781987761777978,0.11203471067272379,Equity Sentiment Tilt,Equity,risk_parity_sentiment_tilt
2023-02-28,AEP,Utilities,0.02348831688870378,0.02228646471353636,0.4,-0.23134237507583316,0.9652986437386251,0.11203471067272379,Equity Sentiment Tilt,Equity,risk_parity_sentiment_tilt
2023-02-28,AMD,Tech,0.009116573674650831,0.008765694886401706,0.42857142857142855,-0.14534149214801428,0.9781987761777978,0.11203471067272379,Equity Sentiment Tilt,Equity,risk_parity_sentiment_tilt
2023-02-28,AMGN,Healthcare,0.037843160912365,0.0459837338600382,1.0,1.5746761664083664,1.236201424961255,0.11203471067272379,Equity Sentiment Tilt,Equity,risk_parity_sentiment_tilt
2023-02-28,AMT,RealEstate,0.017201322454467614,0.020901558292623756,1.0,1.5746761664083664,1.236201424961255,0.11203471067272379,Equity Sentiment Tilt,Equity,risk_parity_sentiment_tilt
2023-02-28,BA,Industrials,0.013710316966449362,0.01179185156354375,0.2,-0.8333485555705664,0.8749977166644151,0.11203471067272379,Equity Sentiment Tilt,Equity,risk_parity_sentiment_tilt
2023-02-28,CAT,Industrials,0.017383438331201727,0.014950998213036429,0.2,-0.8333485555705664,0.8749977166644151,0.11203471067272379,Equity Sentiment Tilt,Equity,risk_parity_sentiment_tilt
2023-02-28,CCI,RealEstate,0.018085078159617563,0.021975421737514465,1.0,1.5746761664083664,1.236201424961255,0.11203471067272379,Equity Sentiment Tilt,Equity,risk_parity_sentiment_tilt
2023-02-28,CMCSA,Comm,0.019614097742934027,0.01686952458528128,0.2,-0.8333485555705664,0.8749977166644151,0.11203471067272379,Equity Sentiment Tilt,Equity,risk_parity_sentiment_tilt
2023-02-28,COP,Energy,0.017030066078906895,0.01646098970081625,0.44000000000000006,-0.11094113897688641,0.9833588291534671,0.11203471067272379,Equity Sentiment Tilt,Equity,risk_parity_sentiment_tilt
2023-02-28,CVX,Energy,0.020755056402781906,0.020061505815835486,0.44000000000000006,-0.11094113897688641,0.9833588291534671,0.11203471067272379,Equity Sentiment Tilt,Equity,risk_parity_sentiment_tilt
2023-02-28,D,Utilities,0.02604057769940351,0.024708131228294468,0.4,-0.23134237507583316,0.9652986437386251,0.11203471067272379,Equity Sentiment Tilt,Equity,risk_parity_sentiment_tilt
2023-02-28,DD,Materials,0.015244759587384008,0.011758449120055412,0.0,-1.4353547360652996,0.7846967895902051,0.11203471067272379,Equity Sentiment Tilt,Equity,risk_parity_sentiment_tilt
2023-02-28,DIS,Consumer,0.01475494428820148,0.015964446666649038,0.7,0.6716668956662665,1.10075003434994,0.11203471067272379,Equity Sentiment Tilt,Equity,risk_parity_sentiment_tilt
2023-02-28,DOW,Materials,0.017537223149077623,0.013526651235362171,0.0,-1.4353547360652996,0.7846967895902051,0.11203471067272379,Equity Sentiment Tilt,Equity,risk_parity_sentiment_tilt
2023-02-28,DUK,Utilities,0.02768939365226051,0.0262725804277233,0.4,-0.23134237507583316,0.9652986437386251,0.11203471067272379,Equity Sentiment Tilt,Equity,risk_parity_sentiment_tilt
2023-02-28,EA,Comm,0.026361658597235608,0.022672908723270935,0.2,-0.8333485555705664,0.8749977166644151,0.11203471067272379,Equity Sentiment Tilt,Equity,risk_parity_sentiment_tilt
2023-02-28,GE,Industrials,0.015533321386595052,0.013359765534799603,0.2,-0.8333485555705664,0.8749977166644151,0.11203471067272379,Equity Sentiment Tilt,Equity,risk_parity_sentiment_tilt
2023-02-28,GILD,Healthcare,0.027581478153242404,0.03351462510761749,1.0,1.5746761664083664,1.236201424961255,0.11203471067272379,Equity Sentiment Tilt,Equity,risk_parity_sentiment_tilt
2023-02-28,GS,Financials,0.017451050644850957,0.016558113816901497,0.4,-0.23134237507583316,0.9652986437386251,0.11203471067272379,Equity Sentiment Tilt,Equity,risk_parity_sentiment_tilt
2023-02-28,INTC,Tech,0.013351880195583638,0.012837992883193403,0.42857142857142855,-0.14534149214801428,0.9781987761777978,0.11203471067272379,Equity Sentiment Tilt,Equity,risk_parity_sentiment_tilt
2023-02-28,KO,Consumer,0.027643020112155522,0.02990899265126303,0.7,0.6716668956662665,1.10075003434994,0.11203471067272379,Equity Sentiment Tilt,Equity,risk_parity_sentiment_tilt
2023-02-28,MMM,Industrials,0.019602675386993174,0.01685970054356947,0.2,-0.8333485555705664,0.8749977166644151,0.11203471067272379,Equity Sentiment Tilt,Equity,risk_parity_sentiment_tilt
2023-02-28,MRK,Healthcare,0.04171799874385626,0.050692101430250415,1.0,1.5746761664083664,1.236201424961255,0.11203471067272379,Equity Sentiment Tilt,Equity,risk_parity_sentiment_tilt
2023-02-28,MS,Financials,0.015746984675240865,0.014941241638226233,0.4,-0.23134237507583316,0.9652986437386251,0.11203471067272379,Equity Sentiment Tilt,Equity,risk_parity_sentiment_tilt
2023-02-28,NEE,Utilities,0.02049227477050949,0.01944372433057099,0.4,-0.23134237507583316,0.9652986437386251,0.11203471067272379,Equity Sentiment Tilt,Equity,risk_parity_sentiment_tilt
2023-02-28,NEM,Materials,0.022395331305735764,0.017273762972503926,0.0,-1.4353547360652996,0.7846967895902051,0.11203471067272379,Equity Sentiment Tilt,Equity,risk_parity_sentiment_tilt
2023-02-28,NKE,Consumer,0.012493365214919326,0.013517479887744077,0.7,0.6716668956662665,1.10075003434994,0.11203471067272379,Equity Sentiment Tilt,Equity,risk_parity_sentiment_tilt
2023-02-28,NUE,Materials,0.013279737993179526,0.010242806560865111,0.0,-1.4353547360652996,0.7846967895902051,0.11203471067272379,Equity Sentiment Tilt,Equity,risk_parity_sentiment_tilt
2023-02-28,NVDA,Tech,0.00886228671834509,0.008521194929277928,0.42857142857142855,-0.14534149214801428,0.9781987761777978,0.11203471067272379,Equity Sentiment Tilt,Equity,risk_parity_sentiment_tilt
2023-02-28,O,RealEstate,0.025110022374559834,0.03051152594692715,1.0,1.5746761664083664,1.236201424961255,0.11203471067272379,Equity Sentiment Tilt,Equity,risk_parity_sentiment_tilt
2023-02-28,OXY,Energy,0.015624814277517836,0.015102695768042294,0.44000000000000006,-0.11094113897688641,0.9833588291534671,0.11203471067272379,Equity Sentiment Tilt,Equity,risk_parity_sentiment_tilt
2023-02-28,PLD,RealEstate,0.014673868299737746,0.017830414751953735,1.0,1.5746761664083664,1.236201424961255,0.11203471067272379,Equity Sentiment Tilt,Equity,risk_parity_sentiment_tilt
2023-02-28,PSA,RealEstate,0.020091730870441606,0.024413732438297052,1.0,1.5746761664083664,1.236201424961255,0.11203471067272379,Equity Sentiment Tilt,Equity,risk_parity_sentiment_tilt
2023-02-28,QCOM,Tech,0.012400017787742029,0.011922765766214635,0.42857142857142855,-0.14534149214801428,0.9781987761777978,0.11203471067272379,Equity Sentiment Tilt,Equity,risk_parity_sentiment_tilt
2023-02-28,SBUX,Consumer,0.01584977042799014,0.017149018643100717,0.7,0.6716668956662665,1.10075003434994,0.11203471067272379,Equity Sentiment Tilt,Equity,risk_parity_sentiment_tilt
2023-02-28,SHW,Materials,0.018038816922277465,0.013913535976134855,0.0,-1.4353547360652996,0.7846967895902051,0.11203471067272379,Equity Sentiment Tilt,Equity,risk_parity_sentiment_tilt
2023-02-28,SLB,Energy,0.016768280859915188,0.016207952291937035,0.44000000000000006,-0.11094113897688641,0.9833588291534671,0.11203471067272379,Equity Sentiment Tilt,Equity,risk_parity_sentiment_tilt
2023-02-28,SO,Utilities,0.025044039387376735,0.02376258387247891,0.4,-0.23134237507583316,0.9652986437386251,0.11203471067272379,Equity Sentiment Tilt,Equity,risk_parity_sentiment_tilt
2023-02-28,T,Comm,0.02640445065723695,0.022709712950399225,0.2,-0.8333485555705664,0.8749977166644151,0.11203471067272379,Equity Sentiment Tilt,Equity,risk_parity_sentiment_tilt
2023-02-28,TMUS,Comm,0.02210595672447257,0.019012701238271194,0.2,-0.8333485555705664,0.8749977166644151,0.11203471067272379,Equity Sentiment Tilt,Equity,risk_parity_sentiment_tilt
2023-02-28,TTWO,Comm,0.018413015833874637,0.015836508381356567,0.2,-0.8333485555705664,0.8749977166644151,0.11203471067272379,Equity Sentiment Tilt,Equity,risk_parity_sentiment_tilt
2023-02-28,UPS,Industrials,0.018646069003213625,0.016036950747932315,0.2,-0.8333485555705664,0.8749977166644151,0.11203471067272379,Equity Sentiment Tilt,Equity,risk_parity_sentiment_tilt
2023-02-28,USB,Financials,0.019153749833406307,0.018173689150090044,0.4,-0.23134237507583316,0.9652986437386251,0.11203471067272379,Equity Sentiment Tilt,Equity,risk_parity_sentiment_tilt
2023-02-28,V,Financials,0.0179694342731118,0.017049972748048085,0.4,-0.23134237507583316,0.9652986437386251,0.11203471067272379,Equity Sentiment Tilt,Equity,risk_parity_sentiment_tilt
2023-02-28,WFC,Financials,0.01688969445290142,0.016025481145821297,0.4,-0.23134237507583316,0.9652986437386251,0.11203471067272379,Equity Sentiment Tilt,Equity,risk_parity_sentiment_tilt
2023-02-28,WMT,Consumer,0.03141802799998529,0.03399344806595601,0.7,0.6716668956662665,1.10075003434994,0.11203471067272379,Equity Sentiment Tilt,Equity,risk_parity_sentiment_tilt
2023-02-28,XOM,Energy,0.020683915081738818,0.01999274175188137,0.44000000000000006,-0.11094113897688641,0.9833588291534671,0.11203471067272379,Equity Sentiment Tilt,Equity,risk_parity_sentiment_tilt
2023-03-31,ABBV,Healthcare,0.03540872932286292,0.030988199085606002,0.2533333333333333,-0.9337176583787893,0.8599423512431816,0.1859282091687382,Equity Sentiment Tilt,Equity,risk_parity_sentiment_tilt
2023-03-31,ABT,Healthcare,0.019436914179714136,0.01701035246757397,0.2533333333333333,-0.9337176583787893,0.8599423512431816,0.1859282091687382,Equity Sentiment Tilt,Equity,risk_parity_sentiment_tilt
2023-03-31,ADBE,Tech,0.013151666464477038,0.017312049002496596,0.6,1.956360808031748,1.2934541212047623,0.1859282091687382,Equity Sentiment Tilt,Equity,risk_parity_sentiment_tilt
2023-03-31,AEP,Utilities,0.023075984284404227,0.024502330994004597,0.4,0.28900784664105383,1.043351176996158,0.1859282091687382,Equity Sentiment Tilt,Equity,risk_parity_sentiment_tilt
2023-03-31,AMD,Tech,0.009493182800577461,0.012496244964633075,0.6,1.956360808031748,1.2934541212047623,0.1859282091687382,Equity Sentiment Tilt,Equity,risk_parity_sentiment_tilt
2023-03-31,AMGN,Healthcare,0.03883216760484546,0.03398424523208157,0.2533333333333333,-0.9337176583787893,0.8599423512431816,0.1859282091687382,Equity Sentiment Tilt,Equity,risk_parity_sentiment_tilt
2023-03-31,AMT,RealEstate,0.016909680765436412,0.013650896674857145,0.2,-1.3783451147496408,0.7932482327875539,0.1859282091687382,Equity Sentiment Tilt,Equity,risk_parity_sentiment_tilt
2023-03-31,BA,Industrials,0.013663060991921624,0.014507586705265413,0.4,0.28900784664105383,1.043351176996158,0.1859282091687382,Equity Sentiment Tilt,Equity,risk_parity_sentiment_tilt
2023-03-31,CAT,Industrials,0.01652693533089691,0.017548479614272708,0.4,0.28900784664105383,1.043351176996158,0.1859282091687382,Equity Sentiment Tilt,Equity,risk_parity_sentiment_tilt
2023-03-31,CCI,RealEstate,0.017761729382716675,0.014338740981192137,0.2,-1.3783451147496408,0.7932482327875539,0.1859282091687382,Equity Sentiment Tilt,Equity,risk_parity_sentiment_tilt
2023-03-31,CMCSA,Comm,0.019593419428148913,0.0208045057673803,0.4,0.28900784664105383,1.043351176996158,0.1859282091687382,Equity Sentiment Tilt,Equity,risk_parity_sentiment_tilt
2023-03-31,COP,Energy,0.016515714276536253,0.01753656497675788,0.4,0.28900784664105383,1.043351176996158,0.1859282091687382,Equity Sentiment Tilt,Equity,risk_parity_sentiment_tilt
2023-03-31,CVX,Energy,0.01961555193306602,0.02082800630172465,0.4,0.28900784664105383,1.043351176996158,0.1859282091687382,Equity Sentiment Tilt,Equity,risk_parity_sentiment_tilt
2023-03-31,D,Utilities,0.025865526653845873,0.02746429740962801,0.4,0.28900784664105383,1.043351176996158,0.1859282091687382,Equity Sentiment Tilt,Equity,risk_parity_sentiment_tilt
2023-03-31,DD,Materials,0.015670077067233362,0.012650185766314815,0.2,-1.3783451147496408,0.7932482327875539,0.1859282091687382,Equity Sentiment Tilt,Equity,risk_parity_sentiment_tilt
2023-03-31,DIS,Consumer,0.014750455135488099,0.015662193628993255,0.4,0.28900784664105383,1.043351176996158,0.1859282091687382,Equity Sentiment Tilt,Equity,risk_parity_sentiment_tilt
2023-03-31,DOW,Materials,0.017888143775771245,0.01444079316311919,0.2,-1.3783451147496408,0.7932482327875539,0.1859282091687382,Equity Sentiment Tilt,Equity,risk_parity_sentiment_tilt
2023-03-31,DUK,Utilities,0.026794622844379782,0.028450821845819287,0.4,0.28900784664105383,1.043351176996158,0.1859282091687382,Equity Sentiment Tilt,Equity,risk_parity_sentiment_tilt
2023-03-31,EA,Comm,0.02662175448298368,0.028267268340273644,0.4,0.28900784664105383,1.043351176996158,0.1859282091687382,Equity Sentiment Tilt,Equity,risk_parity_sentiment_tilt
2023-03-31,GE,Industrials,0.0160347943830022,0.017025919005268952,0.4,0.28900784664105383,1.043351176996158,0.1859282091687382,Equity Sentiment Tilt,Equity,risk_parity_sentiment_tilt
2023-03-31,GILD,Healthcare,0.026823870321008053,0.023475099209989626,0.2533333333333333,-0.9337176583787893,0.8599423512431816,0.1859282091687382,Equity Sentiment Tilt,Equity,risk_parity_sentiment_tilt
2023-03-31,GS,Financials,0.017276025778854738,0.018343871995984227,0.4,0.28900784664105383,1.043351176996158,0.1859282091687382,Equity Sentiment Tilt,Equity,risk_parity_sentiment_tilt
2023-03-31,INTC,Tech,0.013610886034818501,0.017916537545916555,0.6,1.956360808031748,1.2934541212047623,0.1859282091687382,Equity Sentiment Tilt,Equity,risk_parity_sentiment_tilt
2023-03-31,KO,Consumer,0.028960099534923775,0.03075014853878165,0.4,0.28900784664105383,1.043351176996158,0.1859282091687382,Equity Sentiment Tilt,Equity,risk_parity_sentiment_tilt
2023-03-31,MMM,Industrials,0.020082471965063197,0.021323787068028007,0.4,0.28900784664105383,1.043351176996158,0.1859282091687382,Equity Sentiment Tilt,Equity,risk_parity_sentiment_tilt
2023-03-31,MRK,Healthcare,0.0423413254762863,0.0370553094815636,0.2533333333333333,-0.9337176583787893,0.8599423512431816,0.1859282091687382,Equity Sentiment Tilt,Equity,risk_parity_sentiment_tilt
2023-03-31,MS,Financials,0.01583553200437147,0.016814340045269292,0.4,0.28900784664105383,1.043351176996158,0.1859282091687382,Equity Sentiment Tilt,Equity,risk_parity_sentiment_tilt
2023-03-31,NEE,Utilities,0.019695023180266464,0.020912389736009084,0.4,0.28900784664105383,1.043351176996158,0.1859282091687382,Equity Sentiment Tilt,Equity,risk_parity_sentiment_tilt
2023-03-31,NEM,Materials,0.02259016856474625,0.01823665752314386,0.2,-1.3783451147496408,0.7932482327875539,0.1859282091687382,Equity Sentiment Tilt,Equity,risk_parity_sentiment_tilt
2023-03-31,NKE,Consumer,0.012844256564331354,0.013638171262053638,0.4,0.28900784664105383,1.043351176996158,0.1859282091687382,Equity Sentiment Tilt,Equity,risk_parity_sentiment_tilt
2023-03-31,NUE,Materials,0.013462264418179075,0.010867856296719717,0.2,-1.3783451147496408,0.7932482327875539,0.1859282091687382,Equity Sentiment Tilt,Equity,risk_parity_sentiment_tilt
2023-03-31,NVDA,Tech,0.009180364174480971,0.012084469666156372,0.6,1.956360808031748,1.2934541212047623,0.1859282091687382,Equity Sentiment Tilt,Equity,risk_parity_sentiment_tilt
2023-03-31,O,RealEstate,0.024948944985278686,0.020140857468869247,0.2,-1.3783451147496408,0.7932482327875539,0.1859282091687382,Equity Sentiment Tilt,Equity,risk_parity_sentiment_tilt
2023-03-31,OXY,Energy,0.015347784916644569,0.01629644488476152,0.4,0.28900784664105383,1.043351176996158,0.1859282091687382,Equity Sentiment Tilt,Equity,risk_parity_sentiment_tilt
2023-03-31,PLD,RealEstate,0.014289491982388632,0.01153566299054567,0.2,-1.3783451147496408,0.7932482327875539,0.1859282091687382,Equity Sentiment Tilt,Equity,risk_parity_sentiment_tilt
2023-03-31,PSA,RealEstate,0.020120141877172967,0.016242647135607587,0.2,-1.3783451147496408,0.7932482327875539,0.1859282091687382,Equity Sentiment Tilt,Equity,risk_parity_sentiment_tilt
2023-03-31,QCOM,Tech,0.012863673420311856,0.016932952581033018,0.6,1.956360808031748,1.2934541212047623,0.1859282091687382,Equity Sentiment Tilt,Equity,risk_parity_sentiment_tilt
2023-03-31,SBUX,Consumer,0.01665829046872883,0.017687953927708427,0.4,0.28900784664105383,1.043351176996158,0.1859282091687382,Equity Sentiment Tilt,Equity,risk_parity_sentiment_tilt
2023-03-31,SHW,Materials,0.018086060456668756,0.014600567921651889,0.2,-1.3783451147496408,0.7932482327875539,0.1859282091687382,Equity Sentiment Tilt,Equity,risk_parity_sentiment_tilt
2023-03-31,SLB,Energy,0.015493511529703722,0.016451178986839402,0.4,0.28900784664105383,1.043351176996158,0.1859282091687382,Equity Sentiment Tilt,Equity,risk_parity_sentiment_tilt
2023-03-31,SO,Utilities,0.024744142634329037,0.02627359966608003,0.4,0.28900784664105383,1.043351176996158,0.1859282091687382,Equity Sentiment Tilt,Equity,risk_parity_sentiment_tilt
2023-03-31,T,Comm,0.026787063796764984,0.028442795566880345,0.4,0.28900784664105383,1.043351176996158,0.1859282091687382,Equity Sentiment Tilt,Equity,risk_parity_sentiment_tilt
2023-03-31,TMUS,Comm,0.022462020424185214,0.023850417492242933,0.4,0.28900784664105383,1.043351176996158,0.1859282091687382,Equity Sentiment Tilt,Equity,risk_parity_sentiment_tilt
2023-03-31,TTWO,Comm,0.01838290394021566,0.019519167261635377,0.4,0.28900784664105383,1.043351176996158,0.1859282091687382,Equity Sentiment Tilt,Equity,risk_parity_sentiment_tilt
2023-03-31,UPS,Industrials,0.019352236420663062,0.020548415027903513,0.4,0.28900784664105383,1.043351176996158,0.1859282091687382,Equity Sentiment Tilt,Equity,risk_parity_sentiment_tilt
2023-03-31,USB,Financials,0.017671646456743045,0.01876394633293215,0.4,0.28900784664105383,1.043351176996158,0.1859282091687382,Equity Sentiment Tilt,Equity,risk_parity_sentiment_tilt
2023-03-31,V,Financials,0.018392146212022814,0.019528980806321677,0.4,0.28900784664105383,1.043351176996158,0.1859282091687382,Equity Sentiment Tilt,Equity,risk_parity_sentiment_tilt
2023-03-31,WFC,Financials,0.016808894085493194,0.01784786648534302,0.4,0.28900784664105383,1.043351176996158,0.1859282091687382,Equity Sentiment Tilt,Equity,risk_parity_sentiment_tilt
2023-03-31,WMT,Consumer,0.031889727767922225,0.03386085964733543,0.4,0.28900784664105383,1.043351176996158,0.1859282091687382,Equity Sentiment Tilt,Equity,risk_parity_sentiment_tilt
2023-03-31,XOM,Energy,0.01938891949912432,0.020587365519430075,0.4,0.28900784664105383,1.043351176996158,0.1859282091687382,Equity Sentiment Tilt,Equity,risk_parity_sentiment_tilt
2023-05-31,ABBV,Healthcare,0.035545151811149193,0.03654379330357749,0.4,0.2320085777329306,1.0348012866599396,0.16008125452612423,Equity Sentiment Tilt,Equity,risk_parity_sentiment_tilt
2023-05-31,ABT,Healthcare,0.020692278861595154,0.02127362869951044,0.4,0.2320085777329306,1.0348012866599396,0.16008125452612423,Equity Sentiment Tilt,Equity,risk_parity_sentiment_tilt
2023-05-31,ADBE,Tech,0.0130114369411373,0.011895139599916173,0.2807142857142857,-0.532201135904138,0.9201698296143793,0.16008125452612423,Equity Sentiment Tilt,Equity,risk_parity_sentiment_tilt
2023-05-31,AEP,Utilities,0.021956222988272624,0.022573083352509963,0.4,0.2320085777329306,1.0348012866599396,0.16008125452612423,Equity Sentiment Tilt,Equity,risk_parity_sentiment_tilt
2023-05-31,AMD,Tech,0.010676490044649257,0.009760516082331914,0.2807142857142857,-0.532201135904138,0.9201698296143793,0.16008125452612423,Equity Sentiment Tilt,Equity,risk_parity_sentiment_tilt
2023-05-31,AMGN,Healthcare,0.03394883614846929,0.03490262913204228,0.4,0.2320085777329306,1.0348012866599396,0.16008125452612423,Equity Sentiment Tilt,Equity,risk_parity_sentiment_tilt
2023-05-31,AMT,RealEstate,0.016630105466380486,0.017097328491068115,0.4,0.2320085777329306,1.0348012866599396,0.16008125452612423,Equity Sentiment Tilt,Equity,risk_parity_sentiment_tilt
2023-05-31,BA,Industrials,0.01465492592008459,0.012268285242987752,0.2,-1.049301121778322,0.8426048317332517,0.16008125452612423,Equity Sentiment Tilt,Equity,risk_parity_sentiment_tilt
2023-05-31,CAT,Industrials,0.01639109443719543,0.013721708529735279,0.2,-1.049301121778322,0.8426048317332517,0.16008125452612423,Equity Sentiment Tilt,Equity,risk_parity_sentiment_tilt
2023-05-31,CCI,RealEstate,0.016762573614276865,0.017233518333265235,0.4,0.2320085777329306,1.0348012866599396,0.16008125452612423,Equity Sentiment Tilt,Equity,risk_parity_sentiment_tilt
2023-05-31,CMCSA,Comm,0.018501296303454047,0.01548825163999867,0.2,-1.049301121778322,0.8426048317332517,0.16008125452612423,Equity Sentiment Tilt,Equity,risk_parity_sentiment_tilt
2023-05-31,COP,Energy,0.01699705075113407,0.018865555310794355,0.48571428571428565,0.7811413060948953,1.1171711959142343,0.16008125452612423,Equity Sentiment Tilt,Equity,risk_parity_sentiment_tilt
2023-05-31,CVX,Energy,0.02003542704730295,0.022237943668613196,0.48571428571428565,0.7811413060948953,1.1171711959142343,0.16008125452612423,Equity Sentiment Tilt,Equity,risk_parity_sentiment_tilt
2023-05-31,D,Utilities,0.024058546210847215,0.024734471372773785,0.4,0.2320085777329306,1.0348012866599396,0.16008125452612423,Equity Sentiment Tilt,Equity,risk_parity_sentiment_tilt
2023-05-31,DD,Materials,0.015308751587806669,0.012815631564254935,0.2,-1.049301121778322,0.8426048317332517,0.16008125452612423,Equity Sentiment Tilt,Equity,risk_parity_sentiment_tilt
2023-05-31,DIS,Consumer,0.014171473711080063,0.018303521770878208,0.7,2.1539731269998086,1.3,0.16008125452612423,Equity Sentiment Tilt,Equity,risk_parity_sentiment_tilt
2023-05-31,DOW,Materials,0.016432178433364673,0.013756101756058948,0.2,-1.049301121778322,0.8426048317332517,0.16008125452612423,Equity Sentiment Tilt,Equity,risk_parity_sentiment_tilt
2023-05-31,DUK,Utilities,0.025099516098812044,0.0258046873229868,0.4,0.2320085777329306,1.0348012866599396,0.16008125452612423,Equity Sentiment Tilt,Equity,risk_parity_sentiment_tilt
2023-05-31,EA,Comm,0.02717000608925009,0.022745211171610633,0.2,-1.049301121778322,0.8426048317332517,0.16008125452612423,Equity Sentiment Tilt,Equity,risk_parity_sentiment_tilt
2023-05-31,GE,Industrials,0.01700539871207535,0.014235969748885142,0.2,-1.049301121778322,0.8426048317332517,0.16008125452612423,Equity Sentiment Tilt,Equity,risk_parity_sentiment_tilt
2023-05-31,GILD,Healthcare,0.026036795520965966,0.026768299622432542,0.4,0.2320085777329306,1.0348012866599396,0.16008125452612423,Equity Sentiment Tilt,Equity,risk_parity_sentiment_tilt
2023-05-31,GS,Financials,0.01764061280725109,0.017655013113233527,0.37142857142857144,0.04896433494560877,1.0073446502418413,0.16008125452612423,Equity Sentiment Tilt,Equity,risk_parity_sentiment_tilt
2023-05-31,INTC,Tech,0.013799508675271634,0.012615599863812018,0.2807142857142857,-0.532201135904138,0.9201698296143793,0.16008125452612423,Equity Sentiment Tilt,Equity,risk_parity_sentiment_tilt
2023-05-31,KO,Consumer,0.03182431743593385,0.041103494167760754,0.7,2.1539731269998086,1.3,0.16008125452612423,Equity Sentiment Tilt,Equity,risk_parity_sentiment_tilt
2023-05-31,MMM,Industrials,0.018684762559498427,0.015641839339717488,0.2,-1.049301121778322,0.8426048317332517,0.16008125452612423,Equity Sentiment Tilt,Equity,risk_parity_sentiment_tilt
2023-05-31,MRK,Healthcare,0.042417057253344465,0.04360876501661275,0.4,0.2320085777329306,1.0348012866599396,0.16008125452612423,Equity Sentiment Tilt,Equity,risk_parity_sentiment_tilt
2023-05-31,MS,Financials,0.01652172708137146,0.01653521402357294,0.37142857142857144,0.04896433494560877,1.0073446502418413,0.16008125452612423,Equity Sentiment Tilt,Equity,risk_parity_sentiment_tilt
2023-05-31,NEE,Utilities,0.019561888153341908,0.02011147964992517,0.4,0.2320085777329306,1.0348012866599396,0.16008125452612423,Equity Sentiment Tilt,Equity,risk_parity_sentiment_tilt
2023-05-31,NEM,Materials,0.02259929325533299,0.018918865742362897,0.2,-1.049301121778322,0.8426048317332517,0.16008125452612423,Equity Sentiment Tilt,Equity,risk_parity_sentiment_tilt
2023-05-31,NKE,Consumer,0.013255227073909723,0.01712012048087482,0.7,2.1539731269998086,1.3,0.16008125452612423,Equity Sentiment Tilt,Equity,risk_parity_sentiment_tilt
2023-05-31,NUE,Materials,0.013590482863306667,0.011377192983860591,0.2,-1.049301121778322,0.8426048317332517,0.16008125452612423,Equity Sentiment Tilt,Equity,risk_parity_sentiment_tilt
2023-05-31,NVDA,Tech,0.00996509591268605,0.009110154977056181,0.2807142857142857,-0.532201135904138,0.9201698296143793,0.16008125452612423,Equity Sentiment Tilt,Equity,risk_parity_sentiment_tilt
2023-05-31,O,RealEstate,0.02515346178533938,0.02586014861426355,0.4,0.2320085777329306,1.0348012866599396,0.16008125452612423,Equity Sentiment Tilt,Equity,risk_parity_sentiment_tilt
2023-05-31,OXY,Energy,0.017104670047950448,0.018985005315758464,0.48571428571428565,0.7811413060948953,1.1171711959142343,0.16008125452612423,Equity Sentiment Tilt,Equity,risk_parity_sentiment_tilt
2023-05-31,PLD,RealEstate,0.014660442133816641,0.015072327442112921,0.4,0.2320085777329306,1.0348012866599396,0.16008125452612423,Equity Sentiment Tilt,Equity,risk_parity_sentiment_tilt
2023-05-31,PSA,RealEstate,0.0212484276747981,0.021845402520697034,0.4,0.2320085777329306,1.0348012866599396,0.16008125452612423,Equity Sentiment Tilt,Equity,risk_parity_sentiment_tilt
2023-05-31,QCOM,Tech,0.013315829900498472,0.012173417607273312,0.2807142857142857,-0.532201135904138,0.9201698296143793,0.16008125452612423,Equity Sentiment Tilt,Equity,risk_parity_sentiment_tilt
2023-05-31,SBUX,Consumer,0.017910321781732776,0.023132524629324205,0.7,2.1539731269998086,1.3,0.16008125452612423,Equity Sentiment Tilt,Equity,risk_parity_sentiment_tilt
2023-05-31,SHW,Materials,0.016413250675736443,0.01374025649482327,0.2,-1.049301121778322,0.8426048317332517,0.16008125452612423,Equity Sentiment Tilt,Equity,risk_parity_sentiment_tilt
2023-05-31,SLB,Energy,0.01600196590379604,0.017761079687272644,0.48571428571428565,0.7811413060948953,1.1171711959142343,0.16008125452612423,Equity Sentiment Tilt,Equity,risk_parity_sentiment_tilt
2023-05-31,SO,Utilities,0.023773418820996945,0.024441333325277568,0.4,0.2320085777329306,1.0348012866599396,0.16008125452612423,Equity Sentiment Tilt,Equity,risk_parity_sentiment_tilt
2023-05-31,T,Comm,0.025019756657875022,0.020945142477197934,0.2,-1.049301121778322,0.8426048317332517,0.16008125452612423,Equity Sentiment Tilt,Equity,risk_parity_sentiment_tilt
2023-05-31,TMUS,Comm,0.027083592099397327,0.022672870207058545,0.2,-1.049301121778322,0.8426048317332517,0.16008125452612423,Equity Sentiment Tilt,Equity,risk_parity_sentiment_tilt
2023-05-31,TTWO,Comm,0.01949256574885645,0.01631808703972512,0.2,-1.049301121778322,0.8426048317332517,0.16008125452612423,Equity Sentiment Tilt,Equity,risk_parity_sentiment_tilt
2023-05-31,UPS,Industrials,0.018813844262674746,0.015749899330116172,0.2,-1.049301121778322,0.8426048317332517,0.16008125452612423,Equity Sentiment Tilt,Equity,risk_parity_sentiment_tilt
2023-05-31,USB,Financials,0.015416447473594802,0.015429032158900671,0.37142857142857144,0.04896433494560877,1.0073446502418413,0.16008125452612423,Equity Sentiment Tilt,Equity,risk_parity_sentiment_tilt
2023-05-31,V,Financials,0.01965606012785146,0.019672105674757513,0.37142857142857144,0.04896433494560877,1.0073446502418413,0.16008125452612423,Equity Sentiment Tilt,Equity,risk_parity_sentiment_tilt
2023-05-31,WFC,Financials,0.016818299475831164,0.016832028514680467,0.37142857142857144,0.04896433494560877,1.0073446502418413,0.16008125452612423,Equity Sentiment Tilt,Equity,risk_parity_sentiment_tilt
2023-05-31,WMT,Consumer,0.031648735854533386,0.04087671737917483,0.7,2.1539731269998086,1.3,0.16008125452612423,Equity Sentiment Tilt,Equity,risk_parity_sentiment_tilt
2023-05-31,XOM,Energy,0.01952337980416863,0.021669606506564906,0.48571428571428565,0.7811413060948953,1.1171711959142343,0.16008125452612423,Equity Sentiment Tilt,Equity,risk_parity_sentiment_tilt
2023-06-30,ABBV,Healthcare,0.036944453814935926,0.03810486822047314,0.6,0.1896374205017298,1.0284456130752595,0.1002451183388697,Equity Sentiment Tilt,Equity,risk_parity_sentiment_tilt
2023-06-30,ABT,Healthcare,0.021550360135689804,0.02222725059592607,0.6,0.1896374205017298,1.0284456130752595,0.1002451183388697,Equity Sentiment Tilt,Equity,risk_parity_sentiment_tilt
2023-06-30,ADBE,Tech,0.013215561234323794,0.015922376875605448,0.9555555555555555,1.3423859196167223,1.2013578879425084,0.1002451183388697,Equity Sentiment Tilt,Equity,risk_parity_sentiment_tilt
2023-06-30,AEP,Utilities,0.02170461846485766,0.0223863541337479,0.6,0.1896374205017298,1.0284456130752595,0.1002451183388697,Equity Sentiment Tilt,Equity,risk_parity_sentiment_tilt
2023-06-30,AMD,Tech,0.011501491671636194,0.01385723101579644,0.9555555555555555,1.3423859196167223,1.2013578879425084,0.1002451183388697,Equity Sentiment Tilt,Equity,risk_parity_sentiment_tilt
2023-06-30,AMGN,Healthcare,0.03211576389509768,0.0331245105734323,0.6,0.1896374205017298,1.0284456130752595,0.1002451183388697,Equity Sentiment Tilt,Equity,risk_parity_sentiment_tilt
2023-06-30,AMT,RealEstate,0.016655944485353506,0.01880378154054983,0.8,0.8380584512539134,1.125708767688087,0.1002451183388697,Equity Sentiment Tilt,Equity,risk_parity_sentiment_tilt
2023-06-30,BA,Industrials,0.015205970172628423,0.011233855580801519,0.0,-1.7556256717548202,0.7366561492367769,0.1002451183388697,Equity Sentiment Tilt,Equity,risk_parity_sentiment_tilt
2023-06-30,CAT,Industrials,0.015349126832105427,0.011339616753534154,0.0,-1.7556256717548202,0.7366561492367769,0.1002451183388697,Equity Sentiment Tilt,Equity,risk_parity_sentiment_tilt
2023-06-30,CCI,RealEstate,0.016913216528126638,0.01909422963210363,0.8,0.8380584512539134,1.125708767688087,0.1002451183388697,Equity Sentiment Tilt,Equity,risk_parity_sentiment_tilt
2023-06-30,CMCSA,Comm,0.01756314133578294,0.0146884546613754,0.2,-1.1072046410026368,0.8339193038496044,0.1002451183388697,Equity Sentiment Tilt,Equity,risk_parity_sentiment_tilt
2023-06-30,COP,Energy,0.016899094068473466,0.017155156898441295,0.5666666666666667,0.08156724870969925,1.012235087306455,0.1002451183388697,Equity Sentiment Tilt,Equity,risk_parity_sentiment_tilt
2023-06-30,CVX,Energy,0.01961359323052149,0.01991078739774106,0.5666666666666667,0.08156724870969925,1.012235087306455,0.1002451183388697,Equity Sentiment Tilt,Equity,risk_parity_sentiment_tilt
2023-06-30,D,Utilities,0.023287761097198687,0.024019222809564658,0.6,0.1896374205017298,1.0284456130752595,0.1002451183388697,Equity Sentiment Tilt,Equity,risk_parity_sentiment_tilt
2023-06-30,DD,Materials,0.015213420949281013,0.01272333004589872,0.2,-1.1072046410026368,0.8339193038496044,0.1002451183388697,Equity Sentiment Tilt,Equity,risk_parity_sentiment_tilt
2023-06-30,DIS,Consumer,0.013605571555238194,0.014980871950886869,0.7428571428571429,0.6527952996104324,1.0979192949415648,0.1002451183388697,Equity Sentiment Tilt,Equity,risk_parity_sentiment_tilt
2023-06-30,DOW,Materials,0.015995984587398333,0.013377805819814414,0.2,-1.1072046410026368,0.8339193038496044,0.1002451183388697,Equity Sentiment Tilt,Equity,risk_parity_sentiment_tilt
2023-06-30,DUK,Utilities,0.024485125378654857,0.025254195950197292,0.6,0.1896374205017298,1.0284456130752595,0.1002451183388697,Equity Sentiment Tilt,Equity,risk_parity_sentiment_tilt
2023-06-30,EA,Comm,0.027196517081960487,0.02274506595763782,0.2,-1.1072046410026368,0.8339193038496044,0.1002451183388697,Equity Sentiment Tilt,Equity,risk_parity_sentiment_tilt
2023-06-30,GE,Industrials,0.01772155273457637,0.013092315835667397,0.0,-1.7556256717548202,0.7366561492367769,0.1002451183388697,Equity Sentiment Tilt,Equity,risk_parity_sentiment_tilt
2023-06-30,GILD,Healthcare,0.02498921426762922,0.025774118122602163,0.6,0.1896374205017298,1.0284456130752595,0.1002451183388697,Equity Sentiment Tilt,Equity,risk_parity_sentiment_tilt
2023-06-30,GS,Financials,0.017500074495996675,0.019330010271631948,0.75,0.6759531935658674,1.1013929790348802,0.1002451183388697,Equity Sentiment Tilt,Equity,risk_parity_sentiment_tilt
2023-06-30,INTC,Tech,0.013391044786069036,0.016133803026702278,0.9555555555555555,1.3423859196167223,1.2013578879425084,0.1002451183388697,Equity Sentiment Tilt,Equity,risk_parity_sentiment_tilt
2023-06-30,KO,Consumer,0.03076437702512608,0.03387415155556477,0.7428571428571429,0.6527952996104324,1.0979192949415648,0.1002451183388697,Equity Sentiment Tilt,Equity,risk_parity_sentiment_tilt
2023-06-30,MMM,Industrials,0.016859351787213064,0.012455339647081634,0.0,-1.7556256717548202,0.7366561492367769,0.1002451183388697,Equity Sentiment Tilt,Equity,risk_parity_sentiment_tilt
2023-06-30,MRK,Healthcare,0.04724143871940809,0.04872527838592232,0.6,0.1896374205017298,1.0284456130752595,0.1002451183388697,Equity Sentiment Tilt,Equity,risk_parity_sentiment_tilt
2023-06-30,MS,Financials,0.016284384434514788,0.017987198766404273,0.75,0.6759531935658674,1.1013929790348802,0.1002451183388697,Equity Sentiment Tilt,Equity,risk_parity_sentiment_tilt
2023-06-30,NEE,Utilities,0.02042816407357884,0.02106980668625363,0.6,0.1896374205017298,1.0284456130752595,0.1002451183388697,Equity Sentiment Tilt,Equity,risk_parity_sentiment_tilt
2023-06-30,NEM,Materials,0.020652553656417647,0.017272200469392297,0.2,-1.1072046410026368,0.8339193038496044,0.1002451183388697,Equity Sentiment Tilt,Equity,risk_parity_sentiment_tilt
2023-06-30,NKE,Consumer,0.013096614212485484,0.014420467358600081,0.7428571428571429,0.6527952996104324,1.0979192949415648,0.1002451183388697,Equity Sentiment Tilt,Equity,risk_parity_sentiment_tilt
2023-06-30,NUE,Materials,0.013449963132490523,0.011248510154971704,0.2,-1.1072046410026368,0.8339193038496044,0.1002451183388697,Equity Sentiment Tilt,Equity,risk_parity_sentiment_tilt
2023-06-30,NVDA,Tech,0.010605982128587137,0.012778302910715635,0.9555555555555555,1.3423859196167223,1.2013578879425084,0.1002451183388697,Equity Sentiment Tilt,Equity,risk_parity_sentiment_tilt
2023-06-30,O,RealEstate,0.025168489680671306,0.02841404653318172,0.8,0.8380584512539134,1.125708767688087,0.1002451183388697,Equity Sentiment Tilt,Equity,risk_parity_sentiment_tilt
2023-06-30,OXY,Energy,0.017458616574321753,0.017723157546117637,0.5666666666666667,0.08156724870969925,1.012235087306455,0.1002451183388697,Equity Sentiment Tilt,Equity,risk_parity_sentiment_tilt
2023-06-30,PLD,RealEstate,0.015268865324687284,0.01723783410721439,0.8,0.8380584512539134,1.125708767688087,0.1002451183388697,Equity Sentiment Tilt,Equity,risk_parity_sentiment_tilt
2023-06-30,PSA,RealEstate,0.020829885481460204,0.02351596551324212,0.8,0.8380584512539134,1.125708767688087,0.1002451183388697,Equity Sentiment Tilt,Equity,risk_parity_sentiment_tilt
2023-06-30,QCOM,Tech,0.013024079730957011,0.01569167606712257,0.9555555555555555,1.3423859196167223,1.2013578879425084,0.1002451183388697,Equity Sentiment Tilt,Equity,risk_parity_sentiment_tilt
2023-06-30,SBUX,Consumer,0.018420143295673302,0.020282118021218102,0.7428571428571429,0.6527952996104324,1.0979192949415648,0.1002451183388697,Equity Sentiment Tilt,Equity,risk_parity_sentiment_tilt
2023-06-30,SHW,Materials,0.01634472980102773,0.013669469375942067,0.2,-1.1072046410026368,0.8339193038496044,0.1002451183388697,Equity Sentiment Tilt,Equity,risk_parity_sentiment_tilt
2023-06-30,SLB,Energy,0.0158323391950512,0.01607223806553909,0.5666666666666667,0.08156724870969925,1.012235087306455,0.1002451183388697,Equity Sentiment Tilt,Equity,risk_parity_sentiment_tilt
2023-06-30,SO,Utilities,0.02387627539670592,0.024626222169764185,0.6,0.1896374205017298,1.0284456130752595,0.1002451183388697,Equity Sentiment Tilt,Equity,risk_parity_sentiment_tilt
2023-06-30,T,Comm,0.02558086629416347,0.021393860447674645,0.2,-1.1072046410026368,0.8339193038496044,0.1002451183388697,Equity Sentiment Tilt,Equity,risk_parity_sentiment_tilt
2023-06-30,TMUS,Comm,0.030034762473040807,0.02511875514840937,0.2,-1.1072046410026368,0.8339193038496044,0.1002451183388697,Equity Sentiment Tilt,Equity,risk_parity_sentiment_tilt
2023-06-30,TTWO,Comm,0.020231315807353482,0.016919909673039808,0.2,-1.1072046410026368,0.8339193038496044,0.1002451183388697,Equity Sentiment Tilt,Equity,risk_parity_sentiment_tilt
2023-06-30,UPS,Industrials,0.0175055900565272,0.012932767085505134,0.0,-1.7556256717548202,0.7366561492367769,0.1002451183388697,Equity Sentiment Tilt,Equity,risk_parity_sentiment_tilt
2023-06-30,USB,Financials,0.014498739222769695,0.016014833432049895,0.75,0.6759531935658674,1.1013929790348802,0.1002451183388697,Equity Sentiment Tilt,Equity,risk_parity_sentiment_tilt
2023-06-30,V,Financials,0.021040298351590533,0.02324042582490062,0.75,0.6759531935658674,1.1013929790348802,0.1002451183388697,Equity Sentiment Tilt,Equity,risk_parity_sentiment_tilt
2023-06-30,WFC,Financials,0.016854508397528643,0.01861693906057744,0.75,0.6759531935658674,1.1013929790348802,0.1002451183388697,Equity Sentiment Tilt,Equity,risk_parity_sentiment_tilt
2023-06-30,WMT,Consumer,0.030631334323101896,0.03372766041589215,0.7428571428571429,0.6527952996104324,1.0979192949415648,0.1002451183388697,Equity Sentiment Tilt,Equity,risk_parity_sentiment_tilt
2023-06-30,XOM,Energy,0.019397728620011215,0.019691651907571016,0.5666666666666667,0.08156724870969925,1.012235087306455,0.1002451183388697,Equity Sentiment Tilt,Equity,risk_parity_sentiment_tilt
2023-07-31,ABBV,Healthcare,0.03719128653955116,0.035943591246156065,0.4533333333333333,-0.23059551397588304,0.9654106729036176,0.0985165704695708,Equity Sentiment Tilt,Equity,risk_parity_sentiment_tilt
2023-07-31,ABT,Healthcare,0.022070542513093365,0.02133011875854058,0.4533333333333333,-0.23059551397588304,0.9654106729036176,0.0985165704695708,Equity Sentiment Tilt,Equity,risk_parity_sentiment_tilt
2023-07-31,ADBE,Tech,0.01330538933783161,0.014882107665904263,0.72473604826546,0.7819809120288107,1.1172971368043216,0.0985165704695708,Equity Sentiment Tilt,Equity,risk_parity_sentiment_tilt
2023-07-31,AEP,Utilities,0.021117319777912383,0.022144049747470317,0.6,0.3166031726124043,1.0474904758918606,0.0985165704695708,Equity Sentiment Tilt,Equity,risk_parity_sentiment_tilt
2023-07-31,AMD,Tech,0.011875958046494531,0.013283285576707295,0.72473604826546,0.7819809120288107,1.1172971368043216,0.0985165704695708,Equity Sentiment Tilt,Equity,risk_parity_sentiment_tilt
2023-07-31,AMGN,Healthcare,0.03208204996546772,0.03100575961714079,0.4533333333333333,-0.23059551397588304,0.9654106729036176,0.0985165704695708,Equity Sentiment Tilt,Equity,risk_parity_sentiment_tilt
2023-07-31,AMT,RealEstate,0.016530467535891945,0.021038586077375767,1.0,1.808963226944097,1.2713444840416146,0.0985165704695708,Equity Sentiment Tilt,Equity,risk_parity_sentiment_tilt
2023-07-31,BA,Industrials,0.015383553914102921,0.013833250271445295,0.33333333333333337,-0.6783035302753906,0.8982544704586914,0.0985165704695708,Equity Sentiment Tilt,Equity,risk_parity_sentiment_tilt
2023-07-31,CAT,Industrials,0.0158725465051906,0.01427296380780812,0.33333333333333337,-0.6783035302753906,0.8982544704586914,0.0985165704695708,Equity Sentiment Tilt,Equity,risk_parity_sentiment_tilt
2023-07-31,CCI,RealEstate,0.016741218313633607,0.021306811907574746,1.0,1.808963226944097,1.2713444840416146,0.0985165704695708,Equity Sentiment Tilt,Equity,risk_parity_sentiment_tilt
2023-07-31,CMCSA,Comm,0.017931409355107203,0.017999570013173715,0.52,0.018131161746065876,1.0027196742619098,0.0985165704695708,Equity Sentiment Tilt,Equity,risk_parity_sentiment_tilt
2023-07-31,COP,Energy,0.017055851949526836,0.015782935847047996,0.38,-0.5041948572700267,0.924370771409496,0.0985165704695708,Equity Sentiment Tilt,Equity,risk_parity_sentiment_tilt
2023-07-31,CVX,Energy,0.019827063720474918,0.01834732593022242,0.38,-0.5041948572700267,0.924370771409496,0.0985165704695708,Equity Sentiment Tilt,Equity,risk_parity_sentiment_tilt
2023-07-31,D,Utilities,0.022306577019408046,0.023391129007299696,0.6,0.3166031726124043,1.0474904758918606,0.0985165704695708,Equity Sentiment Tilt,Equity,risk_parity_sentiment_tilt
2023-07-31,DD,Materials,0.015468011395852252,0.011020603894510324,0.0,-1.9219369088851346,0.7117094636672299,0.0985165704695708,Equity Sentiment Tilt,Equity,risk_parity_sentiment_tilt
2023-07-31,DIS,Consumer,0.013832880652490293,0.013265484902084191,0.44000000000000006,-0.2803408491202725,0.9579488726319592,0.0985165704695708,Equity Sentiment Tilt,Equity,risk_parity_sentiment_tilt
2023-07-31,DOW,Materials,0.016302415836365398,0.01161509795010571,0.0,-1.9219369088851346,0.7117094636672299,0.0985165704695708,Equity Sentiment Tilt,Equity,risk_parity_sentiment_tilt
2023-07-31,DUK,Utilities,0.02349478407506838,0.02463710702096592,0.6,0.3166031726124043,1.0474904758918606,0.0985165704695708,Equity Sentiment Tilt,Equity,risk_parity_sentiment_tilt
2023-07-31,EA,Comm,0.027202880041836252,0.027306283303020956,0.52,0.018131161746065876,1.0027196742619098,0.0985165704695708,Equity Sentiment Tilt,Equity,risk_parity_sentiment_tilt
2023-07-31,GE,Industrials,0.018219655311488878,0.016383538757727335,0.33333333333333337,-0.6783035302753906,0.8982544704586914,0.0985165704695708,Equity Sentiment Tilt,Equity,risk_parity_sentiment_tilt
2023-07-31,GILD,Healthcare,0.025088210178921485,0.02424654954621768,0.4533333333333333,-0.23059551397588304,0.9654106729036176,0.0985165704695708,Equity Sentiment Tilt,Equity,risk_parity_sentiment_tilt
2023-07-31,GS,Financials,0.01795809737973593,0.01983730706674986,0.7,0.6896931861953274,1.1034539779292991,0.0985165704695708,Equity Sentiment Tilt,Equity,risk_parity_sentiment_tilt
2023-07-31,INTC,Tech,0.013296922177039162,0.01487263712766308,0.72473604826546,0.7819809120288107,1.1172971368043216,0.0985165704695708,Equity Sentiment Tilt,Equity,risk_parity_sentiment_tilt
2023-07-31,KO,Consumer,0.030677090542032614,0.029418780632068996,0.44000000000000006,-0.2803408491202725,0.9579488726319592,0.0985165704695708,Equity Sentiment Tilt,Equity,risk_parity_sentiment_tilt
2023-07-31,MMM,Industrials,0.015963901196900946,0.014355112076079304,0.33333333333333337,-0.6783035302753906,0.8982544704586914,0.0985165704695708,Equity Sentiment Tilt,Equity,risk_parity_sentiment_tilt
2023-07-31,MRK,Healthcare,0.0466396062303556,0.045074938196687814,0.4533333333333333,-0.23059551397588304,0.9654106729036176,0.0985165704695708,Equity Sentiment Tilt,Equity,risk_parity_sentiment_tilt
2023-07-31,MS,Financials,0.016488480024155927,0.018213902864355782,0.7,0.6896931861953274,1.1034539779292991,0.0985165704695708,Equity Sentiment Tilt,Equity,risk_parity_sentiment_tilt
2023-07-31,NEE,Utilities,0.019930073546252897,0.02089907927333549,0.6,0.3166031726124043,1.0474904758918606,0.0985165704695708,Equity Sentiment Tilt,Equity,risk_parity_sentiment_tilt
2023-07-31,NEM,Materials,0.019733970132586282,0.014060001801889554,0.0,-1.9219369088851346,0.7117094636672299,0.0985165704695708,Equity Sentiment Tilt,Equity,risk_parity_sentiment_tilt
2023-07-31,NKE,Consumer,0.013342915425334397,0.012795617020862165,0.44000000000000006,-0.2803408491202725,0.9579488726319592,0.0985165704695708,Equity Sentiment Tilt,Equity,risk_parity_sentiment_tilt
2023-07-31,NUE,Materials,0.013649445942352402,0.009724917654930972,0.0,-1.9219369088851346,0.7117094636672299,0.0985165704695708,Equity Sentiment Tilt,Equity,risk_parity_sentiment_tilt
2023-07-31,NVDA,Tech,0.01074684407133026,0.01202036907582042,0.72473604826546,0.7819809120288107,1.1172971368043216,0.0985165704695708,Equity Sentiment Tilt,Equity,risk_parity_sentiment_tilt
2023-07-31,O,RealEstate,0.025002083365739232,0.03182054481288738,1.0,1.808963226944097,1.2713444840416146,0.0985165704695708,Equity Sentiment Tilt,Equity,risk_parity_sentiment_tilt
2023-07-31,OXY,Energy,0.017934089854151087,0.01659562890677609,0.38,-0.5041948572700267,0.924370771409496,0.0985165704695708,Equity Sentiment Tilt,Equity,risk_parity_sentiment_tilt
2023-07-31,PLD,RealEstate,0.0155405642390737,0.019778720579127176,1.0,1.808963226944097,1.2713444840416146,0.0985165704695708,Equity Sentiment Tilt,Equity,risk_parity_sentiment_tilt
2023-07-31,PSA,RealEstate,0.021080517252507994,0.026829505929552883,1.0,1.808963226944097,1.2713444840416146,0.0985165704695708,Equity Sentiment Tilt,Equity,risk_parity_sentiment_tilt
2023-07-31,QCOM,Tech,0.01299198516279284,0.014531564396748712,0.72473604826546,0.7819809120288107,1.1172971368043216,0.0985165704695708,Equity Sentiment Tilt,Equity,risk_parity_sentiment_tilt
2023-07-31,SBUX,Consumer,0.01850756518211259,0.01774842367728047,0.44000000000000006,-0.2803408491202725,0.9579488726319592,0.0985165704695708,Equity Sentiment Tilt,Equity,risk_parity_sentiment_tilt
2023-07-31,SHW,Materials,0.015613965409209882,0.011124592786609268,0.0,-1.9219369088851346,0.7117094636672299,0.0985165704695708,Equity Sentiment Tilt,Equity,risk_parity_sentiment_tilt
2023-07-31,SLB,Energy,0.016221497098705514,0.01501085075137785,0.38,-0.5041948572700267,0.924370771409496,0.0985165704695708,Equity Sentiment Tilt,Equity,risk_parity_sentiment_tilt
2023-07-31,SO,Utilities,0.02316799528425078,0.02429442966811598,0.6,0.3166031726124043,1.0474904758918606,0.0985165704695708,Equity Sentiment Tilt,Equity,risk_parity_sentiment_tilt
2023-07-31,T,Comm,0.02447451524808201,0.024567547481752643,0.52,0.018131161746065876,1.0027196742619098,0.0985165704695708,Equity Sentiment Tilt,Equity,risk_parity_sentiment_tilt
2023-07-31,TMUS,Comm,0.0307445782956757,0.03086144421776307,0.52,0.018131161746065876,1.0027196742619098,0.0985165704695708,Equity Sentiment Tilt,Equity,risk_parity_sentiment_tilt
2023-07-31,TTWO,Comm,0.020150236213827718,0.02022683104992402,0.52,0.018131161746065876,1.0027196742619098,0.0985165704695708,Equity Sentiment Tilt,Equity,risk_parity_sentiment_tilt
2023-07-31,UPS,Industrials,0.017561124489679177,0.015791372492349416,0.33333333333333337,-0.6783035302753906,0.8982544704586914,0.0985165704695708,Equity Sentiment Tilt,Equity,risk_parity_sentiment_tilt
2023-07-31,USB,Financials,0.014246471085916267,0.01573728082507202,0.7,0.6896931861953274,1.1034539779292991,0.0985165704695708,Equity Sentiment Tilt,Equity,risk_parity_sentiment_tilt
2023-07-31,V,Financials,0.02130309860505277,0.02353234307430271,0.7,0.6896931861953274,1.1034539779292991,0.0985165704695708,Equity Sentiment Tilt,Equity,risk_parity_sentiment_tilt
2023-07-31,WFC,Financials,0.017619268285125333,0.01946302149234799,0.7,0.6896931861953274,1.1034539779292991,0.0985165704695708,Equity Sentiment Tilt,Equity,risk_parity_sentiment_tilt
2023-07-31,WMT,Consumer,0.030759429946423382,0.02949774264679553,0.44000000000000006,-0.2803408491202725,0.9579488726319592,0.0985165704695708,Equity Sentiment Tilt,Equity,risk_parity_sentiment_tilt
2023-07-31,XOM,Energy,0.019753596327887892,0.018279341572274056,0.38,-0.5041948572700267,0.924370771409496,0.0985165704695708,Equity Sentiment Tilt,Equity,risk_parity_sentiment_tilt
2023-08-31,ABBV,Healthcare,0.03697701082610944,0.03763793194243867,0.4,0.19750733816166405,1.0296261007242495,0.16415853774276024,Equity Sentiment Tilt,Equity,risk_parity_sentiment_tilt
2023-08-31,ABT,Healthcare,0.022420024527444782,0.022820756422959294,0.4,0.19750733816166405,1.0296261007242495,0.16415853774276024,Equity Sentiment Tilt,Equity,risk_parity_sentiment_tilt
2023-08-31,ADBE,Tech,0.013455399989121963,0.010218714180100716,0.1,-1.545204469147135,0.7682193296279298,0.16415853774276024,Equity Sentiment Tilt,Equity,risk_parity_sentiment_tilt
2023-08-31,AEP,Utilities,0.021118647364560376,0.02149611865495719,0.4,0.19750733816166405,1.0296261007242495,0.16415853774276024,Equity Sentiment Tilt,Equity,risk_parity_sentiment_tilt
2023-08-31,AMD,Tech,0.011730487372493445,0.008908727927055356,0.1,-1.545204469147135,0.7682193296279298,0.16415853774276024,Equity Sentiment Tilt,Equity,risk_parity_sentiment_tilt
2023-08-31,AMGN,Healthcare,0.032686449317657185,0.0332706816309033,0.4,0.19750733816166405,1.0296261007242495,0.16415853774276024,Equity Sentiment Tilt,Equity,risk_parity_sentiment_tilt
2023-08-31,AMT,RealEstate,0.01645240964941433,0.01391202281404976,0.2,-0.9643005333775352,0.8553549199933698,0.16415853774276024,Equity Sentiment Tilt,Equity,risk_parity_sentiment_tilt
2023-08-31,BA,Industrials,0.015382713991679809,0.013890885331479249,0.26666666666666666,-0.5770312428644689,0.9134453135703297,0.16415853774276024,Equity Sentiment Tilt,Equity,risk_parity_sentiment_tilt
2023-08-31,CAT,Industrials,0.016463370931166857,0.014866739243682335,0.26666666666666666,-0.5770312428644689,0.9134453135703297,0.16415853774276024,Equity Sentiment Tilt,Equity,risk_parity_sentiment_tilt
2023-08-31,CCI,RealEstate,0.01680172192917155,0.014207398416090108,0.2,-0.9643005333775352,0.8553549199933698,0.16415853774276024,Equity Sentiment Tilt,Equity,risk_parity_sentiment_tilt
2023-08-31,CMCSA,Comm,0.017416267515830964,0.01572722310871985,0.26666666666666666,-0.5770312428644689,0.9134453135703297,0.16415853774276024,Equity Sentiment Tilt,Equity,risk_parity_sentiment_tilt
2023-08-31,COP,Energy,0.01660884883564162,0.016333431474363468,0.36,-0.034854236146176006,0.9947718645780737,0.16415853774276024,Equity Sentiment Tilt,Equity,risk_parity_sentiment_tilt
2023-08-31,CVX,Energy,0.019464426335173604,0.019141656166507703,0.36,-0.034854236146176006,0.9947718645780737,0.16415853774276024,Equity Sentiment Tilt,Equity,risk_parity_sentiment_tilt
2023-08-31,D,Utilities,0.02191350895420216,0.022305187472209224,0.4,0.19750733816166405,1.0296261007242495,0.16415853774276024,Equity Sentiment Tilt,Equity,risk_parity_sentiment_tilt
2023-08-31,DD,Materials,0.016049489896549588,0.01633635588549676,0.4,0.19750733816166405,1.0296261007242495,0.16415853774276024,Equity Sentiment Tilt,Equity,risk_parity_sentiment_tilt
2023-08-31,DIS,Consumer,0.014178210669485351,0.017688497619957163,0.6666666666666667,1.74658450021393,1.2619876750320895,0.16415853774276024,Equity Sentiment Tilt,Equity,risk_parity_sentiment_tilt
2023-08-31,DOW,Materials,0.016396334757976246,0.01668940019592932,0.4,0.19750733816166405,1.0296261007242495,0.16415853774276024,Equity Sentiment Tilt,Equity,risk_parity_sentiment_tilt
2023-08-31,DUK,Utilities,0.023445973273626828,0.023865042811245834,0.4,0.19750733816166405,1.0296261007242495,0.16415853774276024,Equity Sentiment Tilt,Equity,risk_parity_sentiment_tilt
2023-08-31,EA,Comm,0.02499516114595593,0.022571109201413694,0.26666666666666666,-0.5770312428644689,0.9134453135703297,0.16415853774276024,Equity Sentiment Tilt,Equity,risk_parity_sentiment_tilt
2023-08-31,GE,Industrials,0.018683753406162323,0.01687178714152861,0.26666666666666666,-0.5770312428644689,0.9134453135703297,0.16415853774276024,Equity Sentiment Tilt,Equity,risk_parity_sentiment_tilt
2023-08-31,GILD,Healthcare,0.02490206482117446,0.025347160303822076,0.4,0.19750733816166405,1.0296261007242495,0.16415853774276024,Equity Sentiment Tilt,Equity,risk_parity_sentiment_tilt
2023-08-31,GS,Financials,0.018103797347771795,0.021546340669411773,0.6,1.359315209700863,1.2038972814551294,0.16415853774276024,Equity Sentiment Tilt,Equity,risk_parity_sentiment_tilt
2023-08-31,INTC,Tech,0.012972473196764764,0.009851955045106536,0.1,-1.545204469147135,0.7682193296279298,0.16415853774276024,Equity Sentiment Tilt,Equity,risk_parity_sentiment_tilt
2023-08-31,KO,Consumer,0.031835181602753546,0.03971703814665144,0.6666666666666667,1.74658450021393,1.2619876750320895,0.16415853774276024,Equity Sentiment Tilt,Equity,risk_parity_sentiment_tilt
2023-08-31,MMM,Industrials,0.016552362200308868,0.01494710006400462,0.26666666666666666,-0.5770312428644689,0.9134453135703297,0.16415853774276024,Equity Sentiment Tilt,Equity,risk_parity_sentiment_tilt
2023-08-31,MRK,Healthcare,0.04480717255337352,0.04560804871512701,0.4,0.19750733816166405,1.0296261007242495,0.16415853774276024,Equity Sentiment Tilt,Equity,risk_parity_sentiment_tilt
2023-08-31,MS,Financials,0.016816395833862935,0.020014132201534127,0.6,1.359315209700863,1.2038972814551294,0.16415853774276024,Equity Sentiment Tilt,Equity,risk_parity_sentiment_tilt
2023-08-31,NEE,Utilities,0.01980467332271634,0.020158658853416486,0.4,0.19750733816166405,1.0296261007242495,0.16415853774276024,Equity Sentiment Tilt,Equity,risk_parity_sentiment_tilt
2023-08-31,NEM,Materials,0.01953147294842908,0.019880575339786113,0.4,0.19750733816166405,1.0296261007242495,0.16415853774276024,Equity Sentiment Tilt,Equity,risk_parity_sentiment_tilt
2023-08-31,NKE,Consumer,0.013729683099328368,0.017128922152914467,0.6666666666666667,1.74658450021393,1.2619876750320895,0.16415853774276024,Equity Sentiment Tilt,Equity,risk_parity_sentiment_tilt
2023-08-31,NUE,Materials,0.013807793301145212,0.014054591567385605,0.4,0.19750733816166405,1.0296261007242495,0.16415853774276024,Equity Sentiment Tilt,Equity,risk_parity_sentiment_tilt
2023-08-31,NVDA,Tech,0.011270472551954678,0.008559369307207835,0.1,-1.545204469147135,0.7682193296279298,0.16415853774276024,Equity Sentiment Tilt,Equity,risk_parity_sentiment_tilt
2023-08-31,O,RealEstate,0.02456687410893724,0.02077354748370186,0.2,-0.9643005333775352,0.8553549199933698,0.16415853774276024,Equity Sentiment Tilt,Equity,risk_parity_sentiment_tilt
2023-08-31,OXY,Energy,0.01727212644940368,0.01698571024214981,0.36,-0.034854236146176006,0.9947718645780737,0.16415853774276024,Equity Sentiment Tilt,Equity,risk_parity_sentiment_tilt
2023-08-31,PLD,RealEstate,0.01570146415901223,0.013277029459446914,0.2,-0.9643005333775352,0.8553549199933698,0.16415853774276024,Equity Sentiment Tilt,Equity,risk_parity_sentiment_tilt
2023-08-31,PSA,RealEstate,0.02121398203983602,0.01793836941846063,0.2,-0.9643005333775352,0.8553549199933698,0.16415853774276024,Equity Sentiment Tilt,Equity,risk_parity_sentiment_tilt
2023-08-31,QCOM,Tech,0.012926490650383874,0.009817033563833634,0.1,-1.545204469147135,0.7682193296279298,0.16415853774276024,Equity Sentiment Tilt,Equity,risk_parity_sentiment_tilt
2023-08-31,SBUX,Consumer,0.0191840620339616,0.023933713748461163,0.6666666666666667,1.74658450021393,1.2619876750320895,0.16415853774276024,Equity Sentiment Tilt,Equity,risk_parity_sentiment_tilt
2023-08-31,SHW,Materials,0.01608173776240574,0.01636918014449624,0.4,0.19750733816166405,1.0296261007242495,0.16415853774276024,Equity Sentiment Tilt,Equity,risk_parity_sentiment_tilt
2023-08-31,SLB,Energy,0.01557868845881254,0.015320353801789649,0.36,-0.034854236146176006,0.9947718645780737,0.16415853774276024,Equity Sentiment Tilt,Equity,risk_parity_sentiment_tilt
2023-08-31,SO,Utilities,0.023005028589448348,0.023416216753035332,0.4,0.19750733816166405,1.0296261007242495,0.16415853774276024,Equity Sentiment Tilt,Equity,risk_parity_sentiment_tilt
2023-08-31,T,Comm,0.0243167171397526,0.021958461270814633,0.26666666666666666,-0.5770312428644689,0.9134453135703297,0.16415853774276024,Equity Sentiment Tilt,Equity,risk_parity_sentiment_tilt
2023-08-31,TMUS,Comm,0.0306968377328399,0.02771983235315555,0.26666666666666666,-0.5770312428644689,0.9134453135703297,0.16415853774276024,Equity Sentiment Tilt,Equity,risk_parity_sentiment_tilt
2023-08-31,TTWO,Comm,0.019855965339741582,0.017930316966782347,0.26666666666666666,-0.5770312428644689,0.9134453135703297,0.16415853774276024,Equity Sentiment Tilt,Equity,risk_parity_sentiment_tilt
2023-08-31,UPS,Industrials,0.017577697887727346,0.015872997826123007,0.26666666666666666,-0.5770312428644689,0.9134453135703297,0.16415853774276024,Equity Sentiment Tilt,Equity,risk_parity_sentiment_tilt
2023-08-31,USB,Financials,0.013998879429116788,0.016660848515678655,0.6,1.359315209700863,1.2038972814551294,0.16415853774276024,Equity Sentiment Tilt,Equity,risk_parity_sentiment_tilt
2023-08-31,V,Financials,0.021677486848043354,0.025799588203086136,0.6,1.359315209700863,1.2038972814551294,0.16415853774276024,Equity Sentiment Tilt,Equity,risk_parity_sentiment_tilt
2023-08-31,WFC,Financials,0.017880171029483492,0.021280190494179105,0.6,1.359315209700863,1.2038972814551294,0.16415853774276024,Equity Sentiment Tilt,Equity,risk_parity_sentiment_tilt
2023-08-31,WMT,Consumer,0.032321368644508616,0.04032359693826592,0.6666666666666667,1.74658450021393,1.2619876750320895,0.16415853774276024,Equity Sentiment Tilt,Equity,risk_parity_sentiment_tilt
2023-08-31,XOM,Energy,0.019370668227577104,0.01904945280908373,0.36,-0.034854236146176006,0.9947718645780737,0.16415853774276024,Equity Sentiment Tilt,Equity,risk_parity_sentiment_tilt
2023-10-31,ABBV,Healthcare,0.04134738236098284,0.04123134589138805,0.4666666666666666,-0.006960035946141495,0.9989559946080788,0.12697992859614557,Equity Sentiment Tilt,Equity,risk_parity_sentiment_tilt
2023-10-31,ABT,Healthcare,0.02348730482805678,0.023421390524008448,0.4666666666666666,-0.006960035946141495,0.9989559946080788,0.12697992859614557,Equity Sentiment Tilt,Equity,risk_parity_sentiment_tilt
2023-10-31,ADBE,Tech,0.013353498656100376,0.014981790065814155,0.6692307692307693,0.8261351757889387,1.1239202763683407,0.12697992859614557,Equity Sentiment Tilt,Equity,risk_parity_sentiment_tilt
2023-10-31,AEP,Utilities,0.021890176080376498,0.018233945572200413,0.2,-1.1036929729138412,0.8344460540629238,0.12697992859614557,Equity Sentiment Tilt,Equity,risk_parity_sentiment_tilt
2023-10-31,AMD,Tech,0.01209064616044306,0.013564948572713459,0.6692307692307693,0.8261351757889387,1.1239202763683407,0.12697992859614557,Equity Sentiment Tilt,Equity,risk_parity_sentiment_tilt
2023-10-31,AMGN,Healthcare,0.030340569715031525,0.03025542254502472,0.4666666666666666,-0.006960035946141495,0.9989559946080788,0.12697992859614557,Equity Sentiment Tilt,Equity,risk_parity_sentiment_tilt
2023-10-31,AMT,RealEstate,0.015705489145571395,0.01501662585809656,0.4,-0.2811432701880662,0.9578285094717901,0.12697992859614557,Equity Sentiment Tilt,Equity,risk_parity_sentiment_tilt
2023-10-31,BA,Industrials,0.016185523574964503,0.011309878164770307,-0.02564102564102565,-2.0316977657326643,0.7,0.12697992859614557,Equity Sentiment Tilt,Equity,risk_parity_sentiment_tilt
2023-10-31,CAT,Industrials,0.016131233882688785,0.011271942425317864,-0.02564102564102565,-2.0316977657326643,0.7,0.12697992859614557,Equity Sentiment Tilt,Equity,risk_parity_sentiment_tilt
2023-10-31,CCI,RealEstate,0.015512253313353654,0.014831865602118797,0.4,-0.2811432701880662,0.9578285094717901,0.12697992859614557,Equity Sentiment Tilt,Equity,risk_parity_sentiment_tilt
2023-10-31,CMCSA,Comm,0.019185698228946186,0.020707190761701706,0.6,0.5414064325377086,1.0812109648806563,0.12697992859614557,Equity Sentiment Tilt,Equity,risk_parity_sentiment_tilt
2023-10-31,COP,Energy,0.01707976172080179,0.016050137690813093,0.37333333333333335,-0.3908165638848362,0.9413775154172745,0.12697992859614557,Equity Sentiment Tilt,Equity,risk_parity_sentiment_tilt
2023-10-31,CVX,Energy,0.020480925737252326,0.019246268390141576,0.37333333333333335,-0.3908165638848362,0.9413775154172745,0.12697992859614557,Equity Sentiment Tilt,Equity,risk_parity_sentiment_tilt
2023-10-31,D,Utilities,0.02141766547188313,0.017840356562869465,0.2,-1.1036929729138412,0.8344460540629238,0.12697992859614557,Equity Sentiment Tilt,Equity,risk_parity_sentiment_tilt
2023-10-31,DD,Materials,0.01696290635890041,0.01830812377298228,0.6,0.5414064325377086,1.0812109648806563,0.12697992859614557,Equity Sentiment Tilt,Equity,risk_parity_sentiment_tilt
2023-10-31,DIS,Consumer,0.014375785397457994,0.017286425605172958,0.8,1.3639561352634837,1.2045934202895225,0.12697992859614557,Equity Sentiment Tilt,Equity,risk_parity_sentiment_tilt
2023-10-31,DOW,Materials,0.016365574923313995,0.017663421879048215,0.6,0.5414064325377086,1.0812109648806563,0.12697992859614557,Equity Sentiment Tilt,Equity,risk_parity_sentiment_tilt
2023-10-31,DUK,Utilities,0.024941835166991475,0.020775897975229753,0.2,-1.1036929729138412,0.8344460540629238,0.12697992859614557,Equity Sentiment Tilt,Equity,risk_parity_sentiment_tilt
2023-10-31,EA,Comm,0.025557248637666927,0.027584027256613353,0.6,0.5414064325377086,1.0812109648806563,0.12697992859614557,Equity Sentiment Tilt,Equity,risk_parity_sentiment_tilt
2023-10-31,GE,Industrials,0.0186640796774315,0.013041806539754074,-0.02564102564102565,-2.0316977657326643,0.7,0.12697992859614557,Equity Sentiment Tilt,Equity,risk_parity_sentiment_tilt
2023-10-31,GILD,Healthcare,0.02460838164937222,0.0245393211776813,0.4666666666666666,-0.006960035946141495,0.9989559946080788,0.12697992859614557,Equity Sentiment Tilt,Equity,risk_parity_sentiment_tilt
2023-10-31,GS,Financials,0.01798324944630792,0.019409383612535774,0.6,0.5414064325377086,1.0812109648806563,0.12697992859614557,Equity Sentiment Tilt,Equity,risk_parity_sentiment_tilt
2023-10-31,INTC,Tech,0.012985240422185164,0.014568627366463844,0.6692307692307693,0.8261351757889387,1.1239202763683407,0.12697992859614557,Equity Sentiment Tilt,Equity,risk_parity_sentiment_tilt
2023-10-31,KO,Consumer,0.03132951300841976,0.03767274488961911,0.8,1.3639561352634837,1.2045934202895225,0.12697992859614557,Equity Sentiment Tilt,Equity,risk_parity_sentiment_tilt
2023-10-31,MMM,Industrials,0.014934416062155762,0.010435647962987868,-0.02564102564102565,-2.0316977657326643,0.7,0.12697992859614557,Equity Sentiment Tilt,Equity,risk_parity_sentiment_tilt
2023-10-31,MRK,Healthcare,0.046812267920245905,0.04668089490476049,0.4666666666666666,-0.006960035946141495,0.9989559946080788,0.12697992859614557,Equity Sentiment Tilt,Equity,risk_parity_sentiment_tilt
2023-10-31,MS,Financials,0.016151547725733302,0.01743242158103408,0.6,0.5414064325377086,1.0812109648806563,0.12697992859614557,Equity Sentiment Tilt,Equity,risk_parity_sentiment_tilt
2023-10-31,NEE,Utilities,0.018394414662115836,0.015322067513297805,0.2,-1.1036929729138412,0.8344460540629238,0.12697992859614557,Equity Sentiment Tilt,Equity,risk_parity_sentiment_tilt
2023-10-31,NEM,Materials,0.018526035871195296,0.01999521488689864,0.6,0.5414064325377086,1.0812109648806563,0.12697992859614557,Equity Sentiment Tilt,Equity,risk_parity_sentiment_tilt
2023-10-31,NKE,Consumer,0.013992805675699996,0.01682590464680987,0.8,1.3639561352634837,1.2045934202895225,0.12697992859614557,Equity Sentiment Tilt,Equity,risk_parity_sentiment_tilt
2023-10-31,NUE,Materials,0.013374563767645379,0.014435213146078383,0.6,0.5414064325377086,1.0812109648806563,0.12697992859614557,Equity Sentiment Tilt,Equity,risk_parity_sentiment_tilt
2023-10-31,NVDA,Tech,0.011588773270970092,0.013001878589074931,0.6692307692307693,0.8261351757889387,1.1239202763683407,0.12697992859614557,Equity Sentiment Tilt,Equity,risk_parity_sentiment_tilt
2023-10-31,O,RealEstate,0.02397547331867333,0.022923877713087012,0.4,-0.2811432701880662,0.9578285094717901,0.12697992859614557,Equity Sentiment Tilt,Equity,risk_parity_sentiment_tilt
2023-10-31,OXY,Energy,0.016258541014072158,0.015278422860535084,0.37333333333333335,-0.3908165638848362,0.9413775154172745,0.12697992859614557,Equity Sentiment Tilt,Equity,risk_parity_sentiment_tilt
2023-10-31,PLD,RealEstate,0.014110510542596868,0.013491605101943178,0.4,-0.2811432701880662,0.9578285094717901,0.12697992859614557,Equity Sentiment Tilt,Equity,risk_parity_sentiment_tilt
2023-10-31,PSA,RealEstate,0.018295205695082573,0.017492754053918844,0.4,-0.2811432701880662,0.9578285094717901,0.12697992859614557,Equity Sentiment Tilt,Equity,risk_parity_sentiment_tilt
2023-10-31,QCOM,Tech,0.012264392353374532,0.013759880931211478,0.6692307692307693,0.8261351757889387,1.1239202763683407,0.12697992859614557,Equity Sentiment Tilt,Equity,risk_parity_sentiment_tilt
2023-10-31,SBUX,Consumer,0.018308533273907905,0.022015430088098423,0.8,1.3639561352634837,1.2045934202895225,0.12697992859614557,Equity Sentiment Tilt,Equity,risk_parity_sentiment_tilt
2023-10-31,SHW,Materials,0.016455474029818406,0.017760450297064547,0.6,0.5414064325377086,1.0812109648806563,0.12697992859614557,Equity Sentiment Tilt,Equity,risk_parity_sentiment_tilt
2023-10-31,SLB,Energy,0.017273342956930365,0.016232049215400546,0.37333333333333335,-0.3908165638848362,0.9413775154172745,0.12697992859614557,Equity Sentiment Tilt,Equity,risk_parity_sentiment_tilt
2023-10-31,SO,Utilities,0.0244037543163965,0.020327690664920014,0.2,-1.1036929729138412,0.8344460540629238,0.12697992859614557,Equity Sentiment Tilt,Equity,risk_parity_sentiment_tilt
2023-10-31,T,Comm,0.0249904895901931,0.026972322247396936,0.6,0.5414064325377086,1.0812109648806563,0.12697992859614557,Equity Sentiment Tilt,Equity,risk_parity_sentiment_tilt
2023-10-31,TMUS,Comm,0.03230551830814357,0.03486745815969814,0.6,0.5414064325377086,1.0812109648806563,0.12697992859614557,Equity Sentiment Tilt,Equity,risk_parity_sentiment_tilt
2023-10-31,TTWO,Comm,0.018902705877415046,0.020401756133400468,0.6,0.5414064325377086,1.0812109648806563,0.12697992859614557,Equity Sentiment Tilt,Equity,risk_parity_sentiment_tilt
2023-10-31,UPS,Industrials,0.01641445029735837,0.011469844157031422,-0.02564102564102565,-2.0316977657326643,0.7,0.12697992859614557,Equity Sentiment Tilt,Equity,risk_parity_sentiment_tilt
2023-10-31,USB,Financials,0.011730978382416775,0.012661285728950282,0.6,0.5414064325377086,1.0812109648806563,0.12697992859614557,Equity Sentiment Tilt,Equity,risk_parity_sentiment_tilt
2023-10-31,V,Financials,0.02146975260760205,0.023172378588828542,0.6,0.5414064325377086,1.0812109648806563,0.12697992859614557,Equity Sentiment Tilt,Equity,risk_parity_sentiment_tilt
2023-10-31,WFC,Financials,0.017000014548731113,0.018348174771203783,0.6,0.5414064325377086,1.0812109648806563,0.12697992859614557,Equity Sentiment Tilt,Equity,risk_parity_sentiment_tilt
2023-10-31,WMT,Consumer,0.03447652361598682,0.04145692524862874,0.8,1.3639561352634837,1.2045934202895225,0.12697992859614557,Equity Sentiment Tilt,Equity,risk_parity_sentiment_tilt
2023-10-31,XOM,Energy,0.01960757075103872,0.018425562105661365,0.37333333333333335,-0.3908165638848362,0.9413775154172745,0.12697992859614557,Equity Sentiment Tilt,Equity,risk_parity_sentiment_tilt
2023-11-30,ABBV,Healthcare,0.0396442155570563,0.04524948249916205,0.6,1.0273046994294748,1.1540957049144211,0.10120119186804571,Equity Sentiment Tilt,Equity,risk_parity_sentiment_tilt
2023-11-30,ABT,Healthcare,0.025021845546234815,0.028559666176559334,0.6,1.0273046994294748,1.1540957049144211,0.10120119186804571,Equity Sentiment Tilt,Equity,risk_parity_sentiment_tilt
2023-11-30,ADBE,Tech,0.014256459698023588,0.015890455219944175,0.5568421052631579,0.8468183717193972,1.1270227557579096,0.10120119186804571,Equity Sentiment Tilt,Equity,risk_parity_sentiment_tilt
2023-11-30,AEP,Utilities,0.020884259100184672,0.0186544854570259,0.2,-0.6454954110541723,0.9031756883418741,0.10120119186804571,Equity Sentiment Tilt,Equity,risk_parity_sentiment_tilt
2023-11-30,AMD,Tech,0.014300167689901614,0.01593917277692557,0.5568421052631579,0.8468183717193972,1.1270227557579096,0.10120119186804571,Equity Sentiment Tilt,Equity,risk_parity_sentiment_tilt
2023-11-30,AMGN,Healthcare,0.027202021654944508,0.031048095807211754,0.6,1.0273046994294748,1.1540957049144211,0.10120119186804571,Equity Sentiment Tilt,Equity,risk_parity_sentiment_tilt
2023-11-30,AMT,RealEstate,0.015729690520691397,0.015221292452280632,0.32,-0.14365537790907817,0.9784516933136382,0.10120119186804571,Equity Sentiment Tilt,Equity,risk_parity_sentiment_tilt
2023-11-30,BA,Industrials,0.015789184593213292,0.012144300932980601,0.0,-1.481895466295996,0.7777156800556007,0.10120119186804571,Equity Sentiment Tilt,Equity,risk_parity_sentiment_tilt
2023-11-30,CAT,Industrials,0.015634146399559967,0.012025052819266038,0.0,-1.481895466295996,0.7777156800556007,0.10120119186804571,Equity Sentiment Tilt,Equity,risk_parity_sentiment_tilt
2023-11-30,CCI,RealEstate,0.015249328016381793,0.014756455706027533,0.32,-0.14365537790907817,0.9784516933136382,0.10120119186804571,Equity Sentiment Tilt,Equity,risk_parity_sentiment_tilt
2023-11-30,CMCSA,Comm,0.018540540423010763,0.01617758688537405,0.16666666666666666,-0.784895420261143,0.8822656869608285,0.10120119186804571,Equity Sentiment Tilt,Equity,risk_parity_sentiment_tilt
2023-11-30,COP,Energy,0.017017308993266412,0.015200402447113735,0.2,-0.6454954110541723,0.9031756883418741,0.10120119186804571,Equity Sentiment Tilt,Equity,risk_parity_sentiment_tilt
2023-11-30,CVX,Energy,0.02048321628954495,0.018296261244099075,0.2,-0.6454954110541723,0.9031756883418741,0.10120119186804571,Equity Sentiment Tilt,Equity,risk_parity_sentiment_tilt
2023-11-30,D,Utilities,0.019337346584808072,0.017272733924306748,0.2,-0.6454954110541723,0.9031756883418741,0.10120119186804571,Equity Sentiment Tilt,Equity,risk_parity_sentiment_tilt
2023-11-30,DD,Materials,0.016261915147710256,0.014525660602614707,0.2,-0.6454954110541723,0.9031756883418741,0.10120119186804571,Equity Sentiment Tilt,Equity,risk_parity_sentiment_tilt
2023-11-30,DIS,Consumer,0.01594168224251858,0.01918467685191367,0.7,1.4455047270503865,1.216825709057558,0.10120119186804571,Equity Sentiment Tilt,Equity,risk_parity_sentiment_tilt
2023-11-30,DOW,Materials,0.01672108025353062,0.014935801500973128,0.2,-0.6454954110541723,0.9031756883418741,0.10120119186804571,Equity Sentiment Tilt,Equity,risk_parity_sentiment_tilt
2023-11-30,DUK,Utilities,0.024843459309310322,0.022190969196682977,0.2,-0.6454954110541723,0.9031756883418741,0.10120119186804571,Equity Sentiment Tilt,Equity,risk_parity_sentiment_tilt
2023-11-30,EA,Comm,0.02370527097308518,0.020684083206790695,0.16666666666666666,-0.784895420261143,0.8822656869608285,0.10120119186804571,Equity Sentiment Tilt,Equity,risk_parity_sentiment_tilt
2023-11-30,GE,Industrials,0.019500878902193923,0.014999162271346825,0.0,-1.481895466295996,0.7777156800556007,0.10120119186804571,Equity Sentiment Tilt,Equity,risk_parity_sentiment_tilt
2023-11-30,GILD,Healthcare,0.026029373077720352,0.02970964729644718,0.6,1.0273046994294748,1.1540957049144211,0.10120119186804571,Equity Sentiment Tilt,Equity,risk_parity_sentiment_tilt
2023-11-30,GS,Financials,0.016448849621054418,0.0187745405628734,0.6,1.0273046994294748,1.1540957049144211,0.10120119186804571,Equity Sentiment Tilt,Equity,risk_parity_sentiment_tilt
2023-11-30,INTC,Tech,0.014623818046961775,0.016299918124278282,0.5568421052631579,0.8468183717193972,1.1270227557579096,0.10120119186804571,Equity Sentiment Tilt,Equity,risk_parity_sentiment_tilt
2023-11-30,KO,Consumer,0.03462978766678002,0.041674477996156555,0.7,1.4455047270503865,1.216825709057558,0.10120119186804571,Equity Sentiment Tilt,Equity,risk_parity_sentiment_tilt
2023-11-30,MMM,Industrials,0.014561652859054235,0.011200141043253373,0.0,-1.481895466295996,0.7777156800556007,0.10120119186804571,Equity Sentiment Tilt,Equity,risk_parity_sentiment_tilt
2023-11-30,MRK,Healthcare,0.04177814010335708,0.04768512109247463,0.6,1.0273046994294748,1.1540957049144211,0.10120119186804571,Equity Sentiment Tilt,Equity,risk_parity_sentiment_tilt
2023-11-30,MS,Financials,0.015155674837060384,0.017298524732203738,0.6,1.0273046994294748,1.1540957049144211,0.10120119186804571,Equity Sentiment Tilt,Equity,risk_parity_sentiment_tilt
2023-11-30,NEE,Utilities,0.017957676603183766,0.016040368749931075,0.2,-0.6454954110541723,0.9031756883418741,0.10120119186804571,Equity Sentiment Tilt,Equity,risk_parity_sentiment_tilt
2023-11-30,NEM,Materials,0.02011311265939597,0.017965672892695916,0.2,-0.6454954110541723,0.9031756883418741,0.10120119186804571,Equity Sentiment Tilt,Equity,risk_parity_sentiment_tilt
2023-11-30,NKE,Consumer,0.01516452409868584,0.018249422490081112,0.7,1.4455047270503865,1.216825709057558,0.10120119186804571,Equity Sentiment Tilt,Equity,risk_parity_sentiment_tilt
2023-11-30,NUE,Materials,0.013167596810756629,0.011761716900364837,0.2,-0.6454954110541723,0.9031756883418741,0.10120119186804571,Equity Sentiment Tilt,Equity,risk_parity_sentiment_tilt
2023-11-30,NVDA,Tech,0.013872798559118592,0.015462820991212914,0.5568421052631579,0.8468183717193972,1.1270227557579096,0.10120119186804571,Equity Sentiment Tilt,Equity,risk_parity_sentiment_tilt
2023-11-30,O,RealEstate,0.022193950411985693,0.021476621516988342,0.32,-0.14365537790907817,0.9784516933136382,0.10120119186804571,Equity Sentiment Tilt,Equity,risk_parity_sentiment_tilt
2023-11-30,OXY,Energy,0.01790590174276677,0.015994121795415945,0.2,-0.6454954110541723,0.9031756883418741,0.10120119186804571,Equity Sentiment Tilt,Equity,risk_parity_sentiment_tilt
2023-11-30,PLD,RealEstate,0.013519627190626856,0.013082660402227116,0.32,-0.14365537790907817,0.9784516933136382,0.10120119186804571,Equity Sentiment Tilt,Equity,risk_parity_sentiment_tilt
2023-11-30,PSA,RealEstate,0.01938691986222549,0.018760316776969335,0.32,-0.14365537790907817,0.9784516933136382,0.10120119186804571,Equity Sentiment Tilt,Equity,risk_parity_sentiment_tilt
2023-11-30,QCOM,Tech,0.01283283319766616,0.014303660627666002,0.5568421052631579,0.8468183717193972,1.1270227557579096,0.10120119186804571,Equity Sentiment Tilt,Equity,risk_parity_sentiment_tilt
2023-11-30,SBUX,Consumer,0.017534960283633393,0.02110207326523025,0.7,1.4455047270503865,1.216825709057558,0.10120119186804571,Equity Sentiment Tilt,Equity,risk_parity_sentiment_tilt
2023-11-30,SHW,Materials,0.016710495422594625,0.014926346792821243,0.2,-0.6454954110541723,0.9031756883418741,0.10120119186804571,Equity Sentiment Tilt,Equity,risk_parity_sentiment_tilt
2023-11-30,SLB,Energy,0.015529650237646617,0.013871578260026277,0.2,-0.6454954110541723,0.9031756883418741,0.10120119186804571,Equity Sentiment Tilt,Equity,risk_parity_sentiment_tilt
2023-11-30,SO,Utilities,0.02335302277113006,0.020859663805731475,0.2,-0.6454954110541723,0.9031756883418741,0.10120119186804571,Equity Sentiment Tilt,Equity,risk_parity_sentiment_tilt
2023-11-30,T,Comm,0.02483561362000749,0.02167036602075518,0.16666666666666666,-0.784895420261143,0.8822656869608285,0.10120119186804571,Equity Sentiment Tilt,Equity,risk_parity_sentiment_tilt
2023-11-30,TMUS,Comm,0.034748005957869095,0.03031944445261417,0.16666666666666666,-0.784895420261143,0.8822656869608285,0.10120119186804571,Equity Sentiment Tilt,Equity,risk_parity_sentiment_tilt
2023-11-30,TTWO,Comm,0.017443233864464447,0.015220129778636106,0.16666666666666666,-0.784895420261143,0.8822656869608285,0.10120119186804571,Equity Sentiment Tilt,Equity,risk_parity_sentiment_tilt
2023-11-30,UPS,Industrials,0.01631376803110914,0.012547785932263151,0.0,-1.481895466295996,0.7777156800556007,0.10120119186804571,Equity Sentiment Tilt,Equity,risk_parity_sentiment_tilt
2023-11-30,USB,Financials,0.01024853797088156,0.011697571336428205,0.6,1.0273046994294748,1.1540957049144211,0.10120119186804571,Equity Sentiment Tilt,Equity,risk_parity_sentiment_tilt
2023-11-30,V,Financials,0.024033049836010106,0.02743106535658181,0.6,1.0273046994294748,1.1540957049144211,0.10120119186804571,Equity Sentiment Tilt,Equity,risk_parity_sentiment_tilt
2023-11-30,WFC,Financials,0.015823728739917706,0.018061034292831398,0.6,1.0273046994294748,1.1540957049144211,0.10120119186804571,Equity Sentiment Tilt,Equity,risk_parity_sentiment_tilt
2023-11-30,WMT,Consumer,0.03795127810441817,0.0456716546895205,0.7,1.4455047270503865,1.216825709057558,0.10120119186804571,Equity Sentiment Tilt,Equity,risk_parity_sentiment_tilt
2023-11-30,XOM,Energy,0.020068399916746554,0.017925734046721247,0.2,-0.6454954110541723,0.9031756883418741,0.10120119186804571,Equity Sentiment Tilt,Equity,risk_parity_sentiment_tilt
