date,gross_return,transaction_cost,turnover,daily_return,growth_of_1,drawdown,fund,asset_family,method
2021-01-04,-0.012026014753081488,0.001,1.0,-0.013026014753081488,0.9869739852469185,0.0,Equity Sentiment Tilt,Equity,risk_parity_sentiment_tilt
2021-01-05,0.00793070352134956,0.0,0.0,0.00793070352134956,0.9948013833071967,0.0,Equity Sentiment Tilt,Equity,risk_parity_sentiment_tilt
2021-01-06,0.009949989752233362,0.0,0.0,0.009949989752233362,1.0046996468766107,0.0,Equity Sentiment Tilt,Equity,risk_parity_sentiment_tilt
2021-01-07,0.008499620342846105,0.0,0.0,0.008499620342846105,1.0132392124336533,0.0,Equity Sentiment Tilt,Equity,risk_parity_sentiment_tilt
2021-01-08,0.003338883575160387,0.0,0.0,0.003338883575160387,1.0166223001977566,0.0,Equity Sentiment Tilt,Equity,risk_parity_sentiment_tilt
2021-01-11,-0.001147828800986061,0.0,0.0,-0.001147828800986061,1.015455391841865,-0.0011478288009859616,Equity Sentiment Tilt,Equity,risk_parity_sentiment_tilt
2021-01-12,-0.0013861070681765904,0.0,0.0,-0.0013861070681765904,1.0140478619458149,-0.0025323448555485406,Equity Sentiment Tilt,Equity,risk_parity_sentiment_tilt
2021-01-13,0.00026166539894401943,0.0,0.0,0.00026166539894401943,1.0143132031841593,-0.0022713420836313336,Equity Sentiment Tilt,Equity,risk_parity_sentiment_tilt
2021-01-14,0.0011161049097071964,0.0,0.0,0.0011161049097071964,1.015445283130214,-0.0011577722299751514,Equity Sentiment Tilt,Equity,risk_parity_sentiment_tilt
2021-01-15,-0.006866616425996548,0.0,0.0,-0.006866616425996548,1.0084726098693715,-0.00801643867815982,Equity Sentiment Tilt,Equity,risk_parity_sentiment_tilt
2021-01-19,0.006783100947377492,0.0,0.0,0.006783100947377492,1.0153131813847807,-0.0012877140435747503,Equity Sentiment Tilt,Equity,risk_parity_sentiment_tilt
2021-01-20,0.009965267012488403,0.0,0.0,0.009965267012488403,1.025431048338579,0.0,Equity Sentiment Tilt,Equity,risk_parity_sentiment_tilt
2021-01-21,-0.005909811520146939,0.0,0.0,-0.005909811520146939,1.0193709441159913,-0.005909811520146913,Equity Sentiment Tilt,Equity,risk_parity_sentiment_tilt
2021-01-22,-0.0023295363299274496,0.0,0.0,-0.0023295363299274496,1.0169962824680006,-0.008225580729435245,Equity Sentiment Tilt,Equity,risk_parity_sentiment_tilt
2021-01-25,0.002980106608366404,0.0,0.0,0.002980106608366404,1.0200270398100675,-0.005269987228558204,Equity Sentiment Tilt,Equity,risk_parity_sentiment_tilt
2021-01-26,-0.0032351536460032237,0.0,0.0,-0.0032351536460032237,1.016727095613204,-0.008488091656164709,Equity Sentiment Tilt,Equity,risk_parity_sentiment_tilt
2021-01-27,-0.025741876686761485,0.0,0.0,-0.025741876686761485,0.9905546320938396,-0.03401146893420737,Equity Sentiment Tilt,Equity,risk_parity_sentiment_tilt
2021-01-28,0.009757242228974073,0.0,0.0,0.009757242228974073,1.0002197135802116,-0.024586084846187517,Equity Sentiment Tilt,Equity,risk_parity_sentiment_tilt
2021-01-29,-0.01248668750560123,0.0,0.0,-0.01248668750560123,0.9877302825797935,-0.03676577359332822,Equity Sentiment Tilt,Equity,risk_parity_sentiment_tilt
2021-02-01,0.007541499267161391,0.0,0.0,0.007541499267161391,0.9951792497820221,-0.029501543380777595,Equity Sentiment Tilt,Equity,risk_parity_sentiment_tilt
2021-02-02,0.01575862108150744,0.0,0.0,0.01575862108150744,1.0108619024875158,-0.014207825942727403,Equity Sentiment Tilt,Equity,risk_parity_sentiment_tilt
2021-02-03,-0.0021078451771993265,0.0,0.0,-0.0021078451771993265,1.0087311621015431,-0.016285723222534743,Equity Sentiment Tilt,Equity,risk_parity_sentiment_tilt
2021-02-04,0.007767897401583132,0.0,0.0,0.007767897401583132,1.0165668822745275,-0.008644331648055004,Equity Sentiment Tilt,Equity,risk_parity_sentiment_tilt
2021-02-05,0.008181748188799357,0.0,0.0,0.008181748188799357,1.0248841765223706,-0.0005333092040603615,Equity Sentiment Tilt,Equity,risk_parity_sentiment_tilt
2021-02-08,0.009232076339281192,0.0,0.0,0.009232076339281192,1.0343459854789465,0.0,Equity Sentiment Tilt,Equity,risk_parity_sentiment_tilt
2021-02-09,-0.002735137905911842,0.0,0.0,-0.002735137905911842,1.0315169065662353,-0.002735137905911844,Equity Sentiment Tilt,Equity,risk_parity_sentiment_tilt
2021-02-10,-0.0002866291906369026,0.0,0.0,-0.0002866291906369026,1.031221243710178,-0.0030209831261844844,Equity Sentiment Tilt,Equity,risk_parity_sentiment_tilt
2021-02-11,-0.0009141653084130679,0.0,0.0,-0.0009141653084130679,1.0302785370238796,-0.003932386756626216,Equity Sentiment Tilt,Equity,risk_parity_sentiment_tilt
2021-02-12,0.0036972901545519574,0.0,0.0,0.0036972901545519574,1.0340877757152642,-0.0002496357769133928,Equity Sentiment Tilt,Equity,risk_parity_sentiment_tilt
2021-02-16,-0.003009107596843915,0.0,0.0,-0.003009107596843915,1.030976094333556,-0.0032579921928446165,Equity Sentiment Tilt,Equity,risk_parity_sentiment_tilt
2021-02-17,0.002933281096640892,0.0,0.0,0.002933281096640892,1.0340002370221533,-0.00033426770311595355,Equity Sentiment Tilt,Equity,risk_parity_sentiment_tilt
2021-02-18,-0.004749277897825942,0.0,0.0,-0.004749277897825942,1.0290894825501171,-0.0050819580707275325,Equity Sentiment Tilt,Equity,risk_parity_sentiment_tilt
2021-02-19,-0.0023702163322261312,0.0,0.0,-0.0023702163322261312,1.0266503178512547,-0.007440129062934786,Equity Sentiment Tilt,Equity,risk_parity_sentiment_tilt
2021-02-22,-0.00010933250631473337,0.0,0.0,-0.00010933250631473337,1.0265380715988952,-0.0075486481212917456,Equity Sentiment Tilt,Equity,risk_parity_sentiment_tilt
2021-02-23,-0.0009491422380341446,0.0,0.0,-0.0009491422380341446,1.0255637409561906,-0.008490625618553849,Equity Sentiment Tilt,Equity,risk_parity_sentiment_tilt
2021-02-24,0.00903057504948366,0.0,0.0,0.00903057504948366,1.0348251712869247,0.0,Equity Sentiment Tilt,Equity,risk_parity_sentiment_tilt
2021-02-25,-0.015608707713024103,0.0,0.0,-0.015608707713024103,1.018672887654227,-0.01560870771302414,Equity Sentiment Tilt,Equity,risk_parity_sentiment_tilt
2021-02-26,-0.012945869426265279,0.0,0.0,-0.012945869426265279,1.0054852814625788,-0.028352508847323876,Equity Sentiment Tilt,Equity,risk_parity_sentiment_tilt
2021-03-01,0.01783285903822203,0.0,0.0,0.01783285903822203,1.0234159587519078,-0.011025256102756176,Equity Sentiment Tilt,Equity,risk_parity_sentiment_tilt
2021-03-02,-0.0016446918371811835,0.0,0.0,-0.0016446918371811835,1.0217327548785076,-0.01265181479122246,Equity Sentiment Tilt,Equity,risk_parity_sentiment_tilt
2021-03-03,-0.0096455522908049,0.0,0.0,-0.0096455522908049,1.0118775781640987,-0.02217533334088506,Equity Sentiment Tilt,Equity,risk_parity_sentiment_tilt
2021-03-04,-0.008390544296934692,0.0,0.0,-0.008390544296934692,1.003387374521438,-0.030379814521123705,Equity Sentiment Tilt,Equity,risk_parity_sentiment_tilt
2021-03-05,0.016405488143349304,0.0,0.0,0.016405488143349304,1.0198484341973357,-0.014472722064697852,Equity Sentiment Tilt,Equity,risk_parity_sentiment_tilt
2021-03-08,0.0008387363805277166,0.0,0.0,0.0008387363805277166,1.0207038181817214,-0.01364612448269098,Equity Sentiment Tilt,Equity,risk_parity_sentiment_tilt
2021-03-09,0.007740237202174569,0.0,0.0,0.007740237202174569,1.0286043078476133,-0.006011511520902735,Equity Sentiment Tilt,Equity,risk_parity_sentiment_tilt
2021-03-10,0.008359852146046978,0.0,0.0,0.008359852146046978,1.0372032877780064,0.0,Equity Sentiment Tilt,Equity,risk_parity_sentiment_tilt
2021-03-11,0.004380657967406195,0.0,0.0,0.004380657967406195,1.041746920624431,0.0,Equity Sentiment Tilt,Equity,risk_parity_sentiment_tilt
2021-03-12,0.006127668477584716,0.0,0.0,0.006127668477584716,1.0481304003915621,0.0,Equity Sentiment Tilt,Equity,risk_parity_sentiment_tilt
2021-03-15,0.007957245753619032,0.0,0.0,0.007957245753619032,1.0564706315693169,0.0,Equity Sentiment Tilt,Equity,risk_parity_sentiment_tilt
2021-03-16,0.002603698890322994,0.0,0.0,0.002603698890322994,1.0592213629803928,0.0,Equity Sentiment Tilt,Equity,risk_parity_sentiment_tilt
2021-03-17,-0.00040488038335801096,0.0,0.0,-0.00040488038335801096,1.0587925050288882,-0.00040488038335806387,Equity Sentiment Tilt,Equity,risk_parity_sentiment_tilt
2021-03-18,-0.011037295938774,0.0,0.0,-0.011037295938774,1.0471062988131286,-0.011437707537521158,Equity Sentiment Tilt,Equity,risk_parity_sentiment_tilt
2021-03-19,-0.004081300640021185,0.0,0.0,-0.004081300640021185,1.0428327432056124,-0.015472327454449042,Equity Sentiment Tilt,Equity,risk_parity_sentiment_tilt
2021-03-22,0.007269018510894137,0.0,0.0,0.007269018510894137,1.0504131137197406,-0.008315777578227879,Equity Sentiment Tilt,Equity,risk_parity_sentiment_tilt
2021-03-23,-0.005764125898082008,0.0,0.0,-0.005764125898082008,1.0443584002872637,-0.014031970287408435,Equity Sentiment Tilt,Equity,risk_parity_sentiment_tilt
2021-03-24,-0.0053619904188550675,0.0,0.0,-0.0053619904188550675,1.0387585605510725,-0.019318721416024864,Equity Sentiment Tilt,Equity,risk_parity_sentiment_tilt
2021-03-25,0.00585389000612099,0.0,0.0,0.00585389000612099,1.044839338907455,-0.013577921080132116,Equity Sentiment Tilt,Equity,risk_parity_sentiment_tilt
2021-03-26,0.018794184280214444,0.0,0.0,0.018794184280214444,1.0644762419860991,0.0,Equity Sentiment Tilt,Equity,risk_parity_sentiment_tilt
2021-03-29,0.003656436920454932,0.0,0.0,0.003656436920454932,1.0683684322182443,0.0,Equity Sentiment Tilt,Equity,risk_parity_sentiment_tilt
2021-03-30,-0.004702650205530894,0.0,0.0,-0.004702650205530894,1.0633442691908905,-0.004702650205530845,Equity Sentiment Tilt,Equity,risk_parity_sentiment_tilt
2021-03-31,0.00017005074419593398,0.00019041039336523756,0.19041039336523755,-2.0359649169303585e-05,1.0633226198746235,-0.004722914110391829,Equity Sentiment Tilt,Equity,risk_parity_sentiment_tilt
2021-04-01,0.011244033198694919,0.0,0.0,0.011244033198694919,1.075278654713417,0.0,Equity Sentiment Tilt,Equity,risk_parity_sentiment_tilt
2021-04-05,0.009262492473058166,0.0,0.0,0.009262492473058166,1.08523841515914,0.0,Equity Sentiment Tilt,Equity,risk_parity_sentiment_tilt
2021-04-06,0.0008912678690191039,0.0,0.0,0.0008912678690191039,1.0862056532887967,0.0,Equity Sentiment Tilt,Equity,risk_parity_sentiment_tilt
2021-04-07,-0.0011180444167124208,0.0,0.0,-0.0011180444167124208,1.0849912271227358,-0.0011180444167123715,Equity Sentiment Tilt,Equity,risk_parity_sentiment_tilt
2021-04-08,-0.0011018743998928277,0.0,0.0,-0.0011018743998928277,1.0837957030654608,-0.0022186868720845965,Equity Sentiment Tilt,Equity,risk_parity_sentiment_tilt
2021-04-09,0.002337342074925719,0.0,0.0,0.002337342074925719,1.0863289043628594,0.0,Equity Sentiment Tilt,Equity,risk_parity_sentiment_tilt
2021-04-12,0.0001105954772190218,0.0,0.0,0.0001105954772190218,1.086449047426454,0.0,Equity Sentiment Tilt,Equity,risk_parity_sentiment_tilt
2021-04-13,0.0027266540635695917,0.0,0.0,0.0027266540635695917,1.0894114181364807,0.0,Equity Sentiment Tilt,Equity,risk_parity_sentiment_tilt
2021-04-14,-0.00024581761902731244,0.0,0.0,-0.00024581761902731244,1.0891436216155332,-0.0002458176190273109,Equity Sentiment Tilt,Equity,risk_parity_sentiment_tilt
2021-04-15,0.01112370536484438,0.0,0.0,0.01112370536484438,1.101258934362384,0.0,Equity Sentiment Tilt,Equity,risk_parity_sentiment_tilt
2021-04-16,0.002784205069207561,0.0,0.0,0.002784205069207561,1.1043250650699459,0.0,Equity Sentiment Tilt,Equity,risk_parity_sentiment_tilt
2021-04-19,-0.004126706632262033,0.0,0.0,-0.004126706632262033,1.0997678394997485,-0.0041267066322620005,Equity Sentiment Tilt,Equity,risk_parity_sentiment_tilt
2021-04-20,-0.003911414150706317,0.0,0.0,-0.003911414150706317,1.0954661920098376,-0.008021979524250988,Equity Sentiment Tilt,Equity,risk_parity_sentiment_tilt
2021-04-21,0.007861001873301507,0.0,0.0,0.007861001873301507,1.1040776537973653,-0.00022403844701734954,Equity Sentiment Tilt,Equity,risk_parity_sentiment_tilt
2021-04-22,-0.006967743516100149,0.0,0.0,-0.006967743516100149,1.0963847238838476,-0.007190220920681001,Equity Sentiment Tilt,Equity,risk_parity_sentiment_tilt
2021-04-23,0.006508933501141231,0.0,0.0,0.006508933501141231,1.1035210191432747,-0.0007280880893708597,Equity Sentiment Tilt,Equity,risk_parity_sentiment_tilt
2021-04-26,-0.0010703171224286695,0.0,0.0,-0.0010703171224286695,1.1023399017015258,-0.001797625926650781,Equity Sentiment Tilt,Equity,risk_parity_sentiment_tilt
2021-04-27,-0.00035520759403457345,0.0,0.0,-0.00035520759403457345,1.101948342197234,-0.0021521949903050563,Equity Sentiment Tilt,Equity,risk_parity_sentiment_tilt
2021-04-28,-0.0015402080740434965,0.0,0.0,-0.0015402080740434965,1.100251112463403,-0.003689088236247695,Equity Sentiment Tilt,Equity,risk_parity_sentiment_tilt
2021-04-29,0.009054278511555092,0.0,0.0,0.009054278511555092,1.110213092468295,0.0,Equity Sentiment Tilt,Equity,risk_parity_sentiment_tilt
2021-04-30,-0.0036780791056569085,0.00024882538425612035,0.24882538425612036,-0.003926904489913029,1.105853391690721,-0.003926904489913063,Equity Sentiment Tilt,Equity,risk_parity_sentiment_tilt
2021-05-03,0.00599811244216439,0.0,0.0,0.00599811244216439,1.1124864246786308,0.0,Equity Sentiment Tilt,Equity,risk_parity_sentiment_tilt
2021-05-04,-0.004210604386840445,0.0,0.0,-0.004210604386840445,1.1078021844585786,-0.0042106043868404,Equity Sentiment Tilt,Equity,risk_parity_sentiment_tilt
2021-05-05,0.0031497104883242743,0.0,0.0,0.0031497104883242743,1.1112914406179564,-0.001074156083315514,Equity Sentiment Tilt,Equity,risk_parity_sentiment_tilt
2021-05-06,0.007378887096909183,0.0,0.0,0.007378887096909183,1.1194915346900378,0.0,Equity Sentiment Tilt,Equity,risk_parity_sentiment_tilt
2021-05-07,0.007531703936844561,0.0,0.0,0.007531703936844561,1.1279232134891268,0.0,Equity Sentiment Tilt,Equity,risk_parity_sentiment_tilt
2021-05-10,-0.0028942891596960285,0.0,0.0,-0.0028942891596960285,1.1246586775593557,-0.0028942891596961395,Equity Sentiment Tilt,Equity,risk_parity_sentiment_tilt
2021-05-11,-0.007385299156900836,0.0,0.0,-0.007385299156900836,1.1163527367761754,-0.010258213125305948,Equity Sentiment Tilt,Equity,risk_parity_sentiment_tilt
2021-05-12,-0.015974969594994823,0.0,0.0,-0.015974969594994823,1.0985190357488868,-0.026069308077525055,Equity Sentiment Tilt,Equity,risk_parity_sentiment_tilt
2021-05-13,0.009914592569264195,0.0,0.0,0.009914592569264195,1.109410404417918,-0.01641318207641207,Equity Sentiment Tilt,Equity,risk_parity_sentiment_tilt
2021-05-14,0.010527232305466937,0.0,0.0,0.010527232305466937,1.1210894254673276,-0.006058735151535322,Equity Sentiment Tilt,Equity,risk_parity_sentiment_tilt
2021-05-17,0.0010326485833548986,0.0,0.0,0.0010326485833548986,1.1222471168743506,-0.005032343112451487,Equity Sentiment Tilt,Equity,risk_parity_sentiment_tilt
2021-05-18,-0.0058293941283471765,0.0,0.0,-0.0058293941283471765,1.1157050961206887,-0.010832401729407248,Equity Sentiment Tilt,Equity,risk_parity_sentiment_tilt
2021-05-19,-0.0026526606545596372,0.0,0.0,-0.0026526606545596372,1.1127455091101177,-0.013456327698104786,Equity Sentiment Tilt,Equity,risk_parity_sentiment_tilt
2021-05-20,0.010357104826353174,0.0,0.0,0.010357104826353174,1.1242703309930249,-0.003238591468298746,Equity Sentiment Tilt,Equity,risk_parity_sentiment_tilt
2021-05-21,0.00033484013533776236,0.0,0.0,0.00033484013533776236,1.1246467818228107,-0.0029048357433665295,Equity Sentiment Tilt,Equity,risk_parity_sentiment_tilt
2021-05-24,0.004378807421547886,0.0,0.0,0.004378807421547886,1.1295713934976763,0.0,Equity Sentiment Tilt,Equity,risk_parity_sentiment_tilt
2021-05-25,-0.004673125105073738,0.0,0.0,-0.004673125105073738,1.1242927650607493,-0.004673125105073672,Equity Sentiment Tilt,Equity,risk_parity_sentiment_tilt
2021-05-26,0.0020679722407158075,0.0,0.0,0.0020679722407158075,1.1266177712893324,-0.002614816757352645,Equity Sentiment Tilt,Equity,risk_parity_sentiment_tilt
2021-05-27,-0.000759862458860411,0.0,0.0,-0.000759862458860411,1.1257616967394446,-0.003372692315122383,Equity Sentiment Tilt,Equity,risk_parity_sentiment_tilt
2021-05-28,0.003683638267270774,0.0,0.0,0.003683638267270774,1.1299085956053816,0.0,Equity Sentiment Tilt,Equity,risk_parity_sentiment_tilt
2021-06-01,-0.0006207599962608425,0.0,0.0,-0.0006207599962608425,1.1292071935497985,-0.0006207599962608779,Equity Sentiment Tilt,Equity,risk_parity_sentiment_tilt
2021-06-02,0.0035419918622180474,0.0,0.0,0.0035419918622180474,1.13320683624011,0.0,Equity Sentiment Tilt,Equity,risk_parity_sentiment_tilt
2021-06-03,0.0019730634013844918,0.0,0.0,0.0019730634013844918,1.1354427251748942,0.0,Equity Sentiment Tilt,Equity,risk_parity_sentiment_tilt
2021-06-04,0.007244827670155383,0.0,0.0,0.007244827670155383,1.1436688120481178,0.0,Equity Sentiment Tilt,Equity,risk_parity_sentiment_tilt
2021-06-07,-0.0011302993648038718,0.0,0.0,-0.0011302993648038718,1.1423761239163137,-0.0011302993648039106,Equity Sentiment Tilt,Equity,risk_parity_sentiment_tilt
2021-06-08,-0.003961306189015077,0.0,0.0,-0.003961306189015077,1.137850822306461,-0.0050871280919497774,Equity Sentiment Tilt,Equity,risk_parity_sentiment_tilt
2021-06-09,0.0006460260906750184,0.0,0.0,0.0006460260906750184,1.138585903624967,-0.004444388418748724,Equity Sentiment Tilt,Equity,risk_parity_sentiment_tilt
2021-06-10,0.0067734045241415,0.0,0.0,0.0067734045241415,1.146298006535704,0.0,Equity Sentiment Tilt,Equity,risk_parity_sentiment_tilt
2021-06-11,-0.00037352697958340474,0.0,0.0,-0.00037352697958340474,1.1458698333036204,-0.0003735269795833718,Equity Sentiment Tilt,Equity,risk_parity_sentiment_tilt
2021-06-14,0.00047852033003699943,0.0,0.0,0.00047852033003699943,1.1464181553144324,0.0,Equity Sentiment Tilt,Equity,risk_parity_sentiment_tilt
2021-06-15,-0.0035027983757957297,0.0,0.0,-0.0035027983757957297,1.1424024836620144,-0.0035027983757955905,Equity Sentiment Tilt,Equity,risk_parity_sentiment_tilt
2021-06-16,-0.008890561487709132,0.0,0.0,-0.008890561487709132,1.1322458841373055,-0.012362218019165705,Equity Sentiment Tilt,Equity,risk_parity_sentiment_tilt
2021-06-17,-0.0031237306213221967,0.0,0.0,-0.0031237306213221967,1.1287090529981598,-0.015447332401513969,Equity Sentiment Tilt,Equity,risk_parity_sentiment_tilt
2021-06-18,-0.013400435610210239,0.0,0.0,-0.013400435610210239,1.1135838600107966,-0.028640767028528247,Equity Sentiment Tilt,Equity,risk_parity_sentiment_tilt
2021-06-21,0.013678862239215519,0.0,0.0,0.013678862239215519,1.128816420223698,-0.015353677895921458,Equity Sentiment Tilt,Equity,risk_parity_sentiment_tilt
2021-06-22,0.0006563674363185097,0.0,0.0,0.0006563674363185097,1.1295573385635145,-0.014707388113801678,Equity Sentiment Tilt,Equity,risk_parity_sentiment_tilt
2021-06-23,-0.004915471000639217,0.0,0.0,-0.004915471000639217,1.1240050322222463,-0.019550565374672257,Equity Sentiment Tilt,Equity,risk_parity_sentiment_tilt
2021-06-24,0.006649449616909027,0.0,0.0,0.006649449616909027,1.1314790470531604,-0.013031116257204212,Equity Sentiment Tilt,Equity,risk_parity_sentiment_tilt
2021-06-25,0.007750663021724185,0.0,0.0,0.007750663021724185,1.1402487598630109,-0.005381453026386707,Equity Sentiment Tilt,Equity,risk_parity_sentiment_tilt
2021-06-28,0.0020821748702452825,0.0,0.0,0.0020821748702452825,1.142622957176626,-0.0033104832823983577,Equity Sentiment Tilt,Equity,risk_parity_sentiment_tilt
2021-06-29,-0.0005637052422837988,0.0,0.0,-0.0005637052422837988,1.1419788546257117,-0.0038723223879013613,Equity Sentiment Tilt,Equity,risk_parity_sentiment_tilt
2021-06-30,0.0037977501656824147,0.00020662891216201266,0.20662891216201265,0.0035911212535204022,1.1460798391616291,-0.00029510711360847264,Equity Sentiment Tilt,Equity,risk_parity_sentiment_tilt
2021-07-01,0.005571621199203132,0.0,0.0,0.005571621199203132,1.1524653618894813,0.0,Equity Sentiment Tilt,Equity,risk_parity_sentiment_tilt
2021-07-02,0.004330403025337065,0.0,0.0,0.004330403025337065,1.1574560013792037,0.0,Equity Sentiment Tilt,Equity,risk_parity_sentiment_tilt
2021-07-06,-0.0060259119692898456,0.0,0.0,-0.0060259119692898456,1.1504812734065664,-0.00602591196928981,Equity Sentiment Tilt,Equity,risk_parity_sentiment_tilt
2021-07-07,0.0008964462678235598,0.0,0.0,0.0008964462678235598,1.1515126180503126,-0.005134867607761384,Equity Sentiment Tilt,Equity,risk_parity_sentiment_tilt
2021-07-08,-0.006736813171150055,0.0,0.0,-0.006736813171150055,1.1437550926782858,-0.011837088135179363,Equity Sentiment Tilt,Equity,risk_parity_sentiment_tilt
2021-07-09,0.010597508584792924,0.0,0.0,0.010597508584792924,1.1558760470918445,-0.0013650231935179447,Equity Sentiment Tilt,Equity,risk_parity_sentiment_tilt
2021-07-12,0.004083200169542525,0.0,0.0,0.004083200169542525,1.1605957203633002,0.0,Equity Sentiment Tilt,Equity,risk_parity_sentiment_tilt
2021-07-13,-0.003934430557080494,0.0,0.0,-0.003934430557080494,1.156029437096686,-0.003934430557080537,Equity Sentiment Tilt,Equity,risk_parity_sentiment_tilt
2021-07-14,0.0005301080682029093,0.0,0.0,0.0005301080682029093,1.156642257628371,-0.0034064081622596776,Equity Sentiment Tilt,Equity,risk_parity_sentiment_tilt
2021-07-15,-0.0002497647273826442,0.0,0.0,-0.0002497647273826442,1.1563533691902153,-0.0036553220890362947,Equity Sentiment Tilt,Equity,risk_parity_sentiment_tilt
2021-07-16,-0.006654344877610048,0.0,0.0,-0.006654344877610048,1.1486585950712371,-0.010285343192827145,Equity Sentiment Tilt,Equity,risk_parity_sentiment_tilt
2021-07-19,-0.015334702827503734,0.0,0.0,-0.015334702827503734,1.1310442568655619,-0.0254623233389899,Equity Sentiment Tilt,Equity,risk_parity_sentiment_tilt
2021-07-20,0.009738992788966014,0.0,0.0,0.009738992788966014,1.1420594887271769,-0.015971307933412726,Equity Sentiment Tilt,Equity,risk_parity_sentiment_tilt
2021-07-21,0.0070888162884534195,0.0,0.0,0.0070888162884534195,1.150155338633249,-0.008995709312785483,Equity Sentiment Tilt,Equity,risk_parity_sentiment_tilt
2021-07-22,-0.0009716654037872628,0.0,0.0,-0.0009716654037872628,1.149037772481718,-0.009958633897050873,Equity Sentiment Tilt,Equity,risk_parity_sentiment_tilt
2021-07-23,0.006330523376238132,0.0,0.0,0.006330523376238132,1.156311782960594,-0.00369115388549357,Equity Sentiment Tilt,Equity,risk_parity_sentiment_tilt
2021-07-26,0.004028839938653999,0.0,0.0,0.004028839938653999,1.160970378053322,0.0,Equity Sentiment Tilt,Equity,risk_parity_sentiment_tilt
2021-07-27,-0.0011344749513870858,0.0,0.0,-0.0011344749513870858,1.159653286240118,-0.0011344749513870767,Equity Sentiment Tilt,Equity,risk_parity_sentiment_tilt
2021-07-28,0.0013950592985342014,0.0,0.0,0.0013950592985342014,1.161271071340163,0.0,Equity Sentiment Tilt,Equity,risk_parity_sentiment_tilt
2021-07-29,0.00512413338042512,0.0,0.0,0.00512413338042512,1.1672215792005391,0.0,Equity Sentiment Tilt,Equity,risk_parity_sentiment_tilt
2021-07-30,-0.004546643391080507,0.0,0.0,-0.004546643391080507,1.1619146389215405,-0.004546643391080463,Equity Sentiment Tilt,Equity,risk_parity_sentiment_tilt
2021-08-02,-0.0017260126813214414,0.0,0.0,-0.0017260126813214414,1.159909159520149,-0.006264808508251396,Equity Sentiment Tilt,Equity,risk_parity_sentiment_tilt
2021-08-03,0.0052341080830336974,0.0,0.0,0.0052341080830336974,1.1659802494275782,-0.0010634911100694255,Equity Sentiment Tilt,Equity,risk_parity_sentiment_tilt
2021-08-04,-0.00702280624198268,0.0,0.0,-0.00702280624198268,1.1577917960538697,-0.008078828660045945,Equity Sentiment Tilt,Equity,risk_parity_sentiment_tilt
2021-08-05,0.004657890623942814,0.0,0.0,0.004657890623942814,1.1631846636051868,-0.0034585683363713704,Equity Sentiment Tilt,Equity,risk_parity_sentiment_tilt
2021-08-06,0.0020044201233755956,0.0,0.0,0.0020044201233755956,1.1655161743521187,-0.0014610806369673712,Equity Sentiment Tilt,Equity,risk_parity_sentiment_tilt
2021-08-09,-0.0018860594560722956,0.0,0.0,-0.0018860594560722956,1.1633179415502766,-0.0033443844080883744,Equity Sentiment Tilt,Equity,risk_parity_sentiment_tilt
2021-08-10,0.0046119742369932605,0.0,0.0,0.0046119742369932605,1.1686831339261385,0.0,Equity Sentiment Tilt,Equity,risk_parity_sentiment_tilt
2021-08-11,0.007564829882223761,0.0,0.0,0.007564829882223761,1.177524023020514,0.0,Equity Sentiment Tilt,Equity,risk_parity_sentiment_tilt
2021-08-12,0.0021372867136892054,0.0,0.0,0.0021372867136892054,1.1800407294699657,0.0,Equity Sentiment Tilt,Equity,risk_parity_sentiment_tilt
2021-08-13,0.0022033960740438225,0.0,0.0,0.0022033960740438225,1.1826408265804915,0.0,Equity Sentiment Tilt,Equity,risk_parity_sentiment_tilt
2021-08-16,0.0008124556792135155,0.0,0.0,0.0008124556792135155,1.1836016698365166,0.0,Equity Sentiment Tilt,Equity,risk_parity_sentiment_tilt
2021-08-17,-0.0032887627046901974,0.0,0.0,-0.0032887627046901974,1.179709084807549,-0.0032887627046902512,Equity Sentiment Tilt,Equity,risk_parity_sentiment_tilt
2021-08-18,-0.012427610762555453,0.0,0.0,-0.012427610762555453,1.1650481194885103,-0.01567550200446155,Equity Sentiment Tilt,Equity,risk_parity_sentiment_tilt
2021-08-19,-0.002177438415674435,0.0,0.0,-0.002177438415674435,1.1625112989570268,-0.017818807979886442,Equity Sentiment Tilt,Equity,risk_parity_sentiment_tilt
2021-08-20,0.005521564361666384,0.0,0.0,0.005521564361666384,1.1689301799153824,-0.012395631313329214,Equity Sentiment Tilt,Equity,risk_parity_sentiment_tilt
2021-08-23,0.007251278244064393,0.0,0.0,0.007251278244064393,1.177406417897833,-0.005234237240928641,Equity Sentiment Tilt,Equity,risk_parity_sentiment_tilt
2021-08-24,6.137676064675931e-05,0.0,0.0,6.137676064675931e-05,1.1774786832897282,-0.005173181740808275,Equity Sentiment Tilt,Equity,risk_parity_sentiment_tilt
2021-08-25,-0.0003599363772171841,0.0,0.0,-0.0003599363772171841,1.1770548658782143,-0.005531256101731108,Equity Sentiment Tilt,Equity,risk_parity_sentiment_tilt
2021-08-26,-0.006225417776901164,0.0,0.0,-0.006225417776901164,1.1697272075917882,-0.011722239498567766,Equity Sentiment Tilt,Equity,risk_parity_sentiment_tilt
2021-08-27,0.009012415677511305,0.0,0.0,0.009012415677511305,1.1802692754158999,-0.0028154695160890197,Equity Sentiment Tilt,Equity,risk_parity_sentiment_tilt
2021-08-30,0.0005085288410290152,0.0,0.0,0.0005085288410290152,1.180869476382629,-0.002308372422510141,Equity Sentiment Tilt,Equity,risk_parity_sentiment_tilt
2021-08-31,0.0006812639121819198,0.00012815577041363672,0.12815577041363674,0.0005531081417682832,1.181522624904382,-0.0017565410603229692,Equity Sentiment Tilt,Equity,risk_parity_sentiment_tilt
2021-09-01,-0.0004147577230091072,0.0,0.0,-0.0004147577230091072,1.1810325792707927,-0.002170570244361625,Equity Sentiment Tilt,Equity,risk_parity_sentiment_tilt
2021-09-02,0.0055351579082262535,0.0,0.0,0.0055351579082262535,1.1875697810918164,0.0,Equity Sentiment Tilt,Equity,risk_parity_sentiment_tilt
2021-09-03,-0.002478940752715932,0.0,0.0,-0.002478940752715932,1.184625865964774,-0.002478940752716041,Equity Sentiment Tilt,Equity,risk_parity_sentiment_tilt
2021-09-07,-0.01100054632216396,0.0,0.0,-0.01100054632216396,1.171594334251795,-0.013452217372299735,Equity Sentiment Tilt,Equity,risk_parity_sentiment_tilt
2021-09-08,0.0004569406871387353,0.0,0.0,0.0004569406871387353,1.1721296833719357,-0.013001423550610736,Equity Sentiment Tilt,Equity,risk_parity_sentiment_tilt
2021-09-09,-0.0072395117695880935,0.0,0.0,-0.0072395117695880935,1.1636440367336809,-0.020146811361382855,Equity Sentiment Tilt,Equity,risk_parity_sentiment_tilt
2021-09-10,-0.0038929119768460994,0.0,0.0,-0.0038929119768460994,1.1591140729262948,-0.023961293574985,Equity Sentiment Tilt,Equity,risk_parity_sentiment_tilt
2021-09-13,0.0025161975443136436,0.0,0.0,0.0025161975443136436,1.162030632910171,-0.02150538737872354,Equity Sentiment Tilt,Equity,risk_parity_sentiment_tilt
2021-09-14,-0.008080696500198742,0.0,0.0,-0.008080696500198742,1.1526406160416902,-0.02941230537039552,Equity Sentiment Tilt,Equity,risk_parity_sentiment_tilt
2021-09-15,0.0055685379850506055,0.0,0.0,0.0055685379850506055,1.1590591390952305,-0.02400755092502782,Equity Sentiment Tilt,Equity,risk_parity_sentiment_tilt
2021-09-16,-0.004556437553572157,0.0,0.0,-0.004556437553572157,1.153777958507046,-0.02845459957199592,Equity Sentiment Tilt,Equity,risk_parity_sentiment_tilt
2021-09-17,-0.010789684871163215,0.0,0.0,-0.010789684871163215,1.141329057923461,-0.038937268280642146,Equity Sentiment Tilt,Equity,risk_parity_sentiment_tilt
2021-09-20,-0.014569291686520679,0.0,0.0,-0.014569291686520679,1.1247007019682722,-0.05293927154810585,Equity Sentiment Tilt,Equity,risk_parity_sentiment_tilt
2021-09-21,-0.0024568986836278634,0.0,0.0,-0.0024568986836278634,1.121937426294131,-0.05526610380515484,Equity Sentiment Tilt,Equity,risk_parity_sentiment_tilt
2021-09-22,0.0056884260616470485,0.0,0.0,0.0056884260616470485,1.1283194843893998,-0.04989205488871884,Equity Sentiment Tilt,Equity,risk_parity_sentiment_tilt
2021-09-23,0.008603087083000673,0.0,0.0,0.008603087083000673,1.1380265151710482,-0.04171819349867556,Equity Sentiment Tilt,Equity,risk_parity_sentiment_tilt
2021-09-24,-0.0033589387572765857,0.0,0.0,-0.0033589387572765857,1.1342039538024318,-0.04493700339892592,Equity Sentiment Tilt,Equity,risk_parity_sentiment_tilt
2021-09-27,-0.0005609520104833869,0.0,0.0,-0.0005609520104833869,1.1335677198142482,-0.045472747907007505,Equity Sentiment Tilt,Equity,risk_parity_sentiment_tilt
2021-09-28,-0.011021690465552285,0.0,0.0,-0.011021690465552285,1.1210738872847137,-0.055993251820510626,Equity Sentiment Tilt,Equity,risk_parity_sentiment_tilt
2021-09-29,0.005099413922936837,0.0,0.0,0.005099413922936837,1.1267907070741743,-0.051179370665497825,Equity Sentiment Tilt,Equity,risk_parity_sentiment_tilt
2021-09-30,-0.009358501038999274,0.00014642829646259873,0.14642829646259875,-0.009504929335461872,1.1160806410275792,-0.06019784369935066,Equity Sentiment Tilt,Equity,risk_parity_sentiment_tilt
2021-10-01,0.010327350502105084,0.0,0.0,0.010327350502105084,1.1276067969960852,-0.05049217742859957,Equity Sentiment Tilt,Equity,risk_parity_sentiment_tilt
2021-10-04,-0.0023752667127867107,0.0,0.0,-0.0023752667127867107,1.1249284301060682,-0.05274751175308423,Equity Sentiment Tilt,Equity,risk_parity_sentiment_tilt
2021-10-05,0.004181519471155363,0.0,0.0,0.004181519471155363,1.129632340240213,-0.048786557029379285,Equity Sentiment Tilt,Equity,risk_parity_sentiment_tilt
2021-10-06,0.003300170642222688,0.0,0.0,0.003300170642222688,1.1333603197259792,-0.0456473903504,Equity Sentiment Tilt,Equity,risk_parity_sentiment_tilt
2021-10-07,0.007087322410459316,0.0,0.0,0.007087322410459316,1.1413928097190984,-0.03888358571255013,Equity Sentiment Tilt,Equity,risk_parity_sentiment_tilt
2021-10-08,-0.002449638032098648,0.0,0.0,-0.002449638032098648,1.1385968104828466,-0.04123797303426291,Equity Sentiment Tilt,Equity,risk_parity_sentiment_tilt
2021-10-11,-0.008317375627186784,0.0,0.0,-0.008317375627186784,1.1291266731221439,-0.049212356949620006,Equity Sentiment Tilt,Equity,risk_parity_sentiment_tilt
2021-10-12,0.00030075967900519777,0.0,0.0,0.00030075967900519777,1.1294662688979082,-0.048926398363294155,Equity Sentiment Tilt,Equity,risk_parity_sentiment_tilt
2021-10-13,0.004260823522473724,0.0,0.0,0.004260823522473724,1.134278725344269,-0.044874041589836655,Equity Sentiment Tilt,Equity,risk_parity_sentiment_tilt
2021-10-14,0.012994965615514376,0.0,0.0,0.012994965615514376,1.1490186383785272,-0.03246221260181137,Equity Sentiment Tilt,Equity,risk_parity_sentiment_tilt
2021-10-15,0.00279403289552233,0.0,0.0,0.00279403289552233,1.152229034251725,-0.02975888019616013,Equity Sentiment Tilt,Equity,risk_parity_sentiment_tilt
2021-10-18,-0.0008203769581537805,0.0,0.0,-0.0008203769581537805,1.151283772101509,-0.030554843654700514,Equity Sentiment Tilt,Equity,risk_parity_sentiment_tilt
2021-10-19,0.010954184262754942,0.0,0.0,0.010954184262754942,1.1638951466798286,-0.019935362779458732,Equity Sentiment Tilt,Equity,risk_parity_sentiment_tilt
2021-10-20,0.009472968462199641,0.0,0.0,0.009472968462199641,1.174920688697634,-0.010651241380151388,Equity Sentiment Tilt,Equity,risk_parity_sentiment_tilt
2021-10-21,0.0033376334413575876,0.0,0.0,0.0033376334413575876,1.178842143279174,-0.007349157878216217,Equity Sentiment Tilt,Equity,risk_parity_sentiment_tilt
2021-10-22,0.0011450683224810527,0.0,0.0,0.0011450683224810527,1.1801919980746485,-0.0062125048436185715,Equity Sentiment Tilt,Equity,risk_parity_sentiment_tilt
2021-10-25,0.004653773152140309,0.0,0.0,0.004653773152140309,1.1856843439096592,-0.0015876432797270468,Equity Sentiment Tilt,Equity,risk_parity_sentiment_tilt
2021-10-26,0.005098347690543874,0.0,0.0,0.005098347690543874,1.191729374946145,0.0,Equity Sentiment Tilt,Equity,risk_parity_sentiment_tilt
2021-10-27,-0.01309285061228279,0.0,0.0,-0.01309285061228279,1.176126240269706,-0.013092850612282936,Equity Sentiment Tilt,Equity,risk_parity_sentiment_tilt
2021-10-28,0.008825472114021998,0.0,0.0,0.008825472114021998,1.1865061096057756,-0.004382929086232723,Equity Sentiment Tilt,Equity,risk_parity_sentiment_tilt
2021-10-29,-0.002425588374631857,0.0,0.0,-0.002425588374631857,1.1836281341798862,-0.006797886279026222,Equity Sentiment Tilt,Equity,risk_parity_sentiment_tilt
2021-11-01,0.005678795479773896,0.0,0.0,0.005678795479773896,1.1903497162780001,-0.0011576946051257142,Equity Sentiment Tilt,Equity,risk_parity_sentiment_tilt
2021-11-02,0.004989481462508276,0.0,0.0,0.004989481462508276,1.1962889441212712,0.0,Equity Sentiment Tilt,Equity,risk_parity_sentiment_tilt
2021-11-03,0.004663601372791572,0.0,0.0,0.004663601372791572,1.2018679588833305,0.0,Equity Sentiment Tilt,Equity,risk_parity_sentiment_tilt
2021-11-04,0.005254612358825075,0.0,0.0,0.005254612358825075,1.2081833091137548,0.0,Equity Sentiment Tilt,Equity,risk_parity_sentiment_tilt
2021-11-05,0.00029072416656579763,0.0,0.0,0.00029072416656579763,1.2085345571993555,0.0,Equity Sentiment Tilt,Equity,risk_parity_sentiment_tilt
2021-11-08,0.002647255241758389,0.0,0.0,0.002647255241758389,1.2117338566407478,0.0,Equity Sentiment Tilt,Equity,risk_parity_sentiment_tilt
2021-11-09,0.00039066487648617144,0.0,0.0,0.00039066487648617144,1.2122072384981866,0.0,Equity Sentiment Tilt,Equity,risk_parity_sentiment_tilt
2021-11-10,-0.004524714677369767,0.0,0.0,-0.004524714677369767,1.20672234661414,-0.004524714677369812,Equity Sentiment Tilt,Equity,risk_parity_sentiment_tilt
2021-11-11,0.0003937593570670103,0.0,0.0,0.0003937593570670103,1.2071975048295012,-0.004132736969045037,Equity Sentiment Tilt,Equity,risk_parity_sentiment_tilt
2021-11-12,0.002348202741644165,0.0,0.0,0.002348202741644165,1.2100322493200477,-0.0017942387316820518,Equity Sentiment Tilt,Equity,risk_parity_sentiment_tilt
2021-11-15,-0.0009947209030760889,0.0,0.0,-0.0009947209030760889,1.2088286049482528,-0.0027871748679867414,Equity Sentiment Tilt,Equity,risk_parity_sentiment_tilt
2021-11-16,-0.00025958665583065716,0.0,0.0,-0.00025958665583065716,1.2085148091732218,-0.0030460380104142537,Equity Sentiment Tilt,Equity,risk_parity_sentiment_tilt
2021-11-17,-0.004603547069826113,0.0,0.0,-0.004603547069826113,1.2029513543646109,-0.007635562500883042,Equity Sentiment Tilt,Equity,risk_parity_sentiment_tilt
2021-11-18,-0.0012096963394018362,0.0,0.0,-0.0012096963394018362,1.2014961485147575,-0.008836022128278276,Equity Sentiment Tilt,Equity,risk_parity_sentiment_tilt
2021-11-19,-0.0054257262505870395,0.0,0.0,-0.0054257262505870395,1.1949771593217817,-0.014213806541653162,Equity Sentiment Tilt,Equity,risk_parity_sentiment_tilt
2021-11-22,0.00021117275105085934,0.0,0.0,0.00021117275105085934,1.1952295059359586,-0.014005635359232715,Equity Sentiment Tilt,Equity,risk_parity_sentiment_tilt
2021-11-23,0.0059119301519029045,0.0,0.0,0.0059119301519029045,1.2022956192905452,-0.00817650554530669,Equity Sentiment Tilt,Equity,risk_parity_sentiment_tilt
2021-11-24,0.002094260370353212,0.0,0.0,0.002094260370353212,1.2048135393594748,-0.006099368906484881,Equity Sentiment Tilt,Equity,risk_parity_sentiment_tilt
2021-11-26,-0.018995062281376936,0.0,0.0,-0.018995062281376936,1.1819280311418954,-0.024978573295606044,Equity Sentiment Tilt,Equity,risk_parity_sentiment_tilt
2021-11-29,0.007644705580465863,0.0,0.0,0.007644705580465863,1.1909635229572748,-0.017524821553805192,Equity Sentiment Tilt,Equity,risk_parity_sentiment_tilt
2021-11-30,-0.022205277182233668,0.00011055206616953663,0.11055206616953664,-0.022315829248403203,1.1643861843378835,-0.039449569876805035,Equity Sentiment Tilt,Equity,risk_parity_sentiment_tilt
2021-12-01,-0.012361379886304376,0.0,0.0,-0.012361379886304376,1.1499927643789185,-0.05132329864351093,Equity Sentiment Tilt,Equity,risk_parity_sentiment_tilt
2021-12-02,0.019561553722151404,0.0,0.0,0.019561553722151404,1.1724884096194021,-0.0327657083849725,Equity Sentiment Tilt,Equity,risk_parity_sentiment_tilt
2021-12-03,0.0003652795755171343,0.0,0.0,0.0003652795755171343,1.1729166956879666,-0.03241239745350577,Equity Sentiment Tilt,Equity,risk_parity_sentiment_tilt
2021-12-06,0.012545123121941042,0.0,0.0,0.012545123121941042,1.1876310800471526,-0.0202738918482962,Equity Sentiment Tilt,Equity,risk_parity_sentiment_tilt
2021-12-07,0.012897204181822927,0.0,0.0,0.012897204181822927,1.2029482005791996,-0.0076381641892009355,Equity Sentiment Tilt,Equity,risk_parity_sentiment_tilt
2021-12-08,-0.0001357106526516371,0.0,0.0,-0.0001357106526516371,1.2027849476937928,-0.007772838261605353,Equity Sentiment Tilt,Equity,risk_parity_sentiment_tilt
2021-12-09,-0.006467372884929129,0.0,0.0,-0.006467372884929129,1.1950060889366771,-0.014189941303122455,Equity Sentiment Tilt,Equity,risk_parity_sentiment_tilt
2021-12-10,0.006096216476961398,0.0,0.0,0.006096216476961398,1.202291104746122,-0.008180229780140325,Equity Sentiment Tilt,Equity,risk_parity_sentiment_tilt
2021-12-13,-0.0016289168014065971,0.0,0.0,-0.0016289168014065971,1.2003326725654193,-0.009795821667818783,Equity Sentiment Tilt,Equity,risk_parity_sentiment_tilt
2021-12-14,-0.0026155010356112727,0.0,0.0,-0.0026155010356112727,1.1971932012172464,-0.01238570172171316,Equity Sentiment Tilt,Equity,risk_parity_sentiment_tilt
2021-12-15,0.011454172331404593,0.0,0.0,0.011454172331404593,1.2109060584579745,-0.0010733973522746298,Equity Sentiment Tilt,Equity,risk_parity_sentiment_tilt
2021-12-16,0.004271138375719791,0.0,0.0,0.004271138375719791,1.2160780057936458,0.0,Equity Sentiment Tilt,Equity,risk_parity_sentiment_tilt
2021-12-17,-0.011514351582100629,0.0,0.0,-0.011514351582100629,1.2020756560836778,-0.01151435158210068,Equity Sentiment Tilt,Equity,risk_parity_sentiment_tilt
2021-12-20,-0.005036984896927608,0.0,0.0,-0.005036984896927608,1.19602081915902,-0.016493338864011386,Equity Sentiment Tilt,Equity,risk_parity_sentiment_tilt
2021-12-21,0.010987514107623256,0.0,0.0,0.010987514107623256,1.2091621147825409,-0.005687045549838232,Equity Sentiment Tilt,Equity,risk_parity_sentiment_tilt
2021-12-22,0.0060028478690077,0.0,0.0,0.0060028478690077,1.2164205310065481,0.0,Equity Sentiment Tilt,Equity,risk_parity_sentiment_tilt
2021-12-23,0.00406627607281047,0.0,0.0,0.00406627607281047,1.2213668327062555,0.0,Equity Sentiment Tilt,Equity,risk_parity_sentiment_tilt
2021-12-27,0.012403540063588236,0.0,0.0,0.012403540063588236,1.2365161051480653,0.0,Equity Sentiment Tilt,Equity,risk_parity_sentiment_tilt
2021-12-28,0.002140665321023128,0.0,0.0,0.002140665321023128,1.2391630722932425,0.0,Equity Sentiment Tilt,Equity,risk_parity_sentiment_tilt
2021-12-29,0.0010632245022488334,0.0,0.0,0.0010632245022488334,1.2404805808339867,0.0,Equity Sentiment Tilt,Equity,risk_parity_sentiment_tilt
2021-12-30,-0.0008607182897751131,0.0,0.0,-0.0008607182897751131,1.2394128765099521,-0.0008607182897750754,Equity Sentiment Tilt,Equity,risk_parity_sentiment_tilt
2021-12-31,-0.0014992120326979917,0.00011238550723647182,0.11238550723647182,-0.0016115975399344634,1.2374154417672056,-0.0024709286982310674,Equity Sentiment Tilt,Equity,risk_parity_sentiment_tilt
2022-01-03,0.004397861136012147,0.0,0.0,0.004397861136012147,1.2428574230476548,0.0,Equity Sentiment Tilt,Equity,risk_parity_sentiment_tilt
2022-01-04,0.0036150642803742736,0.0,0.0,0.0036150642803742736,1.2473504325233125,0.0,Equity Sentiment Tilt,Equity,risk_parity_sentiment_tilt
2022-01-05,-0.008978830962256478,0.0,0.0,-0.008978830962256478,1.2361506838389882,-0.00897883096225649,Equity Sentiment Tilt,Equity,risk_parity_sentiment_tilt
2022-01-06,-0.0011765861106678992,0.0,0.0,-0.0011765861106678992,1.2346962461136906,-0.010144852705124108,Equity Sentiment Tilt,Equity,risk_parity_sentiment_tilt
2022-01-07,0.0014718449020548236,0.0,0.0,0.0014718449020548236,1.2365135274891192,-0.008687939452805438,Equity Sentiment Tilt,Equity,risk_parity_sentiment_tilt
2022-01-10,-0.005590181949452732,0.0,0.0,-0.005590181949452732,1.2296011918874954,-0.014229554239951203,Equity Sentiment Tilt,Equity,risk_parity_sentiment_tilt
2022-01-11,0.006999779785742535,0.0,0.0,0.006999779785742535,1.2382081294549945,-0.007329378200337522,Equity Sentiment Tilt,Equity,risk_parity_sentiment_tilt
2022-01-12,0.002625736615891586,0.0,0.0,0.002625736615891586,1.241459337878599,-0.0047228866011583825,Equity Sentiment Tilt,Equity,risk_parity_sentiment_tilt
2022-01-13,-0.004923782429648927,0.0,0.0,-0.004923782429648927,1.2353466622036287,-0.00962341456474336,Equity Sentiment Tilt,Equity,risk_parity_sentiment_tilt
2022-01-14,-1.3451482124379757e-05,0.0,0.0,-1.3451482124379757e-05,1.2353300449600846,-0.00963673659767883,Equity Sentiment Tilt,Equity,risk_parity_sentiment_tilt
2022-01-18,-0.0095530946280578,0.0,0.0,-0.0095530946280578,1.223528820143698,-0.019097770569113326,Equity Sentiment Tilt,Equity,risk_parity_sentiment_tilt
2022-01-19,-0.004497213673232395,0.0,0.0,-0.004497213673232395,1.218026349604154,-0.023509097487414032,Equity Sentiment Tilt,Equity,risk_parity_sentiment_tilt
2022-01-20,-0.011023158537010622,0.0,0.0,-0.011023158537010622,1.204599852050211,-0.034273111515758736,Equity Sentiment Tilt,Equity,risk_parity_sentiment_tilt
2022-01-21,-0.009142594278330288,0.0,0.0,-0.009142594278330288,1.1935866843351792,-0.043102360640844495,Equity Sentiment Tilt,Equity,risk_parity_sentiment_tilt
2022-01-24,0.0006615985709993398,0.0,0.0,0.0006615985709993398,1.194376359579899,-0.042469278530052,Equity Sentiment Tilt,Equity,risk_parity_sentiment_tilt
2022-01-25,-0.005706987611799855,0.0,0.0,-0.005706987611799855,1.1875600684919498,-0.047933894495398865,Equity Sentiment Tilt,Equity,risk_parity_sentiment_tilt
2022-01-26,-0.01097460624020791,0.0,0.0,-0.01097460624020791,1.1745270643536563,-0.0583824451179602,Equity Sentiment Tilt,Equity,risk_parity_sentiment_tilt
2022-01-27,-0.00317862309346693,0.0,0.0,-0.00317862309346693,1.170793685503,-0.06137549242312201,Equity Sentiment Tilt,Equity,risk_parity_sentiment_tilt
2022-01-28,0.017948521914098486,0.0,0.0,0.017948521914098486,1.1918077016241386,-0.0445285698797685,Equity Sentiment Tilt,Equity,risk_parity_sentiment_tilt
2022-01-31,0.013271525126774795,0.00012087728101699169,0.12087728101699169,0.013150647845757804,1.2074807450080596,-0.031963501575574815,Equity Sentiment Tilt,Equity,risk_parity_sentiment_tilt
2022-02-01,0.006973672134066189,0.0,0.0,0.006973672134066189,1.2159013198319437,-0.02521273242175348,Equity Sentiment Tilt,Equity,risk_parity_sentiment_tilt
2022-02-02,0.009650858859331753,0.0,0.0,0.009650858859331753,1.2276358118565172,-0.015805198084481997,Equity Sentiment Tilt,Equity,risk_parity_sentiment_tilt
2022-02-03,-0.009331849328026038,0.0,0.0,-0.009331849328026038,1.2161796994305833,-0.02498955568538397,Equity Sentiment Tilt,Equity,risk_parity_sentiment_tilt
2022-02-04,-0.0021400823077510826,0.0,0.0,-0.0021400823077510826,1.2135769747727858,-0.027076158287134278,Equity Sentiment Tilt,Equity,risk_parity_sentiment_tilt
2022-02-07,0.0010574192423386478,0.0,0.0,0.0010574192423386478,1.2148602344179698,-0.02604736989557699,Equity Sentiment Tilt,Equity,risk_parity_sentiment_tilt
2022-02-08,0.003791365516484501,0.0,0.0,0.003791365516484501,1.2194662136180903,-0.02235475947910981,Equity Sentiment Tilt,Equity,risk_parity_sentiment_tilt
2022-02-09,0.010259024153229537,0.0,0.0,0.010259024153229537,1.2319767469576455,-0.012325073343316229,Equity Sentiment Tilt,Equity,risk_parity_sentiment_tilt
2022-02-10,-0.017629694506653,0.0,0.0,-0.017629694506653,1.2102573732694821,-0.029737480572154307,Equity Sentiment Tilt,Equity,risk_parity_sentiment_tilt
2022-02-11,-0.009755256019667365,0.0,0.0,-0.009755256019667365,1.1984510027435482,-0.039202639855460464,Equity Sentiment Tilt,Equity,risk_parity_sentiment_tilt
2022-02-14,-0.005861987772842862,0.0,0.0,-0.005861987772842862,1.1914256976191142,-0.044834822232807436,Equity Sentiment Tilt,Equity,risk_parity_sentiment_tilt
2022-02-15,0.008852122869674548,0.0,0.0,0.008852122869674548,1.2019723442845263,-0.03637958271837782,Equity Sentiment Tilt,Equity,risk_parity_sentiment_tilt
2022-02-16,-0.0011022055728650837,0.0,0.0,-0.0011022055728650837,1.2006475236682261,-0.03744169051243218,Equity Sentiment Tilt,Equity,risk_parity_sentiment_tilt
2022-02-17,-0.013197490345676001,0.0,0.0,-0.013197490345676001,1.1848019895660549,-0.05014504450904467,Equity Sentiment Tilt,Equity,risk_parity_sentiment_tilt
2022-02-18,-0.0076575811626009,0.0,0.0,-0.0076575811626009,1.1757292721693418,-0.05741863592341534,Equity Sentiment Tilt,Equity,risk_parity_sentiment_tilt
2022-02-22,-0.005219273174258494,0.0,0.0,-0.005219273174258494,1.1695928199189178,-0.06233822555149626,Equity Sentiment Tilt,Equity,risk_parity_sentiment_tilt
2022-02-23,-0.010629764383329993,0.0,0.0,-0.010629764383329993,1.1571603238187453,-0.07230534928513888,Equity Sentiment Tilt,Equity,risk_parity_sentiment_tilt
2022-02-24,0.005410082874156046,0.0,0.0,0.005410082874156046,1.16342065706929,-0.06728644434286024,Equity Sentiment Tilt,Equity,risk_parity_sentiment_tilt
2022-02-25,0.02535511627792282,0.0,0.0,0.02535511627792282,1.1929193231094193,-0.043637383685178555,Equity Sentiment Tilt,Equity,risk_parity_sentiment_tilt
2022-02-28,-0.004795523608983896,0.00019772968929031043,0.19772968929031043,-0.004993253298274206,1.1869627747647282,-0.048412744473438574,Equity Sentiment Tilt,Equity,risk_parity_sentiment_tilt
2022-03-01,-0.00990184787059514,0.0,0.0,-0.00990184787059514,1.1752096499409483,-0.05783521671325975,Equity Sentiment Tilt,Equity,risk_parity_sentiment_tilt
2022-03-02,0.01725305740850435,0.0,0.0,0.01725305740850435,1.1954856094984079,-0.0415799936189426,Equity Sentiment Tilt,Equity,risk_parity_sentiment_tilt
2022-03-03,0.0020920822007670474,0.0,0.0,0.0020920822007670474,1.1979866636633127,-0.039574900182733685,Equity Sentiment Tilt,Equity,risk_parity_sentiment_tilt
2022-03-04,0.0031498626716788955,0.0,0.0,0.0031498626716788955,1.201760157136355,-0.03654969301187572,Equity Sentiment Tilt,Equity,risk_parity_sentiment_tilt
2022-03-07,-0.014800138978312886,0.0,0.0,-0.014800138978312886,1.1839739397921378,-0.05080889145399814,Equity Sentiment Tilt,Equity,risk_parity_sentiment_tilt
2022-03-08,-0.007631562521042724,0.0,0.0,-0.007631562521042724,1.174938368647329,-0.05805270274328478,Equity Sentiment Tilt,Equity,risk_parity_sentiment_tilt
2022-03-09,0.012587077764798657,0.0,0.0,0.012587077764798657,1.1897274092623387,-0.04619633886237251,Equity Sentiment Tilt,Equity,risk_parity_sentiment_tilt
2022-03-10,-0.0006754222944831253,0.0,0.0,-0.0006754222944831253,1.1889238408457652,-0.04684055911966445,Equity Sentiment Tilt,Equity,risk_parity_sentiment_tilt
2022-03-11,-0.008129011293546517,0.0,0.0,-0.008129011293546517,1.1792590655163633,-0.05458880297913116,Equity Sentiment Tilt,Equity,risk_parity_sentiment_tilt
2022-03-14,-0.008352155533343918,0.0,0.0,-0.008352155533343918,1.1694097103870649,-0.06248502433961434,Equity Sentiment Tilt,Equity,risk_parity_sentiment_tilt
2022-03-15,0.00957678508295245,0.0,0.0,0.00957678508295245,1.1806088958573595,-0.05350664490566537,Equity Sentiment Tilt,Equity,risk_parity_sentiment_tilt
2022-03-16,0.013908698508403781,0.0,0.0,0.013908698508403781,1.197029629046179,-0.04034215418945064,Equity Sentiment Tilt,Equity,risk_parity_sentiment_tilt
2022-03-17,0.013498804764818349,0.0,0.0,0.013498804764818349,1.2131880983063763,-0.027387920287827883,Equity Sentiment Tilt,Equity,risk_parity_sentiment_tilt
2022-03-18,0.003944362300586011,0.0,0.0,0.003944362300586011,1.2179733517048554,-0.023551585867516822,Equity Sentiment Tilt,Equity,risk_parity_sentiment_tilt
2022-03-21,0.001906475200799534,0.0,0.0,0.001906475200799534,1.2202953876951155,-0.021690011181113134,Equity Sentiment Tilt,Equity,risk_parity_sentiment_tilt
2022-03-22,0.005326340856151378,0.0,0.0,0.005326340856151378,1.226795096875169,-0.016479198717686105,Equity Sentiment Tilt,Equity,risk_parity_sentiment_tilt
2022-03-23,-0.009746663852744189,0.0,0.0,-0.009746663852744189,1.2148379374497322,-0.02606524535996635,Equity Sentiment Tilt,Equity,risk_parity_sentiment_tilt
2022-03-24,0.009142591917350236,0.0,0.0,0.009142591917350236,1.2259447049575505,-0.017160957344167893,Equity Sentiment Tilt,Equity,risk_parity_sentiment_tilt
2022-03-25,0.00946710338365198,0.0,0.0,0.00946710338365198,1.2375508502220243,-0.007856318517855732,Equity Sentiment Tilt,Equity,risk_parity_sentiment_tilt
2022-03-28,0.0036586567020119223,0.0,0.0,0.0036586567020119223,1.2420786239342696,-0.00422640538824226,Equity Sentiment Tilt,Equity,risk_parity_sentiment_tilt
2022-03-29,0.013178285615258908,0.0,0.0,0.013178285615258908,1.258447090797083,0.0,Equity Sentiment Tilt,Equity,risk_parity_sentiment_tilt
2022-03-30,-0.002605695037744108,0.0,0.0,-0.002605695037744108,1.2551679614573297,-0.0026056950377439936,Equity Sentiment Tilt,Equity,risk_parity_sentiment_tilt
2022-03-31,-0.011745627457944104,0.00022801852816231255,0.22801852816231258,-0.011973645986106417,1.2401390246337367,-0.014548141353920796,Equity Sentiment Tilt,Equity,risk_parity_sentiment_tilt
2022-04-01,0.0079951783992569,0.0,0.0,0.0079951783992569,1.250054157375564,-0.00666927794016603,Equity Sentiment Tilt,Equity,risk_parity_sentiment_tilt
2022-04-04,0.0016068476269224656,0.0,0.0,0.0016068476269224656,1.2520628039318673,-0.005073146826675146,Equity Sentiment Tilt,Equity,risk_parity_sentiment_tilt
2022-04-05,-0.006900173615624081,0.0,0.0,-0.006900173615624081,1.2434233532070722,-0.011938314848417675,Equity Sentiment Tilt,Equity,risk_parity_sentiment_tilt
2022-04-06,0.004362267471324377,0.0,0.0,0.004362267471324377,1.2488474984538525,-0.0076281254996189984,Equity Sentiment Tilt,Equity,risk_parity_sentiment_tilt
2022-04-07,0.0022414647188843152,0.0,0.0,0.0022414647188843152,1.2516467460609038,-0.005403758954913296,Equity Sentiment Tilt,Equity,risk_parity_sentiment_tilt
2022-04-08,0.0031364937982776187,0.0,0.0,0.0031364937982776187,1.255572528317558,-0.0022842140130852062,Equity Sentiment Tilt,Equity,risk_parity_sentiment_tilt
2022-04-11,-0.011714267839480244,0.0,0.0,-0.011714267839480244,1.2408644154289528,-0.013971723957813542,Equity Sentiment Tilt,Equity,risk_parity_sentiment_tilt
2022-04-12,-0.0009064400319259468,0.0,0.0,-0.0009064400319259468,1.2397396462486154,-0.014865499459829179,Equity Sentiment Tilt,Equity,risk_parity_sentiment_tilt
2022-04-13,0.007080112547474478,0.0,0.0,0.007080112547474478,1.2485171424736217,-0.007890636321604805,Equity Sentiment Tilt,Equity,risk_parity_sentiment_tilt
2022-04-14,-0.0013174781937460712,0.0,0.0,-0.0013174781937460712,1.2468722483638945,-0.009197718774062391,Equity Sentiment Tilt,Equity,risk_parity_sentiment_tilt
2022-04-18,-0.0021627972191261774,0.0,0.0,-0.0021627972191261774,1.2441755165325274,-0.011340623192601762,Equity Sentiment Tilt,Equity,risk_parity_sentiment_tilt
2022-04-19,0.010996286136835504,0.0,0.0,0.010996286136835504,1.2578568265167642,-0.0004690417933621571,Equity Sentiment Tilt,Equity,risk_parity_sentiment_tilt
2022-04-20,0.0023620586318207682,0.0,0.0,0.0023620586318207682,1.2608279580914328,0.0,Equity Sentiment Tilt,Equity,risk_parity_sentiment_tilt
2022-04-21,-0.010922188527271105,0.0,0.0,-0.010922188527271105,1.247056957432704,-0.010922188527271004,Equity Sentiment Tilt,Equity,risk_parity_sentiment_tilt
2022-04-22,-0.020464214034993156,0.0,0.0,-0.020464214034993156,1.2215369169419739,-0.03116288855851146,Equity Sentiment Tilt,Equity,risk_parity_sentiment_tilt
2022-04-25,-0.0017113970958195636,0.0,0.0,-0.0017113970958195636,1.2194463822098829,-0.032820953577354706,Equity Sentiment Tilt,Equity,risk_parity_sentiment_tilt
2022-04-26,-0.018294198910380952,0.0,0.0,-0.018294198910380952,1.1971375875331909,-0.050514719434563204,Equity Sentiment Tilt,Equity,risk_parity_sentiment_tilt
2022-04-27,-0.00039909935822130785,0.0,0.0,-0.00039909935822130785,1.1966598106903037,-0.0508936584006775,Equity Sentiment Tilt,Equity,risk_parity_sentiment_tilt
2022-04-28,0.01593060395370558,0.0,0.0,0.01593060395370558,1.2157233242017271,-0.03577382116270833,Equity Sentiment Tilt,Equity,risk_parity_sentiment_tilt
2022-04-29,-0.03396438379463817,0.0,0.0,-0.03396438379463817,1.1744320306304463,-0.06852316916557555,Equity Sentiment Tilt,Equity,risk_parity_sentiment_tilt
2022-05-02,0.001445378130481117,0.0,0.0,0.001445378130481117,1.176129529003256,-0.06717683292523768,Equity Sentiment Tilt,Equity,risk_parity_sentiment_tilt
2022-05-03,0.004694088513899218,0.0,0.0,0.004694088513899218,1.1816503851162081,-0.0627980784111728,Equity Sentiment Tilt,Equity,risk_parity_sentiment_tilt
2022-05-04,0.027380333093090688,0.0,0.0,0.027380333093090688,1.2140043662602686,-0.03713717762258617,Equity Sentiment Tilt,Equity,risk_parity_sentiment_tilt
2022-05-05,-0.02095481741340706,0.0,0.0,-0.02095481741340706,1.1885651264262058,-0.0573137922596626,Equity Sentiment Tilt,Equity,risk_parity_sentiment_tilt
2022-05-06,-0.0038921566504269162,0.0,0.0,-0.0038921566504269162,1.1839390447649205,-0.060982874652384944,Equity Sentiment Tilt,Equity,risk_parity_sentiment_tilt
2022-05-09,-0.028162041736034277,0.0,0.0,-0.028162041736034277,1.1505969039733301,-0.08742751412727545,Equity Sentiment Tilt,Equity,risk_parity_sentiment_tilt
2022-05-10,-0.0055300879787746095,0.0,0.0,-0.0055300879787746095,1.144234001866252,-0.09247412026116064,Equity Sentiment Tilt,Equity,risk_parity_sentiment_tilt
2022-05-11,-0.0006626629709535569,0.0,0.0,-0.0006626629709535569,1.1434757603631094,-0.0930755040568455,Equity Sentiment Tilt,Equity,risk_parity_sentiment_tilt
2022-05-12,0.0034425025807770693,0.0,0.0,0.0034425025807770693,1.1474121786192155,-0.08995341413899116,Equity Sentiment Tilt,Equity,risk_parity_sentiment_tilt
2022-05-13,0.0177400327436449,0.0,0.0,0.0177400327436449,1.1677673082383775,-0.07380915790757447,Equity Sentiment Tilt,Equity,risk_parity_sentiment_tilt
2022-05-16,0.002662976214135588,0.0,0.0,0.002662976214135588,1.1708770448038615,-0.07134273372533217,Equity Sentiment Tilt,Equity,risk_parity_sentiment_tilt
2022-05-17,0.013664875203057132,0.0,0.0,0.013664875203057132,1.1868769334992304,-0.05865274807527676,Equity Sentiment Tilt,Equity,risk_parity_sentiment_tilt
2022-05-18,-0.024867917910126068,0.0,0.0,-0.024867917910126068,1.1573617753475494,-0.08206209426106348,Equity Sentiment Tilt,Equity,risk_parity_sentiment_tilt
2022-05-19,-0.0023387564200415,0.0,0.0,-0.0023387564200415,1.1546549880651447,-0.08420892743130992,Equity Sentiment Tilt,Equity,risk_parity_sentiment_tilt
2022-05-20,0.002872446291291378,0.0,0.0,0.002872446291291378,1.1579716725033335,-0.08157836676131214,Equity Sentiment Tilt,Equity,risk_parity_sentiment_tilt
2022-05-23,0.01616534019686549,0.0,0.0,0.01616534019686549,1.1766906785276834,-0.06673176861584784,Equity Sentiment Tilt,Equity,risk_parity_sentiment_tilt
2022-05-24,0.005106333660848096,0.0,0.0,0.005106333660848096,1.1826992537478556,-0.061966189631330715,Equity Sentiment Tilt,Equity,risk_parity_sentiment_tilt
2022-05-25,0.006508453926620072,0.0,0.0,0.006508453926620072,1.1903967973499214,-0.0558610397949344,Equity Sentiment Tilt,Equity,risk_parity_sentiment_tilt
2022-05-26,0.010045117925455354,0.0,0.0,0.010045117925455354,1.2023544735573857,-0.0463770526016577,Equity Sentiment Tilt,Equity,risk_parity_sentiment_tilt
2022-05-27,0.017066564844796867,0.0,0.0,0.017066564844796867,1.2228745341467846,-0.030101984732397447,Equity Sentiment Tilt,Equity,risk_parity_sentiment_tilt
2022-05-31,-0.007886001411456421,0.00013745180750823318,0.1374518075082332,-0.008023453218964654,1.2130628575293947,-0.037883916085063696,Equity Sentiment Tilt,Equity,risk_parity_sentiment_tilt
2022-06-01,-0.004957900735900222,0.0,0.0,-0.004957900735900222,1.2070486122953565,-0.04265399212552701,Equity Sentiment Tilt,Equity,risk_parity_sentiment_tilt
2022-06-02,0.01079599578475804,0.0,0.0,0.01079599578475804,1.2200799040256953,-0.03231848865995912,Equity Sentiment Tilt,Equity,risk_parity_sentiment_tilt
2022-06-03,-0.0068080559074444255,0.0,0.0,-0.0068080559074444255,1.211773531827539,-0.03890651848976234,Equity Sentiment Tilt,Equity,risk_parity_sentiment_tilt
2022-06-06,-0.0014245843289259425,0.0,0.0,-0.0014245843289259425,1.2100472582438904,-0.04027567720215475,Equity Sentiment Tilt,Equity,risk_parity_sentiment_tilt
2022-06-07,0.0096555123737878,0.0,0.0,0.0096555123737878,1.2217308845187322,-0.031009047127955047,Equity Sentiment Tilt,Equity,risk_parity_sentiment_tilt
2022-06-08,-0.011599190090337042,0.0,0.0,-0.011599190090337042,1.2075597957499637,-0.042248557386134755,Equity Sentiment Tilt,Equity,risk_parity_sentiment_tilt
2022-06-09,-0.021975608185186093,0.0,0.0,-0.021975608185186093,1.1810229348183792,-0.0632957278278139,Equity Sentiment Tilt,Equity,risk_parity_sentiment_tilt
2022-06-10,-0.019974932064697217,0.0,0.0,-0.019974932064697217,1.1574320819285326,-0.08200633202916496,Equity Sentiment Tilt,Equity,risk_parity_sentiment_tilt
2022-06-13,-0.037147238216417126,0.0,0.0,-0.037147238216417126,1.11443667666181,-0.11610726149444006,Equity Sentiment Tilt,Equity,risk_parity_sentiment_tilt
2022-06-14,-0.008786994516078804,0.0,0.0,-0.008786994516078804,1.1046441276954655,-0.12387402214049026,Equity Sentiment Tilt,Equity,risk_parity_sentiment_tilt
2022-06-15,0.008186888957490986,0.0,0.0,0.008186888957490986,1.1136877265064526,-0.11670127604698133,Equity Sentiment Tilt,Equity,risk_parity_sentiment_tilt
2022-06-16,-0.023105497362687997,0.0,0.0,-0.023105497362687997,1.0879554176787998,-0.13711033238374348,Equity Sentiment Tilt,Equity,risk_parity_sentiment_tilt
2022-06-17,-0.004313745520289295,0.0,0.0,-0.004313745520289295,1.0832622548695134,-0.140832618821927,Equity Sentiment Tilt,Equity,risk_parity_sentiment_tilt
2022-06-21,0.022650681719748662,0.0,0.0,0.022650681719748662,1.1077988834235801,-0.12137189192687248,Equity Sentiment Tilt,Equity,risk_parity_sentiment_tilt
2022-06-22,-0.0008240253789987749,0.0,0.0,-0.0008240253789987749,1.1068860290288127,-0.12209590378662627,Equity Sentiment Tilt,Equity,risk_parity_sentiment_tilt
2022-06-23,0.0058929622362629,0.0,0.0,0.0058929622362629,1.1134088665977264,-0.11692244810058039,Equity Sentiment Tilt,Equity,risk_parity_sentiment_tilt
2022-06-24,0.023371555298644202,0.0,0.0,0.023371555298644202,1.1394309634934159,-0.09628355226337182,Equity Sentiment Tilt,Equity,risk_parity_sentiment_tilt
2022-06-27,-0.0019672534687953085,0.0,0.0,-0.0019672534687953085,1.1371894139780307,-0.09806139157998905,Equity Sentiment Tilt,Equity,risk_parity_sentiment_tilt
2022-06-28,-0.009346629283858043,0.0,0.0,-0.009346629283858043,1.1265605261000504,-0.10649147738968967,Equity Sentiment Tilt,Equity,risk_parity_sentiment_tilt
2022-06-29,-0.002824150636770491,0.0,0.0,-0.002824150636770491,1.1233789494729045,-0.10901488005277937,Equity Sentiment Tilt,Equity,risk_parity_sentiment_tilt
2022-06-30,-0.006335866441965694,0.00011558711692876924,0.11558711692876925,-0.006451453558894463,1.1161315223513404,-0.11476302917578485,Equity Sentiment Tilt,Equity,risk_parity_sentiment_tilt
2022-07-01,0.012581863335119525,0.0,0.0,0.012581863335119525,1.130174536629584,-0.10362509858967939,Equity Sentiment Tilt,Equity,risk_parity_sentiment_tilt
2022-07-05,-0.007922216875873536,0.0,0.0,-0.007922216875873536,1.1212210488428145,-0.11072637496074167,Equity Sentiment Tilt,Equity,risk_parity_sentiment_tilt
2022-07-06,0.0003244736024274632,0.0,0.0,0.0003244736024274632,1.12158485547565,-0.11043782914408151,Equity Sentiment Tilt,Equity,risk_parity_sentiment_tilt
2022-07-07,0.010351625578917409,0.0,0.0,0.010351625578917409,1.133195081954518,-0.10122941462221213,Equity Sentiment Tilt,Equity,risk_parity_sentiment_tilt
2022-07-08,-0.002844460154712087,0.0,0.0,-0.002844460154712087,1.1299717536963827,-0.10378593174054651,Equity Sentiment Tilt,Equity,risk_parity_sentiment_tilt
2022-07-11,-0.004815039117102896,0.0,0.0,-0.004815039117102896,1.1245308955011133,-0.10810123753651368,Equity Sentiment Tilt,Equity,risk_parity_sentiment_tilt
2022-07-12,-0.004771762890083775,0.0,0.0,-0.004771762890083775,1.1191649007052085,-0.1123571669529485,Equity Sentiment Tilt,Equity,risk_parity_sentiment_tilt
2022-07-13,-0.003639567203103936,0.0,0.0,-0.003639567203103936,1.1150916248377367,-0.11558780269617686,Equity Sentiment Tilt,Equity,risk_parity_sentiment_tilt
2022-07-14,-0.004026049609258043,0.0,0.0,-0.004026049609258043,1.110602210637272,-0.1191484900775549,Equity Sentiment Tilt,Equity,risk_parity_sentiment_tilt
2022-07-15,0.016069051488652307,0.0,0.0,0.016069051488652307,1.1284485347434134,-0.10499404181075389,Equity Sentiment Tilt,Equity,risk_parity_sentiment_tilt
2022-07-18,-0.006131293937626339,0.0,0.0,-0.006131293937626339,1.1215296850834178,-0.1104815864163391,Equity Sentiment Tilt,Equity,risk_parity_sentiment_tilt
2022-07-19,0.022677843454757516,0.0,0.0,0.022677843454757516,1.146963559711603,-0.09030922708296463,Equity Sentiment Tilt,Equity,risk_parity_sentiment_tilt
2022-07-20,-0.0010495392952191028,0.0,0.0,-0.0010495392952191028,1.1457597763855012,-0.09126398329563934,Equity Sentiment Tilt,Equity,risk_parity_sentiment_tilt
2022-07-21,0.0036947727354863444,0.0,0.0,0.0036947727354863444,1.1499930983687072,-0.08790641023736567,Equity Sentiment Tilt,Equity,risk_parity_sentiment_tilt
2022-07-22,-0.0021402371263160337,0.0,0.0,-0.0021402371263160337,1.1475318404445713,-0.0898585068008505,Equity Sentiment Tilt,Equity,risk_parity_sentiment_tilt
2022-07-25,0.0028233170100871756,0.0,0.0,0.0028233170100871756,1.150771686609315,-0.08728888884151531,Equity Sentiment Tilt,Equity,risk_parity_sentiment_tilt
2022-07-26,-0.0031716767188055455,0.0,0.0,-0.0031716767188055455,1.1471218108422356,-0.09018371342377185,Equity Sentiment Tilt,Equity,risk_parity_sentiment_tilt
2022-07-27,0.008821352053338961,0.0,0.0,0.008821352053338961,1.1572409761837386,-0.08215790365602149,Equity Sentiment Tilt,Equity,risk_parity_sentiment_tilt
2022-07-28,0.010928589558520652,0.0,0.0,0.010928589558520652,1.1698879878327524,-0.07212718410554597,Equity Sentiment Tilt,Equity,risk_parity_sentiment_tilt
2022-07-29,0.008281938982823502,0.0,0.0,0.008281938982823502,1.1795769287647213,-0.06444259806048758,Equity Sentiment Tilt,Equity,risk_parity_sentiment_tilt
2022-08-01,-0.002452043683518592,0.0,0.0,-0.002452043683518592,1.1766845546073195,-0.06673662567848249,Equity Sentiment Tilt,Equity,risk_parity_sentiment_tilt
2022-08-02,-0.009028775552971297,0.0,0.0,-0.009028775552971297,1.166060533867122,-0.07516285121704014,Equity Sentiment Tilt,Equity,risk_parity_sentiment_tilt
2022-08-03,0.00616359548261159,0.0,0.0,0.00616359548261159,1.173247659306117,-0.06946252914465012,Equity Sentiment Tilt,Equity,risk_parity_sentiment_tilt
2022-08-04,-0.003016366001240249,0.0,0.0,-0.003016366001240249,1.1697087149555514,-0.07226937073461814,Equity Sentiment Tilt,Equity,risk_parity_sentiment_tilt
2022-08-05,0.0007326364912286709,0.0,0.0,0.0007326364912286709,1.170565686244236,-0.07158968142158784,Equity Sentiment Tilt,Equity,risk_parity_sentiment_tilt
2022-08-08,0.0012902654748318534,0.0,0.0,0.0012902654748318534,1.1720760267352197,-0.07039178564104853,Equity Sentiment Tilt,Equity,risk_parity_sentiment_tilt
2022-08-09,0.0015884569078430358,0.0,0.0,0.0015884569078430358,1.1739378189964045,-0.06891514305136248,Equity Sentiment Tilt,Equity,risk_parity_sentiment_tilt
2022-08-10,0.013848404457895123,0.0,0.0,0.013848404457895123,1.190194984722286,-0.056021103367716374,Equity Sentiment Tilt,Equity,risk_parity_sentiment_tilt
2022-08-11,0.004370340824477386,0.0,0.0,0.004370340824477386,1.195396542453106,-0.05189559385831921,Equity Sentiment Tilt,Equity,risk_parity_sentiment_tilt
2022-08-12,0.01452050555171873,0.0,0.0,0.01452050555171873,1.2127543045843017,-0.038128638565329886,Equity Sentiment Tilt,Equity,risk_parity_sentiment_tilt
2022-08-15,0.004750176098921095,0.0,0.0,0.004750176098921095,1.2185151010958015,-0.03355958021400629,Equity Sentiment Tilt,Equity,risk_parity_sentiment_tilt
2022-08-16,0.004136858475712863,0.0,0.0,0.004136858475712863,1.2235559256195538,-0.029561552972143135,Equity Sentiment Tilt,Equity,risk_parity_sentiment_tilt
2022-08-17,-0.006676451037738437,0.0,0.0,-0.006676451037738437,1.2153869143902203,-0.03604063774886346,Equity Sentiment Tilt,Equity,risk_parity_sentiment_tilt
2022-08-18,0.0028435222511812184,0.0,0.0,0.0028435222511812184,1.2188428941250833,-0.03329959785306791,Equity Sentiment Tilt,Equity,risk_parity_sentiment_tilt
2022-08-19,-0.0063980101909709205,0.0,0.0,-0.0063980101909709205,1.2110447248672784,-0.03948455687761976,Equity Sentiment Tilt,Equity,risk_parity_sentiment_tilt
2022-08-22,-0.017285049041869137,0.0,0.0,-0.017285049041869137,1.1901117574060507,-0.05608711341746264,Equity Sentiment Tilt,Equity,risk_parity_sentiment_tilt
2022-08-23,0.0005850492735993625,0.0,0.0,0.0005850492735993625,1.190808031425223,-0.055534877868826715,Equity Sentiment Tilt,Equity,risk_parity_sentiment_tilt
2022-08-24,0.0018678648591591235,0.0,0.0,0.0018678648591591235,1.1930322999011265,-0.05377074465649645,Equity Sentiment Tilt,Equity,risk_parity_sentiment_tilt
2022-08-25,0.011278432016788785,0.0,0.0,0.011278432016788785,1.2064878335893945,-0.04309876232780818,Equity Sentiment Tilt,Equity,risk_parity_sentiment_tilt
2022-08-26,-0.02552306953737676,0.0,0.0,-0.02552306953737676,1.1756945607166933,-0.06752181915731736,Equity Sentiment Tilt,Equity,risk_parity_sentiment_tilt
2022-08-29,-0.0028993934989934023,0.0,0.0,-0.0028993934989934023,1.1722857595505494,-0.07022544033280587,Equity Sentiment Tilt,Equity,risk_parity_sentiment_tilt
2022-08-30,-0.012756305509899396,0.0,0.0,-0.012756305509899396,1.1573317242568182,-0.08208592867125275,Equity Sentiment Tilt,Equity,risk_parity_sentiment_tilt
2022-08-31,-0.006558128976093003,9.582562454980803e-05,0.09582562454980803,-0.006653954600642811,1.1496308915057296,-0.08819368722916543,Equity Sentiment Tilt,Equity,risk_parity_sentiment_tilt
2022-09-01,0.0030602298926766533,0.0,0.0,0.0030602298926766533,1.15314902632546,-0.08540335029449286,Equity Sentiment Tilt,Equity,risk_parity_sentiment_tilt
2022-09-02,-0.009280001170316068,0.0,0.0,-0.009280001170316068,1.142447802011611,-0.0938908082741271,Equity Sentiment Tilt,Equity,risk_parity_sentiment_tilt
2022-09-06,-0.0034621201992728603,0.0,0.0,-0.0034621201992728603,1.1384925103996517,-0.09702786720954792,Equity Sentiment Tilt,Equity,risk_parity_sentiment_tilt
2022-09-07,0.016440870409429736,0.0,0.0,0.016440870409429736,1.1572103182252387,-0.08218221939101378,Equity Sentiment Tilt,Equity,risk_parity_sentiment_tilt
2022-09-08,0.004194699114232743,0.0,0.0,0.004194699114232743,1.162064467322079,-0.07833224995966626,Equity Sentiment Tilt,Equity,risk_parity_sentiment_tilt
2022-09-09,0.01290521839696129,0.0,0.0,0.01290521839696129,1.177061163064219,-0.06643792635595991,Equity Sentiment Tilt,Equity,risk_parity_sentiment_tilt
2022-09-12,0.008691863013501144,0.0,0.0,0.008691863013501144,1.1872920174520853,-0.05832353269724588,Equity Sentiment Tilt,Equity,risk_parity_sentiment_tilt
2022-09-13,-0.036355397454238464,0.0,0.0,-0.036355397454238464,1.1441275442633703,-0.09255855493934062,Equity Sentiment Tilt,Equity,risk_parity_sentiment_tilt
2022-09-14,0.004611933790894216,0.0,0.0,0.004611933790894216,1.1494041847458514,-0.08837349507560743,Equity Sentiment Tilt,Equity,risk_parity_sentiment_tilt
2022-09-15,-0.015720990609536016,0.0,0.0,-0.015720990609536016,1.1313344123509004,-0.10270516679892805,Equity Sentiment Tilt,Equity,risk_parity_sentiment_tilt
2022-09-16,-0.0051590552076507925,0.0,0.0,-0.0051590552076507925,1.1254977956592669,-0.10733436038095212,Equity Sentiment Tilt,Equity,risk_parity_sentiment_tilt
2022-09-19,0.005716371793889461,0.0,0.0,0.005716371793889461,1.1319315595124584,-0.1022315516972595,Equity Sentiment Tilt,Equity,risk_parity_sentiment_tilt
2022-09-20,-0.014777270392135992,0.0,0.0,-0.014777270392135992,1.1152047007921506,-0.11549811880735739,Equity Sentiment Tilt,Equity,risk_parity_sentiment_tilt
2022-09-21,-0.015765710954313648,0.0,0.0,-0.015765710954313648,1.0976227058245698,-0.12944291980478728,Equity Sentiment Tilt,Equity,risk_parity_sentiment_tilt
2022-09-22,-0.006221466738046273,0.0,0.0,-0.006221466738046273,1.090793882669358,-0.13485906172279238,Equity Sentiment Tilt,Equity,risk_parity_sentiment_tilt
2022-09-23,-0.021030102244169232,0.0,0.0,-0.021030102244169232,1.067854375789507,-0.15305306411037867,Equity Sentiment Tilt,Equity,risk_parity_sentiment_tilt
2022-09-26,-0.01504887874604733,0.0,0.0,-0.01504887874604733,1.0517843647698146,-0.1657986658529178,Equity Sentiment Tilt,Equity,risk_parity_sentiment_tilt
2022-09-27,-0.0054094554073851,0.0,0.0,-0.0054094554073851,1.0460947841504074,-0.17031124077076776,Equity Sentiment Tilt,Equity,risk_parity_sentiment_tilt
2022-09-28,0.020894541186782092,0.0,0.0,0.020894541186782092,1.0679524547031158,-0.15297527481884243,Equity Sentiment Tilt,Equity,risk_parity_sentiment_tilt
2022-09-29,-0.01931999599089126,0.0,0.0,-0.01931999599089126,1.0473196175597892,-0.1693397891135282,Equity Sentiment Tilt,Equity,risk_parity_sentiment_tilt
2022-09-30,-0.01598901775483621,9.972479685270353e-05,0.09972479685270354,-0.016088742551688913,1.0304695618635364,-0.18270406739441225,Equity Sentiment Tilt,Equity,risk_parity_sentiment_tilt
2022-10-03,0.03088294690338711,0.0,0.0,0.03088294690338711,1.0622934986281247,-0.1574635605033996,Equity Sentiment Tilt,Equity,risk_parity_sentiment_tilt
2022-10-04,0.027031484472323883,0.0,0.0,0.027031484472323883,1.0910088688413415,-0.13468854982178013,Equity Sentiment Tilt,Equity,risk_parity_sentiment_tilt
2022-10-05,-0.003783913724076899,0.0,0.0,-0.003783913724076899,1.0868805854094432,-0.13796281369371033,Equity Sentiment Tilt,Equity,risk_parity_sentiment_tilt
2022-10-06,-0.01176951828400528,0.0,0.0,-0.01176951828400528,1.0740885244869365,-0.14810857611943462,Equity Sentiment Tilt,Equity,risk_parity_sentiment_tilt
2022-10-07,-0.021299730671754058,0.0,0.0,-0.021299730671754058,1.051210728197743,-0.16625363400966775,Equity Sentiment Tilt,Equity,risk_parity_sentiment_tilt
2022-10-10,-0.0039023647086173356,0.0,0.0,-0.0039023647086173356,1.047108520550704,-0.16950721640424649,Equity Sentiment Tilt,Equity,risk_parity_sentiment_tilt
2022-10-11,-0.00019427573319542185,0.0,0.0,-0.00019427573319542185,1.0469050927751389,-0.1696685609986931,Equity Sentiment Tilt,Equity,risk_parity_sentiment_tilt
2022-10-12,-0.00662369408622233,0.0,0.0,-0.00662369408622233,1.039970713703288,-0.17516842244081055,Equity Sentiment Tilt,Equity,risk_parity_sentiment_tilt
2022-10-13,0.028189170223893042,0.0,0.0,0.028189170223893042,1.0692866251797335,-0.15191710469495245,Equity Sentiment Tilt,Equity,risk_parity_sentiment_tilt
2022-10-14,-0.016530486579253146,0.0,0.0,-0.016530486579253146,1.051610796972825,-0.16593632761388666,Equity Sentiment Tilt,Equity,risk_parity_sentiment_tilt
2022-10-17,0.018148267801224097,0.0,0.0,0.018148267801224097,1.0706957113389466,-0.15079951672415104,Equity Sentiment Tilt,Equity,risk_parity_sentiment_tilt
2022-10-18,0.011478985582527633,0.0,0.0,0.011478985582527633,1.0829862119726805,-0.14105155661995206,Equity Sentiment Tilt,Equity,risk_parity_sentiment_tilt
2022-10-19,-0.007635412583770024,0.0,0.0,-0.007635412583770024,1.074717165421735,-0.14760998237334577,Equity Sentiment Tilt,Equity,risk_parity_sentiment_tilt
2022-10-20,-0.004351082805104089,0.0,0.0,-0.004351082805104089,1.0700409820429182,-0.15131880192228342,Equity Sentiment Tilt,Equity,risk_parity_sentiment_tilt
2022-10-21,0.02295129942665479,0.0,0.0,0.02295129942665479,1.094599813020577,-0.13184046562742957,Equity Sentiment Tilt,Equity,risk_parity_sentiment_tilt
2022-10-24,0.009998172120049623,0.0,0.0,0.009998172120049623,1.105543810353731,-0.12316045717511037,Equity Sentiment Tilt,Equity,risk_parity_sentiment_tilt
2022-10-25,0.014480328215068502,0.0,0.0,0.014480328215068502,1.1215524475837904,-0.11046353280305543,Equity Sentiment Tilt,Equity,risk_parity_sentiment_tilt
2022-10-26,0.006811430150478538,0.0,0.0,0.006811430150478538,1.1291918237406056,-0.10440451729044009,Equity Sentiment Tilt,Equity,risk_parity_sentiment_tilt
2022-10-27,-0.00026449914242612945,0.0,0.0,-0.00026449914242612945,1.1288931534715916,-0.1046414015275774,Equity Sentiment Tilt,Equity,risk_parity_sentiment_tilt
2022-10-28,0.023686174265285468,0.0,0.0,0.023686174265285468,1.1556323134316073,-0.08343378173423788,Equity Sentiment Tilt,Equity,risk_parity_sentiment_tilt
2022-10-31,-0.006776150480626412,0.00010815053043878846,0.10815053043878846,-0.006884301011065201,1.1476765927278305,-0.08974369947735306,Equity Sentiment Tilt,Equity,risk_parity_sentiment_tilt
2022-11-01,0.0014971153594658638,0.0,0.0,0.0014971153594658638,1.1493947969825027,-0.08838094078879011,Equity Sentiment Tilt,Equity,risk_parity_sentiment_tilt
2022-11-02,-0.01637814764149871,0.0,0.0,-0.01637814764149871,1.1305698392991528,-0.10331157233335553,Equity Sentiment Tilt,Equity,risk_parity_sentiment_tilt
2022-11-03,-0.0024493888425360304,0.0,0.0,-0.0024493888425360304,1.1278006341490658,-0.10550791096331325,Equity Sentiment Tilt,Equity,risk_parity_sentiment_tilt
2022-11-04,0.01614780444100261,0.0,0.0,0.01614780444100261,1.1460121382377437,-0.0910638276355249,Equity Sentiment Tilt,Equity,risk_parity_sentiment_tilt
2022-11-07,0.007742184171201916,0.0,0.0,0.007742184171201916,1.1548847752744134,-0.08402667638921169,Equity Sentiment Tilt,Equity,risk_parity_sentiment_tilt
2022-11-08,0.007493877593784624,0.0,0.0,0.007493877593784624,1.1635393404152454,-0.0771624844229003,Equity Sentiment Tilt,Equity,risk_parity_sentiment_tilt
2022-11-09,-0.018961804875986837,0.0,0.0,-0.018961804875986837,1.141476534476757,-0.09466114932551384,Equity Sentiment Tilt,Equity,risk_parity_sentiment_tilt
2022-11-10,0.041148820428571035,0.0,0.0,0.041148820428571035,1.1884469474173687,-0.057407523532100435,Equity Sentiment Tilt,Equity,risk_parity_sentiment_tilt
2022-11-11,0.007579793361961809,0.0,0.0,0.007579793361961809,1.1974551297004468,-0.05026286733593377,Equity Sentiment Tilt,Equity,risk_parity_sentiment_tilt
2022-11-14,-0.007444868932416896,0.0,0.0,-0.007444868932416896,1.1885402332073767,-0.05733353580886724,Equity Sentiment Tilt,Equity,risk_parity_sentiment_tilt
2022-11-15,0.00870782131803305,0.0,0.0,0.00870782131803305,1.19888982918744,-0.049124964676188765,Equity Sentiment Tilt,Equity,risk_parity_sentiment_tilt
2022-11-16,-0.007454495241121288,0.0,0.0,-0.007454495241121288,1.1899527106611334,-0.056213258101911245,Equity Sentiment Tilt,Equity,risk_parity_sentiment_tilt
2022-11-17,-0.0012051337907517333,0.0,0.0,-0.0012051337907517333,1.188518658440119,-0.05735064739583606,Equity Sentiment Tilt,Equity,risk_parity_sentiment_tilt
2022-11-18,0.006354690067443275,0.0,0.0,0.006354690067443275,1.1960713261538796,-0.05136040291776045,Equity Sentiment Tilt,Equity,risk_parity_sentiment_tilt
2022-11-21,0.0019523463258913473,0.0,0.0,0.0019523463258913473,1.198406471613,-0.049508329885801894,Equity Sentiment Tilt,Equity,risk_parity_sentiment_tilt
2022-11-22,0.013512657006484415,0.0,0.0,0.013512657006484415,1.2146001272182578,-0.036664661960028155,Equity Sentiment Tilt,Equity,risk_parity_sentiment_tilt
2022-11-23,0.0022039140535342555,0.0,0.0,0.0022039140535342555,1.2172770015080585,-0.0345415536702558,Equity Sentiment Tilt,Equity,risk_parity_sentiment_tilt
2022-11-25,0.001365822083554182,0.0,0.0,0.001365822083554182,1.2189395853185208,-0.03322290920350479,Equity Sentiment Tilt,Equity,risk_parity_sentiment_tilt
2022-11-28,-0.016155225157856473,0.0,0.0,-0.016155225157856473,1.1992473418638758,-0.04884141078277959,Equity Sentiment Tilt,Equity,risk_parity_sentiment_tilt
2022-11-29,0.0039220883686900245,0.0,0.0,0.0039220883686900245,1.2039508959145826,-0.04511088274323116,Equity Sentiment Tilt,Equity,risk_parity_sentiment_tilt
2022-11-30,0.022095309076870365,0.0001415393791617951,0.1415393791617951,0.02195376969770857,1.2303821566108413,-0.024147466976127796,Equity Sentiment Tilt,Equity,risk_parity_sentiment_tilt
2022-12-01,1.5071194525403237e-05,0.0,0.0,1.5071194525403237e-05,1.2304006999396642,-0.02413275971277451,Equity Sentiment Tilt,Equity,risk_parity_sentiment_tilt
2022-12-02,0.0014155978134202324,0.0,0.0,0.0014155978134202324,1.2321424524801294,-0.02275132418123549,Equity Sentiment Tilt,Equity,risk_parity_sentiment_tilt
2022-12-05,-0.016075146284250892,0.0,0.0,-0.016075146284250892,1.2123355823134756,-0.038460739601112626,Equity Sentiment Tilt,Equity,risk_parity_sentiment_tilt
2022-12-06,-0.01116229115183925,0.0,0.0,-0.01116229115183925,1.198803139569958,-0.04919372077960915,Equity Sentiment Tilt,Equity,risk_parity_sentiment_tilt
2022-12-07,-0.0006009018490359004,0.0,0.0,-0.0006009018490359004,1.1980827765467603,-0.049765062030867724,Equity Sentiment Tilt,Equity,risk_parity_sentiment_tilt
2022-12-08,0.006008921431726202,0.0,0.0,0.006008921431726202,1.2052819618197343,-0.0440551749469299,Equity Sentiment Tilt,Equity,risk_parity_sentiment_tilt
2022-12-09,-0.010695063552983657,0.0,0.0,-0.010695063552983657,1.1923913946388074,-0.054279065604018406,Equity Sentiment Tilt,Equity,risk_parity_sentiment_tilt
2022-12-12,0.015600048869433393,0.0,0.0,0.015600048869433393,1.2109927586666647,-0.03952577281059477,Equity Sentiment Tilt,Equity,risk_parity_sentiment_tilt
2022-12-13,0.007269892211757278,0.0,0.0,0.007269892211757278,1.21979654549139,-0.032543228706756966,Equity Sentiment Tilt,Equity,risk_parity_sentiment_tilt
2022-12-14,-0.007297329928935988,0.0,0.0,-0.007297329928935988,1.210895287652763,-0.039603079958866805,Equity Sentiment Tilt,Equity,risk_parity_sentiment_tilt
2022-12-15,-0.020111388987971816,0.0,0.0,-0.020111388987971816,1.1865425014990763,-0.05891799600066405,Equity Sentiment Tilt,Equity,risk_parity_sentiment_tilt
2022-12-16,-0.008563285722688954,0.0,0.0,-0.008563285722688954,1.1763817990366257,-0.06697675008939108,Equity Sentiment Tilt,Equity,risk_parity_sentiment_tilt
2022-12-19,-0.005764584681608403,0.0,0.0,-0.005764584681608403,1.1696004465381762,-0.07235524162341023,Equity Sentiment Tilt,Equity,risk_parity_sentiment_tilt
2022-12-20,0.002933055696392649,0.0,0.0,0.002933055696392649,1.1730309497903983,-0.06963440788062503,Equity Sentiment Tilt,Equity,risk_parity_sentiment_tilt
2022-12-21,0.016182852715254603,0.0,0.0,0.016182852715254603,1.1920139368812914,-0.054578438532016715,Equity Sentiment Tilt,Equity,risk_parity_sentiment_tilt
2022-12-22,-0.009650442391380121,0.0,0.0,-0.009650442391380121,1.1805104750536963,-0.06370217484653207,Equity Sentiment Tilt,Equity,risk_parity_sentiment_tilt
2022-12-23,0.007330061989810507,0.0,0.0,0.007330061989810507,1.1891636900154605,-0.056839053747232415,Equity Sentiment Tilt,Equity,risk_parity_sentiment_tilt
2022-12-27,0.0013663818710430826,0.0,0.0,0.0013663818710430826,1.1907885417232003,-0.05555033572879686,Equity Sentiment Tilt,Equity,risk_parity_sentiment_tilt
2022-12-28,-0.012302185589300307,0.0,0.0,-0.012302185589300307,1.1761392400853092,-0.06716913077841358,Equity Sentiment Tilt,Equity,risk_parity_sentiment_tilt
2022-12-29,0.011956823241961283,0.0,0.0,0.011956823241961283,1.190202129086944,-0.05601543696048583,Equity Sentiment Tilt,Equity,risk_parity_sentiment_tilt
2022-12-30,-0.0016587682379459404,0.0,0.0,-0.0016587682379459404,1.188227859598479,-0.05758128857076705,Equity Sentiment Tilt,Equity,risk_parity_sentiment_tilt
2023-01-03,0.0027917690058464235,0.0,0.0,0.0027917690058464235,1.1915451173087892,-0.05495027322166923,Equity Sentiment Tilt,Equity,risk_parity_sentiment_tilt
2023-01-04,0.016380048156652664,0.0,0.0,0.016380048156652664,1.2110626837111316,-0.03947031318660865,Equity Sentiment Tilt,Equity,risk_parity_sentiment_tilt
2023-01-05,-0.005289385536334326,0.0,0.0,-0.005289385536334326,1.2046569062683157,-0.04455092501925917,Equity Sentiment Tilt,Equity,risk_parity_sentiment_tilt
2023-01-06,0.021808692413111966,0.0,0.0,0.021808692413111966,1.2309288982004525,-0.02371383002661187,Equity Sentiment Tilt,Equity,risk_parity_sentiment_tilt
2023-01-09,-0.002852642207793887,0.0,0.0,-0.002852642207793887,1.2274174984706525,-0.026498825161963446,Equity Sentiment Tilt,Equity,risk_parity_sentiment_tilt
2023-01-10,0.006523503986751094,0.0,0.0,0.006523503986751094,1.2354245614153339,-0.020148186366800713,Equity Sentiment Tilt,Equity,risk_parity_sentiment_tilt
2023-01-11,0.007864716796094219,0.0,0.0,0.007864716796094219,1.2451408257138044,-0.01244192935043631,Equity Sentiment Tilt,Equity,risk_parity_sentiment_tilt
2023-01-12,0.004908973431723378,0.0,0.0,0.004908973431723378,1.2512531889459875,-0.00759403301933359,Equity Sentiment Tilt,Equity,risk_parity_sentiment_tilt
2023-01-13,0.003242316280192492,0.0,0.0,0.003242316280192492,1.2553101475311497,-0.004376338996032181,Equity Sentiment Tilt,Equity,risk_parity_sentiment_tilt
2023-01-17,-0.005070529582119072,0.0,0.0,-0.005070529582119072,1.2489450602933587,-0.009424678221810479,Equity Sentiment Tilt,Equity,risk_parity_sentiment_tilt
2023-01-18,-0.016718138535329857,0.0,0.0,-0.016718138535329857,1.2280650237523585,-0.02598525368097715,Equity Sentiment Tilt,Equity,risk_parity_sentiment_tilt
2023-01-19,-0.006219783910003255,0.0,0.0,-0.006219783910003255,1.2204267246771858,-0.032043414928238034,Equity Sentiment Tilt,Equity,risk_parity_sentiment_tilt
2023-01-20,0.013754127720877495,0.0,0.0,0.013754127720877495,1.237212629722368,-0.018730016428896712,Equity Sentiment Tilt,Equity,risk_parity_sentiment_tilt
2023-01-23,0.00925689873663435,0.0,0.0,0.00925689873663435,1.248665381751393,-0.009646499557680044,Equity Sentiment Tilt,Equity,risk_parity_sentiment_tilt
2023-01-24,-0.0029948151191809295,0.0,0.0,-0.0029948151191809295,1.244925859787326,-0.012612425194138632,Equity Sentiment Tilt,Equity,risk_parity_sentiment_tilt
2023-01-25,0.0022109732104615516,0.0,0.0,0.0022109732104615516,1.2476783575123267,-0.010429337717900222,Equity Sentiment Tilt,Equity,risk_parity_sentiment_tilt
2023-01-26,0.006246353235875083,0.0,0.0,0.006246353235875083,1.2554717972581053,-0.004248129809427237,Equity Sentiment Tilt,Equity,risk_parity_sentiment_tilt
2023-01-27,-0.001982654137390502,0.0,0.0,-0.001982654137390502,1.2529826309048944,-0.006222361374674912,Equity Sentiment Tilt,Equity,risk_parity_sentiment_tilt
2023-01-30,-0.008408741821225137,0.0,0.0,-0.008408741821225137,1.2424466234551357,-0.014578780965582072,Equity Sentiment Tilt,Equity,risk_parity_sentiment_tilt
2023-01-31,0.011115046056220575,0.00016022485161377786,0.16022485161377786,0.010954821204606797,1.2560574040713541,-0.003783667699834292,Equity Sentiment Tilt,Equity,risk_parity_sentiment_tilt
2023-02-01,0.0019540069380166764,0.0,0.0,0.0019540069380166764,1.2585117489534567,-0.0018370540747543185,Equity Sentiment Tilt,Equity,risk_parity_sentiment_tilt
2023-02-02,-0.0035053761471747777,0.0,0.0,-0.0035053761471747777,1.254100191887736,-0.0053359906563945625,Equity Sentiment Tilt,Equity,risk_parity_sentiment_tilt
2023-02-03,-0.011090348235081642,0.0,0.0,-0.011090348235081642,1.2401917840380183,-0.016367160896917476,Equity Sentiment Tilt,Equity,risk_parity_sentiment_tilt
2023-02-06,-0.0024841651855069305,0.0,0.0,-0.0024841651855069305,1.2371109427847593,-0.018810667351138788,Equity Sentiment Tilt,Equity,risk_parity_sentiment_tilt
2023-02-07,0.009127124507690475,0.0,0.0,0.009127124507690475,1.2484022083893822,-0.009855230146434857,Equity Sentiment Tilt,Equity,risk_parity_sentiment_tilt
2023-02-08,-0.0091803012068336,0.0,0.0,-0.0091803012068336,1.2369415000890915,-0.018945057372061425,Equity Sentiment Tilt,Equity,risk_parity_sentiment_tilt
2023-02-09,-0.008037698503759906,0.0,0.0,-0.008037698503759906,1.2269993372445869,-0.026830481216528312,Equity Sentiment Tilt,Equity,risk_parity_sentiment_tilt
2023-02-10,0.010452768740518485,0.0,0.0,0.010452768740518485,1.239824877561574,-0.016658165291363103,Equity Sentiment Tilt,Equity,risk_parity_sentiment_tilt
2023-02-13,0.007950313557143786,0.0,0.0,0.007950313557143786,1.2496818740941358,-0.00884028937157233,Equity Sentiment Tilt,Equity,risk_parity_sentiment_tilt
2023-02-14,-0.003029363320260557,0.0,0.0,-0.003029363320260557,1.2458961336627605,-0.011842872243470248,Equity Sentiment Tilt,Equity,risk_parity_sentiment_tilt
2023-02-15,-0.00038110872483471743,0.0,0.0,-0.00038110872483471743,1.2454213117759838,-0.012219467546365825,Equity Sentiment Tilt,Equity,risk_parity_sentiment_tilt
2023-02-16,-0.012896135241232313,0.0,0.0,-0.012896135241232313,1.2293601901070077,-0.024958018881544475,Equity Sentiment Tilt,Equity,risk_parity_sentiment_tilt
2023-02-17,0.0006838302308123203,0.0,0.0,0.0006838302308123203,1.23020086376956,-0.02429125569854451,Equity Sentiment Tilt,Equity,risk_parity_sentiment_tilt
2023-02-21,-0.014760791060293005,0.0,0.0,-0.014760791060293005,1.2120421258572656,-0.03869348860887911,Equity Sentiment Tilt,Equity,risk_parity_sentiment_tilt
2023-02-22,-0.006026697518069746,0.0,0.0,-0.006026697518069746,1.2047375145855657,-0.04448699217518426,Equity Sentiment Tilt,Equity,risk_parity_sentiment_tilt
2023-02-23,0.0037254070280493155,0.0,0.0,0.0037254070280493155,1.2092256521893574,-0.04092731730044119,Equity Sentiment Tilt,Equity,risk_parity_sentiment_tilt
2023-02-24,-0.008503944794482035,0.0,0.0,-0.008503944794482035,1.1989424639990676,-0.049083218448014,Equity Sentiment Tilt,Equity,risk_parity_sentiment_tilt
2023-02-27,0.0011298502846492945,0.0,0.0,0.0011298502846492945,1.200297089483295,-0.04800882485169977,Equity Sentiment Tilt,Equity,risk_parity_sentiment_tilt
2023-02-28,-0.005632541752850264,0.00011203471067272379,0.11203471067272379,-0.005744576463522988,1.193401891073814,-0.0534776109499383,Equity Sentiment Tilt,Equity,risk_parity_sentiment_tilt
2023-03-01,-0.001809935752948041,0.0,0.0,-0.001809935752948041,1.1912419103235237,-0.055190755662845814,Equity Sentiment Tilt,Equity,risk_parity_sentiment_tilt
2023-03-02,0.009908148368518459,0.0,0.0,0.009908148368518459,1.2030449119138065,-0.04582944549000556,Equity Sentiment Tilt,Equity,risk_parity_sentiment_tilt
2023-03-03,0.011798717324179217,0.0,0.0,0.011798717324179217,1.2172392987577694,-0.034571456838286885,Equity Sentiment Tilt,Equity,risk_parity_sentiment_tilt
2023-03-06,0.0005485462478777357,0.0,0.0,0.0005485462478777357,1.2179070108078724,-0.03404187463334141,Equity Sentiment Tilt,Equity,risk_parity_sentiment_tilt
2023-03-07,-0.016489734557461125,0.0,0.0,-0.016489734557461125,1.1978240474839796,-0.049970267714260386,Equity Sentiment Tilt,Equity,risk_parity_sentiment_tilt
2023-03-08,0.00046867346781339015,0.0,0.0,0.00046867346781339015,1.1983854358341444,-0.049525013985104116,Equity Sentiment Tilt,Equity,risk_parity_sentiment_tilt
2023-03-09,-0.015997567495476234,0.0,0.0,-0.015997567495476234,1.179214183938792,-0.06473030172663918,Equity Sentiment Tilt,Equity,risk_parity_sentiment_tilt
2023-03-10,-0.010694661559682302,0.0,0.0,-0.010694661559682302,1.1666028873351895,-0.07473269461669907,Equity Sentiment Tilt,Equity,risk_parity_sentiment_tilt
2023-03-13,-0.000269354165891229,0.0,0.0,-0.000269354165891229,1.1662886579875449,-0.07498191921996711,Equity Sentiment Tilt,Equity,risk_parity_sentiment_tilt
2023-03-14,0.012303789816974548,0.0,0.0,0.012303789816974548,1.180638428501345,-0.0636006911771484,Equity Sentiment Tilt,Equity,risk_parity_sentiment_tilt
2023-03-15,-0.005587123012243551,0.0,0.0,-0.005587123012243551,1.174042056368326,-0.06883246930412146,Equity Sentiment Tilt,Equity,risk_parity_sentiment_tilt
2023-03-16,0.009928747330310541,0.0,0.0,0.009928747330310541,1.1856988233011652,-0.05958714216965311,Equity Sentiment Tilt,Equity,risk_parity_sentiment_tilt
2023-03-17,-0.013199339708886615,0.0,0.0,-0.013199339708886615,1.1700483817399858,-0.0719999709467608,Equity Sentiment Tilt,Equity,risk_parity_sentiment_tilt
2023-03-20,0.012226993111805941,0.0,0.0,0.012226993111805941,1.1843545552440005,-0.060653320983771075,Equity Sentiment Tilt,Equity,risk_parity_sentiment_tilt
2023-03-21,0.004924762554539676,0.0,0.0,0.004924762554539676,1.1901872202089645,-0.056027261633220804,Equity Sentiment Tilt,Equity,risk_parity_sentiment_tilt
2023-03-22,-0.019227118154902075,0.0,0.0,-0.019227118154902075,1.1673033498995522,-0.07417713700880546,Equity Sentiment Tilt,Equity,risk_parity_sentiment_tilt
2023-03-23,0.0010451057204723122,0.0,0.0,0.0010451057204723122,1.1685233053080588,-0.07320955423854913,Equity Sentiment Tilt,Equity,risk_parity_sentiment_tilt
2023-03-24,0.01083180117708455,0.0,0.0,0.01083180117708455,1.1811805174219454,-0.06317074439723958,Equity Sentiment Tilt,Equity,risk_parity_sentiment_tilt
2023-03-27,0.004239136939833904,0.0,0.0,0.004239136939833904,1.1861877033859607,-0.05919939689349696,Equity Sentiment Tilt,Equity,risk_parity_sentiment_tilt
2023-03-28,0.0015296520911604792,0.0,0.0,0.0015296520911604792,1.188002157886954,-0.057760299283589944,Equity Sentiment Tilt,Equity,risk_parity_sentiment_tilt
2023-03-29,0.013580746167341548,0.0,0.0,0.013580746167341548,1.2041361136394708,-0.0449639810793685,Equity Sentiment Tilt,Equity,risk_parity_sentiment_tilt
2023-03-30,0.004529256328537838,0.0,0.0,0.004529256328537838,1.2095899547525932,-0.04063837814669069,Equity Sentiment Tilt,Equity,risk_parity_sentiment_tilt
2023-03-31,0.011408177639660077,0.0001859282091687382,0.1859282091687382,0.011222249430491339,1.2231642749334437,-0.029872182732212038,Equity Sentiment Tilt,Equity,risk_parity_sentiment_tilt
2023-04-03,0.007258870096756578,0.0,0.0,0.007258870096756578,1.232043065512179,-0.022830150929415205,Equity Sentiment Tilt,Equity,risk_parity_sentiment_tilt
2023-04-04,-0.003117371417449297,0.0,0.0,-0.003117371417449297,1.2282023296746847,-0.025876352286901105,Equity Sentiment Tilt,Equity,risk_parity_sentiment_tilt
2023-04-05,0.006688581029792228,0.0,0.0,0.006688581029792228,1.2364172604776935,-0.01936084733613519,Equity Sentiment Tilt,Equity,risk_parity_sentiment_tilt
2023-04-06,0.00012112647503994829,0.0,0.0,0.00012112647503994829,1.2365670233421338,-0.019242065972286837,Equity Sentiment Tilt,Equity,risk_parity_sentiment_tilt
2023-04-10,0.002240926385718903,0.0,0.0,0.002240926385718903,1.2393380790124509,-0.017044259639921067,Equity Sentiment Tilt,Equity,risk_parity_sentiment_tilt
2023-04-11,0.002279018282082097,0.0,0.0,0.002279018282082097,1.2421625531522007,-0.014804085537162948,Equity Sentiment Tilt,Equity,risk_parity_sentiment_tilt
2023-04-12,-0.0016578338180468664,0.0,0.0,-0.0016578338180468664,1.2401032540640735,-0.016437376641561086,Equity Sentiment Tilt,Equity,risk_parity_sentiment_tilt
2023-04-13,0.007457505135385457,0.0,0.0,0.007457505135385457,1.2493513304496646,-0.009102453326892301,Equity Sentiment Tilt,Equity,risk_parity_sentiment_tilt
2023-04-14,-0.005379265539600379,0.0,0.0,-0.005379265539600379,1.242630737890923,-0.01443275435298541,Equity Sentiment Tilt,Equity,risk_parity_sentiment_tilt
2023-04-17,0.00432510724066431,0.0,0.0,0.00432510724066431,1.248005249092847,-0.010170070322675917,Equity Sentiment Tilt,Equity,risk_parity_sentiment_tilt
2023-04-18,-0.0005903832351878469,0.0,0.0,-0.0005903832351878469,1.247268447716356,-0.010754449318844728,Equity Sentiment Tilt,Equity,risk_parity_sentiment_tilt
2023-04-19,0.002072904560699714,0.0,0.0,0.002072904560699714,1.2498539161700442,-0.00870383770518579,Equity Sentiment Tilt,Equity,risk_parity_sentiment_tilt
2023-04-20,-0.007133895338192888,0.0,0.0,-0.007133895338192888,1.2409375891440566,-0.015775640776149236,Equity Sentiment Tilt,Equity,risk_parity_sentiment_tilt
2023-04-21,0.0004919709558916381,0.0,0.0,0.0004919709558916381,1.2415480943959898,-0.01529143097732999,Equity Sentiment Tilt,Equity,risk_parity_sentiment_tilt
2023-04-24,0.0015906715625429208,0.0,0.0,0.0015906715625429208,1.243522989643275,-0.013725083059193177,Equity Sentiment Tilt,Equity,risk_parity_sentiment_tilt
2023-04-25,-0.012084054453403865,0.0,0.0,-0.012084054453403865,1.2284961901223659,-0.02564328286153239,Equity Sentiment Tilt,Equity,risk_parity_sentiment_tilt
2023-04-26,-0.013904111536775465,0.0,0.0,-0.013904111536775465,1.2114150420724008,-0.03919084733323197,Equity Sentiment Tilt,Equity,risk_parity_sentiment_tilt
2023-04-27,0.012937075969336059,0.0,0.0,0.012937075969336059,1.227087210502088,-0.02676078633314849,Equity Sentiment Tilt,Equity,risk_parity_sentiment_tilt
2023-04-28,0.00790634120637626,0.0,0.0,0.00790634120637626,1.236788980678298,-0.019066025034473078,Equity Sentiment Tilt,Equity,risk_parity_sentiment_tilt
2023-05-01,-0.0026530670204849252,0.0,0.0,-0.0026530670204849252,1.233507696622361,-0.0216685086127274,Equity Sentiment Tilt,Equity,risk_parity_sentiment_tilt
2023-05-02,-0.015970166118772243,0.0,0.0,-0.015970166118772243,1.213808373798518,-0.037292625049408334,Equity Sentiment Tilt,Equity,risk_parity_sentiment_tilt
2023-05-03,-0.011103162905187473,0.0,0.0,-0.011103162905187473,1.2003312616885524,-0.04798172186351002,Equity Sentiment Tilt,Equity,risk_parity_sentiment_tilt
2023-05-04,-0.00452937100152579,0.0,0.0,-0.00452937100152579,1.1948945160796354,-0.052293765845424,Equity Sentiment Tilt,Equity,risk_parity_sentiment_tilt
2023-05-05,0.016024579117838895,0.0,0.0,0.016024579117838895,1.2140421977900253,-0.037107172315744785,Equity Sentiment Tilt,Equity,risk_parity_sentiment_tilt
2023-05-08,-0.0009578346011708181,0.0,0.0,-0.0009578346011708181,1.2128793461657006,-0.03802946438332,Equity Sentiment Tilt,Equity,risk_parity_sentiment_tilt
2023-05-09,-0.004237495754834227,0.0,0.0,-0.004237495754834227,1.2077397750851973,-0.04210581044427131,Equity Sentiment Tilt,Equity,risk_parity_sentiment_tilt
2023-05-10,-0.0015486460204753268,0.0,0.0,-0.0015486460204753268,1.2058694136887418,-0.043589249468963254,Equity Sentiment Tilt,Equity,risk_parity_sentiment_tilt
2023-05-11,-0.007861949914587316,0.0,0.0,-0.007861949914587316,1.1963889287547882,-0.05110850288741109,Equity Sentiment Tilt,Equity,risk_parity_sentiment_tilt
2023-05-12,-0.0004062681968789024,0.0,0.0,-0.0004062681968789024,1.195902873981937,-0.051494007324976776,Equity Sentiment Tilt,Equity,risk_parity_sentiment_tilt
2023-05-15,0.0029408838520101257,0.0,0.0,0.0029408838520101257,1.199419885432603,-0.04870456136758394,Equity Sentiment Tilt,Equity,risk_parity_sentiment_tilt
2023-05-16,-0.016246160793427333,0.0,0.0,-0.016246160793427333,1.1799339171150307,-0.0641594600256602,Equity Sentiment Tilt,Equity,risk_parity_sentiment_tilt
2023-05-17,0.009816266748142293,0.0,0.0,0.009816266748142293,1.1915164631906123,-0.05497299965154656,Equity Sentiment Tilt,Equity,risk_parity_sentiment_tilt
2023-05-18,0.004471020859144226,0.0,0.0,0.004471020859144226,1.1968437581515514,-0.05074776422053395,Equity Sentiment Tilt,Equity,risk_parity_sentiment_tilt
2023-05-19,-0.0018491144252507836,0.0,0.0,-0.0018491144252507836,1.194630657093582,-0.0525030402229153,Equity Sentiment Tilt,Equity,risk_parity_sentiment_tilt
2023-05-22,-0.00012318144569448825,0.0,0.0,-0.00012318144569448825,1.1944835007621704,-0.05261975426821175,Equity Sentiment Tilt,Equity,risk_parity_sentiment_tilt
2023-05-23,-0.006588821128731048,0.0,0.0,-0.006588821128731048,1.186613262634428,-0.05886187324823189,Equity Sentiment Tilt,Equity,risk_parity_sentiment_tilt
2023-05-24,-0.008638970514064578,0.0,0.0,-0.008638970514064578,1.176362145646931,-0.06699233777490232,Equity Sentiment Tilt,Equity,risk_parity_sentiment_tilt
2023-05-25,-0.004580535403013718,0.0,0.0,-0.004580535403013718,1.17097377719203,-0.07126601240300745,Equity Sentiment Tilt,Equity,risk_parity_sentiment_tilt
2023-05-26,0.006654492525325445,0.0,0.0,0.006654492525325445,1.1787660134397064,-0.06508575902452773,Equity Sentiment Tilt,Equity,risk_parity_sentiment_tilt
2023-05-30,-0.002356958474133789,0.0,0.0,-0.002356958474133789,1.175987710895309,-0.06728931306738306,Equity Sentiment Tilt,Equity,risk_parity_sentiment_tilt
2023-05-31,-0.0017474229269757245,0.00016008125452612423,0.16008125452612423,-0.0019075041815018487,1.1737445094193812,-0.06906846260283861,Equity Sentiment Tilt,Equity,risk_parity_sentiment_tilt
2023-06-01,0.0024735032543809106,0.0,0.0,0.0024735032543809106,1.1766477702832419,-0.06676580041548086,Equity Sentiment Tilt,Equity,risk_parity_sentiment_tilt
2023-06-02,0.017921125117428875,0.0,0.0,0.017921125117428875,1.1977346221936316,-0.05004119356086312,Equity Sentiment Tilt,Equity,risk_parity_sentiment_tilt
2023-06-05,-0.003713542127803314,0.0,0.0,-0.003713542127803314,1.193286784216187,-0.05356890560825256,Equity Sentiment Tilt,Equity,risk_parity_sentiment_tilt
2023-06-06,0.001380723423379935,0.0,0.0,0.001380723423379935,1.1949343832299641,-0.0522621460276107,Equity Sentiment Tilt,Equity,risk_parity_sentiment_tilt
2023-06-07,0.008121523929346671,0.0,0.0,0.008121523929346671,1.2046390714173654,-0.04456507036782631,Equity Sentiment Tilt,Equity,risk_parity_sentiment_tilt
2023-06-08,0.004312368957036782,0.0,0.0,0.004312368957036782,1.2098339195533792,-0.04044488243681188,Equity Sentiment Tilt,Equity,risk_parity_sentiment_tilt
2023-06-09,-0.0028267257550690927,0.0,0.0,-0.0028267257550690927,1.2064140508536214,-0.04315728160103616,Equity Sentiment Tilt,Equity,risk_parity_sentiment_tilt
2023-06-12,0.0026091053817626528,0.0,0.0,0.0026091053817626528,1.2095617122463378,-0.04066077811496094,Equity Sentiment Tilt,Equity,risk_parity_sentiment_tilt
2023-06-13,0.006216520134429769,0.0,0.0,0.006216520134429769,1.2170809769843525,-0.034697026526364416,Equity Sentiment Tilt,Equity,risk_parity_sentiment_tilt
2023-06-14,-0.0002714356519764355,0.0,0.0,-0.0002714356519764355,1.2167506178158567,-0.03495904416832396,Equity Sentiment Tilt,Equity,risk_parity_sentiment_tilt
2023-06-15,0.01038117649722355,0.0,0.0,0.01038117649722355,1.2293819207325087,-0.02494078367878616,Equity Sentiment Tilt,Equity,risk_parity_sentiment_tilt
2023-06-16,0.0012171084873178457,0.0,0.0,0.0012171084873178457,1.2308782119023873,-0.023754030830964168,Equity Sentiment Tilt,Equity,risk_parity_sentiment_tilt
2023-06-20,-0.011568194217085303,0.0,0.0,-0.011568194217085303,1.216639173689522,-0.035047433805958206,Equity Sentiment Tilt,Equity,risk_parity_sentiment_tilt
2023-06-21,-0.0012741003855568837,0.0,0.0,-0.0012741003855568837,1.2150890532492404,-0.036276880242590126,Equity Sentiment Tilt,Equity,risk_parity_sentiment_tilt
2023-06-22,-0.003361019536948206,0.0,0.0,-0.003361019536948206,1.2110051152021377,-0.03951597247630356,Equity Sentiment Tilt,Equity,risk_parity_sentiment_tilt
2023-06-23,-0.007462340725161903,0.0,0.0,-0.007462340725161903,1.2019681824125854,-0.046683431550761156,Equity Sentiment Tilt,Equity,risk_parity_sentiment_tilt
2023-06-26,0.0060246792948426865,0.0,0.0,0.0060246792948426865,1.2092096552342262,-0.04094000495939454,Equity Sentiment Tilt,Equity,risk_parity_sentiment_tilt
2023-06-27,0.004292370762059697,0.0,0.0,0.004292370762059697,1.214400031403554,-0.036823363877621085,Equity Sentiment Tilt,Equity,risk_parity_sentiment_tilt
2023-06-28,-0.0021292195350880836,0.0,0.0,-0.0021292195350880836,1.2118143071332779,-0.03887417838699336,Equity Sentiment Tilt,Equity,risk_parity_sentiment_tilt
2023-06-29,0.005353184480471658,0.0,0.0,0.005353184480471658,1.2183013726754373,-0.03372909455495399,Equity Sentiment Tilt,Equity,risk_parity_sentiment_tilt
2023-06-30,0.008503258454972906,0.00010024511833886971,0.1002451183388697,0.008403013336634036,1.2285387753580683,-0.025609507249698016,Equity Sentiment Tilt,Equity,risk_parity_sentiment_tilt
2023-07-03,0.005237799824314403,0.0,0.0,0.005237799824314403,1.2349736155398023,-0.020505844897956704,Equity Sentiment Tilt,Equity,risk_parity_sentiment_tilt
2023-07-05,-0.00199160771320446,0.0,0.0,-0.00199160771320446,1.2325140325614892,-0.022456613012296733,Equity Sentiment Tilt,Equity,risk_parity_sentiment_tilt
2023-07-06,-0.011962339944033742,0.0,0.0,-0.011962339944033742,1.2177702807181967,-0.0341503193174858,Equity Sentiment Tilt,Equity,risk_parity_sentiment_tilt
2023-07-07,-0.002547162476987544,0.0,0.0,-0.002547162476987544,1.2146684219535608,-0.036610495382530694,Equity Sentiment Tilt,Equity,risk_parity_sentiment_tilt
2023-07-10,0.004342417117351427,0.0,0.0,0.004342417117351427,1.2199430189009581,-0.032427056307003155,Equity Sentiment Tilt,Equity,risk_parity_sentiment_tilt
2023-07-11,0.012326270558114479,0.0,0.0,0.012326270558114479,1.2349803666174142,-0.020500490418332018,Equity Sentiment Tilt,Equity,risk_parity_sentiment_tilt
2023-07-12,0.0069553137849272416,0.0,0.0,0.0069553137849272416,1.2435700425854628,-0.013687763977009215,Equity Sentiment Tilt,Equity,risk_parity_sentiment_tilt
2023-07-13,0.004587651630603646,0.0,0.0,0.004587651630603646,1.2492751087190999,-0.009162907039134027,Equity Sentiment Tilt,Equity,risk_parity_sentiment_tilt
2023-07-14,-0.004693804119838345,0.0,0.0,-0.004693804119838345,1.2434112560669828,-0.013813702268162253,Equity Sentiment Tilt,Equity,risk_parity_sentiment_tilt
2023-07-17,-0.004779145426971256,0.0,0.0,-0.004779145426971256,1.2374688128487057,-0.018526830003109063,Equity Sentiment Tilt,Equity,risk_parity_sentiment_tilt
2023-07-18,0.00464675307950045,0.0,0.0,0.00464675307950045,1.243219024865596,-0.013966166527978996,Equity Sentiment Tilt,Equity,risk_parity_sentiment_tilt
2023-07-19,0.006741103098574855,0.0,0.0,0.006741103098574855,1.2515996924863249,-0.00731921079786102,Equity Sentiment Tilt,Equity,risk_parity_sentiment_tilt
2023-07-20,0.00492226712259813,0.0,0.0,0.00492226712259813,1.2577604005033043,-0.002432970785936517,Equity Sentiment Tilt,Equity,risk_parity_sentiment_tilt
2023-07-21,0.006107916162687287,0.0,0.0,0.006107916162687287,1.2654426955823266,0.0,Equity Sentiment Tilt,Equity,risk_parity_sentiment_tilt
2023-07-24,0.004290826115296449,0.0,0.0,0.004290826115296449,1.2708724901479425,0.0,Equity Sentiment Tilt,Equity,risk_parity_sentiment_tilt
2023-07-25,0.00099309699537881,0.0,0.0,0.00099309699537881,1.272134589799418,0.0,Equity Sentiment Tilt,Equity,risk_parity_sentiment_tilt
2023-07-26,0.001952628809978095,0.0,0.0,0.001952628809978095,1.27461859644963,0.0,Equity Sentiment Tilt,Equity,risk_parity_sentiment_tilt
2023-07-27,-0.005410979049478119,0.0,0.0,-0.005410979049478119,1.267721661928166,-0.00541097904947796,Equity Sentiment Tilt,Equity,risk_parity_sentiment_tilt
2023-07-28,0.003350117819508643,0.0,0.0,0.003350117819508643,1.2719686788579685,-0.0020789886473040475,Equity Sentiment Tilt,Equity,risk_parity_sentiment_tilt
2023-07-31,0.002397981295957867,9.85165704695708e-05,0.0985165704695708,0.0022994647254882964,1.2748935259669285,0.0,Equity Sentiment Tilt,Equity,risk_parity_sentiment_tilt
2023-08-01,-0.0047710373016735495,0.0,0.0,-0.0047710373016735495,1.2688109613988783,-0.0047710373016734975,Equity Sentiment Tilt,Equity,risk_parity_sentiment_tilt
2023-08-02,-0.011376700456827291,0.0,0.0,-0.011376700456827291,1.2543760791547043,-0.01609345909625115,Equity Sentiment Tilt,Equity,risk_parity_sentiment_tilt
2023-08-03,-0.005751273356685888,0.0,0.0,-0.005751273356685888,1.2471618194313978,-0.02175217457041978,Equity Sentiment Tilt,Equity,risk_parity_sentiment_tilt
2023-08-04,-0.002578513880742764,0.0,0.0,-0.002578513880742764,1.2439459953684615,-0.024274600167096483,Equity Sentiment Tilt,Equity,risk_parity_sentiment_tilt
2023-08-07,0.008813572574029236,0.0,0.0,0.008813572574029236,1.2549096036768146,-0.01567497354334535,Equity Sentiment Tilt,Equity,risk_parity_sentiment_tilt
2023-08-08,-0.0025561446332390157,0.0,0.0,-0.0025561446332390157,1.251701873228176,-0.018191050677085485,Equity Sentiment Tilt,Equity,risk_parity_sentiment_tilt
2023-08-09,-0.0004802002398369262,0.0,0.0,-0.0004802002398369262,1.2511008056884474,-0.018662515570024407,Equity Sentiment Tilt,Equity,risk_parity_sentiment_tilt
2023-08-10,0.0005983577551081885,0.0,0.0,0.0005983577551081885,1.251849411557953,-0.0180753246758375,Equity Sentiment Tilt,Equity,risk_parity_sentiment_tilt
2023-08-11,0.0029714970784662674,0.0,0.0,0.0029714970784662674,1.255569278427077,-0.015157538371837864,Equity Sentiment Tilt,Equity,risk_parity_sentiment_tilt
2023-08-14,0.00039509659061100146,0.0,0.0,0.00039509659061100146,1.2560653495682594,-0.014768430472959726,Equity Sentiment Tilt,Equity,risk_parity_sentiment_tilt
2023-08-15,-0.011645953433491549,0.0,0.0,-0.011645953433491549,1.2414372709977652,-0.026242391452877434,Equity Sentiment Tilt,Equity,risk_parity_sentiment_tilt
2023-08-16,-0.007167515766951985,0.0,0.0,-0.007167515766951985,1.232539249784207,-0.03322181446532835,Equity Sentiment Tilt,Equity,risk_parity_sentiment_tilt
2023-08-17,-0.004888956098596527,0.0,0.0,-0.004888956098596527,1.226513419502215,-0.037948350571488154,Equity Sentiment Tilt,Equity,risk_parity_sentiment_tilt
2023-08-18,0.0016541978313451891,0.0,0.0,0.0016541978313451891,1.2285423153408712,-0.036356926819361424,Equity Sentiment Tilt,Equity,risk_parity_sentiment_tilt
2023-08-21,-0.0014533998881861847,0.0,0.0,-0.0014533998881861847,1.2267567520771228,-0.037757485554173575,Equity Sentiment Tilt,Equity,risk_parity_sentiment_tilt
2023-08-22,-0.004635433121752512,0.0,0.0,-0.004635433121752512,1.2210702031962108,-0.042217896376794295,Equity Sentiment Tilt,Equity,risk_parity_sentiment_tilt
2023-08-23,0.007737675450108695,0.0,0.0,0.007737675450108695,1.2305184481303413,-0.03480688930703557,Equity Sentiment Tilt,Equity,risk_parity_sentiment_tilt
2023-08-24,-0.011125339429458338,0.0,0.0,-0.011125339429458338,1.2168285127206808,-0.0455449902784697,Equity Sentiment Tilt,Equity,risk_parity_sentiment_tilt
2023-08-25,0.004772297532539464,0.0,0.0,0.004772297532539464,1.2226355804294615,-0.04099004699065556,Equity Sentiment Tilt,Equity,risk_parity_sentiment_tilt
2023-08-28,0.006817382009002152,0.0,0.0,0.006817382009002152,1.2309707542390471,-0.034452109790555796,Equity Sentiment Tilt,Equity,risk_parity_sentiment_tilt
2023-08-29,0.010742797878742045,0.0,0.0,0.010742797878742045,1.2441948242464798,-0.024079423963789925,Equity Sentiment Tilt,Equity,risk_parity_sentiment_tilt
2023-08-30,0.0013919690983492884,0.0,0.0,0.0013919690983492884,1.245926704994157,-0.022720972679504348,Equity Sentiment Tilt,Equity,risk_parity_sentiment_tilt
2023-08-31,-0.004288673496411323,0.00016415853774276023,0.16415853774276024,-0.0044528320341540835,1.240378802649951,-0.027072632038663946,Equity Sentiment Tilt,Equity,risk_parity_sentiment_tilt
2023-09-01,0.0030078299547117385,0.0,0.0,0.0030078299547117385,1.244109651167751,-0.024146231957551056,Equity Sentiment Tilt,Equity,risk_parity_sentiment_tilt
2023-09-05,-0.009943086491227654,0.0,0.0,-0.009943086491227654,1.231739361301619,-0.033849230375987416,Equity Sentiment Tilt,Equity,risk_parity_sentiment_tilt
2023-09-06,-0.0038819925352748313,0.0,0.0,-0.0038819925352748313,1.226957758295642,-0.037599820451617916,Equity Sentiment Tilt,Equity,risk_parity_sentiment_tilt
2023-09-07,0.002134176883881575,0.0,0.0,0.002134176883881575,1.2295763031808957,-0.035545888235382184,Equity Sentiment Tilt,Equity,risk_parity_sentiment_tilt
2023-09-08,0.004215094385382947,0.0,0.0,0.004215094385382947,1.2347590833528335,-0.031480623123923634,Equity Sentiment Tilt,Equity,risk_parity_sentiment_tilt
2023-09-11,0.0030727374614756614,0.0,0.0,0.0030727374614756614,1.238553173844149,-0.028504617352431483,Equity Sentiment Tilt,Equity,risk_parity_sentiment_tilt
2023-09-12,0.00249546956187716,0.0,0.0,0.00249546956187716,1.2416439455902435,-0.026080280195530214,Equity Sentiment Tilt,Equity,risk_parity_sentiment_tilt
2023-09-13,-0.0003835302113420209,0.0,0.0,-0.0003835302113420209,1.2411677376253796,-0.02645380783149709,Equity Sentiment Tilt,Equity,risk_parity_sentiment_tilt
2023-09-14,0.012262867549814033,0.0,0.0,0.012262867549814033,1.256388013198982,-0.014515339823308993,Equity Sentiment Tilt,Equity,risk_parity_sentiment_tilt
2023-09-15,-0.008803744324654543,0.0,0.0,-0.008803744324654543,1.2453270943582173,-0.023191294807373697,Equity Sentiment Tilt,Equity,risk_parity_sentiment_tilt
2023-09-18,0.00022279642564832706,0.0,0.0,0.00022279642564832706,1.2456045487836032,-0.022973665319314773,Equity Sentiment Tilt,Equity,risk_parity_sentiment_tilt
2023-09-19,-0.0034125687951200552,0.0,0.0,-0.0034125687951200552,1.2413538375693647,-0.026307834901056593,Equity Sentiment Tilt,Equity,risk_parity_sentiment_tilt
2023-09-20,-0.002912065684942968,0.0,0.0,-0.002912065684942968,1.2377389336561067,-0.029143290442739,Equity Sentiment Tilt,Equity,risk_parity_sentiment_tilt
2023-09-21,-0.016622984297096233,0.0,0.0,-0.016622984297096233,1.2171640187980366,-0.04528182628043986,Equity Sentiment Tilt,Equity,risk_parity_sentiment_tilt
2023-09-22,-0.0033252901680033173,0.0,0.0,-0.0033252901680033173,1.2131165952534801,-0.048456541236723605,Equity Sentiment Tilt,Equity,risk_parity_sentiment_tilt
2023-09-25,0.0011524977552661332,0.0,0.0,0.0011524977552661332,1.214514709406386,-0.04735988953646064,Equity Sentiment Tilt,Equity,risk_parity_sentiment_tilt
2023-09-26,-0.011193607421685502,0.0,0.0,-0.011193607421685502,1.2009199085414284,-0.05802336894714066,Equity Sentiment Tilt,Equity,risk_parity_sentiment_tilt
2023-09-27,-0.003347644720570668,0.0,0.0,-0.003347644720570668,1.1968996553497715,-0.06117677204298566,Equity Sentiment Tilt,Equity,risk_parity_sentiment_tilt
2023-09-28,0.0023896198506044948,0.0,0.0,0.0023896198506044948,1.1997597905253772,-0.05893334142125084,Equity Sentiment Tilt,Equity,risk_parity_sentiment_tilt
2023-09-29,-0.0023873147518022756,0.0,0.0,-0.0023873147518022756,1.1968955862788366,-0.06117996373770529,Equity Sentiment Tilt,Equity,risk_parity_sentiment_tilt
2023-10-02,-0.014696365784647895,0.0,0.0,-0.014696365784647895,1.1793055709368523,-0.07497720639657235,Equity Sentiment Tilt,Equity,risk_parity_sentiment_tilt
2023-10-03,-0.008115542682383386,0.0,0.0,-0.008115542682383386,1.1697348662403417,-0.08248426836023848,Equity Sentiment Tilt,Equity,risk_parity_sentiment_tilt
2023-10-04,0.002034575502498784,0.0,0.0,0.002034575502498784,1.1721147801436131,-0.08061751332948686,Equity Sentiment Tilt,Equity,risk_parity_sentiment_tilt
2023-10-05,-0.00255509116873373,0.0,0.0,-0.00255509116873373,1.1691199200201259,-0.08296661940186723,Equity Sentiment Tilt,Equity,risk_parity_sentiment_tilt
2023-10-06,0.009146698056840515,0.0,0.0,0.009146698056840515,1.1798135069207873,-0.07457879196149242,Equity Sentiment Tilt,Equity,risk_parity_sentiment_tilt
2023-10-09,0.008263068258014362,0.0,0.0,0.008263068258014362,1.189562386460201,-0.06693197335205625,Equity Sentiment Tilt,Equity,risk_parity_sentiment_tilt
2023-10-10,0.00803817984369981,0.0,0.0,0.00803817984369981,1.1991243028578689,-0.05943180474745402,Equity Sentiment Tilt,Equity,risk_parity_sentiment_tilt
2023-10-11,0.0029583258649821084,0.0,0.0,0.0029583258649821084,1.202671703298342,-0.05664929752765879,Equity Sentiment Tilt,Equity,risk_parity_sentiment_tilt
2023-10-12,-0.00800947242861572,0.0,0.0,-0.00800947242861572,1.1930389374500976,-0.06420503896962626,Equity Sentiment Tilt,Equity,risk_parity_sentiment_tilt
2023-10-13,0.003012815306324106,0.0,0.0,0.003012815306324106,1.1966333434218879,-0.061385661587453066,Equity Sentiment Tilt,Equity,risk_parity_sentiment_tilt
2023-10-16,0.00955889469660791,0.0,0.0,0.00955889469660791,1.2080718355421074,-0.05241354596584136,Equity Sentiment Tilt,Equity,risk_parity_sentiment_tilt
2023-10-17,0.0034544480998257225,0.0,0.0,0.0034544480998257225,1.2122450569988488,-0.049140157740282464,Equity Sentiment Tilt,Equity,risk_parity_sentiment_tilt
2023-10-18,-0.012633595234797677,0.0,0.0,-0.012633595234797677,1.196930043623341,-0.061152936112415346,Equity Sentiment Tilt,Equity,risk_parity_sentiment_tilt
2023-10-19,-0.009069591436243448,0.0,0.0,-0.009069591436243448,1.1860743771499123,-0.06966789540299245,Equity Sentiment Tilt,Equity,risk_parity_sentiment_tilt
2023-10-20,-0.006883249609177997,0.0,0.0,-0.006883249609177997,1.1779103311569392,-0.0760716034983655,Equity Sentiment Tilt,Equity,risk_parity_sentiment_tilt
2023-10-23,-0.006443605675706236,0.0,0.0,-0.006443605675706236,1.1703203414616234,-0.08202503375800951,Equity Sentiment Tilt,Equity,risk_parity_sentiment_tilt
2023-10-24,0.010867098888010247,0.0,0.0,0.010867098888010247,1.1830383283429367,-0.0720493090231401,Equity Sentiment Tilt,Equity,risk_parity_sentiment_tilt
2023-10-25,-0.008561557491431586,0.0,0.0,-0.008561557491431586,1.1729096776802614,-0.07999401221315217,Equity Sentiment Tilt,Equity,risk_parity_sentiment_tilt
2023-10-26,-0.0012051984932205887,0.0,0.0,-0.0012051984932205887,1.1714960887040373,-0.08110280204338682,Equity Sentiment Tilt,Equity,risk_parity_sentiment_tilt
2023-10-27,-0.013223149395812574,0.0,0.0,-0.013223149395812574,1.1560052209064937,-0.09325351697136064,Equity Sentiment Tilt,Equity,risk_parity_sentiment_tilt
2023-10-30,0.009632704677697763,0.0,0.0,0.009632704677697763,1.1671406778053628,-0.0845190958828046,Equity Sentiment Tilt,Equity,risk_parity_sentiment_tilt
2023-10-31,0.00539742141218466,0.00012697992859614558,0.12697992859614557,0.0052704414835885146,1.1732920244508518,-0.07969410734831228,Equity Sentiment Tilt,Equity,risk_parity_sentiment_tilt
2023-11-01,0.004754650484647069,0.0,0.0,0.004754650484647069,1.1788706179435395,-0.0753183744897924,Equity Sentiment Tilt,Equity,risk_parity_sentiment_tilt
2023-11-02,0.023311375037048842,0.0,0.0,0.023311375037048842,1.2063517130385788,-0.05376277432765608,Equity Sentiment Tilt,Equity,risk_parity_sentiment_tilt
2023-11-03,0.010708294266829838,0.0,0.0,0.010708294266829838,1.21926968217109,-0.04363018766892812,Equity Sentiment Tilt,Equity,risk_parity_sentiment_tilt
2023-11-06,-0.0037033226959013103,0.0,0.0,-0.0037033226959013103,1.2147543330846813,-0.04717193370060868,Equity Sentiment Tilt,Equity,risk_parity_sentiment_tilt
2023-11-07,-0.0029721509548995906,0.0,0.0,-0.0029721509548995906,1.2111438998336352,-0.050003882547715595,Equity Sentiment Tilt,Equity,risk_parity_sentiment_tilt
2023-11-08,-0.001425941047893761,0.0,0.0,-0.001425941047893761,1.2094168800319565,-0.05135852100693039,Equity Sentiment Tilt,Equity,risk_parity_sentiment_tilt
2023-11-09,-0.009780984338691224,0.0,0.0,-0.009780984338691224,1.197587592469415,-0.06063716845599454,Equity Sentiment Tilt,Equity,risk_parity_sentiment_tilt
2023-11-10,0.00912753021657594,0.0,0.0,0.00912753021657594,1.208518609406676,-0.052063105826748335,Equity Sentiment Tilt,Equity,risk_parity_sentiment_tilt
2023-11-13,-0.000704413038202497,0.0,0.0,-0.000704413038202497,1.2076673131412996,-0.05273084493439717,Equity Sentiment Tilt,Equity,risk_parity_sentiment_tilt
2023-11-14,0.02050825691078906,0.0,0.0,0.02050825691078906,1.2324344646619638,-0.03330400573864556,Equity Sentiment Tilt,Equity,risk_parity_sentiment_tilt
2023-11-15,0.0045837968015235726,0.0,0.0,0.0045837968015235726,1.2380836938191688,-0.028872867732104623,Equity Sentiment Tilt,Equity,risk_parity_sentiment_tilt
2023-11-16,-0.0009742730429185002,0.0,0.0,-0.0009742730429185002,1.2368774622514038,-0.02981901071832005,Equity Sentiment Tilt,Equity,risk_parity_sentiment_tilt
2023-11-17,0.0021501697641768424,0.0,0.0,0.0021501697641768424,1.2395369587727285,-0.027732956889387483,Equity Sentiment Tilt,Equity,risk_parity_sentiment_tilt
2023-11-20,0.004107111176979556,0.0,0.0,0.004107111176979556,1.2446278748703832,-0.02373974804961909,Equity Sentiment Tilt,Equity,risk_parity_sentiment_tilt
2023-11-21,-0.0013349052969933604,0.0,0.0,-0.0013349052969933604,1.242966414527433,-0.02504296303119169,Equity Sentiment Tilt,Equity,risk_parity_sentiment_tilt
2023-11-22,0.0014449486352696532,0.0,0.0,0.0014449486352696532,1.2447624371517905,-0.023634200191177124,Equity Sentiment Tilt,Equity,risk_parity_sentiment_tilt
2023-11-24,0.002509539375979506,0.0,0.0,0.002509539375979506,1.247886217501563,-0.02118397177119724,Equity Sentiment Tilt,Equity,risk_parity_sentiment_tilt
2023-11-27,0.00024218709435799303,0.0,0.0,0.00024218709435799303,1.2481884394386693,-0.02094691516140934,Equity Sentiment Tilt,Equity,risk_parity_sentiment_tilt
2023-11-28,0.0012387552153262284,0.0,0.0,0.0012387552153262284,1.2497346393777338,-0.019734108046484344,Equity Sentiment Tilt,Equity,risk_parity_sentiment_tilt
2023-11-29,0.0036780071912695523,0.0,0.0,0.0036780071912695523,1.254331172368544,-0.016128683046522818,Equity Sentiment Tilt,Equity,risk_parity_sentiment_tilt
2023-11-30,0.007195437697669936,0.00010120119186804573,0.10120119186804571,0.007094236505801891,1.2632296943619263,-0.009148867232779967,Equity Sentiment Tilt,Equity,risk_parity_sentiment_tilt
2023-12-01,0.008293433485025948,0.0,0.0,0.008293433485025948,1.2737062058084268,-0.0009313092696123793,Equity Sentiment Tilt,Equity,risk_parity_sentiment_tilt
2023-12-04,-0.0008602344339277517,0.0,0.0,-0.0008602344339277517,1.2726105198714828,-0.0017907425592378345,Equity Sentiment Tilt,Equity,risk_parity_sentiment_tilt
2023-12-05,-0.0034245979379308607,0.0,0.0,-0.0034245979379308607,1.2682523405093418,-0.0052092079238929,Equity Sentiment Tilt,Equity,risk_parity_sentiment_tilt
2023-12-06,-0.00027196652952906963,0.0,0.0,-0.00027196652952906963,1.2679074183217263,-0.005479757723221401,Equity Sentiment Tilt,Equity,risk_parity_sentiment_tilt
2023-12-07,0.003348610222421879,0.0,0.0,0.003348610222421879,1.272153146063803,-0.0021494970735279617,Equity Sentiment Tilt,Equity,risk_parity_sentiment_tilt
2023-12-08,0.002396924396031416,0.0,0.0,0.002396924396031416,1.2752024009750913,0.0,Equity Sentiment Tilt,Equity,risk_parity_sentiment_tilt
2023-12-11,0.0071091744335860865,0.0,0.0,0.0071091744335860865,1.284268037281751,0.0,Equity Sentiment Tilt,Equity,risk_parity_sentiment_tilt
2023-12-12,0.0015988192364149634,0.0,0.0,0.0015988192364149634,1.2863213497244699,0.0,Equity Sentiment Tilt,Equity,risk_parity_sentiment_tilt
2023-12-13,0.01985858348358064,0.0,0.0,0.01985858348358064,1.3118658696346854,0.0,Equity Sentiment Tilt,Equity,risk_parity_sentiment_tilt
2023-12-14,0.009474768216854074,0.0,0.0,0.009474768216854074,1.3242954946810759,0.0,Equity Sentiment Tilt,Equity,risk_parity_sentiment_tilt
2023-12-15,-0.004020322823599012,0.0,0.0,-0.004020322823599012,1.3189713992786203,-0.004020322823598987,Equity Sentiment Tilt,Equity,risk_parity_sentiment_tilt
2023-12-18,-0.000271547106251369,0.0,0.0,-0.000271547106251369,1.3186132364119179,-0.004290778222821423,Equity Sentiment Tilt,Equity,risk_parity_sentiment_tilt
2023-12-19,0.0070041039338017246,0.0,0.0,0.0070041039338017246,1.3278489405682337,0.0,Equity Sentiment Tilt,Equity,risk_parity_sentiment_tilt
2023-12-20,-0.014249174749272588,0.0,0.0,-0.014249174749272588,1.3089281889734405,-0.014249174749272453,Equity Sentiment Tilt,Equity,risk_parity_sentiment_tilt
2023-12-21,0.007879541776437666,0.0,0.0,0.007879541776437666,1.3192419433208138,-0.0064819099405514224,Equity Sentiment Tilt,Equity,risk_parity_sentiment_tilt
2023-12-22,0.0029592866665198907,0.0,0.0,0.0029592866665198907,1.3231459584135967,-0.003541805103692286,Equity Sentiment Tilt,Equity,risk_parity_sentiment_tilt
2023-12-26,0.005201216654549944,0.0,0.0,0.005201216654549944,1.330027927208898,0.0,Equity Sentiment Tilt,Equity,risk_parity_sentiment_tilt
2023-12-27,0.001975248725186848,0.0,0.0,0.001975248725186848,1.3326550631765803,0.0,Equity Sentiment Tilt,Equity,risk_parity_sentiment_tilt
2023-12-28,0.0019068852845895812,0.0,0.0,0.0019068852845895812,1.3351962835059856,0.0,Equity Sentiment Tilt,Equity,risk_parity_sentiment_tilt
2023-12-29,-0.0021373433411340467,0.0,0.0,-0.0021373433411340467,1.3323425106203273,-0.0021373433411340237,Equity Sentiment Tilt,Equity,risk_parity_sentiment_tilt
