date,sector,sentiment_score,ticker_count,tickers_with_headlines,headline_count,sentiment_lag1
2020-01-02,Comm,0.23084,5,4,11,0.0
2020-01-02,Consumer,-0.13938,5,5,22,0.0
2020-01-02,Energy,0.50622,5,5,21,0.0
2020-01-02,Financials,0.28968,5,5,12,0.0
2020-01-02,Healthcare,0.67444,5,5,23,0.0
2020-01-02,Industrials,0.14696,5,5,13,0.0
2020-01-02,Materials,0.21949999999999997,5,3,7,0.0
2020-01-02,RealEstate,0.02054,5,2,3,0.0
2020-01-02,Tech,0.25368,5,4,25,0.0
2020-01-02,Utilities,0.12738,5,1,1,0.0
2020-01-03,Comm,0.10846,5,2,3,0.23084
2020-01-03,Consumer,-0.17686,5,4,10,-0.13938
2020-01-03,Energy,-0.08342000000000001,5,5,28,0.50622
2020-01-03,Financials,0.04314,5,3,8,0.28968
2020-01-03,Healthcare,0.21546000000000004,5,2,6,0.67444
2020-01-03,Industrials,-0.23752,5,4,7,0.14696
2020-01-03,Materials,-0.08814000000000001,5,2,3,0.21949999999999997
2020-01-03,RealEstate,-0.11592,5,3,5,0.02054
2020-01-03,Tech,0.30816,5,4,17,0.25368
2020-01-03,Utilities,0.14006000000000002,5,2,4,0.12738
2020-01-06,Comm,0.37426,5,3,16,0.10846
2020-01-06,Consumer,0.63254,5,5,44,-0.17686
2020-01-06,Energy,0.42742,5,5,34,-0.08342000000000001
2020-01-06,Financials,0.4405,5,5,12,0.04314
2020-01-06,Healthcare,0.55202,5,5,12,0.21546000000000004
2020-01-06,Industrials,0.20034000000000002,5,3,14,-0.23752
2020-01-06,Materials,0.028080000000000004,5,4,9,-0.08814000000000001
2020-01-06,RealEstate,0.11839999999999999,5,3,4,-0.11592
2020-01-06,Tech,-0.02462000000000001,5,5,13,0.30816
2020-01-06,Utilities,0.07274,5,4,6,0.14006000000000002
2020-01-07,Comm,0.17558,5,3,5,0.37426
2020-01-07,Consumer,0.44509999999999994,5,5,22,0.63254
2020-01-07,Energy,0.1631,5,3,12,0.42742
2020-01-07,Financials,0.19727999999999998,5,4,11,0.4405
2020-01-07,Healthcare,0.21142000000000002,5,5,15,0.55202
2020-01-07,Industrials,0.17421999999999999,5,4,13,0.20034000000000002
2020-01-07,Materials,0.07636,5,3,3,0.028080000000000004
2020-01-07,RealEstate,0.0,5,2,2,0.11839999999999999
2020-01-07,Tech,0.04546,5,4,21,-0.02462000000000001
2020-01-07,Utilities,0.12738,5,1,1,0.07274
2020-01-08,Comm,0.4184,5,4,20,0.17558
2020-01-08,Consumer,0.21358000000000002,5,4,16,0.44509999999999994
2020-01-08,Energy,0.12183999999999999,5,5,17,0.1631
2020-01-08,Financials,0.35906,5,3,4,0.19727999999999998
2020-01-08,Healthcare,0.3764,5,3,13,0.21142000000000002
2020-01-08,Industrials,0.056920000000000005,5,3,12,0.17421999999999999
2020-01-08,Materials,0.017359999999999997,5,2,6,0.07636
2020-01-08,RealEstate,-0.006319999999999992,5,2,3,0.0
2020-01-08,Tech,0.28628,5,4,22,0.04546
2020-01-08,Utilities,0.16784000000000002,5,3,3,0.12738
2020-01-09,Comm,0.21486,5,5,6,0.4184
2020-01-09,Consumer,0.7700199999999999,5,5,25,0.21358000000000002
2020-01-09,Energy,0.15411999999999998,5,4,10,0.12183999999999999
2020-01-09,Financials,0.30532000000000004,5,5,11,0.35906
2020-01-09,Healthcare,0.18044,5,3,8,0.3764
2020-01-09,Industrials,0.08092,5,5,9,0.056920000000000005
2020-01-09,Materials,0.07636,5,3,6,0.017359999999999997
2020-01-09,RealEstate,0.0,5,1,1,-0.006319999999999992
2020-01-09,Tech,0.34712,5,5,17,0.28628
2020-01-09,Utilities,0.059199999999999996,5,4,5,0.16784000000000002
2020-01-10,Comm,0.15844,5,4,8,0.21486
2020-01-10,Consumer,0.03290000000000002,5,5,15,0.7700199999999999
2020-01-10,Energy,0.25576,5,5,15,0.15411999999999998
2020-01-10,Financials,0.33416,5,3,7,0.30532000000000004
2020-01-10,Healthcare,0.35592,5,5,12,0.18044
2020-01-10,Industrials,0.14687999999999998,5,3,8,0.08092
2020-01-10,Materials,-0.08571999999999999,5,4,4,0.07636
2020-01-10,RealEstate,-0.11144000000000001,5,5,6,0.0
2020-01-10,Tech,0.6553599999999999,5,4,21,0.34712
2020-01-10,Utilities,0.13708,5,4,7,0.059199999999999996
2020-01-13,Comm,0.0,5,2,14,0.15844
2020-01-13,Consumer,0.32696000000000003,5,5,29,0.03290000000000002
2020-01-13,Energy,0.29359999999999997,5,5,19,0.25576
2020-01-13,Financials,0.75966,5,5,33,0.33416
2020-01-13,Healthcare,0.57674,5,5,24,0.35592
2020-01-13,Industrials,0.20616000000000004,5,4,10,0.14687999999999998
2020-01-13,Materials,0.13194,5,2,4,-0.08571999999999999
2020-01-13,RealEstate,0.14368,5,1,3,-0.11144000000000001
2020-01-13,Tech,0.72114,5,5,39,0.6553599999999999
2020-01-13,Utilities,0.02054,5,4,6,0.13708
2020-01-14,Comm,0.09324,5,2,4,0.0
2020-01-14,Consumer,0.16842,5,5,19,0.32696000000000003
2020-01-14,Energy,0.61912,5,5,23,0.29359999999999997
2020-01-14,Financials,0.2509,5,5,38,0.75966
2020-01-14,Healthcare,0.39108,5,4,9,0.57674
2020-01-14,Industrials,0.21914000000000003,5,3,10,0.20616000000000004
2020-01-14,Materials,0.0336,5,2,4,0.13194
2020-01-14,RealEstate,0.059199999999999996,5,1,2,0.14368
2020-01-14,Tech,0.40868000000000004,5,3,12,0.72114
2020-01-14,Utilities,0.2815,5,3,5,0.02054
2020-01-15,Comm,-0.055120000000000016,5,3,9,0.09324
2020-01-15,Consumer,0.35468,5,4,27,0.16842
2020-01-15,Energy,0.09970000000000001,5,5,13,0.61912
2020-01-15,Financials,0.43220000000000003,5,5,36,0.2509
2020-01-15,Healthcare,0.49193999999999993,5,3,12,0.39108
2020-01-15,Industrials,-0.20573999999999998,5,4,10,0.21914000000000003
2020-01-15,Materials,0.1486,5,2,4,0.0336
2020-01-15,RealEstate,0.04046,5,2,7,0.059199999999999996
2020-01-15,Tech,0.19176,5,5,24,0.40868000000000004
2020-01-15,Utilities,0.21908000000000002,5,4,10,0.2815
2020-01-16,Comm,0.40415999999999996,5,4,17,-0.055120000000000016
2020-01-16,Consumer,0.40396,5,4,19,0.35468
2020-01-16,Energy,0.3367,5,3,13,0.09970000000000001
2020-01-16,Financials,0.578,5,5,46,0.43220000000000003
2020-01-16,Healthcare,0.25808,5,4,8,0.49193999999999993
2020-01-16,Industrials,0.1905,5,2,4,-0.20573999999999998
2020-01-16,Materials,0.08808,5,4,4,0.1486
2020-01-16,RealEstate,0.1486,5,3,3,0.04046
2020-01-16,Tech,0.49246,5,4,19,0.19176
2020-01-16,Utilities,0.39640000000000003,5,4,11,0.21908000000000002
2020-01-17,Comm,0.14701999999999998,5,3,8,0.40415999999999996
2020-01-17,Consumer,0.20712000000000003,5,5,23,0.40396
2020-01-17,Energy,0.3024,5,4,31,0.3367
2020-01-17,Financials,0.3344,5,5,17,0.578
2020-01-17,Healthcare,0.19448000000000001,5,3,11,0.25808
2020-01-17,Industrials,0.35812,5,4,12,0.1905
2020-01-17,Materials,0.27793999999999996,5,3,5,0.08808
2020-01-17,RealEstate,0.1338,5,2,3,0.1486
2020-01-17,Tech,0.49521999999999994,5,5,38,0.49246
2020-01-17,Utilities,0.36366,5,5,17,0.39640000000000003
2020-01-21,Comm,-0.04502,5,4,19,0.14701999999999998
2020-01-21,Consumer,0.39246,5,5,51,0.20712000000000003
2020-01-21,Energy,0.51124,5,4,28,0.3024
2020-01-21,Financials,0.71166,5,5,29,0.3344
2020-01-21,Healthcare,0.21124,5,5,21,0.19448000000000001
2020-01-21,Industrials,0.26564,5,5,16,0.35812
2020-01-21,Materials,0.11112,5,4,11,0.27793999999999996
2020-01-21,RealEstate,0.12738,5,3,7,0.1338
2020-01-21,Tech,0.13882000000000003,5,5,44,0.49521999999999994
2020-01-21,Utilities,0.36724,5,5,15,0.36366
2020-01-22,Comm,0.15928,5,3,4,-0.04502
2020-01-22,Consumer,0.44584,5,5,32,0.39246
2020-01-22,Energy,0.28735999999999995,5,4,11,0.51124
2020-01-22,Financials,0.03062,5,3,4,0.71166
2020-01-22,Healthcare,0.23514,5,4,13,0.21124
2020-01-22,Industrials,-0.08924,5,3,12,0.26564
2020-01-22,Materials,-0.059199999999999996,5,3,4,0.11112
2020-01-22,RealEstate,0.02054,5,3,7,0.12738
2020-01-22,Tech,0.08414000000000002,5,4,14,0.13882000000000003
2020-01-22,Utilities,0.33968,5,4,18,0.36724
2020-01-23,Comm,0.40986,5,5,22,0.15928
2020-01-23,Consumer,0.5,5,5,22,0.44584
2020-01-23,Energy,0.16360000000000002,5,5,17,0.28735999999999995
2020-01-23,Financials,0.01964000000000001,5,5,14,0.03062
2020-01-23,Healthcare,0.14274,5,5,20,0.23514
2020-01-23,Industrials,0.19794,5,4,14,-0.08924
2020-01-23,Materials,0.07594,5,5,9,-0.059199999999999996
2020-01-23,RealEstate,0.23243999999999998,5,3,4,0.02054
2020-01-23,Tech,0.27198,5,5,36,0.08414000000000002
2020-01-23,Utilities,-0.0843,5,4,8,0.33968
2020-01-24,Comm,0.45308000000000004,5,4,24,0.40986
2020-01-24,Consumer,0.36256,5,5,23,0.5
2020-01-24,Energy,0.40506000000000003,5,5,14,0.16360000000000002
2020-01-24,Financials,-0.04877999999999999,5,3,6,0.01964000000000001
2020-01-24,Healthcare,0.37552,5,5,14,0.14274
2020-01-24,Industrials,0.18096,5,3,11,0.19794
2020-01-24,Materials,0.23133999999999996,5,3,11,0.07594
2020-01-24,RealEstate,0.07224,5,2,5,0.23243999999999998
2020-01-24,Tech,0.38036000000000003,5,5,46,0.27198
2020-01-24,Utilities,0.48794000000000004,5,5,28,-0.0843
2020-01-27,Comm,-0.21630000000000002,5,4,20,0.45308000000000004
2020-01-27,Consumer,0.25446,5,5,42,0.36256
2020-01-27,Energy,0.09845999999999999,5,5,22,0.40506000000000003
2020-01-27,Financials,0.024440000000000007,5,3,5,-0.04877999999999999
2020-01-27,Healthcare,0.7093200000000001,5,5,23,0.37552
2020-01-27,Industrials,0.15588,5,5,18,0.18096
2020-01-27,Materials,0.03204,5,4,14,0.23133999999999996
2020-01-27,RealEstate,0.10212000000000002,5,3,6,0.07224
2020-01-27,Tech,-0.36822,5,5,31,0.38036000000000003
2020-01-27,Utilities,0.017079999999999984,5,4,21,0.48794000000000004
2020-01-28,Comm,0.22236000000000003,5,4,15,-0.21630000000000002
2020-01-28,Consumer,0.28876,5,4,37,0.25446
2020-01-28,Energy,0.25154,5,2,6,0.09845999999999999
2020-01-28,Financials,0.24218,5,4,10,0.024440000000000007
2020-01-28,Healthcare,0.12916,5,5,12,0.7093200000000001
2020-01-28,Industrials,-0.12810000000000002,5,4,34,0.15588
2020-01-28,Materials,0.44908000000000003,5,5,16,0.03204
2020-01-28,RealEstate,0.15158,5,3,4,0.10212000000000002
2020-01-28,Tech,0.24559999999999998,5,4,30,-0.36822
2020-01-28,Utilities,0.04422,5,4,14,0.017079999999999984
2020-01-29,Comm,0.46593999999999997,5,4,11,0.22236000000000003
2020-01-29,Consumer,-0.0032600000000000016,5,5,35,0.28876
2020-01-29,Energy,0.08934,5,4,13,0.25154
2020-01-29,Financials,0.2537,5,4,7,0.24218
2020-01-29,Healthcare,0.32346,5,5,12,0.12916
2020-01-29,Industrials,0.03864000000000001,5,4,28,-0.12810000000000002
2020-01-29,Materials,0.29028,5,3,20,0.44908000000000003
2020-01-29,RealEstate,0.09878,5,3,5,0.15158
2020-01-29,Tech,0.42311999999999994,5,4,33,0.24559999999999998
2020-01-29,Utilities,0.3074,5,4,11,0.04422
2020-01-30,Comm,0.1744,5,4,18,0.46593999999999997
2020-01-30,Consumer,0.49291999999999997,5,5,40,-0.0032600000000000016
2020-01-30,Energy,0.33727999999999997,5,4,15,0.08934
2020-01-30,Financials,0.03958,5,3,9,0.2537
2020-01-30,Healthcare,0.29226,5,3,16,0.32346
2020-01-30,Industrials,0.28872,5,4,13,0.03864000000000001
2020-01-30,Materials,-0.21788,5,4,32,0.29028
2020-01-30,RealEstate,0.07224,5,5,7,0.09878
2020-01-30,Tech,0.06277999999999999,5,4,21,0.42311999999999994
2020-01-30,Utilities,0.2889,5,4,11,0.3074
2020-01-31,Comm,-0.09008000000000001,5,4,15,0.1744
2020-01-31,Consumer,0.261,5,4,25,0.49291999999999997
2020-01-31,Energy,0.40312000000000003,5,5,31,0.33727999999999997
2020-01-31,Financials,0.26632,5,4,12,0.03958
2020-01-31,Healthcare,0.5235000000000001,5,4,25,0.29226
2020-01-31,Industrials,0.11032000000000002,5,5,26,0.28872
2020-01-31,Materials,-0.0246,5,4,15,-0.21788
2020-01-31,RealEstate,0.14476,5,3,4,0.07224
2020-01-31,Tech,0.43224,5,4,15,0.06277999999999999
2020-01-31,Utilities,0.22978,5,4,9,0.2889
2020-02-03,Comm,0.49734,5,5,21,-0.09008000000000001
2020-02-03,Consumer,0.46942000000000006,5,5,39,0.261
2020-02-03,Energy,-0.13640000000000002,5,5,25,0.40312000000000003
2020-02-03,Financials,0.07429999999999999,5,4,6,0.26632
2020-02-03,Healthcare,0.54454,5,5,51,0.5235000000000001
2020-02-03,Industrials,0.19204,5,5,14,0.11032000000000002
2020-02-03,Materials,0.37432,5,4,12,-0.0246
2020-02-03,RealEstate,0.068,5,2,3,0.14476
2020-02-03,Tech,0.22424,5,3,11,0.43224
2020-02-03,Utilities,0.37664,5,4,14,0.22978
2020-02-04,Comm,0.38342,5,5,17,0.49734
2020-02-04,Consumer,0.6206400000000001,5,5,52,0.46942000000000006
2020-02-04,Energy,0.15386000000000002,5,5,20,-0.13640000000000002
2020-02-04,Financials,0.40022,5,4,6,0.07429999999999999
2020-02-04,Healthcare,0.4359,5,4,26,0.54454
2020-02-04,Industrials,0.31648,5,4,11,0.19204
2020-02-04,Materials,0.11194,5,4,7,0.37432
2020-02-04,RealEstate,0.20492,5,4,8,0.068
2020-02-04,Tech,0.22586,5,5,20,0.22424
2020-02-04,Utilities,0.15674,5,4,7,0.37664
2020-02-05,Comm,0.13657999999999998,5,4,12,0.38342
2020-02-05,Consumer,-0.009639999999999982,5,4,43,0.6206400000000001
2020-02-05,Energy,0.86344,5,5,18,0.15386000000000002
2020-02-05,Financials,-0.17452,5,3,4,0.40022
2020-02-05,Healthcare,0.6300399999999999,5,5,50,0.4359
2020-02-05,Industrials,0.23170000000000002,5,4,12,0.31648
2020-02-05,Materials,0.06952,5,4,9,0.11194
2020-02-05,RealEstate,0.0,5,1,3,0.20492
2020-02-05,Tech,0.43007999999999996,5,4,32,0.22586
2020-02-05,Utilities,0.15345999999999999,5,5,18,0.15674
2020-02-06,Comm,0.16438,5,5,19,0.13657999999999998
2020-02-06,Consumer,0.39261999999999997,5,4,24,-0.009639999999999982
2020-02-06,Energy,0.39554,5,4,11,0.86344
2020-02-06,Financials,0.45691999999999994,5,5,11,-0.17452
2020-02-06,Healthcare,0.60222,5,5,25,0.6300399999999999
2020-02-06,Industrials,-0.01544,5,2,6,0.23170000000000002
2020-02-06,Materials,0.20238,5,4,14,0.06952
2020-02-06,RealEstate,0.38562,5,4,7,0.0
2020-02-06,Tech,0.49315999999999993,5,5,22,0.43007999999999996
2020-02-06,Utilities,0.37494,5,4,12,0.15345999999999999
2020-02-07,Comm,-0.01724,5,4,13,0.16438
2020-02-07,Consumer,0.10981999999999999,5,4,21,0.39261999999999997
2020-02-07,Energy,0.49094,5,5,14,0.39554
2020-02-07,Financials,0.11839999999999999,5,3,9,0.45691999999999994
2020-02-07,Healthcare,0.48762,5,5,25,0.60222
2020-02-07,Industrials,0.01032,5,2,6,-0.01544
2020-02-07,Materials,0.0341,5,3,9,0.20238
2020-02-07,RealEstate,0.0,5,2,3,0.38562
2020-02-07,Tech,0.29484,5,5,13,0.49315999999999993
2020-02-07,Utilities,0.3466,5,4,11,0.37494
2020-02-10,Comm,0.45592,5,4,20,-0.01724
2020-02-10,Consumer,-0.03014000000000001,5,5,37,0.10981999999999999
2020-02-10,Energy,-0.07936000000000001,5,5,11,0.49094
2020-02-10,Financials,0.27644,5,3,6,0.11839999999999999
2020-02-10,Healthcare,0.20064,5,4,25,0.48762
2020-02-10,Industrials,0.1464,5,4,19,0.01032
2020-02-10,Materials,0.20534,5,5,7,0.0341
2020-02-10,RealEstate,0.28842,5,4,13,0.0
2020-02-10,Tech,0.49424,5,5,24,0.29484
2020-02-10,Utilities,0.2793,5,4,10,0.3466
2020-02-11,Comm,0.25716,5,4,24,0.45592
2020-02-11,Consumer,0.31344,5,5,28,-0.03014000000000001
2020-02-11,Energy,0.32152000000000003,5,5,21,-0.07936000000000001
2020-02-11,Financials,0.41202000000000005,5,4,11,0.27644
2020-02-11,Healthcare,0.12854000000000002,5,3,17,0.20064
2020-02-11,Industrials,-0.06437999999999999,5,4,7,0.1464
2020-02-11,Materials,0.13624000000000003,5,5,14,0.20534
2020-02-11,RealEstate,0.3062,5,3,14,0.28842
2020-02-11,Tech,0.14966000000000002,5,4,28,0.49424
2020-02-11,Utilities,0.51244,5,4,26,0.2793
2020-02-12,Comm,0.31352,5,5,18,0.25716
2020-02-12,Consumer,0.15667999999999999,5,5,26,0.31344
2020-02-12,Energy,0.29481999999999997,5,5,17,0.32152000000000003
2020-02-12,Financials,0.1341,5,4,6,0.41202000000000005
2020-02-12,Healthcare,0.27837999999999996,5,4,15,0.12854000000000002
2020-02-12,Industrials,0.09763999999999999,5,5,7,-0.06437999999999999
2020-02-12,Materials,0.059199999999999996,5,4,4,0.13624000000000003
2020-02-12,RealEstate,0.28628,5,2,5,0.3062
2020-02-12,Tech,0.11703999999999999,5,4,15,0.14966000000000002
2020-02-12,Utilities,0.4898199999999999,5,4,17,0.51244
2020-02-13,Comm,0.31632000000000005,5,5,20,0.31352
2020-02-13,Consumer,-0.06228000000000002,5,5,37,0.15667999999999999
2020-02-13,Energy,0.31472,5,4,22,0.29481999999999997
2020-02-13,Financials,0.18622,5,5,12,0.1341
2020-02-13,Healthcare,0.23668,5,5,14,0.27837999999999996
2020-02-13,Industrials,0.14531999999999998,5,5,14,0.09763999999999999
2020-02-13,Materials,0.16011999999999998,5,3,13,0.059199999999999996
2020-02-13,RealEstate,0.43072,5,4,12,0.28628
2020-02-13,Tech,-0.17964,5,4,19,0.11703999999999999
2020-02-13,Utilities,0.54532,5,4,28,0.4898199999999999
2020-02-14,Comm,0.12498000000000001,5,1,1,0.31632000000000005
2020-02-14,Consumer,0.029840000000000012,5,5,23,-0.06228000000000002
2020-02-14,Energy,0.2029,5,4,12,0.31472
2020-02-14,Financials,0.20536,5,3,7,0.18622
2020-02-14,Healthcare,0.34422,5,4,7,0.23668
2020-02-14,Industrials,0.5974,5,5,13,0.14531999999999998
2020-02-14,Materials,0.028400000000000016,5,3,10,0.16011999999999998
2020-02-14,RealEstate,0.26139999999999997,5,4,9,0.43072
2020-02-14,Tech,0.15246,5,4,45,-0.17964
2020-02-14,Utilities,0.46342,5,4,19,0.54532
2020-02-18,Comm,0.24190000000000006,5,5,23,0.12498000000000001
2020-02-18,Consumer,0.50342,5,5,54,0.029840000000000012
2020-02-18,Energy,0.43513999999999997,5,5,22,0.2029
2020-02-18,Financials,0.07998,5,5,20,0.20536
2020-02-18,Healthcare,0.45864000000000005,5,4,30,0.34422
2020-02-18,Industrials,0.007639999999999999,5,3,5,0.5974
2020-02-18,Materials,0.49778,5,5,24,0.028400000000000016
2020-02-18,RealEstate,0.368,5,4,14,0.26139999999999997
2020-02-18,Tech,0.1895,5,5,28,0.15246
2020-02-18,Utilities,0.74282,5,4,33,0.46342
2020-02-19,Comm,0.21231999999999998,5,2,7,0.24190000000000006
2020-02-19,Consumer,0.36968,5,5,20,0.50342
2020-02-19,Energy,0.36262,5,4,9,0.43513999999999997
2020-02-19,Financials,0.11988000000000001,5,4,8,0.07998
2020-02-19,Healthcare,0.38286,5,5,19,0.45864000000000005
2020-02-19,Industrials,0.23174,5,4,6,0.007639999999999999
2020-02-19,Materials,0.059199999999999996,5,3,8,0.49778
2020-02-19,RealEstate,0.0,5,5,11,0.368
2020-02-19,Tech,-0.028300000000000002,5,5,28,0.1895
2020-02-19,Utilities,0.24434,5,3,13,0.74282
2020-02-20,Comm,0.18572,5,3,15,0.21231999999999998
2020-02-20,Consumer,0.12675999999999998,5,5,18,0.36968
2020-02-20,Energy,0.35934,5,3,8,0.36262
2020-02-20,Financials,0.41590000000000005,5,4,43,0.11988000000000001
2020-02-20,Healthcare,0.1085,5,3,11,0.38286
2020-02-20,Industrials,0.1838,5,4,10,0.23174
2020-02-20,Materials,0.30296,5,3,18,0.059199999999999996
2020-02-20,RealEstate,0.17268,5,4,13,0.0
2020-02-20,Tech,0.24842,5,5,30,-0.028300000000000002
2020-02-20,Utilities,0.45662,5,5,27,0.24434
2020-02-21,Comm,-0.10484,5,3,7,0.18572
2020-02-21,Consumer,0.33166,5,4,22,0.12675999999999998
2020-02-21,Energy,0.19308,5,5,15,0.35934
2020-02-21,Financials,0.56322,5,5,19,0.41590000000000005
2020-02-21,Healthcare,0.21424000000000004,5,4,14,0.1085
2020-02-21,Industrials,0.16054,5,5,7,0.1838
2020-02-21,Materials,0.12854000000000002,5,3,9,0.30296
2020-02-21,RealEstate,0.05,5,4,5,0.17268
2020-02-21,Tech,-0.30534,5,5,16,0.24842
2020-02-21,Utilities,0.36868,5,2,10,0.45662
2020-02-24,Comm,0.1486,5,3,10,-0.10484
2020-02-24,Consumer,-0.08052,5,5,28,0.33166
2020-02-24,Energy,-0.18172000000000002,5,5,24,0.19308
2020-02-24,Financials,0.009299999999999992,5,4,15,0.56322
2020-02-24,Healthcare,0.30556,5,5,28,0.21424000000000004
2020-02-24,Industrials,0.23836,5,5,21,0.16054
2020-02-24,Materials,0.27776,5,5,22,0.12854000000000002
2020-02-24,RealEstate,0.14701999999999998,5,3,7,0.05
2020-02-24,Tech,-0.10694000000000001,5,5,24,-0.30534
2020-02-24,Utilities,0.21314000000000002,5,5,13,0.36868
2020-02-25,Comm,0.07808000000000001,5,3,5,0.1486
2020-02-25,Consumer,0.4168,5,5,29,-0.08052
2020-02-25,Energy,0.009180000000000011,5,5,17,-0.18172000000000002
2020-02-25,Financials,0.5025000000000001,5,5,15,0.009299999999999992
2020-02-25,Healthcare,0.40570000000000006,5,5,24,0.30556
2020-02-25,Industrials,-0.02716,5,4,9,0.23836
2020-02-25,Materials,0.04384,5,3,6,0.27776
2020-02-25,RealEstate,0.17068,5,4,18,0.14701999999999998
2020-02-25,Tech,0.06624,5,5,15,-0.10694000000000001
2020-02-25,Utilities,0.4168200000000001,5,4,12,0.21314000000000002
2020-02-26,Comm,0.32352,5,4,10,0.07808000000000001
2020-02-26,Consumer,0.46864,5,5,49,0.4168
2020-02-26,Energy,0.37574,5,5,17,0.009180000000000011
2020-02-26,Financials,0.43705999999999995,5,5,15,0.5025000000000001
2020-02-26,Healthcare,0.29652,5,5,32,0.40570000000000006
2020-02-26,Industrials,0.1625,5,3,15,-0.02716
2020-02-26,Materials,0.04562,5,3,4,0.04384
2020-02-26,RealEstate,0.10185999999999999,5,5,22,0.17068
2020-02-26,Tech,0.56964,5,5,20,0.06624
2020-02-26,Utilities,0.15342,5,2,5,0.4168200000000001
2020-02-27,Comm,0.19,5,4,8,0.32352
2020-02-27,Consumer,0.47786,5,5,30,0.46864
2020-02-27,Energy,0.49973999999999996,5,5,32,0.37574
2020-02-27,Financials,0.16278,5,5,16,0.43705999999999995
2020-02-27,Healthcare,0.35236,5,5,37,0.29652
2020-02-27,Industrials,0.13032,5,4,12,0.1625
2020-02-27,Materials,-0.0889,5,4,12,0.04562
2020-02-27,RealEstate,0.35648,5,4,19,0.10185999999999999
2020-02-27,Tech,-0.4864,5,5,24,0.56964
2020-02-27,Utilities,0.6435,5,5,21,0.15342
2020-02-28,Comm,-0.14065999999999998,5,5,17,0.19
2020-02-28,Consumer,-0.19839999999999997,5,5,26,0.47786
2020-02-28,Energy,0.35056000000000004,5,5,26,0.49973999999999996
2020-02-28,Financials,-0.04448,5,4,16,0.16278
2020-02-28,Healthcare,-0.25251999999999997,5,5,27,0.35236
2020-02-28,Industrials,0.08700000000000001,5,4,16,0.13032
2020-02-28,Materials,-0.06921999999999999,5,3,8,-0.0889
2020-02-28,RealEstate,-0.06820000000000001,5,5,19,0.35648
2020-02-28,Tech,0.24988000000000002,5,3,9,-0.4864
2020-02-28,Utilities,-0.15772,5,4,12,0.6435
2020-03-02,Comm,0.23542000000000002,5,4,17,-0.14065999999999998
2020-03-02,Consumer,0.12844,5,5,40,-0.19839999999999997
2020-03-02,Energy,0.14855999999999997,5,4,16,0.35056000000000004
2020-03-02,Financials,0.17370000000000002,5,4,11,-0.04448
2020-03-02,Healthcare,0.5887399999999999,5,5,46,-0.25251999999999997
2020-03-02,Industrials,-0.017159999999999998,5,4,8,0.08700000000000001
2020-03-02,Materials,0.22776000000000002,5,5,12,-0.06921999999999999
2020-03-02,RealEstate,0.33596000000000004,5,3,14,-0.06820000000000001
2020-03-02,Tech,0.36956,5,5,20,0.24988000000000002
2020-03-02,Utilities,0.5224599999999999,5,5,13,-0.15772
2020-03-03,Comm,0.14708,5,4,11,0.23542000000000002
2020-03-03,Consumer,0.34394,5,5,28,0.12844
2020-03-03,Energy,-0.005340000000000034,5,5,23,0.14855999999999997
2020-03-03,Financials,-0.19441999999999998,5,5,16,0.17370000000000002
2020-03-03,Healthcare,0.58342,5,5,19,0.5887399999999999
2020-03-03,Industrials,0.17068,5,2,5,-0.017159999999999998
2020-03-03,Materials,0.2751,5,3,8,0.22776000000000002
2020-03-03,RealEstate,0.1917,5,3,6,0.33596000000000004
2020-03-03,Tech,0.27274,5,5,24,0.36956
2020-03-03,Utilities,0.059739999999999994,5,4,9,0.5224599999999999
2020-03-04,Comm,0.07864,5,4,7,0.14708
2020-03-04,Consumer,0.03664,5,5,24,0.34394
2020-03-04,Energy,0.59648,5,5,19,-0.005340000000000034
2020-03-04,Financials,0.3083,5,5,14,-0.19441999999999998
2020-03-04,Healthcare,0.88516,5,5,23,0.58342
2020-03-04,Industrials,0.2555,5,5,20,0.17068
2020-03-04,Materials,0.2307,5,3,4,0.2751
2020-03-04,RealEstate,0.48392,5,3,7,0.1917
2020-03-04,Tech,0.7868,5,5,18,0.27274
2020-03-04,Utilities,0.71656,5,4,10,0.059739999999999994
2020-03-05,Comm,0.29242,5,5,10,0.07864
2020-03-05,Consumer,0.1812,5,5,27,0.03664
2020-03-05,Energy,0.05146000000000002,5,5,20,0.59648
2020-03-05,Financials,0.20583999999999997,5,5,17,0.3083
2020-03-05,Healthcare,0.2665,5,4,22,0.88516
2020-03-05,Industrials,0.26555999999999996,5,4,12,0.2555
2020-03-05,Materials,0.10464,5,3,8,0.2307
2020-03-05,RealEstate,0.22342,5,3,3,0.48392
2020-03-05,Tech,0.39708,5,5,14,0.7868
2020-03-05,Utilities,0.04762,5,4,7,0.71656
2020-03-06,Comm,0.13194,5,2,6,0.29242
2020-03-06,Consumer,-0.08321999999999999,5,4,26,0.1812
2020-03-06,Energy,-0.36144000000000004,5,5,29,0.05146000000000002
2020-03-06,Financials,-0.034559999999999994,5,4,17,0.20583999999999997
2020-03-06,Healthcare,0.33155999999999997,5,3,19,0.2665
2020-03-06,Industrials,0.13957999999999998,5,4,9,0.26555999999999996
2020-03-06,Materials,-0.06760000000000002,5,4,7,0.10464
2020-03-06,RealEstate,0.04046,5,2,3,0.22342
2020-03-06,Tech,0.23401999999999998,5,5,25,0.39708
2020-03-06,Utilities,0.28556,5,4,12,0.04762
2020-03-09,Comm,-0.013279999999999991,5,4,16,0.13194
2020-03-09,Consumer,0.1691,5,5,31,-0.08321999999999999
2020-03-09,Energy,-0.55792,5,5,54,-0.36144000000000004
2020-03-09,Financials,0.5999000000000001,5,5,25,-0.034559999999999994
2020-03-09,Healthcare,0.47424,5,5,34,0.33155999999999997
2020-03-09,Industrials,-0.09968000000000002,5,5,13,0.13957999999999998
2020-03-09,Materials,0.33849999999999997,5,4,17,-0.06760000000000002
2020-03-09,RealEstate,-0.004139999999999988,5,4,7,0.04046
2020-03-09,Tech,-0.22832,5,5,21,0.23401999999999998
2020-03-09,Utilities,-0.44176000000000004,5,4,12,0.28556
2020-03-10,Comm,-0.28794,5,5,18,-0.013279999999999991
2020-03-10,Consumer,0.03171999999999999,5,4,26,0.1691
2020-03-10,Energy,0.06817999999999999,5,5,48,-0.55792
2020-03-10,Financials,0.35818,5,5,21,0.5999000000000001
2020-03-10,Healthcare,0.25676,5,3,19,0.47424
2020-03-10,Industrials,-0.23912,5,5,12,-0.09968000000000002
2020-03-10,Materials,0.21658,5,4,10,0.33849999999999997
2020-03-10,RealEstate,0.059199999999999996,5,3,3,-0.004139999999999988
2020-03-10,Tech,0.37172,5,5,9,-0.22832
2020-03-10,Utilities,0.30552,5,4,6,-0.44176000000000004
2020-03-11,Comm,0.16962,5,4,9,-0.28794
2020-03-11,Consumer,-0.09017999999999997,5,4,23,0.03171999999999999
2020-03-11,Energy,0.02248000000000001,5,5,33,0.06817999999999999
2020-03-11,Financials,0.22349999999999998,5,5,10,0.35818
2020-03-11,Healthcare,0.56752,5,5,22,0.25676
2020-03-11,Industrials,0.30114,5,4,14,-0.23912
2020-03-11,Materials,0.20773999999999998,5,3,21,0.21658
2020-03-11,RealEstate,0.35032,5,5,7,0.059199999999999996
2020-03-11,Tech,0.26194,5,5,17,0.37172
2020-03-11,Utilities,0.11524000000000001,5,4,7,0.30552
2020-03-12,Comm,-0.0036799999999999945,5,3,12,0.16962
2020-03-12,Consumer,0.27042,5,5,47,-0.09017999999999997
2020-03-12,Energy,0.30008,5,5,29,0.02248000000000001
2020-03-12,Financials,0.06574,5,5,22,0.22349999999999998
2020-03-12,Healthcare,-0.28008,5,5,21,0.56752
2020-03-12,Industrials,-0.49585999999999997,5,5,18,0.30114
2020-03-12,Materials,-0.12688000000000002,5,3,11,0.20773999999999998
2020-03-12,RealEstate,0.06382,5,4,6,0.35032
2020-03-12,Tech,0.10877999999999999,5,5,26,0.26194
2020-03-12,Utilities,0.04758,5,4,26,0.11524000000000001
2020-03-13,Comm,0.2685,5,3,16,-0.0036799999999999945
2020-03-13,Consumer,0.027380000000000005,5,3,31,0.27042
2020-03-13,Energy,0.25068,5,5,30,0.30008
2020-03-13,Financials,-0.4638,5,5,15,0.06574
2020-03-13,Healthcare,-0.08212,5,4,15,-0.28008
2020-03-13,Industrials,0.049659999999999996,5,5,9,-0.49585999999999997
2020-03-13,Materials,0.10478000000000001,5,3,6,-0.12688000000000002
2020-03-13,RealEstate,0.17759999999999998,5,4,6,0.06382
2020-03-13,Tech,0.16466,5,5,37,0.10877999999999999
2020-03-13,Utilities,0.22248,5,4,7,0.04758
2020-03-16,Comm,-0.23614000000000002,5,4,28,0.2685
2020-03-16,Consumer,-0.7897000000000001,5,5,54,0.027380000000000005
2020-03-16,Energy,-0.17737999999999998,5,5,42,0.25068
2020-03-16,Financials,-0.30541999999999997,5,5,25,-0.4638
2020-03-16,Healthcare,0.1275,5,4,21,-0.08212
2020-03-16,Industrials,0.39626,5,5,23,0.049659999999999996
2020-03-16,Materials,0.06468000000000003,5,4,13,0.10478000000000001
2020-03-16,RealEstate,0.10815999999999999,5,4,13,0.17759999999999998
2020-03-16,Tech,0.0031799999999999884,5,5,26,0.16466
2020-03-16,Utilities,0.5755600000000001,5,4,17,0.22248
2020-03-17,Comm,0.17564,5,4,17,-0.23614000000000002
2020-03-17,Consumer,0.23814000000000002,5,5,36,-0.7897000000000001
2020-03-17,Energy,-0.0573,5,5,18,-0.17737999999999998
2020-03-17,Financials,-0.08974000000000001,5,5,15,-0.30541999999999997
2020-03-17,Healthcare,0.6824600000000001,5,5,20,0.1275
2020-03-17,Industrials,0.0843,5,4,14,0.39626
2020-03-17,Materials,0.34466,5,3,11,0.06468000000000003
2020-03-17,RealEstate,0.18862,5,2,5,0.10815999999999999
2020-03-17,Tech,0.39482,5,5,21,0.0031799999999999884
2020-03-17,Utilities,0.32118,5,4,7,0.5755600000000001
2020-03-18,Comm,0.14788,5,4,11,0.17564
2020-03-18,Consumer,-0.07682000000000003,5,5,35,0.23814000000000002
2020-03-18,Energy,0.04981999999999999,5,5,29,-0.0573
2020-03-18,Financials,0.13390000000000002,5,5,13,-0.08974000000000001
2020-03-18,Healthcare,0.35554,5,3,25,0.6824600000000001
2020-03-18,Industrials,-0.13632,5,5,17,0.0843
2020-03-18,Materials,-0.059199999999999996,5,3,7,0.34466
2020-03-18,RealEstate,0.0,5,2,4,0.18862
2020-03-18,Tech,-0.08706000000000001,5,5,21,0.39482
2020-03-18,Utilities,0.3545,5,4,6,0.32118
2020-03-19,Comm,0.05402,5,5,14,0.14788
2020-03-19,Consumer,0.10838,5,5,34,-0.07682000000000003
2020-03-19,Energy,-0.17686000000000002,5,4,15,0.04981999999999999
2020-03-19,Financials,-0.2635,5,4,10,0.13390000000000002
2020-03-19,Healthcare,0.32530000000000003,5,2,24,0.35554
2020-03-19,Industrials,0.05059999999999999,5,3,16,-0.13632
2020-03-19,Materials,0.14406000000000002,5,4,13,-0.059199999999999996
2020-03-19,RealEstate,0.2117,5,3,5,0.0
2020-03-19,Tech,-0.38464,5,5,19,-0.08706000000000001
2020-03-19,Utilities,0.26911999999999997,5,3,6,0.3545
2020-03-20,Comm,0.05464,5,3,6,0.05402
2020-03-20,Consumer,0.45890000000000003,5,5,54,0.10838
2020-03-20,Energy,-0.50306,5,5,29,-0.17686000000000002
2020-03-20,Financials,-0.13944,5,5,12,-0.2635
2020-03-20,Healthcare,0.19691999999999998,5,4,19,0.32530000000000003
2020-03-20,Industrials,0.35522,5,3,19,0.05059999999999999
2020-03-20,Materials,0.12738,5,3,5,0.14406000000000002
2020-03-20,RealEstate,0.1917,5,3,7,0.2117
2020-03-20,Tech,0.7035199999999999,5,5,20,-0.38464
2020-03-20,Utilities,0.23336,5,4,10,0.26911999999999997
2020-03-23,Comm,0.46002,5,5,28,0.05464
2020-03-23,Consumer,0.39526,5,5,64,0.45890000000000003
2020-03-23,Energy,-0.55564,5,5,26,-0.50306
2020-03-23,Financials,-0.05988000000000001,5,5,18,-0.13944
2020-03-23,Healthcare,0.22458,5,4,30,0.19691999999999998
2020-03-23,Industrials,-0.06856,5,5,23,0.35522
2020-03-23,Materials,0.44606,5,5,15,0.12738
2020-03-23,RealEstate,0.1563,5,4,7,0.1917
2020-03-23,Tech,0.2537,5,5,12,0.7035199999999999
2020-03-23,Utilities,-0.036839999999999984,5,4,21,0.23336
2020-03-24,Comm,0.29078,5,4,18,0.46002
2020-03-24,Consumer,0.62228,5,5,43,0.39526
2020-03-24,Energy,0.55478,5,5,31,-0.55564
2020-03-24,Financials,0.42022000000000004,5,5,7,-0.05988000000000001
2020-03-24,Healthcare,0.29344000000000003,5,5,15,0.22458
2020-03-24,Industrials,0.41536,5,5,27,-0.06856
2020-03-24,Materials,0.35922,5,5,7,0.44606
2020-03-24,RealEstate,0.14024,5,4,9,0.1563
2020-03-24,Tech,0.757,5,4,25,0.2537
2020-03-24,Utilities,0.21056,5,2,4,-0.036839999999999984
2020-03-25,Comm,0.41142,5,5,15,0.29078
2020-03-25,Consumer,0.78982,5,5,41,0.62228
2020-03-25,Energy,0.4532999999999999,5,3,22,0.55478
2020-03-25,Financials,-0.005160000000000009,5,4,13,0.42022000000000004
2020-03-25,Healthcare,0.27222,5,5,24,0.29344000000000003
2020-03-25,Industrials,0.22936,5,4,14,0.41536
2020-03-25,Materials,0.09878,5,4,5,0.35922
2020-03-25,RealEstate,0.12366000000000002,5,3,6,0.14024
2020-03-25,Tech,0.16338,5,4,10,0.757
2020-03-25,Utilities,0.48840000000000006,5,4,9,0.21056
2020-03-26,Comm,0.20991999999999997,5,5,13,0.41142
2020-03-26,Consumer,0.49176000000000003,5,5,33,0.78982
2020-03-26,Energy,0.42632000000000003,5,5,17,0.4532999999999999
2020-03-26,Financials,0.50736,5,5,17,-0.005160000000000009
2020-03-26,Healthcare,0.47498000000000007,5,5,19,0.27222
2020-03-26,Industrials,0.34408,5,3,19,0.22936
2020-03-26,Materials,0.20026000000000002,5,4,14,0.09878
2020-03-26,RealEstate,0.42333999999999994,5,4,10,0.12366000000000002
2020-03-26,Tech,0.43704,5,5,20,0.16338
2020-03-26,Utilities,0.34686000000000006,5,5,13,0.48840000000000006
2020-03-27,Comm,0.309,5,3,11,0.20991999999999997
2020-03-27,Consumer,0.19457999999999998,5,5,33,0.49176000000000003
2020-03-27,Energy,0.88498,5,5,23,0.42632000000000003
2020-03-27,Financials,0.50256,5,5,18,0.50736
2020-03-27,Healthcare,0.4037,5,3,11,0.47498000000000007
2020-03-27,Industrials,0.57476,5,5,21,0.34408
2020-03-27,Materials,0.2072,5,2,3,0.20026000000000002
2020-03-27,RealEstate,0.3519,5,3,4,0.42333999999999994
2020-03-27,Tech,0.59148,5,5,13,0.43704
2020-03-27,Utilities,0.55364,5,3,12,0.34686000000000006
2020-03-30,Comm,0.5372,5,4,15,0.309
2020-03-30,Consumer,0.28785999999999995,5,5,35,0.19457999999999998
2020-03-30,Energy,0.28336,5,5,20,0.88498
2020-03-30,Financials,-0.26062,5,5,14,0.50256
2020-03-30,Healthcare,0.56032,5,5,34,0.4037
2020-03-30,Industrials,0.09652,5,5,22,0.57476
2020-03-30,Materials,0.24354,5,3,10,0.2072
2020-03-30,RealEstate,0.36766,5,4,10,0.3519
2020-03-30,Tech,-0.06752000000000001,5,5,9,0.59148
2020-03-30,Utilities,0.49657999999999997,5,4,14,0.55364
2020-03-31,Comm,0.15676,5,3,6,0.5372
2020-03-31,Consumer,0.010220000000000007,5,5,12,0.28785999999999995
2020-03-31,Energy,-0.07446,5,5,19,0.28336
2020-03-31,Financials,-0.008740000000000003,5,3,7,-0.26062
2020-03-31,Healthcare,0.09892000000000001,5,4,18,0.56032
2020-03-31,Industrials,0.22000000000000003,5,5,22,0.09652
2020-03-31,Materials,0.45048000000000005,5,5,13,0.24354
2020-03-31,RealEstate,-0.15474000000000002,5,4,10,0.36766
2020-03-31,Tech,-0.07615999999999996,5,5,18,-0.06752000000000001
2020-03-31,Utilities,-0.42338,5,4,12,0.49657999999999997
2020-04-01,Comm,0.29432,5,4,21,0.15676
2020-04-01,Consumer,0.19127999999999998,5,5,30,0.010220000000000007
2020-04-01,Energy,0.1254,5,5,26,-0.07446
2020-04-01,Financials,-0.31878,5,5,20,-0.008740000000000003
2020-04-01,Healthcare,0.19134,5,4,13,0.09892000000000001
2020-04-01,Industrials,0.11943999999999999,5,4,15,0.22000000000000003
2020-04-01,Materials,0.05847999999999999,5,4,14,0.45048000000000005
2020-04-01,RealEstate,0.10848000000000002,5,3,6,-0.15474000000000002
2020-04-01,Tech,0.07116000000000003,5,5,6,-0.07615999999999996
2020-04-01,Utilities,-0.033319999999999975,5,5,12,-0.42338
2020-04-02,Comm,-0.22776000000000002,5,5,10,0.29432
2020-04-02,Consumer,0.25724,5,5,35,0.19127999999999998
2020-04-02,Energy,-0.15985999999999997,5,5,39,0.1254
2020-04-02,Financials,0.19078,5,5,16,-0.31878
2020-04-02,Healthcare,0.3353,5,5,27,0.19134
2020-04-02,Industrials,-0.04764,5,3,19,0.11943999999999999
2020-04-02,Materials,0.24028,5,3,12,0.05847999999999999
2020-04-02,RealEstate,-0.08804,5,4,7,0.10848000000000002
2020-04-02,Tech,0.09894,5,4,7,0.07116000000000003
2020-04-02,Utilities,0.01906,5,3,4,-0.033319999999999975
2020-04-03,Comm,0.48826,5,5,16,-0.22776000000000002
2020-04-03,Consumer,0.03415999999999999,5,4,32,0.25724
2020-04-03,Energy,0.20831999999999998,5,5,42,-0.15985999999999997
2020-04-03,Financials,0.14689999999999998,5,5,17,0.19078
2020-04-03,Healthcare,0.28944000000000003,5,3,14,0.3353
2020-04-03,Industrials,-0.46609999999999996,5,5,44,-0.04764
2020-04-03,Materials,0.051539999999999996,5,3,4,0.24028
2020-04-03,RealEstate,0.13616,5,2,3,-0.08804
2020-04-03,Tech,-0.24956,5,4,12,0.09894
2020-04-03,Utilities,0.30063999999999996,5,4,6,0.01906
2020-04-06,Comm,0.6025600000000001,5,4,16,0.48826
2020-04-06,Consumer,0.79278,5,5,59,0.03415999999999999
2020-04-06,Energy,0.48742,5,5,27,0.20831999999999998
2020-04-06,Financials,0.8351200000000001,5,5,62,0.14689999999999998
2020-04-06,Healthcare,0.71818,5,5,46,0.28944000000000003
2020-04-06,Industrials,0.32706,5,5,46,-0.46609999999999996
2020-04-06,Materials,0.16888,5,4,10,0.051539999999999996
2020-04-06,RealEstate,0.12974000000000002,5,2,6,0.13616
2020-04-06,Tech,0.67428,5,5,28,-0.24956
2020-04-06,Utilities,0.68472,5,4,12,0.30063999999999996
2020-04-07,Comm,0.34926,5,4,20,0.6025600000000001
2020-04-07,Consumer,0.639,5,5,33,0.79278
2020-04-07,Energy,0.85178,5,5,43,0.48742
2020-04-07,Financials,0.57982,5,5,27,0.8351200000000001
2020-04-07,Healthcare,0.33952,5,5,32,0.71818
2020-04-07,Industrials,0.62404,5,5,34,0.32706
2020-04-07,Materials,0.46394,5,4,7,0.16888
2020-04-07,RealEstate,0.26049999999999995,5,4,10,0.12974000000000002
2020-04-07,Tech,0.38617999999999997,5,5,14,0.67428
2020-04-07,Utilities,0.4968,5,4,14,0.68472
2020-04-08,Comm,0.24862,5,4,13,0.34926
2020-04-08,Consumer,0.29875999999999997,5,4,54,0.639
2020-04-08,Energy,0.8452999999999999,5,5,35,0.85178
2020-04-08,Financials,0.35831999999999997,5,5,24,0.57982
2020-04-08,Healthcare,0.44623999999999997,5,4,19,0.33952
2020-04-08,Industrials,0.64234,5,5,39,0.62404
2020-04-08,Materials,0.64094,5,4,14,0.46394
2020-04-08,RealEstate,0.5271600000000001,5,4,7,0.26049999999999995
2020-04-08,Tech,0.5622999999999999,5,5,19,0.38617999999999997
2020-04-08,Utilities,0.10136,5,2,5,0.4968
2020-04-09,Comm,-0.08993999999999999,5,5,16,0.24862
2020-04-09,Consumer,0.76512,5,5,84,0.29875999999999997
2020-04-09,Energy,0.78636,5,5,54,0.8452999999999999
2020-04-09,Financials,0.66122,5,5,26,0.35831999999999997
2020-04-09,Healthcare,0.04683999999999999,5,4,16,0.44623999999999997
2020-04-09,Industrials,0.15616000000000002,5,5,28,0.64234
2020-04-09,Materials,0.5393800000000001,5,5,23,0.64094
2020-04-09,RealEstate,0.6783,5,4,17,0.5271600000000001
2020-04-09,Tech,0.27988,5,5,17,0.5622999999999999
2020-04-09,Utilities,0.6834,5,4,9,0.10136
2020-04-13,Comm,-0.15492,5,4,16,-0.08993999999999999
2020-04-13,Consumer,-0.08525999999999997,5,5,78,0.76512
2020-04-13,Energy,0.42813999999999997,5,5,44,0.78636
2020-04-13,Financials,0.31032000000000004,5,5,40,0.66122
2020-04-13,Healthcare,0.4434,5,5,50,0.04683999999999999
2020-04-13,Industrials,0.06776000000000001,5,5,36,0.15616000000000002
2020-04-13,Materials,0.31146,5,5,24,0.5393800000000001
2020-04-13,RealEstate,-0.18226000000000003,5,4,13,0.6783
2020-04-13,Tech,0.44462,5,4,23,0.27988
2020-04-13,Utilities,0.06295999999999999,5,4,21,0.6834
2020-04-14,Comm,0.57234,5,4,16,-0.15492
2020-04-14,Consumer,0.6337200000000001,5,5,29,-0.08525999999999997
2020-04-14,Energy,-0.08176000000000001,5,4,22,0.42813999999999997
2020-04-14,Financials,0.52812,5,4,63,0.31032000000000004
2020-04-14,Healthcare,0.36928,5,4,14,0.4434
2020-04-14,Industrials,0.65944,5,5,31,0.06776000000000001
2020-04-14,Materials,-0.10737999999999999,5,3,12,0.31146
2020-04-14,RealEstate,0.57448,5,3,7,-0.18226000000000003
2020-04-14,Tech,0.9439,5,5,18,0.44462
2020-04-14,Utilities,0.3823,5,4,14,0.06295999999999999
2020-04-15,Comm,0.4413,5,4,16,0.57234
2020-04-15,Consumer,0.32936,5,5,35,0.6337200000000001
2020-04-15,Energy,0.46435999999999994,5,5,39,-0.08176000000000001
2020-04-15,Financials,0.73278,5,5,62,0.52812
2020-04-15,Healthcare,-0.0005400000000000072,5,5,26,0.36928
2020-04-15,Industrials,0.11903999999999999,5,5,18,0.65944
2020-04-15,Materials,-0.1701,5,3,17,-0.10737999999999999
2020-04-15,RealEstate,-0.30256000000000005,5,4,9,0.57448
2020-04-15,Tech,0.5274,5,5,25,0.9439
2020-04-15,Utilities,0.15326,5,4,15,0.3823
2020-04-16,Comm,0.42824,5,4,16,0.4413
2020-04-16,Consumer,0.5797399999999999,5,4,40,0.32936
2020-04-16,Energy,-0.11662000000000002,5,5,35,0.46435999999999994
2020-04-16,Financials,0.27946,5,5,67,0.73278
2020-04-16,Healthcare,0.84702,5,5,58,-0.0005400000000000072
2020-04-16,Industrials,0.16010000000000002,5,5,23,0.11903999999999999
2020-04-16,Materials,0.17334,5,5,13,-0.1701
2020-04-16,RealEstate,-0.05464,5,2,4,-0.30256000000000005
2020-04-16,Tech,0.91396,5,5,32,0.5274
2020-04-16,Utilities,0.5263,5,4,16,0.15326
2020-04-17,Comm,0.14789999999999998,5,4,15,0.42824
2020-04-17,Consumer,0.60358,5,5,28,0.5797399999999999
2020-04-17,Energy,-0.1609,5,5,51,-0.11662000000000002
2020-04-17,Financials,0.34758,5,5,35,0.27946
2020-04-17,Healthcare,0.7149,5,5,97,0.84702
2020-04-17,Industrials,0.21314000000000002,5,3,31,0.16010000000000002
2020-04-17,Materials,0.3093,5,3,5,0.17334
2020-04-17,RealEstate,0.6043999999999999,5,4,10,-0.05464
2020-04-17,Tech,0.40706,5,5,28,0.91396
2020-04-17,Utilities,0.6072,5,4,14,0.5263
2020-04-20,Comm,0.17838,5,4,12,0.14789999999999998
2020-04-20,Consumer,0.41407999999999995,5,5,56,0.60358
2020-04-20,Energy,-0.9102600000000001,5,5,67,-0.1609
2020-04-20,Financials,0.41308,5,5,19,0.34758
2020-04-20,Healthcare,0.14394,5,5,67,0.7149
2020-04-20,Industrials,0.17374,5,4,27,0.21314000000000002
2020-04-20,Materials,0.28818,5,5,21,0.3093
2020-04-20,RealEstate,0.03558,5,3,5,0.6043999999999999
2020-04-20,Tech,0.5909800000000001,5,5,27,0.40706
2020-04-20,Utilities,0.013960000000000004,5,5,18,0.6072
2020-04-21,Comm,0.26482,5,5,15,0.17838
2020-04-21,Consumer,-0.07571999999999998,5,5,70,0.41407999999999995
2020-04-21,Energy,-0.91212,5,5,43,-0.9102600000000001
2020-04-21,Financials,-0.34484000000000004,5,5,18,0.41308
2020-04-21,Healthcare,0.21958000000000003,5,5,21,0.14394
2020-04-21,Industrials,0.1519,5,5,20,0.17374
2020-04-21,Materials,0.025780000000000015,5,3,10,0.28818
2020-04-21,RealEstate,0.058020000000000016,5,4,10,0.03558
2020-04-21,Tech,-0.7164200000000001,5,5,14,0.5909800000000001
2020-04-21,Utilities,-0.21752000000000002,5,5,9,0.013960000000000004
2020-04-22,Comm,0.04028,5,4,26,0.26482
2020-04-22,Consumer,0.34696,5,5,39,-0.07571999999999998
2020-04-22,Energy,0.060020000000000004,5,5,38,-0.91212
2020-04-22,Financials,0.21513999999999997,5,4,15,-0.34484000000000004
2020-04-22,Healthcare,0.70656,5,5,30,0.21958000000000003
2020-04-22,Industrials,0.30844,5,4,15,0.1519
2020-04-22,Materials,0.28756,5,4,10,0.025780000000000015
2020-04-22,RealEstate,0.29052,5,4,11,0.058020000000000016
2020-04-22,Tech,0.5551999999999999,5,5,23,-0.7164200000000001
2020-04-22,Utilities,0.25826000000000005,5,4,25,-0.21752000000000002
2020-04-23,Comm,0.28258,5,4,24,0.04028
2020-04-23,Consumer,0.46512000000000003,5,5,43,0.34696
2020-04-23,Energy,0.6651,5,5,35,0.060020000000000004
2020-04-23,Financials,0.30588,5,5,10,0.21513999999999997
2020-04-23,Healthcare,0.36278,5,5,59,0.70656
2020-04-23,Industrials,0.40352,5,5,12,0.30844
2020-04-23,Materials,0.31013999999999997,5,5,17,0.28756
2020-04-23,RealEstate,0.25686,5,3,6,0.29052
2020-04-23,Tech,0.8609199999999999,5,5,40,0.5551999999999999
2020-04-23,Utilities,0.44376,5,4,13,0.25826000000000005
2020-04-24,Comm,0.136,5,4,17,0.28258
2020-04-24,Consumer,0.01592,5,5,29,0.46512000000000003
2020-04-24,Energy,-0.18753999999999998,5,4,20,0.6651
2020-04-24,Financials,-0.08982,5,4,9,0.30588
2020-04-24,Healthcare,-0.16836,5,4,50,0.36278
2020-04-24,Industrials,0.15968,5,4,22,0.40352
2020-04-24,Materials,-0.13816,5,3,7,0.31013999999999997
2020-04-24,RealEstate,0.11200000000000002,5,4,8,0.25686
2020-04-24,Tech,0.26017999999999997,5,4,38,0.8609199999999999
2020-04-24,Utilities,-0.04948,5,3,6,0.44376
2020-04-27,Comm,0.36824,5,5,21,0.136
2020-04-27,Consumer,0.44742,5,5,50,0.01592
2020-04-27,Energy,-0.06157999999999999,5,5,44,-0.18753999999999998
2020-04-27,Financials,0.32976,5,5,25,-0.08982
2020-04-27,Healthcare,0.06484000000000004,5,5,58,-0.16836
2020-04-27,Industrials,0.8156000000000001,5,5,75,0.15968
2020-04-27,Materials,0.43962,5,5,11,-0.13816
2020-04-27,RealEstate,0.07004000000000002,5,5,11,0.11200000000000002
2020-04-27,Tech,0.51582,5,5,31,0.26017999999999997
2020-04-27,Utilities,0.5950599999999999,5,4,20,-0.04948
2020-04-28,Comm,0.06597999999999998,5,5,36,0.36824
2020-04-28,Consumer,0.43873999999999996,5,4,58,0.44742
2020-04-28,Energy,0.09494,5,4,23,-0.06157999999999999
2020-04-28,Financials,0.5077999999999999,5,5,12,0.32976
2020-04-28,Healthcare,0.55948,5,5,44,0.06484000000000004
2020-04-28,Industrials,0.25382,5,5,74,0.8156000000000001
2020-04-28,Materials,0.23915999999999998,5,5,17,0.43962
2020-04-28,RealEstate,0.31078,5,5,15,0.07004000000000002
2020-04-28,Tech,0.49246,5,4,35,0.51582
2020-04-28,Utilities,0.17717999999999998,5,3,5,0.5950599999999999
2020-04-29,Comm,0.18148000000000003,5,3,19,0.06597999999999998
2020-04-29,Consumer,0.45780000000000004,5,5,60,0.43873999999999996
2020-04-29,Energy,0.87198,5,5,38,0.09494
2020-04-29,Financials,0.45538,5,5,22,0.5077999999999999
2020-04-29,Healthcare,0.14876,5,4,104,0.55948
2020-04-29,Industrials,0.48247999999999996,5,5,68,0.25382
2020-04-29,Materials,0.44656,5,5,19,0.23915999999999998
2020-04-29,RealEstate,0.27416,5,4,18,0.31078
2020-04-29,Tech,0.8769399999999999,5,5,50,0.49246
2020-04-29,Utilities,0.11216000000000001,5,3,6,0.17717999999999998
2020-04-30,Comm,-0.08407999999999999,5,4,27,0.18148000000000003
2020-04-30,Consumer,0.19414000000000003,5,5,33,0.45780000000000004
2020-04-30,Energy,0.35704,5,5,53,0.87198
2020-04-30,Financials,0.31498,5,5,23,0.45538
2020-04-30,Healthcare,0.5696800000000001,5,5,83,0.14876
2020-04-30,Industrials,0.07132000000000001,5,5,21,0.48247999999999996
2020-04-30,Materials,0.46996000000000004,5,5,36,0.44656
2020-04-30,RealEstate,0.007700000000000007,5,4,11,0.27416
2020-04-30,Tech,0.36664,5,5,23,0.8769399999999999
2020-04-30,Utilities,0.28462,5,4,11,0.11216000000000001
2020-05-01,Comm,-0.04469999999999998,5,4,19,-0.08407999999999999
2020-05-01,Consumer,0.40452000000000005,5,5,39,0.19414000000000003
2020-05-01,Energy,-0.5292399999999999,5,5,75,0.35704
2020-05-01,Financials,-0.25038,5,5,18,0.31498
2020-05-01,Healthcare,0.49466,5,5,84,0.5696800000000001
2020-05-01,Industrials,-0.41175999999999996,5,5,45,0.07132000000000001
2020-05-01,Materials,0.33234,5,3,17,0.46996000000000004
2020-05-01,RealEstate,-0.09328,5,3,10,0.007700000000000007
2020-05-01,Tech,-0.17592000000000002,5,5,17,0.36664
2020-05-01,Utilities,0.029059999999999996,5,4,16,0.28462
2020-05-04,Comm,0.20646,5,3,23,-0.04469999999999998
2020-05-04,Consumer,0.11517999999999999,5,5,63,0.40452000000000005
2020-05-04,Energy,-0.38622,5,5,40,-0.5292399999999999
2020-05-04,Financials,0.24369999999999997,5,5,23,-0.25038
2020-05-04,Healthcare,0.33746,5,5,51,0.49466
2020-05-04,Industrials,-0.052180000000000025,5,5,35,-0.41175999999999996
2020-05-04,Materials,-0.00968,5,5,13,0.33234
2020-05-04,RealEstate,0.04115999999999999,5,4,10,-0.09328
2020-05-04,Tech,0.8417,5,5,31,-0.17592000000000002
2020-05-04,Utilities,0.3378,5,5,10,0.029059999999999996
2020-05-05,Comm,0.39766,5,5,35,0.20646
2020-05-05,Consumer,0.52146,5,5,49,0.11517999999999999
2020-05-05,Energy,0.25614,5,5,36,-0.38622
2020-05-05,Financials,0.26174,5,5,22,0.24369999999999997
2020-05-05,Healthcare,0.49348000000000003,5,5,35,0.33746
2020-05-05,Industrials,0.49257999999999996,5,5,31,-0.052180000000000025
2020-05-05,Materials,0.57054,5,4,38,-0.00968
2020-05-05,RealEstate,0.13555999999999999,5,4,7,0.04115999999999999
2020-05-05,Tech,0.57872,5,4,20,0.8417
2020-05-05,Utilities,0.49992000000000003,5,4,26,0.3378
2020-05-06,Comm,-0.15432,5,4,33,0.39766
2020-05-06,Consumer,0.40396,5,4,51,0.52146
2020-05-06,Energy,0.51902,5,4,36,0.25614
2020-05-06,Financials,0.17998,5,5,19,0.26174
2020-05-06,Healthcare,0.58604,5,5,32,0.49348000000000003
2020-05-06,Industrials,0.2986,5,4,12,0.49257999999999996
2020-05-06,Materials,0.012159999999999994,5,4,22,0.57054
2020-05-06,RealEstate,-0.07636,5,4,7,0.13555999999999999
2020-05-06,Tech,0.2535,5,4,21,0.57872
2020-05-06,Utilities,0.35974,5,4,14,0.49992000000000003
2020-05-07,Comm,0.25754,5,4,23,-0.15432
2020-05-07,Consumer,0.44021999999999994,5,5,34,0.40396
2020-05-07,Energy,0.64506,5,5,25,0.51902
2020-05-07,Financials,-0.16318,5,5,14,0.17998
2020-05-07,Healthcare,0.36384,5,3,24,0.58604
2020-05-07,Industrials,-0.013839999999999986,5,3,14,0.2986
2020-05-07,Materials,0.08016000000000001,5,3,8,0.012159999999999994
2020-05-07,RealEstate,0.44236000000000003,5,4,10,-0.07636
2020-05-07,Tech,0.41947999999999996,5,5,14,0.2535
2020-05-07,Utilities,0.39824000000000004,5,5,15,0.35974
2020-05-08,Comm,0.32276000000000005,5,3,9,0.25754
2020-05-08,Consumer,0.48563999999999996,5,5,55,0.44021999999999994
2020-05-08,Energy,0.48014,5,5,22,0.64506
2020-05-08,Financials,-0.09004000000000002,5,5,15,-0.16318
2020-05-08,Healthcare,0.22455999999999995,5,5,32,0.36384
2020-05-08,Industrials,-0.11749999999999998,5,4,12,-0.013839999999999986
2020-05-08,Materials,0.3094,5,3,18,0.08016000000000001
2020-05-08,RealEstate,0.17962,5,2,5,0.44236000000000003
2020-05-08,Tech,0.67872,5,4,14,0.41947999999999996
2020-05-08,Utilities,0.3089,5,4,21,0.39824000000000004
2020-05-11,Comm,0.42733999999999994,5,5,23,0.32276000000000005
2020-05-11,Consumer,0.53142,5,5,52,0.48563999999999996
2020-05-11,Energy,-0.33605999999999997,5,5,25,0.48014
2020-05-11,Financials,0.5354,5,5,18,-0.09004000000000002
2020-05-11,Healthcare,0.3332,5,5,56,0.22455999999999995
2020-05-11,Industrials,0.56856,5,5,19,-0.11749999999999998
2020-05-11,Materials,0.19422,5,4,13,0.3094
2020-05-11,RealEstate,0.09158,5,3,6,0.17962
2020-05-11,Tech,0.43326000000000003,5,5,25,0.67872
2020-05-11,Utilities,0.3822,5,4,10,0.3089
2020-05-12,Comm,0.15268,5,5,18,0.42733999999999994
2020-05-12,Consumer,0.5068400000000001,5,4,38,0.53142
2020-05-12,Energy,0.33612000000000003,5,5,26,-0.33605999999999997
2020-05-12,Financials,-0.33934,5,5,20,0.5354
2020-05-12,Healthcare,0.036660000000000005,5,3,23,0.3332
2020-05-12,Industrials,-0.11301999999999998,5,4,14,0.56856
2020-05-12,Materials,0.18042,5,3,13,0.19422
2020-05-12,RealEstate,-0.48390000000000005,5,4,8,0.09158
2020-05-12,Tech,0.027279999999999992,5,5,23,0.43326000000000003
2020-05-12,Utilities,0.49352,5,4,19,0.3822
2020-05-13,Comm,0.05404,5,3,4,0.15268
2020-05-13,Consumer,0.30091999999999997,5,5,36,0.5068400000000001
2020-05-13,Energy,-0.32632,5,5,25,0.33612000000000003
2020-05-13,Financials,0.5438,5,5,34,-0.33934
2020-05-13,Healthcare,0.63942,5,5,52,0.036660000000000005
2020-05-13,Industrials,-0.11148,5,5,19,-0.11301999999999998
2020-05-13,Materials,0.4413,5,5,18,0.18042
2020-05-13,RealEstate,0.3398,5,4,6,-0.48390000000000005
2020-05-13,Tech,0.39226,5,4,17,0.027279999999999992
2020-05-13,Utilities,0.32458,5,3,6,0.49352
2020-05-14,Comm,0.2695,5,5,14,0.05404
2020-05-14,Consumer,0.63354,5,5,39,0.30091999999999997
2020-05-14,Energy,-0.15158,5,5,12,-0.32632
2020-05-14,Financials,0.28028000000000003,5,5,30,0.5438
2020-05-14,Healthcare,0.43162,5,5,29,0.63942
2020-05-14,Industrials,0.05073999999999999,5,4,27,-0.11148
2020-05-14,Materials,0.29788000000000003,5,5,16,0.4413
2020-05-14,RealEstate,0.36716,5,5,14,0.3398
2020-05-14,Tech,0.56162,5,5,28,0.39226
2020-05-14,Utilities,0.31917999999999996,5,5,10,0.32458
2020-05-15,Comm,0.32028,5,5,16,0.2695
2020-05-15,Consumer,0.3379,5,5,47,0.63354
2020-05-15,Energy,0.44523999999999997,5,5,17,-0.15158
2020-05-15,Financials,0.76608,5,5,35,0.28028000000000003
2020-05-15,Healthcare,0.05291999999999999,5,5,39,0.43162
2020-05-15,Industrials,-0.1139,5,5,19,0.05073999999999999
2020-05-15,Materials,0.45944,5,4,17,0.29788000000000003
2020-05-15,RealEstate,-0.09769999999999998,5,4,8,0.36716
2020-05-15,Tech,-0.20060000000000003,5,5,45,0.56162
2020-05-15,Utilities,0.36002,5,5,15,0.31917999999999996
2020-05-18,Comm,0.16994,5,5,20,0.32028
2020-05-18,Consumer,0.56798,5,5,49,0.3379
2020-05-18,Energy,0.80704,5,5,48,0.44523999999999997
2020-05-18,Financials,0.434,5,5,35,0.76608
2020-05-18,Healthcare,0.5137400000000001,5,5,32,0.05291999999999999
2020-05-18,Industrials,0.9272600000000001,5,5,26,-0.1139
2020-05-18,Materials,0.32051999999999997,5,4,12,0.45944
2020-05-18,RealEstate,0.6049,5,4,7,-0.09769999999999998
2020-05-18,Tech,0.27918000000000004,5,5,26,-0.20060000000000003
2020-05-18,Utilities,0.621,5,4,13,0.36002
2020-05-19,Comm,0.15666,5,5,20,0.16994
2020-05-19,Consumer,0.47668,5,5,44,0.56798
2020-05-19,Energy,0.23325999999999997,5,4,9,0.80704
2020-05-19,Financials,0.14472000000000002,5,5,20,0.434
2020-05-19,Healthcare,0.5322,5,5,16,0.5137400000000001
2020-05-19,Industrials,0.010640000000000028,5,4,12,0.9272600000000001
2020-05-19,Materials,0.1451,5,3,10,0.32051999999999997
2020-05-19,RealEstate,0.12455999999999998,5,3,6,0.6049
2020-05-19,Tech,0.21352000000000002,5,4,17,0.27918000000000004
2020-05-19,Utilities,0.05464,5,1,1,0.621
2020-05-20,Comm,0.029699999999999994,5,5,27,0.15666
2020-05-20,Consumer,0.14632,5,5,34,0.47668
2020-05-20,Energy,-0.07874,5,5,21,0.23325999999999997
2020-05-20,Financials,0.63746,5,5,18,0.14472000000000002
2020-05-20,Healthcare,0.013439999999999985,5,3,30,0.5322
2020-05-20,Industrials,0.326,5,4,8,0.010640000000000028
2020-05-20,Materials,0.44434000000000007,5,3,15,0.1451
2020-05-20,RealEstate,0.12738,5,5,7,0.12455999999999998
2020-05-20,Tech,0.45430000000000004,5,5,17,0.21352000000000002
2020-05-20,Utilities,0.00411999999999999,5,2,5,0.05464
2020-05-21,Comm,0.07276000000000002,5,5,11,0.029699999999999994
2020-05-21,Consumer,0.19062,5,5,40,0.14632
2020-05-21,Energy,-0.048459999999999996,5,5,13,-0.07874
2020-05-21,Financials,0.32046,5,5,22,0.63746
2020-05-21,Healthcare,0.5292600000000001,5,5,21,0.013439999999999985
2020-05-21,Industrials,0.03062,5,4,9,0.326
2020-05-21,Materials,0.3217,5,5,9,0.44434000000000007
2020-05-21,RealEstate,0.0,5,2,2,0.12738
2020-05-21,Tech,-0.024639999999999992,5,5,21,0.45430000000000004
2020-05-21,Utilities,0.43760000000000004,5,4,9,0.00411999999999999
2020-05-22,Comm,0.15084,5,5,10,0.07276000000000002
2020-05-22,Consumer,-0.035820000000000005,5,3,18,0.19062
2020-05-22,Energy,-0.10488,5,5,19,-0.048459999999999996
2020-05-22,Financials,0.33418000000000003,5,4,8,0.32046
2020-05-22,Healthcare,0.36988000000000004,5,5,22,0.5292600000000001
2020-05-22,Industrials,0.12238,5,3,4,0.03062
2020-05-22,Materials,0.05464,5,4,7,0.3217
2020-05-22,RealEstate,0.2415,5,3,14,0.0
2020-05-22,Tech,-0.011120000000000019,5,5,28,-0.024639999999999992
2020-05-22,Utilities,0.12498000000000001,5,2,5,0.43760000000000004
2020-05-26,Comm,0.40693999999999997,5,5,20,0.15084
2020-05-26,Consumer,0.78218,5,5,46,-0.035820000000000005
2020-05-26,Energy,0.49992000000000003,5,5,29,-0.10488
2020-05-26,Financials,0.51572,5,5,28,0.33418000000000003
2020-05-26,Healthcare,0.22054,5,5,61,0.36988000000000004
2020-05-26,Industrials,0.54742,5,5,16,0.12238
2020-05-26,Materials,0.32320000000000004,5,3,9,0.05464
2020-05-26,RealEstate,0.15798,5,3,5,0.2415
2020-05-26,Tech,0.39238,5,5,29,-0.011120000000000019
2020-05-26,Utilities,0.31514,5,3,5,0.12498000000000001
2020-05-27,Comm,0.20266,5,5,22,0.40693999999999997
2020-05-27,Consumer,0.5746399999999999,5,5,37,0.78218
2020-05-27,Energy,-0.21448,5,4,14,0.49992000000000003
2020-05-27,Financials,0.72988,5,5,25,0.51572
2020-05-27,Healthcare,0.07386,5,4,24,0.22054
2020-05-27,Industrials,0.65126,5,5,27,0.54742
2020-05-27,Materials,0.0,5,2,5,0.32320000000000004
2020-05-27,RealEstate,0.0,5,1,1,0.15798
2020-05-27,Tech,0.20502000000000004,5,5,13,0.39238
2020-05-27,Utilities,0.26758,5,4,7,0.31514
2020-05-28,Comm,0.32322,5,5,23,0.20266
2020-05-28,Consumer,0.22488000000000002,5,5,33,0.5746399999999999
2020-05-28,Energy,0.35204,5,5,10,-0.21448
2020-05-28,Financials,0.28878,5,5,24,0.72988
2020-05-28,Healthcare,-0.20548000000000002,5,5,20,0.07386
2020-05-28,Industrials,0.70034,5,5,45,0.65126
2020-05-28,Materials,0.20322,5,4,8,0.0
2020-05-28,RealEstate,0.16668,5,4,4,0.0
2020-05-28,Tech,0.23478,5,5,19,0.20502000000000004
2020-05-28,Utilities,0.264,5,4,10,0.26758
2020-05-29,Comm,0.31584,5,4,14,0.32322
2020-05-29,Consumer,0.19854,5,5,18,0.22488000000000002
2020-05-29,Energy,0.41902,5,5,20,0.35204
2020-05-29,Financials,0.06976,5,5,25,0.28878
2020-05-29,Healthcare,0.4269,5,4,25,-0.20548000000000002
2020-05-29,Industrials,0.24738,5,4,13,0.70034
2020-05-29,Materials,0.02054,5,2,7,0.20322
2020-05-29,RealEstate,0.10211999999999999,5,3,6,0.16668
2020-05-29,Tech,0.3614,5,4,12,0.23478
2020-05-29,Utilities,0.42152,5,4,12,0.264
2020-06-01,Comm,0.35394,5,5,17,0.31584
2020-06-01,Consumer,0.16212,5,5,47,0.19854
2020-06-01,Energy,-0.26726,5,4,19,0.41902
2020-06-01,Financials,0.36528,5,5,23,0.06976
2020-06-01,Healthcare,0.6563000000000001,5,4,60,0.4269
2020-06-01,Industrials,0.10466,5,5,19,0.24738
2020-06-01,Materials,0.05464,5,3,7,0.02054
2020-06-01,RealEstate,0.039159999999999986,5,4,6,0.10211999999999999
2020-06-01,Tech,0.1726,5,5,15,0.3614
2020-06-01,Utilities,0.08264,5,4,8,0.42152
2020-06-02,Comm,0.34528,5,3,9,0.35394
2020-06-02,Consumer,-0.30124,5,5,20,0.16212
2020-06-02,Energy,0.37594000000000005,5,4,16,-0.26726
2020-06-02,Financials,0.47168,5,5,26,0.36528
2020-06-02,Healthcare,0.21470000000000003,5,5,25,0.6563000000000001
2020-06-02,Industrials,0.60158,5,5,14,0.10466
2020-06-02,Materials,0.34846,5,4,8,0.05464
2020-06-02,RealEstate,0.17936000000000002,5,3,5,0.039159999999999986
2020-06-02,Tech,0.46158,5,5,13,0.1726
2020-06-02,Utilities,0.23331999999999997,5,3,6,0.08264
2020-06-03,Comm,-0.25298,5,5,12,0.34528
2020-06-03,Consumer,0.47729999999999995,5,5,33,-0.30124
2020-06-03,Energy,0.62334,5,4,12,0.37594000000000005
2020-06-03,Financials,0.8346600000000001,5,5,26,0.47168
2020-06-03,Healthcare,0.5257799999999999,5,5,20,0.21470000000000003
2020-06-03,Industrials,0.80914,5,5,37,0.60158
2020-06-03,Materials,0.36456,5,4,11,0.34846
2020-06-03,RealEstate,0.1744,5,5,6,0.17936000000000002
2020-06-03,Tech,0.28315999999999997,5,2,6,0.46158
2020-06-03,Utilities,0.0,5,1,1,0.23331999999999997
2020-06-04,Comm,0.0847,5,5,11,-0.25298
2020-06-04,Consumer,0.33721999999999996,5,4,11,0.47729999999999995
2020-06-04,Energy,0.14296000000000003,5,5,12,0.62334
2020-06-04,Financials,0.57968,5,5,20,0.8346600000000001
2020-06-04,Healthcare,0.40397999999999995,5,5,21,0.5257799999999999
2020-06-04,Industrials,0.38346,5,4,20,0.80914
2020-06-04,Materials,-0.0256,5,4,4,0.36456
2020-06-04,RealEstate,0.059199999999999996,5,2,2,0.1744
2020-06-04,Tech,0.3033,5,3,11,0.28315999999999997
2020-06-04,Utilities,0.042920000000000014,5,3,7,0.0
2020-06-05,Comm,0.11318000000000002,5,4,11,0.0847
2020-06-05,Consumer,0.43692000000000003,5,3,14,0.33721999999999996
2020-06-05,Energy,0.5031800000000001,5,5,33,0.14296000000000003
2020-06-05,Financials,0.6634800000000001,5,5,20,0.57968
2020-06-05,Healthcare,0.26959999999999995,5,3,8,0.40397999999999995
2020-06-05,Industrials,0.85854,5,5,25,0.38346
2020-06-05,Materials,0.28322,5,4,7,-0.0256
2020-06-05,RealEstate,0.0,5,2,2,0.059199999999999996
2020-06-05,Tech,0.39682,5,3,15,0.3033
2020-06-05,Utilities,0.13879999999999998,5,2,6,0.042920000000000014
2020-06-08,Comm,-0.046799999999999994,5,5,16,0.11318000000000002
2020-06-08,Consumer,0.56914,5,5,20,0.43692000000000003
2020-06-08,Energy,0.24754000000000004,5,5,19,0.5031800000000001
2020-06-08,Financials,0.38948,5,5,13,0.6634800000000001
2020-06-08,Healthcare,0.33888,5,5,33,0.26959999999999995
2020-06-08,Industrials,0.15375999999999998,5,5,25,0.85854
2020-06-08,Materials,0.16352,5,2,3,0.28322
2020-06-08,RealEstate,0.08452,5,2,3,0.0
2020-06-08,Tech,0.34854,5,5,16,0.39682
2020-06-08,Utilities,0.31623999999999997,5,2,2,0.13879999999999998
2020-06-09,Comm,0.0,5,3,6,-0.046799999999999994
2020-06-09,Consumer,-0.08734,5,3,26,0.56914
2020-06-09,Energy,0.72604,5,5,20,0.24754000000000004
2020-06-09,Financials,0.31242000000000003,5,5,21,0.38948
2020-06-09,Healthcare,0.018279999999999984,5,3,12,0.33888
2020-06-09,Industrials,0.34228000000000003,5,4,24,0.15375999999999998
2020-06-09,Materials,0.15012,5,2,2,0.16352
2020-06-09,RealEstate,0.01032,5,2,3,0.08452
2020-06-09,Tech,0.5282,5,5,22,0.34854
2020-06-09,Utilities,0.25846,5,2,5,0.31623999999999997
2020-06-10,Comm,-0.04778000000000001,5,4,6,0.0
2020-06-10,Consumer,0.21654,5,5,48,-0.08734
2020-06-10,Energy,-0.29025999999999996,5,5,24,0.72604
2020-06-10,Financials,0.43633999999999995,5,4,19,0.31242000000000003
2020-06-10,Healthcare,0.37942,5,4,24,0.018279999999999984
2020-06-10,Industrials,0.1777,5,2,16,0.34228000000000003
2020-06-10,Materials,0.0,5,0,0,0.15012
2020-06-10,RealEstate,0.02054,5,1,4,0.01032
2020-06-10,Tech,0.12826,5,4,16,0.5282
2020-06-10,Utilities,0.0,5,3,3,0.25846
2020-06-11,Comm,0.1022,5,5,14,-0.04778000000000001
2020-06-11,Consumer,0.1573,5,5,38,0.21654
2020-06-11,Energy,-0.08034,5,5,27,-0.29025999999999996
2020-06-11,Financials,0.3513,5,5,28,0.43633999999999995
2020-06-11,Healthcare,0.37404000000000004,5,5,8,0.37942
2020-06-11,Industrials,0.14392,5,5,25,0.1777
2020-06-11,Materials,0.1721,5,3,4,0.0
2020-06-11,RealEstate,0.16774,5,3,4,0.02054
2020-06-11,Tech,0.49627999999999994,5,4,14,0.12826
2020-06-11,Utilities,0.12728,5,2,2,0.0
2020-06-12,Comm,0.17712,5,3,9,0.1022
2020-06-12,Consumer,0.32936,5,5,20,0.1573
2020-06-12,Energy,0.04178000000000002,5,5,10,-0.08034
2020-06-12,Financials,0.009539999999999998,5,3,6,0.3513
2020-06-12,Healthcare,0.035300000000000005,5,4,10,0.37404000000000004
2020-06-12,Industrials,-0.04577999999999998,5,4,15,0.14392
2020-06-12,Materials,-0.046139999999999994,5,3,4,0.1721
2020-06-12,RealEstate,0.059199999999999996,5,1,1,0.16774
2020-06-12,Tech,0.10366,5,4,19,0.49627999999999994
2020-06-12,Utilities,0.05464,5,1,1,0.12728
2020-06-15,Comm,0.005920000000000003,5,4,16,0.17712
2020-06-15,Consumer,0.09830000000000001,5,5,33,0.32936
2020-06-15,Energy,-0.12796000000000002,5,3,20,0.04178000000000002
2020-06-15,Financials,0.22712,5,4,14,0.009539999999999998
2020-06-15,Healthcare,0.49395999999999995,5,5,19,0.035300000000000005
2020-06-15,Industrials,0.12296,5,4,22,-0.04577999999999998
2020-06-15,Materials,0.05464,5,1,1,-0.046139999999999994
2020-06-15,RealEstate,0.08038,5,1,2,0.059199999999999996
2020-06-15,Tech,0.28476,5,4,13,0.10366
2020-06-15,Utilities,0.29076,5,2,4,0.05464
2020-06-16,Comm,0.04957999999999999,5,5,23,0.005920000000000003
2020-06-16,Consumer,0.37801999999999997,5,4,12,0.09830000000000001
2020-06-16,Energy,0.20764,5,4,15,-0.12796000000000002
2020-06-16,Financials,0.06754,5,4,10,0.22712
2020-06-16,Healthcare,0.08003999999999997,5,4,11,0.49395999999999995
2020-06-16,Industrials,0.47858,5,4,24,0.12296
2020-06-16,Materials,0.0,5,1,1,0.05464
2020-06-16,RealEstate,0.21046,5,2,4,0.08038
2020-06-16,Tech,0.3007,5,4,10,0.28476
2020-06-16,Utilities,0.22296,5,2,3,0.29076
2020-06-17,Comm,0.18818000000000001,5,5,12,0.04957999999999999
2020-06-17,Consumer,0.24894,5,5,20,0.37801999999999997
2020-06-17,Energy,-0.11282,5,4,10,0.20764
2020-06-17,Financials,0.05804,5,4,10,0.06754
2020-06-17,Healthcare,0.016199999999999992,5,4,9,0.08003999999999997
2020-06-17,Industrials,0.0,5,3,6,0.47858
2020-06-17,Materials,-0.12248,5,1,1,0.0
2020-06-17,RealEstate,-0.02394,5,2,3,0.21046
2020-06-17,Tech,0.08502000000000001,5,4,6,0.3007
2020-06-17,Utilities,0.0,5,3,3,0.22296
2020-06-18,Comm,-0.028080000000000004,5,4,16,0.18818000000000001
2020-06-18,Consumer,0.43772,5,5,29,0.24894
2020-06-18,Energy,0.07818,5,4,12,-0.11282
2020-06-18,Financials,-0.15198,5,5,9,0.05804
2020-06-18,Healthcare,0.38151999999999997,5,4,8,0.016199999999999992
2020-06-18,Industrials,-0.15674000000000002,5,3,10,0.0
2020-06-18,Materials,0.0,5,3,3,-0.12248
2020-06-18,RealEstate,0.20776,5,3,3,-0.02394
2020-06-18,Tech,0.22762000000000002,5,4,5,0.08502000000000001
2020-06-18,Utilities,0.14538,5,1,2,0.0
2020-06-19,Comm,0.25484,5,4,11,-0.028080000000000004
2020-06-19,Consumer,0.27418,5,5,21,0.43772
2020-06-19,Energy,0.50388,5,3,17,0.07818
2020-06-19,Financials,-0.22884,5,4,8,-0.15198
2020-06-19,Healthcare,0.23406,5,4,9,0.38151999999999997
2020-06-19,Industrials,0.08808,5,4,5,-0.15674000000000002
2020-06-19,Materials,-0.04526,5,2,2,0.0
2020-06-19,RealEstate,0.0,5,0,0,0.20776
2020-06-19,Tech,-0.14448,5,3,5,0.22762000000000002
2020-06-19,Utilities,0.12854000000000002,5,2,2,0.14538
2020-06-22,Comm,0.28659999999999997,5,4,11,0.25484
2020-06-22,Consumer,0.38680000000000003,5,5,49,0.27418
2020-06-22,Energy,0.23658,5,4,7,0.50388
2020-06-22,Financials,-0.020419999999999983,5,4,9,-0.22884
2020-06-22,Healthcare,0.41394000000000003,5,4,12,0.23406
2020-06-22,Industrials,0.1971,5,3,6,0.08808
2020-06-22,Materials,0.08352,5,2,6,-0.04526
2020-06-22,RealEstate,0.0,5,0,0,0.0
2020-06-22,Tech,0.35682,5,3,13,-0.14448
2020-06-22,Utilities,-0.16076,5,3,6,0.12854000000000002
2020-06-23,Comm,0.2921,5,3,8,0.28659999999999997
2020-06-23,Consumer,0.70478,5,5,40,0.38680000000000003
2020-06-23,Energy,0.3121,5,4,8,0.23658
2020-06-23,Financials,0.17672000000000002,5,4,12,-0.020419999999999983
2020-06-23,Healthcare,-0.00346,5,4,14,0.41394000000000003
2020-06-23,Industrials,0.32364,5,5,15,0.1971
2020-06-23,Materials,0.09176,5,3,5,0.08352
2020-06-23,RealEstate,0.0,5,3,4,0.0
2020-06-23,Tech,0.21962,5,4,12,0.35682
2020-06-23,Utilities,0.05464,5,4,5,-0.16076
2020-06-24,Comm,0.31922,5,3,16,0.2921
2020-06-24,Consumer,0.06834,5,5,25,0.70478
2020-06-24,Energy,-0.46828000000000003,5,5,16,0.3121
2020-06-24,Financials,0.05344,5,3,10,0.17672000000000002
2020-06-24,Healthcare,0.17018,5,4,8,-0.00346
2020-06-24,Industrials,-0.24322,5,5,13,0.32364
2020-06-24,Materials,0.0,5,1,1,0.09176
2020-06-24,RealEstate,-0.07224,5,2,2,0.0
2020-06-24,Tech,-0.22442,5,4,7,0.21962
2020-06-24,Utilities,-0.02054,5,1,1,0.05464
2020-06-25,Comm,0.12735999999999997,5,3,10,0.31922
2020-06-25,Consumer,0.50086,5,5,44,0.06834
2020-06-25,Energy,0.31222,5,5,17,-0.46828000000000003
2020-06-25,Financials,-0.30300000000000005,5,5,22,0.05344
2020-06-25,Healthcare,0.28476,5,3,12,0.17018
2020-06-25,Industrials,0.04291999999999999,5,4,20,-0.24322
2020-06-25,Materials,0.08038,5,1,1,0.0
2020-06-25,RealEstate,0.0,5,0,0,-0.07224
2020-06-25,Tech,-0.36236,5,3,5,-0.22442
2020-06-25,Utilities,0.0,5,1,2,-0.02054
2020-06-26,Comm,0.26422,5,2,5,0.12735999999999997
2020-06-26,Consumer,0.08597999999999999,5,5,24,0.50086
2020-06-26,Energy,0.17012,5,3,9,0.31222
2020-06-26,Financials,-0.08202000000000001,5,4,15,-0.30300000000000005
2020-06-26,Healthcare,-0.03677999999999999,5,3,10,0.28476
2020-06-26,Industrials,0.01538,5,3,12,0.04291999999999999
2020-06-26,Materials,0.068,5,1,1,0.08038
2020-06-26,RealEstate,0.007639999999999999,5,1,2,0.0
2020-06-26,Tech,-0.06376,5,2,3,-0.36236
2020-06-26,Utilities,0.068,5,3,4,0.0
2020-06-29,Comm,0.17738,5,5,22,0.26422
2020-06-29,Consumer,0.4366,5,5,46,0.08597999999999999
2020-06-29,Energy,-0.03507999999999999,5,4,8,0.17012
2020-06-29,Financials,0.3936,5,4,18,-0.08202000000000001
2020-06-29,Healthcare,0.29978,5,5,26,-0.03677999999999999
2020-06-29,Industrials,0.29686,5,2,30,0.01538
2020-06-29,Materials,0.04526,5,2,2,0.068
2020-06-29,RealEstate,0.0,5,1,1,0.007639999999999999
2020-06-29,Tech,0.174,5,2,6,-0.06376
2020-06-29,Utilities,0.0,5,1,1,0.068
2020-06-30,Comm,0.14350000000000002,5,3,9,0.17738
2020-06-30,Consumer,0.14182,5,5,29,0.4366
2020-06-30,Energy,0.30238,5,4,15,-0.03507999999999999
2020-06-30,Financials,0.023500000000000004,5,5,22,0.3936
2020-06-30,Healthcare,0.12944,5,3,8,0.29978
2020-06-30,Industrials,0.08676,5,4,20,0.29686
2020-06-30,Materials,0.04046,5,3,3,0.04526
2020-06-30,RealEstate,0.14436,5,2,2,0.0
2020-06-30,Tech,0.3629,5,2,9,0.174
2020-06-30,Utilities,0.068,5,1,2,0.0
2020-07-01,Comm,-0.06364,5,4,6,0.14350000000000002
2020-07-01,Consumer,-0.1638,5,5,29,0.14182
2020-07-01,Energy,0.04583999999999999,5,4,7,0.30238
2020-07-01,Financials,-0.31945999999999997,5,3,7,0.023500000000000004
2020-07-01,Healthcare,0.49672,5,4,16,0.12944
2020-07-01,Industrials,0.37788000000000005,5,3,12,0.08676
2020-07-01,Materials,0.04046,5,2,2,0.04046
2020-07-01,RealEstate,0.0,5,2,2,0.14436
2020-07-01,Tech,0.21719999999999998,5,3,5,0.3629
2020-07-01,Utilities,0.20122,5,4,6,0.068
2020-07-02,Comm,-0.03558,5,3,7,-0.06364
2020-07-02,Consumer,0.31104000000000004,5,5,23,-0.1638
2020-07-02,Energy,0.21267999999999998,5,5,22,0.04583999999999999
2020-07-02,Financials,0.38722,5,5,24,-0.31945999999999997
2020-07-02,Healthcare,0.12854000000000002,5,3,8,0.49672
2020-07-02,Industrials,0.02066,5,4,15,0.37788000000000005
2020-07-02,Materials,0.0,5,1,1,0.04046
2020-07-02,RealEstate,-0.0256,5,2,3,0.0
2020-07-02,Tech,0.20796,5,2,5,0.21719999999999998
2020-07-02,Utilities,0.32296,5,2,2,0.20122
2020-07-06,Comm,0.13602,5,5,21,-0.03558
2020-07-06,Consumer,0.08195999999999999,5,5,44,0.31104000000000004
2020-07-06,Energy,0.3544,5,5,16,0.21267999999999998
2020-07-06,Financials,-0.027740000000000008,5,4,15,0.38722
2020-07-06,Healthcare,0.39371999999999996,5,5,28,0.12854000000000002
2020-07-06,Industrials,-0.14176,5,5,16,0.02066
2020-07-06,Materials,-0.11144000000000001,5,2,5,0.0
2020-07-06,RealEstate,-0.06364,5,2,2,-0.0256
2020-07-06,Tech,0.12064,5,4,23,0.20796
2020-07-06,Utilities,0.51688,5,3,37,0.32296
2020-07-07,Comm,0.21094,5,5,14,0.13602
2020-07-07,Consumer,0.35696,5,4,23,0.08195999999999999
2020-07-07,Energy,0.07799999999999999,5,3,13,0.3544
2020-07-07,Financials,0.006440000000000001,5,2,3,-0.027740000000000008
2020-07-07,Healthcare,0.29774,5,4,11,0.39371999999999996
2020-07-07,Industrials,0.04414,5,2,8,-0.14176
2020-07-07,Materials,0.0,5,1,1,-0.11144000000000001
2020-07-07,RealEstate,0.06364,5,1,2,-0.06364
2020-07-07,Tech,0.14006000000000002,5,2,2,0.12064
2020-07-07,Utilities,-0.14368,5,2,3,0.51688
2020-07-08,Comm,-0.25944,5,4,8,0.21094
2020-07-08,Consumer,0.5556,5,5,22,0.35696
2020-07-08,Energy,0.1645,5,1,2,0.07799999999999999
2020-07-08,Financials,0.35888,5,4,8,0.006440000000000001
2020-07-08,Healthcare,0.2932,5,4,17,0.29774
2020-07-08,Industrials,0.27236000000000005,5,5,10,0.04414
2020-07-08,Materials,0.11438,5,1,1,0.0
2020-07-08,RealEstate,-0.11988000000000001,5,1,1,0.06364
2020-07-08,Tech,-0.07156,5,3,9,0.14006000000000002
2020-07-08,Utilities,-0.04611999999999998,5,3,8,-0.14368
2020-07-09,Comm,0.22496,5,2,6,-0.25944
2020-07-09,Consumer,0.21270000000000003,5,5,24,0.5556
2020-07-09,Energy,0.34672000000000003,5,4,11,0.1645
2020-07-09,Financials,0.45843999999999996,5,4,18,0.35888
2020-07-09,Healthcare,0.061,5,3,7,0.2932
2020-07-09,Industrials,-0.0023599999999999845,5,3,5,0.27236000000000005
2020-07-09,Materials,0.0,5,2,2,0.11438
2020-07-09,RealEstate,0.0,5,2,2,-0.11988000000000001
2020-07-09,Tech,0.23247999999999996,5,3,11,-0.07156
2020-07-09,Utilities,0.10533999999999999,5,3,3,-0.04611999999999998
2020-07-10,Comm,0.0,5,2,4,0.22496
2020-07-10,Consumer,-0.06366000000000001,5,5,15,0.21270000000000003
2020-07-10,Energy,0.2508,5,5,9,0.34672000000000003
2020-07-10,Financials,0.17842,5,5,19,0.45843999999999996
2020-07-10,Healthcare,0.39112,5,5,28,0.061
2020-07-10,Industrials,-0.18932,5,3,9,-0.0023599999999999845
2020-07-10,Materials,0.0,5,1,1,0.0
2020-07-10,RealEstate,0.01544,5,1,1,0.0
2020-07-10,Tech,0.0,5,3,5,0.23247999999999996
2020-07-10,Utilities,0.14728,5,2,2,0.10533999999999999
2020-07-13,Comm,0.13336,5,3,11,0.0
2020-07-13,Consumer,0.3672,5,5,29,-0.06366000000000001
2020-07-13,Energy,0.30310000000000004,5,3,4,0.2508
2020-07-13,Financials,0.16356,5,5,18,0.17842
2020-07-13,Healthcare,0.16758,5,5,14,0.39112
2020-07-13,Industrials,0.2682,5,4,7,-0.18932
2020-07-13,Materials,0.0,5,2,2,0.0
2020-07-13,RealEstate,0.0,5,1,1,0.01544
2020-07-13,Tech,0.32932,5,4,8,0.0
2020-07-13,Utilities,-0.007520000000000004,5,4,6,0.14728
2020-07-14,Comm,0.1641,5,4,10,0.13336
2020-07-14,Consumer,0.27603999999999995,5,5,23,0.3672
2020-07-14,Energy,-0.01032,5,1,2,0.30310000000000004
2020-07-14,Financials,0.18050000000000002,5,4,47,0.16356
2020-07-14,Healthcare,0.25294,5,5,8,0.16758
2020-07-14,Industrials,0.23478000000000004,5,5,17,0.2682
2020-07-14,Materials,0.0,5,0,0,0.0
2020-07-14,RealEstate,0.0,5,1,1,0.0
2020-07-14,Tech,0.20796,5,4,12,0.32932
2020-07-14,Utilities,0.10928,5,2,2,-0.007520000000000004
2020-07-15,Comm,0.18482,5,4,7,0.1641
2020-07-15,Consumer,0.46243999999999996,5,5,29,0.27603999999999995
2020-07-15,Energy,-0.22344,5,3,8,-0.01032
2020-07-15,Financials,0.76814,5,5,44,0.18050000000000002
2020-07-15,Healthcare,0.29696,5,2,5,0.25294
2020-07-15,Industrials,0.2866,5,5,8,0.23478000000000004
2020-07-15,Materials,0.0,5,0,0,0.0
2020-07-15,RealEstate,0.01714,5,3,5,0.0
2020-07-15,Tech,0.12708,5,4,9,0.20796
2020-07-15,Utilities,0.36432000000000003,5,3,4,0.10928
2020-07-16,Comm,0.16440000000000002,5,4,7,0.18482
2020-07-16,Consumer,0.32521999999999995,5,5,25,0.46243999999999996
2020-07-16,Energy,0.1936,5,3,10,-0.22344
2020-07-16,Financials,0.010280000000000001,5,3,19,0.76814
2020-07-16,Healthcare,0.32588,5,4,13,0.29696
2020-07-16,Industrials,0.00516,5,4,9,0.2866
2020-07-16,Materials,0.01032,5,3,3,0.0
2020-07-16,RealEstate,0.0,5,0,0,0.01714
2020-07-16,Tech,-0.03745999999999998,5,4,11,0.12708
2020-07-16,Utilities,0.11438,5,4,5,0.36432000000000003
2020-07-17,Comm,-0.15158,5,1,2,0.16440000000000002
2020-07-17,Consumer,0.18848000000000004,5,5,19,0.32521999999999995
2020-07-17,Energy,-0.013660000000000009,5,4,8,0.1936
2020-07-17,Financials,-0.12962,5,4,18,0.010280000000000001
2020-07-17,Healthcare,0.011519999999999997,5,4,11,0.32588
2020-07-17,Industrials,-0.05007999999999999,5,2,5,0.00516
2020-07-17,Materials,0.0,5,2,2,0.01032
2020-07-17,RealEstate,0.0,5,0,0,0.0
2020-07-17,Tech,-0.13886,5,3,7,-0.03745999999999998
2020-07-17,Utilities,0.19182,5,3,3,0.11438
2020-07-20,Comm,0.16252,5,3,8,-0.15158
2020-07-20,Consumer,0.25326,5,4,31,0.18848000000000004
2020-07-20,Energy,0.37160000000000004,5,5,26,-0.013660000000000009
2020-07-20,Financials,0.23169999999999996,5,3,13,-0.12962
2020-07-20,Healthcare,0.25728,5,3,7,0.011519999999999997
2020-07-20,Industrials,0.06591999999999998,5,3,14,-0.05007999999999999
2020-07-20,Materials,0.0,5,1,1,0.0
2020-07-20,RealEstate,0.0,5,4,5,0.0
2020-07-20,Tech,0.35028,5,4,22,-0.13886
2020-07-20,Utilities,-0.04266000000000001,5,3,7,0.19182
2020-07-21,Comm,0.35296000000000005,5,5,10,0.16252
2020-07-21,Consumer,0.6905,5,5,46,0.25326
2020-07-21,Energy,0.7112999999999999,5,5,32,0.37160000000000004
2020-07-21,Financials,0.34526,5,4,12,0.23169999999999996
2020-07-21,Healthcare,0.4739,5,4,15,0.25728
2020-07-21,Industrials,0.14356,5,2,9,0.06591999999999998
2020-07-21,Materials,0.0,5,0,0,0.0
2020-07-21,RealEstate,0.08808,5,1,5,0.0
2020-07-21,Tech,0.34198,5,4,12,0.35028
2020-07-21,Utilities,0.06495999999999999,5,2,3,-0.04266000000000001
2020-07-22,Comm,0.17984,5,4,7,0.35296000000000005
2020-07-22,Consumer,0.24925999999999998,5,5,17,0.6905
2020-07-22,Energy,0.30247999999999997,5,5,13,0.7112999999999999
2020-07-22,Financials,0.14356,5,4,15,0.34526
2020-07-22,Healthcare,0.42678000000000005,5,3,5,0.4739
2020-07-22,Industrials,-0.06053999999999998,5,3,14,0.14356
2020-07-22,Materials,0.05464,5,2,2,0.0
2020-07-22,RealEstate,0.07636,5,1,2,0.08808
2020-07-22,Tech,0.29322,5,3,9,0.34198
2020-07-22,Utilities,0.0,5,0,0,0.06495999999999999
2020-07-23,Comm,-0.1046,5,3,10,0.17984
2020-07-23,Consumer,0.33318,5,5,32,0.24925999999999998
2020-07-23,Energy,0.044480000000000006,5,4,7,0.30247999999999997
2020-07-23,Financials,0.0,5,5,10,0.14356
2020-07-23,Healthcare,-0.03259999999999998,5,5,7,0.42678000000000005
2020-07-23,Industrials,0.11383999999999998,5,5,12,-0.06053999999999998
2020-07-23,Materials,-0.027119999999999995,5,4,11,0.05464
2020-07-23,RealEstate,0.059199999999999996,5,2,3,0.07636
2020-07-23,Tech,0.37888,5,3,15,0.29322
2020-07-23,Utilities,0.12266000000000002,5,2,4,0.0
2020-07-24,Comm,0.14072,5,4,18,-0.1046
2020-07-24,Consumer,-0.09363999999999999,5,5,19,0.33318
2020-07-24,Energy,0.20129999999999998,5,4,18,0.044480000000000006
2020-07-24,Financials,-0.06948,5,4,16,0.0
2020-07-24,Healthcare,0.32176,5,5,10,-0.03259999999999998
2020-07-24,Industrials,0.09908,5,4,14,0.11383999999999998
2020-07-24,Materials,0.16758,5,3,5,-0.027119999999999995
2020-07-24,RealEstate,0.0,5,1,1,0.059199999999999996
2020-07-24,Tech,-0.022099999999999988,5,3,44,0.37888
2020-07-24,Utilities,0.31722,5,3,9,0.12266000000000002
2020-07-27,Comm,0.14368,5,2,5,0.14072
2020-07-27,Consumer,0.32436000000000004,5,4,21,-0.09363999999999999
2020-07-27,Energy,0.16924,5,4,14,0.20129999999999998
2020-07-27,Financials,0.29379999999999995,5,4,14,-0.06948
2020-07-27,Healthcare,-0.036,5,4,14,0.32176
2020-07-27,Industrials,0.2125,5,4,13,0.09908
2020-07-27,Materials,0.09878,5,4,9,0.16758
2020-07-27,RealEstate,0.0749,5,2,3,0.0
2020-07-27,Tech,0.46824000000000005,5,4,34,-0.022099999999999988
2020-07-27,Utilities,0.08634,5,4,12,0.31722
2020-07-28,Comm,0.26837999999999995,5,2,9,0.14368
2020-07-28,Consumer,0.37751999999999997,5,5,21,0.32436000000000004
2020-07-28,Energy,0.08092,5,2,2,0.16924
2020-07-28,Financials,0.15642,5,4,17,0.29379999999999995
2020-07-28,Healthcare,0.24084000000000003,5,4,14,-0.036
2020-07-28,Industrials,-0.014280000000000004,5,4,29,0.2125
2020-07-28,Materials,0.16898,5,2,9,0.09878
2020-07-28,RealEstate,0.0,5,0,0,0.0749
2020-07-28,Tech,0.30032000000000003,5,3,17,0.46824000000000005
2020-07-28,Utilities,0.08808,5,1,2,0.08634
2020-07-29,Comm,0.02090000000000001,5,4,12,0.26837999999999995
2020-07-29,Consumer,0.21904000000000004,5,5,39,0.37751999999999997
2020-07-29,Energy,0.2604,5,4,5,0.08092
2020-07-29,Financials,0.18580000000000002,5,4,13,0.15642
2020-07-29,Healthcare,0.10556000000000001,5,5,11,0.24084000000000003
2020-07-29,Industrials,0.34565999999999997,5,4,40,-0.014280000000000004
2020-07-29,Materials,0.07636,5,3,4,0.16898
2020-07-29,RealEstate,0.12476000000000001,5,5,6,0.0
2020-07-29,Tech,0.6333,5,4,43,0.30032000000000003
2020-07-29,Utilities,0.1367,5,3,5,0.08808
2020-07-30,Comm,0.27024,5,5,15,0.02090000000000001
2020-07-30,Consumer,0.43360000000000004,5,5,24,0.21904000000000004
2020-07-30,Energy,0.2704,5,5,29,0.2604
2020-07-30,Financials,0.31484,5,3,9,0.18580000000000002
2020-07-30,Healthcare,-0.08808,5,4,11,0.10556000000000001
2020-07-30,Industrials,0.46315999999999996,5,5,46,0.34565999999999997
2020-07-30,Materials,0.12040000000000002,5,5,12,0.07636
2020-07-30,RealEstate,-0.09534000000000001,5,4,6,0.12476000000000001
2020-07-30,Tech,0.12228000000000001,5,4,40,0.6333
2020-07-30,Utilities,0.10533999999999999,5,3,5,0.1367
2020-07-31,Comm,0.24577999999999997,5,3,6,0.27024
2020-07-31,Consumer,0.20034000000000002,5,5,19,0.43360000000000004
2020-07-31,Energy,-0.07224000000000001,5,2,36,0.2704
2020-07-31,Financials,0.011819999999999997,5,3,6,0.31484
2020-07-31,Healthcare,0.11853999999999998,5,3,35,-0.08808
2020-07-31,Industrials,0.043940000000000014,5,5,24,0.46315999999999996
2020-07-31,Materials,0.05464,5,1,1,0.12040000000000002
2020-07-31,RealEstate,0.11717999999999999,5,2,3,-0.09534000000000001
2020-07-31,Tech,0.21067999999999998,5,2,4,0.12228000000000001
2020-07-31,Utilities,0.18434,5,2,7,0.10533999999999999
2020-08-03,Comm,0.60812,5,5,22,0.24577999999999997
2020-08-03,Consumer,0.35394000000000003,5,5,36,0.20034000000000002
2020-08-03,Energy,-0.025739999999999996,5,5,16,-0.07224000000000001
2020-08-03,Financials,0.14346,5,5,13,0.011819999999999997
2020-08-03,Healthcare,0.25895999999999997,5,5,24,0.11853999999999998
2020-08-03,Industrials,-0.225,5,5,27,0.043940000000000014
2020-08-03,Materials,0.2535,5,2,2,0.05464
2020-08-03,RealEstate,-0.01032,5,2,2,0.11717999999999999
2020-08-03,Tech,0.39648000000000005,5,3,15,0.21067999999999998
2020-08-03,Utilities,0.22713999999999998,5,2,4,0.18434
2020-08-04,Comm,0.05852,5,5,21,0.60812
2020-08-04,Consumer,0.38618,5,5,40,0.35394000000000003
2020-08-04,Energy,-0.03882,5,2,10,-0.025739999999999996
2020-08-04,Financials,-0.003839999999999999,5,5,11,0.14346
2020-08-04,Healthcare,0.07088,5,4,11,0.25895999999999997
2020-08-04,Industrials,0.018999999999999996,5,3,16,-0.225
2020-08-04,Materials,0.11839999999999999,5,4,4,0.2535
2020-08-04,RealEstate,-0.11988000000000001,5,1,2,-0.01032
2020-08-04,Tech,0.43914,5,3,23,0.39648000000000005
2020-08-04,Utilities,0.33514,5,3,5,0.22713999999999998
2020-08-05,Comm,0.2021,5,4,10,0.05852
2020-08-05,Consumer,0.07424,5,5,52,0.38618
2020-08-05,Energy,0.35334,5,3,15,-0.03882
2020-08-05,Financials,0.29286,5,3,13,-0.003839999999999999
2020-08-05,Healthcare,-0.013979999999999992,5,3,3,0.07088
2020-08-05,Industrials,0.14278,5,5,12,0.018999999999999996
2020-08-05,Materials,-0.02054,5,3,4,0.11839999999999999
2020-08-05,RealEstate,0.059199999999999996,5,2,3,-0.11988000000000001
2020-08-05,Tech,0.37774,5,4,19,0.43914
2020-08-05,Utilities,-0.02054,5,3,4,0.33514
2020-08-06,Comm,0.38330000000000003,5,3,13,0.2021
2020-08-06,Consumer,0.19982000000000003,5,5,17,0.07424
2020-08-06,Energy,0.17182,5,2,5,0.35334
2020-08-06,Financials,0.06332000000000002,5,4,8,0.29286
2020-08-06,Healthcare,0.42682000000000003,5,3,11,-0.013979999999999992
2020-08-06,Industrials,0.25396,5,3,5,0.14278
2020-08-06,Materials,0.20776,5,3,3,-0.02054
2020-08-06,RealEstate,0.0,5,2,3,0.059199999999999996
2020-08-06,Tech,-0.03927999999999999,5,3,7,0.37774
2020-08-06,Utilities,0.09878,5,2,8,-0.02054
2020-08-07,Comm,0.10333999999999999,5,2,28,0.38330000000000003
2020-08-07,Consumer,0.28193999999999997,5,4,15,0.19982000000000003
2020-08-07,Energy,0.10928,5,3,9,0.17182
2020-08-07,Financials,0.02285999999999999,5,3,7,0.06332000000000002
2020-08-07,Healthcare,0.48472,5,5,13,0.42682000000000003
2020-08-07,Industrials,0.10289999999999999,5,4,8,0.25396
2020-08-07,Materials,0.0,5,0,0,0.20776
2020-08-07,RealEstate,0.35462000000000005,5,4,6,0.0
2020-08-07,Tech,0.12738,5,2,3,-0.03927999999999999
2020-08-07,Utilities,0.0,5,1,1,0.09878
2020-08-10,Comm,0.41378000000000004,5,5,11,0.10333999999999999
2020-08-10,Consumer,0.40508,5,5,24,0.28193999999999997
2020-08-10,Energy,0.09184,5,5,18,0.10928
2020-08-10,Financials,0.42328,5,5,10,0.02285999999999999
2020-08-10,Healthcare,0.13555999999999999,5,3,8,0.48472
2020-08-10,Industrials,0.27426,5,3,10,0.10289999999999999
2020-08-10,Materials,0.16294000000000003,5,3,5,0.0
2020-08-10,RealEstate,0.0,5,1,1,0.35462000000000005
2020-08-10,Tech,0.21939999999999998,5,4,11,0.12738
2020-08-10,Utilities,0.03406,5,3,6,0.0
2020-08-11,Comm,0.06576,5,3,9,0.41378000000000004
2020-08-11,Consumer,0.30006000000000005,5,4,22,0.40508
2020-08-11,Energy,0.3743,5,4,14,0.09184
2020-08-11,Financials,0.3228,5,4,21,0.42328
2020-08-11,Healthcare,0.068,5,3,6,0.13555999999999999
2020-08-11,Industrials,0.04046,5,3,12,0.27426
2020-08-11,Materials,0.0,5,1,4,0.16294000000000003
2020-08-11,RealEstate,0.08038,5,1,1,0.0
2020-08-11,Tech,0.39824000000000004,5,3,11,0.21939999999999998
2020-08-11,Utilities,0.14272,5,2,2,0.03406
2020-08-12,Comm,0.2193,5,3,7,0.06576
2020-08-12,Consumer,0.1312,5,4,14,0.30006000000000005
2020-08-12,Energy,0.36106,5,5,11,0.3743
2020-08-12,Financials,0.23224,5,4,22,0.3228
2020-08-12,Healthcare,0.04046,5,3,4,0.068
2020-08-12,Industrials,-0.05082,5,4,11,0.04046
2020-08-12,Materials,0.0,5,0,0,0.0
2020-08-12,RealEstate,0.0,5,1,1,0.08038
2020-08-12,Tech,-0.32599999999999996,5,4,18,0.39824000000000004
2020-08-12,Utilities,0.09262000000000001,5,5,9,0.14272
2020-08-13,Comm,0.11839999999999999,5,4,10,0.2193
2020-08-13,Consumer,0.23836,5,5,16,0.1312
2020-08-13,Energy,0.05464,5,2,3,0.36106
2020-08-13,Financials,-0.33506,5,5,12,0.23224
2020-08-13,Healthcare,-0.13394,5,5,5,0.04046
2020-08-13,Industrials,-0.0901,5,3,8,-0.05082
2020-08-13,Materials,0.0,5,1,1,0.0
2020-08-13,RealEstate,0.0,5,1,2,0.0
2020-08-13,Tech,-0.0044399999999999995,5,3,12,-0.32599999999999996
2020-08-13,Utilities,0.0,5,2,2,0.09262000000000001
2020-08-14,Comm,-0.06364,5,4,6,0.11839999999999999
2020-08-14,Consumer,0.1648,5,4,12,0.23836
2020-08-14,Energy,0.36846,5,3,8,0.05464
2020-08-14,Financials,0.12356,5,4,12,-0.33506
2020-08-14,Healthcare,0.0,5,2,3,-0.13394
2020-08-14,Industrials,0.03004,5,5,12,-0.0901
2020-08-14,Materials,0.0,5,3,3,0.0
2020-08-14,RealEstate,0.07636,5,3,3,0.0
2020-08-14,Tech,0.34762000000000004,5,4,8,-0.0044399999999999995
2020-08-14,Utilities,0.25476,5,2,2,0.0
2020-08-17,Comm,0.27174,5,5,9,-0.06364
2020-08-17,Consumer,0.28874000000000005,5,5,46,0.1648
2020-08-17,Energy,-0.07963999999999999,5,4,17,0.36846
2020-08-17,Financials,0.055240000000000025,5,4,12,0.12356
2020-08-17,Healthcare,0.3894,5,5,8,0.0
2020-08-17,Industrials,0.30012,5,3,11,0.03004
2020-08-17,Materials,0.23090000000000002,5,3,6,0.0
2020-08-17,RealEstate,0.12738,5,2,2,0.07636
2020-08-17,Tech,-0.057539999999999994,5,4,13,0.34762000000000004
2020-08-17,Utilities,0.24242,5,2,3,0.25476
2020-08-18,Comm,0.09981999999999999,5,5,13,0.27174
2020-08-18,Consumer,0.32911999999999997,5,5,44,0.28874000000000005
2020-08-18,Energy,0.11383999999999998,5,4,12,-0.07963999999999999
2020-08-18,Financials,0.19276,5,4,12,0.055240000000000025
2020-08-18,Healthcare,-0.12796000000000002,5,3,6,0.3894
2020-08-18,Industrials,0.35975999999999997,5,2,8,0.30012
2020-08-18,Materials,0.059199999999999996,5,3,3,0.23090000000000002
2020-08-18,RealEstate,0.16148,5,1,2,0.12738
2020-08-18,Tech,0.06811999999999999,5,4,13,-0.057539999999999994
2020-08-18,Utilities,0.09152,5,1,1,0.24242
2020-08-19,Comm,0.0,5,1,1,0.09981999999999999
2020-08-19,Consumer,0.514,5,5,32,0.32911999999999997
2020-08-19,Energy,0.17606,5,3,8,0.11383999999999998
2020-08-19,Financials,0.007800000000000001,5,3,8,0.19276
2020-08-19,Healthcare,0.24366000000000004,5,4,17,-0.12796000000000002
2020-08-19,Industrials,0.38595999999999997,5,4,12,0.35975999999999997
2020-08-19,Materials,0.0,5,1,2,0.059199999999999996
2020-08-19,RealEstate,0.0,5,3,3,0.16148
2020-08-19,Tech,0.09478,5,2,5,0.06811999999999999
2020-08-19,Utilities,0.0,5,0,0,0.09152
2020-08-20,Comm,0.0256,5,4,8,0.0
2020-08-20,Consumer,0.32824,5,5,19,0.514
2020-08-20,Energy,0.20776,5,4,14,0.17606
2020-08-20,Financials,0.60858,5,5,16,0.007800000000000001
2020-08-20,Healthcare,0.008139999999999991,5,5,7,0.24366000000000004
2020-08-20,Industrials,0.3552,5,4,14,0.38595999999999997
2020-08-20,Materials,0.11532,5,3,5,0.0
2020-08-20,RealEstate,0.0,5,2,2,0.0
2020-08-20,Tech,0.09834,5,2,19,0.09478
2020-08-20,Utilities,0.20768,5,5,8,0.0
2020-08-21,Comm,0.11364,5,3,10,0.0256
2020-08-21,Consumer,0.5645399999999999,5,5,21,0.32824
2020-08-21,Energy,0.15342,5,2,7,0.20776
2020-08-21,Financials,0.47058,5,4,15,0.60858
2020-08-21,Healthcare,0.17778,5,2,5,0.008139999999999991
2020-08-21,Industrials,-0.0373,5,5,14,0.3552
2020-08-21,Materials,-0.0256,5,1,1,0.11532
2020-08-21,RealEstate,-0.017159999999999998,5,2,4,0.0
2020-08-21,Tech,0.0437,5,4,13,0.09834
2020-08-21,Utilities,0.16932,5,2,3,0.20768
2020-08-24,Comm,-0.015400000000000002,5,2,6,0.11364
2020-08-24,Consumer,0.41411999999999993,5,5,18,0.5645399999999999
2020-08-24,Energy,0.22009999999999996,5,3,22,0.15342
2020-08-24,Financials,0.51544,5,5,9,0.47058
2020-08-24,Healthcare,0.27466,5,4,6,0.17778
2020-08-24,Industrials,0.50478,5,4,16,-0.0373
2020-08-24,Materials,0.04046,5,3,3,-0.0256
2020-08-24,RealEstate,-0.02054,5,4,4,-0.017159999999999998
2020-08-24,Tech,-0.004220000000000024,5,3,13,0.0437
2020-08-24,Utilities,0.023919999999999986,5,3,4,0.16932
2020-08-25,Comm,0.05384,5,2,4,-0.015400000000000002
2020-08-25,Consumer,0.13472,5,4,15,0.41411999999999993
2020-08-25,Energy,0.1116,5,2,16,0.22009999999999996
2020-08-25,Financials,0.22132000000000002,5,3,6,0.51544
2020-08-25,Healthcare,0.2679,5,3,20,0.27466
2020-08-25,Industrials,0.17524,5,5,8,0.50478
2020-08-25,Materials,-0.03558,5,1,1,0.04046
2020-08-25,RealEstate,0.05,5,2,2,-0.02054
2020-08-25,Tech,0.04046,5,4,12,-0.004220000000000024
2020-08-25,Utilities,0.07224,5,2,2,0.023919999999999986
2020-08-26,Comm,0.18148,5,4,10,0.05384
2020-08-26,Consumer,0.29418,5,4,15,0.13472
2020-08-26,Energy,0.3971,5,3,12,0.1116
2020-08-26,Financials,0.14887999999999998,5,4,11,0.22132000000000002
2020-08-26,Healthcare,0.09097999999999999,5,5,10,0.2679
2020-08-26,Industrials,-0.0008199999999999874,5,4,8,0.17524
2020-08-26,Materials,0.059199999999999996,5,1,1,-0.03558
2020-08-26,RealEstate,0.20614,5,3,4,0.05
2020-08-26,Tech,0.17470000000000002,5,3,9,0.04046
2020-08-26,Utilities,0.37279999999999996,5,3,8,0.07224
2020-08-27,Comm,0.04046,5,2,3,0.18148
2020-08-27,Consumer,0.19278,5,5,27,0.29418
2020-08-27,Energy,-0.16340000000000002,5,5,16,0.3971
2020-08-27,Financials,-0.06839999999999999,5,3,4,0.14887999999999998
2020-08-27,Healthcare,0.30198,5,5,36,0.09097999999999999
2020-08-27,Industrials,0.28054,5,5,20,-0.0008199999999999874
2020-08-27,Materials,0.0,5,2,3,0.059199999999999996
2020-08-27,RealEstate,0.24578000000000003,5,3,4,0.20614
2020-08-27,Tech,0.24061999999999997,5,4,13,0.17470000000000002
2020-08-27,Utilities,0.0,5,2,2,0.37279999999999996
2020-08-28,Comm,0.15318,5,2,7,0.04046
2020-08-28,Consumer,0.30872,5,3,23,0.19278
2020-08-28,Energy,0.01032,5,3,7,-0.16340000000000002
2020-08-28,Financials,-0.1931,5,5,12,-0.06839999999999999
2020-08-28,Healthcare,-0.06495999999999999,5,5,14,0.30198
2020-08-28,Industrials,0.03558,5,3,8,0.28054
2020-08-28,Materials,-0.04526,5,2,4,0.0
2020-08-28,RealEstate,0.0,5,1,1,0.24578000000000003
2020-08-28,Tech,0.2972,5,2,4,0.24061999999999997
2020-08-28,Utilities,0.0,5,0,0,0.0
2020-08-31,Comm,0.14401999999999998,5,3,5,0.15318
2020-08-31,Consumer,0.17909999999999998,5,5,27,0.30872
2020-08-31,Energy,0.0010600000000000054,5,5,23,0.01032
2020-08-31,Financials,0.11187999999999998,5,5,8,-0.1931
2020-08-31,Healthcare,0.44824,5,4,16,-0.06495999999999999
2020-08-31,Industrials,0.5716,5,5,16,0.03558
2020-08-31,Materials,0.0,5,2,2,-0.04526
2020-08-31,RealEstate,0.24176000000000003,5,2,2,0.0
2020-08-31,Tech,0.39312,5,4,18,0.2972
2020-08-31,Utilities,0.16706000000000001,5,5,12,0.0
2020-09-01,Comm,0.13616,5,3,4,0.14401999999999998
2020-09-01,Consumer,0.38948,5,4,29,0.17909999999999998
2020-09-01,Energy,0.12378,5,4,13,0.0010600000000000054
2020-09-01,Financials,0.12738,5,5,9,0.11187999999999998
2020-09-01,Healthcare,0.28132,5,4,21,0.44824
2020-09-01,Industrials,0.07908,5,3,4,0.5716
2020-09-01,Materials,0.0,5,0,0,0.0
2020-09-01,RealEstate,-0.009760000000000001,5,3,4,0.24176000000000003
2020-09-01,Tech,0.03924000000000001,5,4,15,0.39312
2020-09-01,Utilities,0.0,5,1,1,0.16706000000000001
2020-09-02,Comm,0.31442,5,3,7,0.13616
2020-09-02,Consumer,0.54078,5,5,17,0.38948
2020-09-02,Energy,-0.1092,5,2,7,0.12378
2020-09-02,Financials,0.18252,5,3,10,0.12738
2020-09-02,Healthcare,-0.14072,5,4,8,0.28132
2020-09-02,Industrials,0.23102,5,3,8,0.07908
2020-09-02,Materials,0.0,5,3,3,0.0
2020-09-02,RealEstate,0.0,5,1,1,-0.009760000000000001
2020-09-02,Tech,0.28536,5,3,11,0.03924000000000001
2020-09-02,Utilities,0.35608,5,3,3,0.0
2020-09-03,Comm,0.18548,5,3,10,0.31442
2020-09-03,Consumer,0.48062000000000005,5,4,20,0.54078
2020-09-03,Energy,0.2226,5,3,7,-0.1092
2020-09-03,Financials,0.30962,5,5,12,0.18252
2020-09-03,Healthcare,0.11148,5,3,10,-0.14072
2020-09-03,Industrials,0.22762000000000002,5,4,10,0.23102
2020-09-03,Materials,0.09176,5,2,5,0.0
2020-09-03,RealEstate,0.0,5,1,1,0.0
2020-09-03,Tech,0.18834,5,3,10,0.28536
2020-09-03,Utilities,0.15012,5,1,2,0.35608
2020-09-04,Comm,0.22832,5,2,7,0.18548
2020-09-04,Consumer,0.061939999999999995,5,5,16,0.48062000000000005
2020-09-04,Energy,0.10846,5,4,7,0.2226
2020-09-04,Financials,-0.28334000000000004,5,5,16,0.30962
2020-09-04,Healthcare,0.027140000000000008,5,2,11,0.11148
2020-09-04,Industrials,0.0,5,3,5,0.22762000000000002
2020-09-04,Materials,0.059199999999999996,5,3,5,0.09176
2020-09-04,RealEstate,0.16784000000000002,5,3,5,0.0
2020-09-04,Tech,0.25874,5,4,5,0.18834
2020-09-04,Utilities,0.04046,5,1,1,0.15012
2020-09-08,Comm,0.18466,5,2,6,0.22832
2020-09-08,Consumer,0.62214,5,5,41,0.061939999999999995
2020-09-08,Energy,0.02014,5,5,21,0.10846
2020-09-08,Financials,0.24436,5,5,16,-0.28334000000000004
2020-09-08,Healthcare,0.22046000000000002,5,5,15,0.027140000000000008
2020-09-08,Industrials,0.06758,5,5,16,0.0
2020-09-08,Materials,0.05,5,2,2,0.059199999999999996
2020-09-08,RealEstate,0.05464,5,1,2,0.16784000000000002
2020-09-08,Tech,0.36982,5,4,13,0.25874
2020-09-08,Utilities,-0.027180000000000003,5,5,11,0.04046
2020-09-09,Comm,0.21231999999999998,5,3,5,0.18466
2020-09-09,Consumer,0.4214399999999999,5,4,22,0.62214
2020-09-09,Energy,0.09176,5,1,2,0.02014
2020-09-09,Financials,-0.17782,5,4,6,0.24436
2020-09-09,Healthcare,0.3127,5,3,9,0.22046000000000002
2020-09-09,Industrials,0.13531999999999997,5,3,10,0.06758
2020-09-09,Materials,0.0,5,0,0,0.05
2020-09-09,RealEstate,-0.12498000000000001,5,1,1,0.05464
2020-09-09,Tech,0.10628,5,4,14,0.36982
2020-09-09,Utilities,0.1486,5,1,1,-0.027180000000000003
2020-09-10,Comm,-0.046299999999999994,5,2,3,0.21231999999999998
2020-09-10,Consumer,0.25404,5,4,15,0.4214399999999999
2020-09-10,Energy,0.05464,5,2,2,0.09176
2020-09-10,Financials,-0.00938,5,4,8,-0.17782
2020-09-10,Healthcare,0.12738,5,1,1,0.3127
2020-09-10,Industrials,0.06654000000000002,5,2,8,0.13531999999999997
2020-09-10,Materials,0.06582,5,2,2,0.0
2020-09-10,RealEstate,0.0,5,0,0,-0.12498000000000001
2020-09-10,Tech,0.30785999999999997,5,3,11,0.10628
2020-09-10,Utilities,0.0,5,2,2,0.1486
2020-09-11,Comm,-0.00884,5,3,4,-0.046299999999999994
2020-09-11,Consumer,0.19704,5,4,14,0.25404
2020-09-11,Energy,0.14123999999999998,5,3,7,0.05464
2020-09-11,Financials,-0.11988000000000001,5,3,6,-0.00938
2020-09-11,Healthcare,-0.09804,5,5,14,0.12738
2020-09-11,Industrials,-0.020780000000000003,5,3,8,0.06654000000000002
2020-09-11,Materials,-0.059199999999999996,5,1,1,0.06582
2020-09-11,RealEstate,0.0,5,2,2,0.0
2020-09-11,Tech,0.21652,5,3,7,0.30785999999999997
2020-09-11,Utilities,0.0,5,1,1,0.0
2020-09-14,Comm,0.15724,5,3,12,-0.00884
2020-09-14,Consumer,0.38782,5,5,33,0.19704
2020-09-14,Energy,-0.04079999999999999,5,2,11,0.14123999999999998
2020-09-14,Financials,0.02228000000000001,5,4,10,-0.11988000000000001
2020-09-14,Healthcare,0.40031999999999995,5,5,39,-0.09804
2020-09-14,Industrials,0.17582,5,3,10,-0.020780000000000003
2020-09-14,Materials,0.0843,5,2,6,-0.059199999999999996
2020-09-14,RealEstate,0.12738,5,1,2,0.0
2020-09-14,Tech,0.27298,5,4,21,0.21652
2020-09-14,Utilities,0.1564,5,2,5,0.0
2020-09-15,Comm,0.048780000000000004,5,3,11,0.15724
2020-09-15,Consumer,0.2954,5,4,18,0.38782
2020-09-15,Energy,-0.05082000000000001,5,2,4,-0.04079999999999999
2020-09-15,Financials,0.23856000000000002,5,2,5,0.02228000000000001
2020-09-15,Healthcare,0.23609999999999998,5,5,14,0.40031999999999995
2020-09-15,Industrials,0.07072,5,5,12,0.17582
2020-09-15,Materials,0.0,5,0,0,0.0843
2020-09-15,RealEstate,0.09878,5,2,4,0.12738
2020-09-15,Tech,-0.35838000000000003,5,4,16,0.27298
2020-09-15,Utilities,0.07927999999999999,5,2,7,0.1564
2020-09-16,Comm,0.17106,5,3,8,0.048780000000000004
2020-09-16,Consumer,0.3048,5,3,11,0.2954
2020-09-16,Energy,0.1981,5,2,7,-0.05082000000000001
2020-09-16,Financials,-0.04545999999999999,5,5,10,0.23856000000000002
2020-09-16,Healthcare,0.0,5,3,3,0.23609999999999998
2020-09-16,Industrials,0.5562400000000001,5,4,24,0.07072
2020-09-16,Materials,0.0,5,2,2,0.0
2020-09-16,RealEstate,0.0,5,1,1,0.09878
2020-09-16,Tech,0.29858,5,3,7,-0.35838000000000003
2020-09-16,Utilities,0.1486,5,2,5,0.07927999999999999
2020-09-17,Comm,0.22398,5,3,5,0.17106
2020-09-17,Consumer,0.60626,5,4,24,0.3048
2020-09-17,Energy,0.10696000000000001,5,2,7,0.1981
2020-09-17,Financials,0.17174,5,5,10,-0.04545999999999999
2020-09-17,Healthcare,0.15852,5,5,13,0.0
2020-09-17,Industrials,0.57968,5,5,27,0.5562400000000001
2020-09-17,Materials,0.16065999999999997,5,3,7,0.0
2020-09-17,RealEstate,-0.12248,5,2,2,0.0
2020-09-17,Tech,0.22984,5,3,11,0.29858
2020-09-17,Utilities,0.0,5,0,0,0.1486
2020-09-18,Comm,0.12602,5,4,7,0.22398
2020-09-18,Consumer,-0.02507999999999999,5,5,26,0.60626
2020-09-18,Energy,0.07922,5,2,8,0.10696000000000001
2020-09-18,Financials,0.20532,5,4,8,0.17174
2020-09-18,Healthcare,-0.14614,5,4,13,0.15852
2020-09-18,Industrials,0.29795999999999995,5,4,6,0.57968
2020-09-18,Materials,0.0,5,0,0,0.16065999999999997
2020-09-18,RealEstate,0.08808,5,2,2,-0.12248
2020-09-18,Tech,0.0,5,2,5,0.22984
2020-09-18,Utilities,-0.059199999999999996,5,1,1,0.0
2020-09-21,Comm,0.33214,5,4,17,0.12602
2020-09-21,Consumer,0.12131999999999998,5,4,35,-0.02507999999999999
2020-09-21,Energy,-0.09668,5,3,10,0.07922
2020-09-21,Financials,0.37771999999999994,5,4,15,0.20532
2020-09-21,Healthcare,-0.42796,5,4,9,-0.14614
2020-09-21,Industrials,0.03268000000000001,5,4,16,0.29795999999999995
2020-09-21,Materials,0.22236000000000003,5,3,5,0.0
2020-09-21,RealEstate,0.0,5,1,1,0.08808
2020-09-21,Tech,0.15272,5,3,6,0.0
2020-09-21,Utilities,0.11148,5,1,1,-0.059199999999999996
2020-09-22,Comm,0.27314,5,3,5,0.33214
2020-09-22,Consumer,0.6106,5,5,30,0.12131999999999998
2020-09-22,Energy,0.3121,5,3,4,-0.09668
2020-09-22,Financials,0.18624000000000002,5,4,6,0.37771999999999994
2020-09-22,Healthcare,0.44474,5,4,5,-0.42796
2020-09-22,Industrials,0.3327,5,5,12,0.03268000000000001
2020-09-22,Materials,0.0,5,0,0,0.22236000000000003
2020-09-22,RealEstate,0.0,5,1,1,0.0
2020-09-22,Tech,-0.07526000000000001,5,3,6,0.15272
2020-09-22,Utilities,0.08808,5,1,1,0.11148
2020-09-23,Comm,0.0951,5,2,3,0.27314
2020-09-23,Consumer,0.3987,5,4,32,0.6106
2020-09-23,Energy,0.06654000000000002,5,3,9,0.3121
2020-09-23,Financials,0.2091,5,4,9,0.18624000000000002
2020-09-23,Healthcare,0.17066,5,2,5,0.44474
2020-09-23,Industrials,0.22542,5,3,8,0.3327
2020-09-23,Materials,0.0,5,1,1,0.0
2020-09-23,RealEstate,0.0,5,0,0,0.0
2020-09-23,Tech,-0.02054,5,2,2,-0.07526000000000001
2020-09-23,Utilities,0.0,5,3,3,0.08808
2020-09-24,Comm,0.22818,5,2,7,0.0951
2020-09-24,Consumer,0.28248,5,4,19,0.3987
2020-09-24,Energy,0.27388,5,4,7,0.06654000000000002
2020-09-24,Financials,0.36866,5,4,14,0.2091
2020-09-24,Healthcare,-0.12564,5,3,4,0.17066
2020-09-24,Industrials,0.04416,5,3,11,0.22542
2020-09-24,Materials,0.12738,5,1,1,0.0
2020-09-24,RealEstate,0.0,5,1,1,0.0
2020-09-24,Tech,0.24066,5,4,10,-0.02054
2020-09-24,Utilities,0.0,5,1,1,0.0
2020-09-25,Comm,-0.11657999999999999,5,2,3,0.22818
2020-09-25,Consumer,0.01481999999999999,5,4,14,0.28248
2020-09-25,Energy,0.05558,5,4,7,0.27388
2020-09-25,Financials,0.08038,5,3,5,0.36866
2020-09-25,Healthcare,0.22366000000000003,5,2,5,-0.12564
2020-09-25,Industrials,-0.00524,5,4,22,0.04416
2020-09-25,Materials,0.0,5,1,1,0.12738
2020-09-25,RealEstate,0.0,5,0,0,0.0
2020-09-25,Tech,-0.10407999999999999,5,4,7,0.24066
2020-09-25,Utilities,0.0,5,0,0,0.0
2020-09-28,Comm,0.47468000000000005,5,4,16,-0.11657999999999999
2020-09-28,Consumer,0.28868,5,5,34,0.01481999999999999
2020-09-28,Energy,0.27481999999999995,5,3,13,0.05558
2020-09-28,Financials,0.58228,5,5,17,0.08038
2020-09-28,Healthcare,0.17892000000000002,5,4,14,0.22366000000000003
2020-09-28,Industrials,0.41344000000000003,5,4,28,-0.00524
2020-09-28,Materials,-0.03992,5,4,6,0.0
2020-09-28,RealEstate,0.04046,5,2,2,0.0
2020-09-28,Tech,0.6087,5,4,17,-0.10407999999999999
2020-09-28,Utilities,0.18956,5,3,7,0.0
2020-09-29,Comm,0.03558,5,1,3,0.47468000000000005
2020-09-29,Consumer,0.6641,5,5,30,0.28868
2020-09-29,Energy,0.40614,5,5,8,0.27481999999999995
2020-09-29,Financials,-0.01661999999999999,5,4,12,0.58228
2020-09-29,Healthcare,0.35784000000000005,5,4,11,0.17892000000000002
2020-09-29,Industrials,0.15304,5,5,8,0.41344000000000003
2020-09-29,Materials,0.0,5,0,0,-0.03992
2020-09-29,RealEstate,0.0,5,1,1,0.04046
2020-09-29,Tech,0.26632,5,3,6,0.6087
2020-09-29,Utilities,0.05464,5,2,2,0.18956
2020-09-30,Comm,0.198,5,4,5,0.03558
2020-09-30,Consumer,0.59526,5,5,27,0.6641
2020-09-30,Energy,0.0032999999999999948,5,3,12,0.40614
2020-09-30,Financials,-0.10398,5,3,21,-0.01661999999999999
2020-09-30,Healthcare,0.26896,5,4,8,0.35784000000000005
2020-09-30,Industrials,0.50692,5,5,19,0.15304
2020-09-30,Materials,0.0,5,2,2,0.0
2020-09-30,RealEstate,0.07636,5,1,1,0.0
2020-09-30,Tech,0.24648000000000003,5,4,12,0.26632
2020-09-30,Utilities,0.47946,5,3,21,0.05464
2020-10-01,Comm,0.023219999999999998,5,3,12,0.198
2020-10-01,Consumer,0.16784000000000002,5,3,16,0.59526
2020-10-01,Energy,0.29372,5,5,21,0.0032999999999999948
2020-10-01,Financials,0.32772,5,4,17,-0.10398
2020-10-01,Healthcare,0.18824000000000002,5,4,13,0.26896
2020-10-01,Industrials,0.5678799999999999,5,4,21,0.50692
2020-10-01,Materials,0.0,5,0,0,0.0
2020-10-01,RealEstate,0.0,5,0,0,0.07636
2020-10-01,Tech,0.0,5,1,1,0.24648000000000003
2020-10-01,Utilities,0.17616,5,2,2,0.47946
2020-10-02,Comm,-0.12972,5,4,4,0.023219999999999998
2020-10-02,Consumer,0.40743999999999997,5,4,18,0.16784000000000002
2020-10-02,Energy,0.58108,5,4,16,0.29372
2020-10-02,Financials,0.47858,5,3,18,0.32772
2020-10-02,Healthcare,-0.09706000000000001,5,4,6,0.18824000000000002
2020-10-02,Industrials,0.05432,5,2,3,0.5678799999999999
2020-10-02,Materials,0.0,5,0,0,0.0
2020-10-02,RealEstate,0.0,5,0,0,0.0
2020-10-02,Tech,0.28572,5,2,8,0.0
2020-10-02,Utilities,0.30636,5,3,3,0.17616
2020-10-05,Comm,0.22643999999999997,5,3,12,-0.12972
2020-10-05,Consumer,0.3125,5,5,24,0.40743999999999997
2020-10-05,Energy,0.62514,5,4,31,0.58108
2020-10-05,Financials,0.39516,5,5,14,0.47858
2020-10-05,Healthcare,0.22098,5,5,20,-0.09706000000000001
2020-10-05,Industrials,0.40648,5,4,17,0.05432
2020-10-05,Materials,0.1648,5,2,5,0.0
2020-10-05,RealEstate,0.11438,5,2,2,0.0
2020-10-05,Tech,0.20615999999999998,5,3,7,0.28572
2020-10-05,Utilities,0.34402,5,2,5,0.30636
2020-10-06,Comm,0.14853999999999998,5,4,7,0.22643999999999997
2020-10-06,Consumer,0.54268,5,5,18,0.3125
2020-10-06,Energy,-0.08457999999999999,5,3,6,0.62514
2020-10-06,Financials,0.37846,5,4,8,0.39516
2020-10-06,Healthcare,0.05367999999999999,5,4,8,0.22098
2020-10-06,Industrials,-0.0748,5,3,19,0.40648
2020-10-06,Materials,0.0,5,0,0,0.1648
2020-10-06,RealEstate,0.08808,5,1,1,0.11438
2020-10-06,Tech,-0.1,5,3,7,0.20615999999999998
2020-10-06,Utilities,0.18939999999999999,5,3,5,0.34402
2020-10-07,Comm,0.21400000000000002,5,2,3,0.14853999999999998
2020-10-07,Consumer,0.28286,5,4,17,0.54268
2020-10-07,Energy,-0.009839999999999998,5,2,6,-0.08457999999999999
2020-10-07,Financials,0.31966,5,3,12,0.37846
2020-10-07,Healthcare,0.31745999999999996,5,4,15,0.05367999999999999
2020-10-07,Industrials,-0.03848,5,2,12,-0.0748
2020-10-07,Materials,0.0,5,1,1,0.0
2020-10-07,RealEstate,0.0,5,0,0,0.08808
2020-10-07,Tech,0.3881,5,4,8,-0.1
2020-10-07,Utilities,0.17982,5,3,4,0.18939999999999999
2020-10-08,Comm,-0.18594,5,3,8,0.21400000000000002
2020-10-08,Consumer,0.28168000000000004,5,5,21,0.28286
2020-10-08,Energy,0.49257999999999996,5,3,16,-0.009839999999999998
2020-10-08,Financials,0.36902,5,4,22,0.31966
2020-10-08,Healthcare,-0.10838,5,4,18,0.31745999999999996
2020-10-08,Industrials,0.20098,5,3,9,-0.03848
2020-10-08,Materials,0.0,5,1,1,0.0
2020-10-08,RealEstate,0.0,5,0,0,0.0
2020-10-08,Tech,0.30535999999999996,5,3,14,0.3881
2020-10-08,Utilities,0.0,5,3,5,0.17982
2020-10-09,Comm,0.36036,5,4,14,-0.18594
2020-10-09,Consumer,0.046139999999999994,5,5,15,0.28168000000000004
2020-10-09,Energy,0.0,5,0,0,0.49257999999999996
2020-10-09,Financials,0.6089399999999999,5,5,13,0.36902
2020-10-09,Healthcare,0.02472000000000001,5,3,7,-0.10838
2020-10-09,Industrials,0.28866,5,3,12,0.20098
2020-10-09,Materials,0.0,5,1,2,0.0
2020-10-09,RealEstate,0.0,5,0,0,0.0
2020-10-09,Tech,0.33884,5,4,21,0.30535999999999996
2020-10-09,Utilities,0.08092,5,2,2,0.0
2020-10-12,Comm,-0.16844,5,3,21,0.36036
2020-10-12,Consumer,0.78824,5,5,33,0.046139999999999994
2020-10-12,Energy,0.39146000000000003,5,4,13,0.0
2020-10-12,Financials,0.56852,5,4,32,0.6089399999999999
2020-10-12,Healthcare,0.27924,5,4,17,0.02472000000000001
2020-10-12,Industrials,0.24015999999999998,5,5,17,0.28866
2020-10-12,Materials,0.08092,5,2,4,0.0
2020-10-12,RealEstate,0.0,5,2,2,0.0
2020-10-12,Tech,0.28854,5,4,8,0.33884
2020-10-12,Utilities,0.19068000000000002,5,2,2,0.08092
2020-10-13,Comm,-0.28209999999999996,5,3,12,-0.16844
2020-10-13,Consumer,0.05018,5,5,31,0.78824
2020-10-13,Energy,-0.12728,5,3,5,0.39146000000000003
2020-10-13,Financials,0.42847999999999997,5,5,32,0.56852
2020-10-13,Healthcare,-0.006399999999999994,5,4,8,0.27924
2020-10-13,Industrials,0.41812000000000005,5,4,16,0.24015999999999998
2020-10-13,Materials,0.0,5,1,1,0.08092
2020-10-13,RealEstate,0.0,5,0,0,0.0
2020-10-13,Tech,-0.11148,5,3,8,0.28854
2020-10-13,Utilities,-0.008999999999999998,5,2,2,0.19068000000000002
2020-10-14,Comm,0.36104,5,5,13,-0.28209999999999996
2020-10-14,Consumer,0.35152,5,4,18,0.05018
2020-10-14,Energy,0.05464,5,3,9,-0.12728
2020-10-14,Financials,0.54356,5,4,52,0.42847999999999997
2020-10-14,Healthcare,0.18132,5,4,11,-0.006399999999999994
2020-10-14,Industrials,0.29086,5,4,8,0.41812000000000005
2020-10-14,Materials,0.11717999999999999,5,1,1,0.0
2020-10-14,RealEstate,0.10533999999999999,5,1,2,0.0
2020-10-14,Tech,0.01032,5,3,7,-0.11148
2020-10-14,Utilities,0.16392,5,3,3,-0.008999999999999998
2020-10-15,Comm,0.27524,5,2,5,0.36104
2020-10-15,Consumer,0.22505999999999998,5,4,20,0.35152
2020-10-15,Energy,0.45671999999999996,5,4,8,0.05464
2020-10-15,Financials,0.45766,5,5,25,0.54356
2020-10-15,Healthcare,0.34186,5,5,10,0.18132
2020-10-15,Industrials,0.24299999999999997,5,5,11,0.29086
2020-10-15,Materials,0.11988000000000001,5,2,2,0.11717999999999999
2020-10-15,RealEstate,0.0,5,0,0,0.10533999999999999
2020-10-15,Tech,0.32304,5,4,9,0.01032
2020-10-15,Utilities,0.11438,5,1,1,0.16392
2020-10-16,Comm,0.018459999999999987,5,3,6,0.27524
2020-10-16,Consumer,0.45576,5,4,14,0.22505999999999998
2020-10-16,Energy,0.16570000000000001,5,3,19,0.45671999999999996
2020-10-16,Financials,0.6868399999999999,5,5,7,0.45766
2020-10-16,Healthcare,0.1261,5,3,16,0.34186
2020-10-16,Industrials,0.37002,5,3,20,0.24299999999999997
2020-10-16,Materials,0.16026,5,1,2,0.11988000000000001
2020-10-16,RealEstate,0.0,5,0,0,0.0
2020-10-16,Tech,0.05950000000000001,5,3,7,0.32304
2020-10-16,Utilities,0.0,5,0,0,0.11438
2020-10-19,Comm,0.48792,5,5,13,0.018459999999999987
2020-10-19,Consumer,0.6578200000000001,5,5,23,0.45576
2020-10-19,Energy,0.07842,5,5,22,0.16570000000000001
2020-10-19,Financials,0.24712,5,5,13,0.6868399999999999
2020-10-19,Healthcare,0.51194,5,5,20,0.1261
2020-10-19,Industrials,0.57894,5,4,19,0.37002
2020-10-19,Materials,0.24242,5,2,2,0.16026
2020-10-19,RealEstate,0.0,5,1,1,0.0
2020-10-19,Tech,-0.030200000000000005,5,4,13,0.05950000000000001
2020-10-19,Utilities,0.18134,5,1,4,0.0
2020-10-20,Comm,0.0,5,1,3,0.48792
2020-10-20,Consumer,0.36232,5,4,11,0.6578200000000001
2020-10-20,Energy,0.29196,5,3,8,0.07842
2020-10-20,Financials,0.40778,5,4,14,0.24712
2020-10-20,Healthcare,0.46316000000000007,5,4,9,0.51194
2020-10-20,Industrials,0.09186000000000001,5,3,6,0.57894
2020-10-20,Materials,0.0,5,0,0,0.24242
2020-10-20,RealEstate,0.14538,5,2,4,0.0
2020-10-20,Tech,0.051160000000000004,5,2,6,-0.030200000000000005
2020-10-20,Utilities,0.0,5,2,3,0.18134
2020-10-21,Comm,0.07054,5,2,6,0.0
2020-10-21,Consumer,0.5525599999999999,5,4,19,0.36232
2020-10-21,Energy,0.17666,5,5,12,0.29196
2020-10-21,Financials,0.07392,5,4,14,0.40778
2020-10-21,Healthcare,0.30598000000000003,5,3,9,0.46316000000000007
2020-10-21,Industrials,0.10451999999999999,5,4,6,0.09186000000000001
2020-10-21,Materials,0.068,5,2,4,0.0
2020-10-21,RealEstate,0.059199999999999996,5,1,2,0.14538
2020-10-21,Tech,0.18202000000000002,5,4,8,0.051160000000000004
2020-10-21,Utilities,0.18084,5,3,8,0.0
2020-10-22,Comm,0.15686,5,4,16,0.07054
2020-10-22,Consumer,0.10428,5,5,42,0.5525599999999999
2020-10-22,Energy,0.34008000000000005,5,3,8,0.17666
2020-10-22,Financials,-0.0021399999999999917,5,4,14,0.07392
2020-10-22,Healthcare,0.02430000000000001,5,2,7,0.30598000000000003
2020-10-22,Industrials,-0.16962,5,3,10,0.10451999999999999
2020-10-22,Materials,0.26528,5,2,15,0.068
2020-10-22,RealEstate,-0.11988000000000001,5,2,2,0.059199999999999996
2020-10-22,Tech,0.31486000000000003,5,2,10,0.18202000000000002
2020-10-22,Utilities,0.10132,5,3,4,0.18084
2020-10-23,Comm,0.25724,5,2,9,0.15686
2020-10-23,Consumer,0.57248,5,5,15,0.10428
2020-10-23,Energy,0.09969999999999998,5,3,6,0.34008000000000005
2020-10-23,Financials,0.23818,5,2,3,-0.0021399999999999917
2020-10-23,Healthcare,0.21072000000000002,5,3,23,0.02430000000000001
2020-10-23,Industrials,0.39733999999999997,5,4,7,-0.16962
2020-10-23,Materials,0.0,5,1,2,0.26528
2020-10-23,RealEstate,0.0,5,1,1,-0.11988000000000001
2020-10-23,Tech,0.26444,5,2,24,0.31486000000000003
2020-10-23,Utilities,0.1341,5,2,5,0.10132
2020-10-26,Comm,0.11146,5,5,17,0.25724
2020-10-26,Consumer,0.25632,5,5,27,0.57248
2020-10-26,Energy,0.13782,5,5,17,0.09969999999999998
2020-10-26,Financials,0.09342,5,4,17,0.23818
2020-10-26,Healthcare,0.13534,5,4,16,0.21072000000000002
2020-10-26,Industrials,0.52962,5,5,21,0.39733999999999997
2020-10-26,Materials,0.0,5,2,2,0.0
2020-10-26,RealEstate,0.15997999999999998,5,3,3,0.0
2020-10-26,Tech,-0.009140000000000014,5,4,18,0.26444
2020-10-26,Utilities,0.00898000000000001,5,2,8,0.1341
2020-10-27,Comm,0.0,5,2,2,0.11146
2020-10-27,Consumer,0.14558,5,5,15,0.25632
2020-10-27,Energy,0.08465999999999999,5,3,6,0.13782
2020-10-27,Financials,0.16302,5,4,7,0.09342
2020-10-27,Healthcare,0.24323999999999998,5,5,12,0.13534
2020-10-27,Industrials,-0.16834,5,5,42,0.52962
2020-10-27,Materials,0.0,5,2,5,0.0
2020-10-27,RealEstate,0.0,5,0,0,0.15997999999999998
2020-10-27,Tech,0.03627999999999999,5,4,41,-0.009140000000000014
2020-10-27,Utilities,0.03558,5,2,2,0.00898000000000001
2020-10-28,Comm,0.28998,5,3,17,0.0
2020-10-28,Consumer,0.25988,5,4,14,0.14558
2020-10-28,Energy,-0.2097,5,5,29,0.08465999999999999
2020-10-28,Financials,0.22102,5,5,29,0.16302
2020-10-28,Healthcare,0.25868,5,5,23,0.24323999999999998
2020-10-28,Industrials,-0.0284,5,5,43,-0.16834
2020-10-28,Materials,0.0,5,0,0,0.0
2020-10-28,RealEstate,0.09152,5,2,2,0.0
2020-10-28,Tech,0.32486000000000004,5,4,20,0.03627999999999999
2020-10-28,Utilities,0.0,5,2,2,0.03558
2020-10-29,Comm,0.15792,5,5,17,0.28998
2020-10-29,Consumer,0.11678000000000002,5,4,21,0.25988
2020-10-29,Energy,-0.39652,5,4,16,-0.2097
2020-10-29,Financials,0.15472000000000002,5,4,9,0.22102
2020-10-29,Healthcare,0.5790200000000001,5,5,19,0.25868
2020-10-29,Industrials,-0.20656,5,5,14,-0.0284
2020-10-29,Materials,0.15546,5,3,10,0.0
2020-10-29,RealEstate,0.0,5,2,2,0.09152
2020-10-29,Tech,0.22960000000000003,5,4,11,0.32486000000000004
2020-10-29,Utilities,0.13194,5,2,5,0.0
2020-10-30,Comm,0.2466,5,4,6,0.15792
2020-10-30,Consumer,0.45027999999999996,5,5,23,0.11678000000000002
2020-10-30,Energy,0.12752,5,3,23,-0.39652
2020-10-30,Financials,0.25044,5,5,16,0.15472000000000002
2020-10-30,Healthcare,0.1679,5,4,15,0.5790200000000001
2020-10-30,Industrials,0.08192,5,4,20,-0.20656
2020-10-30,Materials,0.0,5,0,0,0.15546
2020-10-30,RealEstate,0.0,5,1,1,0.0
2020-10-30,Tech,0.11148,5,3,5,0.22960000000000003
2020-10-30,Utilities,0.10928,5,3,4,0.13194
2020-11-02,Comm,0.12978,5,5,19,0.2466
2020-11-02,Consumer,0.26555999999999996,5,5,24,0.45027999999999996
2020-11-02,Energy,0.1522,5,5,18,0.12752
2020-11-02,Financials,0.09192,5,4,13,0.25044
2020-11-02,Healthcare,0.31557999999999997,5,4,22,0.1679
2020-11-02,Industrials,0.4109999999999999,5,4,19,0.08192
2020-11-02,Materials,0.1041,5,2,2,0.0
2020-11-02,RealEstate,0.0,5,1,2,0.0
2020-11-02,Tech,0.20366,5,4,19,0.11148
2020-11-02,Utilities,0.11703999999999999,5,3,10,0.10928
2020-11-03,Comm,-0.085,5,5,15,0.12978
2020-11-03,Consumer,0.48111999999999994,5,5,23,0.26555999999999996
2020-11-03,Energy,0.21139999999999998,5,3,6,0.1522
2020-11-03,Financials,0.25229999999999997,5,4,19,0.09192
2020-11-03,Healthcare,0.28884,5,4,10,0.31557999999999997
2020-11-03,Industrials,0.41274,5,4,16,0.4109999999999999
2020-11-03,Materials,0.09152,5,1,1,0.1041
2020-11-03,RealEstate,0.0,5,1,1,0.0
2020-11-03,Tech,0.1318,5,2,3,0.20366
2020-11-03,Utilities,0.11438,5,1,2,0.11703999999999999
2020-11-04,Comm,-0.0539,5,3,12,-0.085
2020-11-04,Consumer,0.16312,5,3,13,0.48111999999999994
2020-11-04,Energy,0.3629,5,4,17,0.21139999999999998
2020-11-04,Financials,0.51574,5,5,24,0.25229999999999997
2020-11-04,Healthcare,0.42298,5,3,13,0.28884
2020-11-04,Industrials,0.39648000000000005,5,4,10,0.41274
2020-11-04,Materials,0.0,5,1,2,0.09152
2020-11-04,RealEstate,0.0,5,2,2,0.0
2020-11-04,Tech,0.34682,5,4,16,0.1318
2020-11-04,Utilities,0.06284000000000001,5,3,7,0.11438
2020-11-05,Comm,0.05655999999999998,5,5,19,-0.0539
2020-11-05,Consumer,0.16276,5,5,16,0.16312
2020-11-05,Energy,0.17456,5,5,9,0.3629
2020-11-05,Financials,0.23176000000000002,5,5,10,0.51574
2020-11-05,Healthcare,-0.02247999999999999,5,4,11,0.42298
2020-11-05,Industrials,0.23818,5,5,12,0.39648000000000005
2020-11-05,Materials,0.0,5,0,0,0.0
2020-11-05,RealEstate,0.08038,5,1,3,0.0
2020-11-05,Tech,0.27592,5,4,20,0.34682
2020-11-05,Utilities,0.34914,5,4,6,0.06284000000000001
2020-11-06,Comm,0.49078,5,5,46,0.05655999999999998
2020-11-06,Consumer,0.23606,5,5,22,0.16276
2020-11-06,Energy,0.10533999999999999,5,1,4,0.17456
2020-11-06,Financials,0.29286,5,4,9,0.23176000000000002
2020-11-06,Healthcare,0.0,5,2,3,-0.02247999999999999
2020-11-06,Industrials,-0.06364,5,3,11,0.23818
2020-11-06,Materials,0.07832,5,3,3,0.0
2020-11-06,RealEstate,0.09966,5,4,4,0.08038
2020-11-06,Tech,0.23922,5,3,6,0.27592
2020-11-06,Utilities,0.2151,5,5,7,0.34914
2020-11-09,Comm,0.49256,5,5,18,0.49078
2020-11-09,Consumer,0.1525,5,5,22,0.23606
2020-11-09,Energy,0.53318,5,5,31,0.10533999999999999
2020-11-09,Financials,0.20373999999999998,5,4,24,0.29286
2020-11-09,Healthcare,0.34154,5,5,11,0.0
2020-11-09,Industrials,0.60652,5,5,31,-0.06364
2020-11-09,Materials,0.0,5,0,0,0.07832
2020-11-09,RealEstate,0.14476,5,3,3,0.09966
2020-11-09,Tech,0.020920000000000005,5,4,16,0.23922
2020-11-09,Utilities,0.09022,5,2,8,0.2151
2020-11-10,Comm,0.05612000000000002,5,5,14,0.49256
2020-11-10,Consumer,0.28706,5,4,17,0.1525
2020-11-10,Energy,-0.08839999999999996,5,5,15,0.53318
2020-11-10,Financials,0.34374,5,4,9,0.20373999999999998
2020-11-10,Healthcare,0.30358,5,5,10,0.34154
2020-11-10,Industrials,0.08538000000000001,5,4,29,0.60652
2020-11-10,Materials,-0.068,5,2,2,0.0
2020-11-10,RealEstate,0.0,5,0,0,0.14476
2020-11-10,Tech,-0.04306000000000001,5,4,24,0.020920000000000005
2020-11-10,Utilities,0.05464,5,1,1,0.09022
2020-11-11,Comm,-0.11898,5,4,9,0.05612000000000002
2020-11-11,Consumer,0.28448,5,4,14,0.28706
2020-11-11,Energy,0.2845,5,3,7,-0.08839999999999996
2020-11-11,Financials,0.48208,5,4,16,0.34374
2020-11-11,Healthcare,0.0,5,3,4,0.30358
2020-11-11,Industrials,0.13774000000000003,5,5,11,0.08538000000000001
2020-11-11,Materials,0.11839999999999999,5,2,5,-0.068
2020-11-11,RealEstate,0.12248,5,1,2,0.0
2020-11-11,Tech,0.32442000000000004,5,3,16,-0.04306000000000001
2020-11-11,Utilities,0.10533999999999999,5,2,3,0.05464
2020-11-12,Comm,0.12283999999999999,5,4,7,-0.11898
2020-11-12,Consumer,0.3439,5,4,43,0.28448
2020-11-12,Energy,0.5687,5,5,11,0.2845
2020-11-12,Financials,0.53416,5,4,26,0.48208
2020-11-12,Healthcare,-0.03062,5,2,3,0.0
2020-11-12,Industrials,0.0005999999999999894,5,5,14,0.13774000000000003
2020-11-12,Materials,0.08808,5,4,5,0.11839999999999999
2020-11-12,RealEstate,0.0,5,0,0,0.12248
2020-11-12,Tech,0.38338,5,4,11,0.32442000000000004
2020-11-12,Utilities,0.2777,5,3,4,0.10533999999999999
2020-11-13,Comm,0.25634,5,3,13,0.12283999999999999
2020-11-13,Consumer,0.39798,5,3,31,0.3439
2020-11-13,Energy,0.27149999999999996,5,2,6,0.5687
2020-11-13,Financials,0.14386000000000002,5,4,11,0.53416
2020-11-13,Healthcare,0.22648000000000001,5,3,4,-0.03062
2020-11-13,Industrials,0.17600000000000002,5,5,11,0.0005999999999999894
2020-11-13,Materials,0.14838,5,4,5,0.08808
2020-11-13,RealEstate,0.10533999999999999,5,2,2,0.0
2020-11-13,Tech,-0.16632,5,3,9,0.38338
2020-11-13,Utilities,0.0,5,0,0,0.2777
2020-11-16,Comm,0.2512,5,5,12,0.25634
2020-11-16,Consumer,0.5635600000000001,5,5,44,0.39798
2020-11-16,Energy,0.56352,5,4,18,0.27149999999999996
2020-11-16,Financials,0.45966000000000007,5,4,19,0.14386000000000002
2020-11-16,Healthcare,0.07511999999999999,5,5,21,0.22648000000000001
2020-11-16,Industrials,0.48292,5,4,25,0.17600000000000002
2020-11-16,Materials,0.19756,5,3,4,0.14838
2020-11-16,RealEstate,0.0,5,3,3,0.10533999999999999
2020-11-16,Tech,0.39312,5,4,7,-0.16632
2020-11-16,Utilities,0.0037800000000000056,5,3,8,0.0
2020-11-17,Comm,0.27304,5,4,12,0.2512
2020-11-17,Consumer,0.62386,5,5,30,0.5635600000000001
2020-11-17,Energy,0.0,5,2,3,0.56352
2020-11-17,Financials,-0.12078,5,4,11,0.45966000000000007
2020-11-17,Healthcare,-0.12714,5,4,10,0.07511999999999999
2020-11-17,Industrials,0.14136,5,4,9,0.48292
2020-11-17,Materials,0.08808,5,2,2,0.19756
2020-11-17,RealEstate,0.0,5,0,0,0.0
2020-11-17,Tech,0.4048999999999999,5,3,8,0.39312
2020-11-17,Utilities,0.0,5,0,0,0.0037800000000000056
2020-11-18,Comm,0.016720000000000002,5,5,11,0.27304
2020-11-18,Consumer,0.36056,5,3,19,0.62386
2020-11-18,Energy,0.15736,5,3,8,0.0
2020-11-18,Financials,0.24762,5,4,11,-0.12078
2020-11-18,Healthcare,0.35564,5,4,9,-0.12714
2020-11-18,Industrials,0.1476,5,5,26,0.14136
2020-11-18,Materials,0.0,5,0,0,0.08808
2020-11-18,RealEstate,0.08808,5,1,1,0.0
2020-11-18,Tech,0.35785999999999996,5,4,9,0.4048999999999999
2020-11-18,Utilities,0.24996000000000002,5,3,5,0.0
2020-11-19,Comm,-0.003520000000000001,5,3,10,0.016720000000000002
2020-11-19,Consumer,0.26236,5,5,16,0.36056
2020-11-19,Energy,0.13194,5,2,4,0.15736
2020-11-19,Financials,0.33568,5,5,13,0.24762
2020-11-19,Healthcare,0.12094,5,4,8,0.35564
2020-11-19,Industrials,0.11988000000000001,5,3,10,0.1476
2020-11-19,Materials,0.08252000000000001,5,3,3,0.0
2020-11-19,RealEstate,0.0,5,1,1,0.08808
2020-11-19,Tech,-0.04778,5,4,5,0.35785999999999996
2020-11-19,Utilities,-0.06364,5,4,5,0.24996000000000002
2020-11-20,Comm,-0.10255999999999998,5,5,15,-0.003520000000000001
2020-11-20,Consumer,0.50122,5,4,26,0.26236
2020-11-20,Energy,0.0,5,2,2,0.13194
2020-11-20,Financials,0.3351,5,5,15,0.33568
2020-11-20,Healthcare,0.09966,5,4,13,0.12094
2020-11-20,Industrials,0.21452,5,3,9,0.11988000000000001
2020-11-20,Materials,0.0,5,0,0,0.08252000000000001
2020-11-20,RealEstate,0.0,5,0,0,0.0
2020-11-20,Tech,0.24247999999999997,5,3,6,-0.04778
2020-11-20,Utilities,0.06364,5,2,4,-0.06364
2020-11-23,Comm,-0.015960000000000002,5,3,9,-0.10255999999999998
2020-11-23,Consumer,0.70948,5,5,37,0.50122
2020-11-23,Energy,0.0692,5,4,17,0.0
2020-11-23,Financials,0.18512,5,4,23,0.3351
2020-11-23,Healthcare,0.6376000000000001,5,5,20,0.09966
2020-11-23,Industrials,0.40852000000000005,5,5,22,0.21452
2020-11-23,Materials,0.04046,5,5,9,0.0
2020-11-23,RealEstate,0.0,5,1,1,0.0
2020-11-23,Tech,0.19998,5,4,11,0.24247999999999997
2020-11-23,Utilities,0.2,5,2,4,0.06364
2020-11-24,Comm,-0.015080000000000005,5,4,10,-0.015960000000000002
2020-11-24,Consumer,0.16233999999999998,5,4,15,0.70948
2020-11-24,Energy,-0.27590000000000003,5,5,11,0.0692
2020-11-24,Financials,0.41484,5,5,16,0.18512
2020-11-24,Healthcare,0.09534000000000001,5,2,3,0.6376000000000001
2020-11-24,Industrials,0.16904,5,5,28,0.40852000000000005
2020-11-24,Materials,0.08808,5,1,1,0.04046
2020-11-24,RealEstate,0.11438,5,3,4,0.0
2020-11-24,Tech,0.0,5,1,1,0.19998
2020-11-24,Utilities,0.04046,5,1,1,0.2
2020-11-25,Comm,0.15504,5,2,6,-0.015080000000000005
2020-11-25,Consumer,0.44362,5,4,15,0.16233999999999998
2020-11-25,Energy,0.04715999999999999,5,4,13,-0.27590000000000003
2020-11-25,Financials,-0.04054,5,4,13,0.41484
2020-11-25,Healthcare,0.08038,5,4,6,0.09534000000000001
2020-11-25,Industrials,0.52064,5,5,12,0.16904
2020-11-25,Materials,0.16076,5,2,4,0.08808
2020-11-25,RealEstate,0.0,5,0,0,0.11438
2020-11-25,Tech,0.1796,5,3,6,0.0
2020-11-25,Utilities,0.2351,5,2,4,0.04046
2020-11-27,Comm,0.17606,5,3,3,0.15504
2020-11-27,Consumer,0.48922,5,5,32,0.44362
2020-11-27,Energy,0.21261999999999998,5,2,10,0.04715999999999999
2020-11-27,Financials,0.3405,5,3,7,-0.04054
2020-11-27,Healthcare,-0.0629,5,3,7,0.08038
2020-11-27,Industrials,0.1631,5,3,9,0.52064
2020-11-27,Materials,0.0,5,1,1,0.16076
2020-11-27,RealEstate,0.00506,5,2,2,0.0
2020-11-27,Tech,0.24333999999999997,5,3,5,0.1796
2020-11-27,Utilities,0.10533999999999999,5,1,1,0.2351
2020-11-30,Comm,0.09052,5,3,6,0.17606
2020-11-30,Consumer,0.36536,5,4,16,0.48922
2020-11-30,Energy,0.6376999999999999,5,5,27,0.21261999999999998
2020-11-30,Financials,0.004200000000000004,5,4,12,0.3405
2020-11-30,Healthcare,0.3564,5,5,11,-0.0629
2020-11-30,Industrials,0.12597999999999998,5,5,16,0.1631
2020-11-30,Materials,0.04046,5,2,2,0.0
2020-11-30,RealEstate,0.15484,5,3,3,0.00506
2020-11-30,Tech,0.13172,5,4,10,0.24333999999999997
2020-11-30,Utilities,0.193,5,4,7,0.10533999999999999
2020-12-01,Comm,0.17616,5,4,6,0.09052
2020-12-01,Consumer,0.34172,5,3,8,0.36536
2020-12-01,Energy,0.31082,5,5,12,0.6376999999999999
2020-12-01,Financials,0.3573,5,3,4,0.004200000000000004
2020-12-01,Healthcare,0.08038,5,3,5,0.3564
2020-12-01,Industrials,0.15434,5,4,10,0.12597999999999998
2020-12-01,Materials,0.12248,5,2,2,0.04046
2020-12-01,RealEstate,0.068,5,1,1,0.15484
2020-12-01,Tech,0.11682,5,4,11,0.13172
2020-12-01,Utilities,0.05464,5,1,1,0.193
2020-12-02,Comm,-0.09878,5,2,2,0.17616
2020-12-02,Consumer,-0.004559999999999997,5,5,26,0.34172
2020-12-02,Energy,0.44264000000000003,5,4,13,0.31082
2020-12-02,Financials,0.10744000000000001,5,4,9,0.3573
2020-12-02,Healthcare,0.57118,5,4,12,0.08038
2020-12-02,Industrials,0.08158000000000001,5,3,11,0.15434
2020-12-02,Materials,0.14343999999999998,5,3,4,0.12248
2020-12-02,RealEstate,0.07636,5,1,2,0.068
2020-12-02,Tech,0.27406,5,4,8,0.11682
2020-12-02,Utilities,0.31761999999999996,5,4,7,0.05464
2020-12-03,Comm,0.15158,5,2,8,-0.09878
2020-12-03,Consumer,0.40878,5,4,26,-0.004559999999999997
2020-12-03,Energy,-0.012199999999999989,5,3,8,0.44264000000000003
2020-12-03,Financials,0.3021,5,4,11,0.10744000000000001
2020-12-03,Healthcare,0.17378,5,2,3,0.57118
2020-12-03,Industrials,0.3507,5,5,30,0.08158000000000001
2020-12-03,Materials,0.0,5,1,1,0.14343999999999998
2020-12-03,RealEstate,0.20356000000000002,5,3,3,0.07636
2020-12-03,Tech,0.16632,5,3,8,0.27406
2020-12-03,Utilities,0.0,5,0,0,0.31761999999999996
2020-12-04,Comm,0.2926,5,3,10,0.15158
2020-12-04,Consumer,0.28146,5,4,10,0.40878
2020-12-04,Energy,0.11982,5,5,30,-0.012199999999999989
2020-12-04,Financials,-0.04036000000000001,5,4,10,0.3021
2020-12-04,Healthcare,0.2156,5,3,8,0.17378
2020-12-04,Industrials,0.016680000000000007,5,5,14,0.3507
2020-12-04,Materials,0.0,5,0,0,0.0
2020-12-04,RealEstate,0.0,5,1,1,0.20356000000000002
2020-12-04,Tech,0.27088,5,4,9,0.16632
2020-12-04,Utilities,0.09046000000000001,5,2,2,0.0
2020-12-07,Comm,0.1802,5,3,12,0.2926
2020-12-07,Consumer,0.34362,5,5,39,0.28146
2020-12-07,Energy,0.46978,5,4,33,0.11982
2020-12-07,Financials,0.16821999999999998,5,4,24,-0.04036000000000001
2020-12-07,Healthcare,0.031100000000000017,5,3,7,0.2156
2020-12-07,Industrials,0.32198000000000004,5,4,20,0.016680000000000007
2020-12-07,Materials,0.0,5,1,2,0.0
2020-12-07,RealEstate,0.09534000000000001,5,1,1,0.0
2020-12-07,Tech,0.24712,5,4,25,0.27088
2020-12-07,Utilities,0.05464,5,1,1,0.09046000000000001
2020-12-08,Comm,-0.008359999999999989,5,3,13,0.1802
2020-12-08,Consumer,0.25712,5,5,22,0.34362
2020-12-08,Energy,0.12688000000000002,5,3,7,0.46978
2020-12-08,Financials,0.057340000000000016,5,5,17,0.16821999999999998
2020-12-08,Healthcare,0.1746,5,3,6,0.031100000000000017
2020-12-08,Industrials,-0.19354,5,4,19,0.32198000000000004
2020-12-08,Materials,-0.0256,5,1,3,0.0
2020-12-08,RealEstate,0.0,5,1,1,0.09534000000000001
2020-12-08,Tech,0.20587999999999998,5,4,8,0.24712
2020-12-08,Utilities,0.20324,5,3,3,0.05464
2020-12-09,Comm,0.32386,5,4,11,-0.008359999999999989
2020-12-09,Consumer,0.09975999999999999,5,4,21,0.25712
2020-12-09,Energy,0.25516,5,3,12,0.12688000000000002
2020-12-09,Financials,0.16766,5,5,11,0.057340000000000016
2020-12-09,Healthcare,-0.09878,5,2,3,0.1746
2020-12-09,Industrials,-0.28704,5,5,23,-0.19354
2020-12-09,Materials,0.12816,5,2,4,-0.0256
2020-12-09,RealEstate,0.00516,5,2,3,0.0
2020-12-09,Tech,0.51032,5,4,13,0.20587999999999998
2020-12-09,Utilities,0.22949999999999998,5,2,2,0.20324
2020-12-10,Comm,0.20465999999999998,5,4,12,0.32386
2020-12-10,Consumer,0.5004,5,5,23,0.09975999999999999
2020-12-10,Energy,0.5736,5,4,14,0.25516
2020-12-10,Financials,0.37161999999999995,5,5,15,0.16766
2020-12-10,Healthcare,0.19746000000000002,5,4,12,-0.09878
2020-12-10,Industrials,0.022360000000000005,5,5,13,-0.28704
2020-12-10,Materials,0.059199999999999996,5,1,1,0.12816
2020-12-10,RealEstate,0.0,5,1,1,0.00516
2020-12-10,Tech,0.40664,5,4,10,0.51032
2020-12-10,Utilities,0.13194,5,2,4,0.22949999999999998
2020-12-11,Comm,0.17482,5,4,10,0.20465999999999998
2020-12-11,Consumer,0.16048,5,5,29,0.5004
2020-12-11,Energy,-0.49867999999999996,5,5,14,0.5736
2020-12-11,Financials,0.3028,5,5,16,0.37161999999999995
2020-12-11,Healthcare,0.48251999999999995,5,5,13,0.19746000000000002
2020-12-11,Industrials,0.03745999999999998,5,5,18,0.022360000000000005
2020-12-11,Materials,0.0,5,1,1,0.059199999999999996
2020-12-11,RealEstate,0.0,5,4,5,0.0
2020-12-11,Tech,-0.03202000000000001,5,4,24,0.40664
2020-12-11,Utilities,0.0843,5,1,3,0.13194
2020-12-14,Comm,0.37664,5,4,31,0.17482
2020-12-14,Consumer,0.18638,5,5,35,0.16048
2020-12-14,Energy,0.24794,5,4,13,-0.49867999999999996
2020-12-14,Financials,0.13257999999999998,5,4,7,0.3028
2020-12-14,Healthcare,0.22508000000000003,5,5,12,0.48251999999999995
2020-12-14,Industrials,0.36222000000000004,5,4,24,0.03745999999999998
2020-12-14,Materials,0.0,5,0,0,0.0
2020-12-14,RealEstate,0.07636,5,2,6,0.0
2020-12-14,Tech,0.28924,5,4,13,-0.03202000000000001
2020-12-14,Utilities,0.1341,5,3,4,0.0843
2020-12-15,Comm,0.26298,5,2,9,0.37664
2020-12-15,Consumer,0.5839399999999999,5,5,20,0.18638
2020-12-15,Energy,0.3509,5,3,6,0.24794
2020-12-15,Financials,0.41952,5,4,12,0.13257999999999998
2020-12-15,Healthcare,0.38786,5,3,7,0.22508000000000003
2020-12-15,Industrials,0.25624,5,4,7,0.36222000000000004
2020-12-15,Materials,0.0,5,2,3,0.0
2020-12-15,RealEstate,0.11383999999999998,5,4,5,0.07636
2020-12-15,Tech,0.10476,5,3,10,0.28924
2020-12-15,Utilities,0.0,5,0,0,0.1341
2020-12-16,Comm,0.0,5,1,6,0.26298
2020-12-16,Consumer,0.42786,5,5,17,0.5839399999999999
2020-12-16,Energy,-0.017259999999999987,5,2,5,0.3509
2020-12-16,Financials,0.356,5,5,9,0.41952
2020-12-16,Healthcare,0.31316,5,2,9,0.38786
2020-12-16,Industrials,0.30178000000000005,5,4,14,0.25624
2020-12-16,Materials,0.0,5,2,2,0.0
2020-12-16,RealEstate,0.15158,5,3,4,0.11383999999999998
2020-12-16,Tech,0.04046,5,3,5,0.10476
2020-12-16,Utilities,0.0,5,1,1,0.0
2020-12-17,Comm,0.1193,5,1,8,0.0
2020-12-17,Consumer,0.2233,5,5,16,0.42786
2020-12-17,Energy,0.11717999999999999,5,5,8,-0.017259999999999987
2020-12-17,Financials,0.61342,5,4,20,0.356
2020-12-17,Healthcare,0.22518,5,5,13,0.31316
2020-12-17,Industrials,0.42268,5,3,14,0.30178000000000005
2020-12-17,Materials,0.08808,5,3,3,0.0
2020-12-17,RealEstate,0.0,5,2,2,0.15158
2020-12-17,Tech,0.38699999999999996,5,4,11,0.04046
2020-12-17,Utilities,0.25236000000000003,5,3,6,0.0
2020-12-18,Comm,0.07054,5,4,8,0.1193
2020-12-18,Consumer,0.77586,5,5,26,0.2233
2020-12-18,Energy,-0.013360000000000006,5,3,5,0.11717999999999999
2020-12-18,Financials,0.0,5,3,3,0.61342
2020-12-18,Healthcare,0.22271999999999997,5,3,4,0.22518
2020-12-18,Industrials,0.07893999999999998,5,4,18,0.42268
2020-12-18,Materials,0.09069999999999999,5,4,7,0.08808
2020-12-18,RealEstate,0.09534000000000001,5,1,2,0.0
2020-12-18,Tech,0.35656,5,4,11,0.38699999999999996
2020-12-18,Utilities,0.09878,5,1,2,0.25236000000000003
2020-12-21,Comm,0.24876,5,4,18,0.07054
2020-12-21,Consumer,0.45334,5,5,60,0.77586
2020-12-21,Energy,0.32414,5,5,14,-0.013360000000000006
2020-12-21,Financials,-0.25178,5,5,50,0.0
2020-12-21,Healthcare,0.31738,5,5,6,0.22271999999999997
2020-12-21,Industrials,0.56792,5,5,38,0.07893999999999998
2020-12-21,Materials,0.22350000000000003,5,4,5,0.09069999999999999
2020-12-21,RealEstate,0.05464,5,4,5,0.09534000000000001
2020-12-21,Tech,0.24964000000000003,5,3,13,0.35656
2020-12-21,Utilities,0.24158,5,4,5,0.09878
2020-12-22,Comm,0.00902,5,3,7,0.24876
2020-12-22,Consumer,0.09296000000000001,5,5,16,0.45334
2020-12-22,Energy,-0.33952,5,5,21,0.32414
2020-12-22,Financials,0.17908,5,3,5,-0.25178
2020-12-22,Healthcare,-0.10884,5,4,18,0.31738
2020-12-22,Industrials,0.18536,5,4,11,0.56792
2020-12-22,Materials,0.0,5,2,2,0.22350000000000003
2020-12-22,RealEstate,0.0,5,0,0,0.05464
2020-12-22,Tech,0.26424000000000003,5,4,7,0.24964000000000003
2020-12-22,Utilities,0.059199999999999996,5,1,2,0.24158
2020-12-23,Comm,0.10846,5,2,5,0.00902
2020-12-23,Consumer,0.45754,5,5,22,0.09296000000000001
2020-12-23,Energy,0.09534000000000001,5,3,4,-0.33952
2020-12-23,Financials,0.2547,5,4,10,0.17908
2020-12-23,Healthcare,0.26536,5,3,15,-0.10884
2020-12-23,Industrials,0.35154,5,4,10,0.18536
2020-12-23,Materials,0.0,5,0,0,0.0
2020-12-23,RealEstate,0.0,5,2,2,0.0
2020-12-23,Tech,0.20373999999999998,5,3,6,0.26424000000000003
2020-12-23,Utilities,0.05464,5,2,2,0.059199999999999996
2020-12-24,Comm,0.10212000000000002,5,1,4,0.10846
2020-12-24,Consumer,0.6466000000000001,5,4,21,0.45754
2020-12-24,Energy,0.12538,5,3,9,0.09534000000000001
2020-12-24,Financials,0.2529,5,4,6,0.2547
2020-12-24,Healthcare,0.21546000000000004,5,3,3,0.26536
2020-12-24,Industrials,0.2178,5,2,4,0.35154
2020-12-24,Materials,0.0,5,0,0,0.0
2020-12-24,RealEstate,0.08808,5,2,2,0.0
2020-12-24,Tech,0.21848,5,3,6,0.20373999999999998
2020-12-24,Utilities,0.0,5,0,0,0.05464
2020-12-28,Comm,0.08896000000000001,5,3,10,0.10212000000000002
2020-12-28,Consumer,0.78858,5,5,26,0.6466000000000001
2020-12-28,Energy,0.25906,5,4,13,0.12538
2020-12-28,Financials,0.43332,5,5,21,0.2529
2020-12-28,Healthcare,0.27886,5,4,10,0.21546000000000004
2020-12-28,Industrials,0.45226,5,4,12,0.2178
2020-12-28,Materials,0.0,5,2,2,0.0
2020-12-28,RealEstate,-0.02054,5,1,1,0.08808
2020-12-28,Tech,0.41322000000000003,5,3,16,0.21848
2020-12-28,Utilities,0.31772,5,3,4,0.0
2020-12-29,Comm,0.1684,5,3,7,0.08896000000000001
2020-12-29,Consumer,0.55416,5,5,22,0.78858
2020-12-29,Energy,0.15272,5,2,6,0.25906
2020-12-29,Financials,-0.33083999999999997,5,4,5,0.43332
2020-12-29,Healthcare,0.04046,5,3,7,0.27886
2020-12-29,Industrials,0.36706000000000005,5,5,20,0.45226
2020-12-29,Materials,0.09534000000000001,5,2,3,0.0
2020-12-29,RealEstate,0.0,5,1,1,-0.02054
2020-12-29,Tech,-0.25692,5,2,13,0.41322000000000003
2020-12-29,Utilities,0.0,5,0,0,0.31772
2020-12-30,Comm,0.12248,5,2,4,0.1684
2020-12-30,Consumer,0.59164,5,4,10,0.55416
2020-12-30,Energy,-0.04762,5,3,6,0.15272
2020-12-30,Financials,0.03512,5,4,4,-0.33083999999999997
2020-12-30,Healthcare,0.12083999999999999,5,2,2,0.04046
2020-12-30,Industrials,0.21627999999999997,5,5,11,0.36706000000000005
2020-12-30,Materials,0.06364,5,1,1,0.09534000000000001
2020-12-30,RealEstate,0.0,5,5,5,0.0
2020-12-30,Tech,0.49033999999999994,5,4,17,-0.25692
2020-12-30,Utilities,0.0,5,1,1,0.0
2020-12-31,Comm,0.23965999999999998,5,3,11,0.12248
2020-12-31,Consumer,0.7527,5,5,21,0.59164
2020-12-31,Energy,0.20178000000000001,5,4,12,-0.04762
2020-12-31,Financials,0.59878,5,4,12,0.03512
2020-12-31,Healthcare,0.2557,5,3,8,0.12083999999999999
2020-12-31,Industrials,0.14152,5,4,10,0.21627999999999997
2020-12-31,Materials,0.08038,5,1,1,0.06364
2020-12-31,RealEstate,0.12498000000000001,5,1,3,0.0
2020-12-31,Tech,0.11784000000000001,5,3,5,0.49033999999999994
2020-12-31,Utilities,0.08808,5,1,1,0.0
2021-01-04,Comm,0.04329999999999999,5,3,10,0.23965999999999998
2021-01-04,Consumer,0.22915999999999997,5,5,27,0.7527
2021-01-04,Energy,0.23032,5,4,14,0.20178000000000001
2021-01-04,Financials,0.5509000000000001,5,4,13,0.59878
2021-01-04,Healthcare,0.35638,5,4,12,0.2557
2021-01-04,Industrials,0.08152,5,2,13,0.14152
2021-01-04,Materials,0.08808,5,3,6,0.08038
2021-01-04,RealEstate,0.0,5,1,2,0.12498000000000001
2021-01-04,Tech,0.33514,5,3,14,0.11784000000000001
2021-01-04,Utilities,0.12972,5,1,4,0.08808
2021-01-05,Comm,0.24698000000000003,5,5,17,0.04329999999999999
2021-01-05,Consumer,0.24853999999999998,5,5,18,0.22915999999999997
2021-01-05,Energy,0.22054,5,5,15,0.23032
2021-01-05,Financials,0.29068,5,3,13,0.5509000000000001
2021-01-05,Healthcare,0.31062,5,3,6,0.35638
2021-01-05,Industrials,0.27005999999999997,5,3,14,0.08152
2021-01-05,Materials,0.12264,5,3,3,0.08808
2021-01-05,RealEstate,0.0,5,4,5,0.0
2021-01-05,Tech,0.17174,5,4,14,0.33514
2021-01-05,Utilities,0.12738,5,3,3,0.12972
2021-01-06,Comm,0.35296,5,3,13,0.24698000000000003
2021-01-06,Consumer,0.346,5,5,16,0.24853999999999998
2021-01-06,Energy,-0.10598,5,5,16,0.22054
2021-01-06,Financials,0.45274000000000003,5,4,18,0.29068
2021-01-06,Healthcare,0.14578000000000002,5,4,6,0.31062
2021-01-06,Industrials,0.57926,5,5,20,0.27005999999999997
2021-01-06,Materials,0.0843,5,1,1,0.12264
2021-01-06,RealEstate,0.059199999999999996,5,1,2,0.0
2021-01-06,Tech,0.29481999999999997,5,3,12,0.17174
2021-01-06,Utilities,0.0,5,0,0,0.12738
2021-01-07,Comm,0.34426,5,5,10,0.35296
2021-01-07,Consumer,0.3927,5,5,19,0.346
2021-01-07,Energy,0.12430000000000001,5,3,6,-0.10598
2021-01-07,Financials,0.20434000000000002,5,4,17,0.45274000000000003
2021-01-07,Healthcare,-0.013180000000000015,5,5,12,0.14578000000000002
2021-01-07,Industrials,-0.04854000000000001,5,5,14,0.57926
2021-01-07,Materials,-0.06824,5,2,2,0.0843
2021-01-07,RealEstate,0.0,5,3,3,0.059199999999999996
2021-01-07,Tech,0.020419999999999994,5,3,9,0.29481999999999997
2021-01-07,Utilities,0.05464,5,2,5,0.0
2021-01-08,Comm,0.0,5,3,4,0.34426
2021-01-08,Consumer,0.49838000000000005,5,5,15,0.3927
2021-01-08,Energy,0.32696,5,4,14,0.12430000000000001
2021-01-08,Financials,0.23058,5,3,10,0.20434000000000002
2021-01-08,Healthcare,0.0,5,2,2,-0.013180000000000015
2021-01-08,Industrials,-0.051480000000000005,5,5,15,-0.04854000000000001
2021-01-08,Materials,0.05464,5,2,6,-0.06824
2021-01-08,RealEstate,0.05464,5,1,1,0.0
2021-01-08,Tech,0.08148,5,4,9,0.020419999999999994
2021-01-08,Utilities,0.24180000000000001,5,3,7,0.05464
2021-01-11,Comm,0.4241400000000001,5,4,13,0.0
2021-01-11,Consumer,0.39814000000000005,5,5,15,0.49838000000000005
2021-01-11,Energy,0.18563999999999997,5,5,10,0.32696
2021-01-11,Financials,0.10844000000000001,5,3,30,0.23058
2021-01-11,Healthcare,0.045620000000000015,5,5,15,0.0
2021-01-11,Industrials,0.040979999999999996,5,4,20,-0.051480000000000005
2021-01-11,Materials,0.05129999999999999,5,4,6,0.05464
2021-01-11,RealEstate,0.17246,5,3,3,0.05464
2021-01-11,Tech,0.12858,5,4,23,0.08148
2021-01-11,Utilities,0.13816,5,2,3,0.24180000000000001
2021-01-12,Comm,-0.11717999999999999,5,3,6,0.4241400000000001
2021-01-12,Consumer,0.41314,5,5,20,0.39814000000000005
2021-01-12,Energy,0.020420000000000004,5,4,18,0.18563999999999997
2021-01-12,Financials,0.10528,5,4,25,0.10844000000000001
2021-01-12,Healthcare,0.28806,5,4,12,0.045620000000000015
2021-01-12,Industrials,0.28756,5,4,15,0.040979999999999996
2021-01-12,Materials,0.0,5,2,2,0.05129999999999999
2021-01-12,RealEstate,0.09152,5,2,7,0.17246
2021-01-12,Tech,-0.04384,5,2,7,0.12858
2021-01-12,Utilities,0.30892,5,3,4,0.13816
2021-01-13,Comm,-0.014939999999999998,5,4,10,-0.11717999999999999
2021-01-13,Consumer,0.27614,5,4,15,0.41314
2021-01-13,Energy,0.16632,5,2,9,0.020420000000000004
2021-01-13,Financials,0.27759999999999996,5,4,15,0.10528
2021-01-13,Healthcare,0.30496,5,4,10,0.28806
2021-01-13,Industrials,0.33205999999999997,5,4,15,0.28756
2021-01-13,Materials,0.0,5,2,2,0.0
2021-01-13,RealEstate,0.16454,5,2,4,0.09152
2021-01-13,Tech,0.38001999999999997,5,4,36,-0.04384
2021-01-13,Utilities,0.15194000000000002,5,3,5,0.30892
2021-01-14,Comm,0.16688,5,4,12,-0.014939999999999998
2021-01-14,Consumer,0.28184,5,5,17,0.27614
2021-01-14,Energy,0.12972,5,3,8,0.16632
2021-01-14,Financials,0.05706,5,4,20,0.27759999999999996
2021-01-14,Healthcare,0.23676,5,4,7,0.30496
2021-01-14,Industrials,0.23434,5,3,8,0.33205999999999997
2021-01-14,Materials,0.0,5,1,1,0.0
2021-01-14,RealEstate,0.0,5,1,1,0.16454
2021-01-14,Tech,0.37136,5,3,16,0.38001999999999997
2021-01-14,Utilities,-0.07636,5,1,1,0.15194000000000002
2021-01-15,Comm,0.16714,5,1,6,0.16688
2021-01-15,Consumer,0.48804,5,5,21,0.28184
2021-01-15,Energy,0.3641,5,4,18,0.12972
2021-01-15,Financials,0.71368,5,4,35,0.05706
2021-01-15,Healthcare,0.16444,5,3,5,0.23676
2021-01-15,Industrials,0.07342,5,5,11,0.23434
2021-01-15,Materials,0.0,5,3,6,0.0
2021-01-15,RealEstate,0.24176000000000003,5,4,5,0.0
2021-01-15,Tech,0.33194,5,4,15,0.37136
2021-01-15,Utilities,0.08808,5,1,1,-0.07636
2021-01-19,Comm,0.16994,5,4,14,0.16714
2021-01-19,Consumer,0.20814000000000005,5,5,58,0.48804
2021-01-19,Energy,0.3721,5,4,12,0.3641
2021-01-19,Financials,0.43572,5,4,31,0.71368
2021-01-19,Healthcare,0.19478,5,5,12,0.16444
2021-01-19,Industrials,-0.06751999999999998,5,5,25,0.07342
2021-01-19,Materials,-0.17012000000000002,5,2,2,0.0
2021-01-19,RealEstate,0.0,5,2,2,0.24176000000000003
2021-01-19,Tech,0.23790000000000006,5,4,21,0.33194
2021-01-19,Utilities,0.05464,5,3,4,0.08808
2021-01-20,Comm,-0.25994,5,4,6,0.16994
2021-01-20,Consumer,-0.1874,5,4,17,0.20814000000000005
2021-01-20,Energy,-0.0903,5,1,4,0.3721
2021-01-20,Financials,0.32595999999999997,5,5,35,0.43572
2021-01-20,Healthcare,0.43246,5,3,4,0.19478
2021-01-20,Industrials,0.059199999999999996,5,5,12,-0.06751999999999998
2021-01-20,Materials,0.0,5,1,1,-0.17012000000000002
2021-01-20,RealEstate,0.059739999999999994,5,4,5,0.0
2021-01-20,Tech,0.1833,5,4,14,0.23790000000000006
2021-01-20,Utilities,0.04046,5,2,3,0.05464
2021-01-21,Comm,0.014280000000000004,5,4,10,-0.25994
2021-01-21,Consumer,0.007900000000000018,5,4,17,-0.1874
2021-01-21,Energy,-0.34290000000000004,5,5,8,-0.0903
2021-01-21,Financials,0.2552,5,5,14,0.32595999999999997
2021-01-21,Healthcare,0.04046,5,3,4,0.43246
2021-01-21,Industrials,0.015180000000000003,5,2,4,0.059199999999999996
2021-01-21,Materials,0.050780000000000006,5,4,4,0.0
2021-01-21,RealEstate,0.0,5,0,0,0.059739999999999994
2021-01-21,Tech,0.4816,5,4,19,0.1833
2021-01-21,Utilities,0.0,5,1,1,0.04046
2021-01-22,Comm,0.25680000000000003,5,3,12,0.014280000000000004
2021-01-22,Consumer,0.06337999999999999,5,4,19,0.007900000000000018
2021-01-22,Energy,0.20682,5,5,18,-0.34290000000000004
2021-01-22,Financials,0.14728,5,4,10,0.2552
2021-01-22,Healthcare,0.0,5,2,2,0.04046
2021-01-22,Industrials,-0.015900000000000004,5,2,3,0.015180000000000003
2021-01-22,Materials,0.07224,5,1,1,0.050780000000000006
2021-01-22,RealEstate,0.0,5,0,0,0.0
2021-01-22,Tech,0.06488000000000001,5,4,19,0.4816
2021-01-22,Utilities,0.09966,5,3,3,0.0
2021-01-25,Comm,0.3545,5,5,26,0.25680000000000003
2021-01-25,Consumer,0.28403999999999996,5,5,25,0.06337999999999999
2021-01-25,Energy,0.17616,5,3,5,0.20682
2021-01-25,Financials,0.44148,5,4,17,0.14728
2021-01-25,Healthcare,0.16794,5,5,25,0.0
2021-01-25,Industrials,0.42898,5,5,26,-0.015900000000000004
2021-01-25,Materials,-0.0448,5,3,3,0.07224
2021-01-25,RealEstate,0.21502,5,3,7,0.0
2021-01-25,Tech,0.40818000000000004,5,4,24,0.06488000000000001
2021-01-25,Utilities,0.23411999999999997,5,3,9,0.09966
2021-01-26,Comm,0.010519999999999996,5,3,10,0.3545
2021-01-26,Consumer,0.25911999999999996,5,5,26,0.28403999999999996
2021-01-26,Energy,0.4963,5,5,8,0.17616
2021-01-26,Financials,0.45474,5,4,16,0.44148
2021-01-26,Healthcare,-0.09646,5,4,16,0.16794
2021-01-26,Industrials,0.53166,5,4,38,0.42898
2021-01-26,Materials,-0.0256,5,1,3,-0.0448
2021-01-26,RealEstate,0.059199999999999996,5,2,5,0.21502
2021-01-26,Tech,0.39283999999999997,5,3,22,0.40818000000000004
2021-01-26,Utilities,0.17316,5,1,8,0.23411999999999997
2021-01-27,Comm,0.02054,5,2,11,0.010519999999999996
2021-01-27,Consumer,0.18164,5,5,22,0.25911999999999996
2021-01-27,Energy,0.2129,5,3,9,0.4963
2021-01-27,Financials,-0.01752,5,5,9,0.45474
2021-01-27,Healthcare,0.30964,5,4,12,-0.09646
2021-01-27,Industrials,0.036520000000000004,5,4,32,0.53166
2021-01-27,Materials,0.0,5,2,3,-0.0256
2021-01-27,RealEstate,0.1377,5,2,4,0.059199999999999996
2021-01-27,Tech,0.34842,5,3,8,0.39283999999999997
2021-01-27,Utilities,0.26032,5,3,4,0.17316
2021-01-28,Comm,0.5586800000000001,5,4,24,0.02054
2021-01-28,Consumer,0.37017999999999995,5,5,23,0.18164
2021-01-28,Energy,0.26874000000000003,5,4,13,0.2129
2021-01-28,Financials,0.1357,5,4,16,-0.01752
2021-01-28,Healthcare,0.28368,5,4,8,0.30964
2021-01-28,Industrials,0.34448,5,5,20,0.036520000000000004
2021-01-28,Materials,0.28428,5,4,14,0.0
2021-01-28,RealEstate,0.0,5,2,4,0.1377
2021-01-28,Tech,-0.03353999999999999,5,4,14,0.34842
2021-01-28,Utilities,0.18616,5,3,5,0.26032
2021-01-29,Comm,0.21118,5,5,17,0.5586800000000001
2021-01-29,Consumer,0.38244,5,4,17,0.37017999999999995
2021-01-29,Energy,-0.5003,5,3,19,0.26874000000000003
2021-01-29,Financials,0.35074,5,4,16,0.1357
2021-01-29,Healthcare,-0.15026,5,4,6,0.28368
2021-01-29,Industrials,0.50832,5,4,19,0.34448
2021-01-29,Materials,0.04046,5,2,2,0.28428
2021-01-29,RealEstate,-0.051160000000000004,5,2,3,0.0
2021-01-29,Tech,0.19926,5,4,7,-0.03353999999999999
2021-01-29,Utilities,0.11356,5,3,3,0.18616
2021-02-01,Comm,0.5861799999999999,5,5,11,0.21118
2021-02-01,Consumer,0.15846,5,5,20,0.38244
2021-02-01,Energy,0.40001999999999993,5,5,30,-0.5003
2021-02-01,Financials,0.29574,5,4,18,0.35074
2021-02-01,Healthcare,0.34972000000000003,5,5,11,-0.15026
2021-02-01,Industrials,-0.07638,5,5,19,0.50832
2021-02-01,Materials,0.08038,5,4,10,0.04046
2021-02-01,RealEstate,0.12498000000000001,5,3,3,-0.051160000000000004
2021-02-01,Tech,0.51222,5,4,15,0.19926
2021-02-01,Utilities,0.16252,5,1,2,0.11356
2021-02-02,Comm,0.24164,5,5,18,0.5861799999999999
2021-02-02,Consumer,0.44154,5,5,14,0.15846
2021-02-02,Energy,0.055339999999999986,5,3,23,0.40001999999999993
2021-02-02,Financials,0.46102,5,4,16,0.29574
2021-02-02,Healthcare,0.17515999999999998,5,3,16,0.34972000000000003
2021-02-02,Industrials,0.17212,5,4,20,-0.07638
2021-02-02,Materials,0.0,5,1,1,0.08038
2021-02-02,RealEstate,0.04046,5,3,6,0.12498000000000001
2021-02-02,Tech,0.42358,5,4,6,0.51222
2021-02-02,Utilities,0.05464,5,1,1,0.16252
2021-02-03,Comm,0.05856,5,3,10,0.24164
2021-02-03,Consumer,0.011879999999999984,5,4,19,0.44154
2021-02-03,Energy,0.10154,5,3,11,0.055339999999999986
2021-02-03,Financials,0.43654000000000004,5,4,13,0.46102
2021-02-03,Healthcare,0.24406,5,4,24,0.17515999999999998
2021-02-03,Industrials,0.08719999999999999,5,4,9,0.17212
2021-02-03,Materials,0.02064,5,3,3,0.0
2021-02-03,RealEstate,0.18250000000000002,5,2,4,0.04046
2021-02-03,Tech,0.38006,5,3,14,0.42358
2021-02-03,Utilities,0.015660000000000007,5,3,6,0.05464
2021-02-04,Comm,-0.009980000000000011,5,4,9,0.05856
2021-02-04,Consumer,0.29562,5,5,16,0.011879999999999984
2021-02-04,Energy,0.1232,5,4,8,0.10154
2021-02-04,Financials,-0.11932000000000001,5,4,11,0.43654000000000004
2021-02-04,Healthcare,-0.01432,5,5,19,0.24406
2021-02-04,Industrials,0.2103,5,3,5,0.08719999999999999
2021-02-04,Materials,0.0,5,0,0,0.02064
2021-02-04,RealEstate,0.0,5,2,2,0.18250000000000002
2021-02-04,Tech,0.22358000000000003,5,3,21,0.38006
2021-02-04,Utilities,0.13084,5,1,3,0.015660000000000007
2021-02-05,Comm,0.01058,5,5,12,-0.009980000000000011
2021-02-05,Consumer,-0.45552000000000004,5,5,14,0.29562
2021-02-05,Energy,0.12662,5,4,11,0.1232
2021-02-05,Financials,0.12635999999999997,5,4,9,-0.11932000000000001
2021-02-05,Healthcare,0.40148,5,4,10,-0.01432
2021-02-05,Industrials,0.009539999999999998,5,4,5,0.2103
2021-02-05,Materials,0.0,5,2,3,0.0
2021-02-05,RealEstate,0.11438,5,1,2,0.0
2021-02-05,Tech,0.37039999999999995,5,4,8,0.22358000000000003
2021-02-05,Utilities,0.06764,5,3,3,0.13084
2021-02-08,Comm,0.027639999999999998,5,5,21,0.01058
2021-02-08,Consumer,0.43027999999999994,5,5,38,-0.45552000000000004
2021-02-08,Energy,0.18894,5,5,25,0.12662
2021-02-08,Financials,0.08381999999999999,5,4,16,0.12635999999999997
2021-02-08,Healthcare,-0.03992,5,4,4,0.40148
2021-02-08,Industrials,0.4389,5,4,19,0.009539999999999998
2021-02-08,Materials,0.08453999999999999,5,2,3,0.0
2021-02-08,RealEstate,0.20939999999999998,5,3,4,0.11438
2021-02-08,Tech,0.17614000000000002,5,2,5,0.37039999999999995
2021-02-08,Utilities,0.14368,5,2,3,0.06764
2021-02-09,Comm,0.09194,5,4,26,0.027639999999999998
2021-02-09,Consumer,0.17428,5,5,19,0.43027999999999994
2021-02-09,Energy,0.07488,5,1,4,0.18894
2021-02-09,Financials,0.009739999999999993,5,4,7,0.08381999999999999
2021-02-09,Healthcare,0.33176,5,4,7,-0.03992
2021-02-09,Industrials,0.20046,5,4,12,0.4389
2021-02-09,Materials,0.2807,5,2,8,0.08453999999999999
2021-02-09,RealEstate,0.0,5,1,1,0.20939999999999998
2021-02-09,Tech,0.068,5,3,6,0.17614000000000002
2021-02-09,Utilities,0.05464,5,1,1,0.14368
2021-02-10,Comm,-0.19014,5,3,10,0.09194
2021-02-10,Consumer,0.4328,5,4,23,0.17428
2021-02-10,Energy,-0.11750000000000001,5,3,3,0.07488
2021-02-10,Financials,-0.010980000000000007,5,4,11,0.009739999999999993
2021-02-10,Healthcare,0.31264000000000003,5,5,14,0.33176
2021-02-10,Industrials,0.09764,5,4,15,0.20046
2021-02-10,Materials,0.09176,5,2,3,0.2807
2021-02-10,RealEstate,0.0,5,0,0,0.0
2021-02-10,Tech,-0.027460000000000002,5,2,4,0.068
2021-02-10,Utilities,0.15026,5,2,4,0.05464
2021-02-11,Comm,0.30326,5,5,11,-0.19014
2021-02-11,Consumer,0.50804,5,5,30,0.4328
2021-02-11,Energy,0.10528,5,4,9,-0.11750000000000001
2021-02-11,Financials,0.26,5,3,6,-0.010980000000000007
2021-02-11,Healthcare,-0.02014,5,4,8,0.31264000000000003
2021-02-11,Industrials,-0.10533999999999999,5,4,9,0.09764
2021-02-11,Materials,0.0,5,0,0,0.09176
2021-02-11,RealEstate,0.08808,5,5,5,0.0
2021-02-11,Tech,0.12608,5,3,18,-0.027460000000000002
2021-02-11,Utilities,-0.018379999999999997,5,4,6,0.15026
2021-02-12,Comm,0.153,5,2,2,0.30326
2021-02-12,Consumer,0.30562,5,5,26,0.50804
2021-02-12,Energy,0.07342,5,5,14,0.10528
2021-02-12,Financials,0.0,5,3,5,0.26
2021-02-12,Healthcare,0.059300000000000005,5,4,7,-0.02014
2021-02-12,Industrials,0.38542000000000004,5,4,11,-0.10533999999999999
2021-02-12,Materials,0.0,5,0,0,0.0
2021-02-12,RealEstate,0.42962000000000006,5,4,4,0.08808
2021-02-12,Tech,0.23736000000000002,5,4,8,0.12608
2021-02-12,Utilities,0.22502,5,3,7,-0.018379999999999997
2021-02-16,Comm,0.49992000000000003,5,5,26,0.153
2021-02-16,Consumer,0.40144,5,5,39,0.30562
2021-02-16,Energy,0.39825999999999995,5,4,18,0.07342
2021-02-16,Financials,0.30938,5,5,24,0.0
2021-02-16,Healthcare,0.05778,5,3,5,0.059300000000000005
2021-02-16,Industrials,-0.35522,5,4,12,0.38542000000000004
2021-02-16,Materials,0.08116000000000001,5,3,3,0.0
2021-02-16,RealEstate,0.11438,5,1,2,0.42962000000000006
2021-02-16,Tech,0.09878,5,4,7,0.23736000000000002
2021-02-16,Utilities,0.50606,5,4,9,0.22502
2021-02-17,Comm,-0.0256,5,3,5,0.49992000000000003
2021-02-17,Consumer,0.3049,5,5,18,0.40144
2021-02-17,Energy,-0.17758,5,2,16,0.39825999999999995
2021-02-17,Financials,0.51002,5,4,17,0.30938
2021-02-17,Healthcare,0.35744000000000004,5,3,14,0.05778
2021-02-17,Industrials,-0.037959999999999994,5,2,9,-0.35522
2021-02-17,Materials,0.17738,5,3,4,0.08116000000000001
2021-02-17,RealEstate,0.0,5,2,2,0.11438
2021-02-17,Tech,0.327,5,3,9,0.09878
2021-02-17,Utilities,0.3207,5,5,7,0.50606
2021-02-18,Comm,0.11839999999999999,5,3,6,-0.0256
2021-02-18,Consumer,0.46997999999999995,5,5,31,0.3049
2021-02-18,Energy,0.18966,5,3,7,-0.17758
2021-02-18,Financials,0.15608,5,4,11,0.51002
2021-02-18,Healthcare,0.18250000000000002,5,5,9,0.35744000000000004
2021-02-18,Industrials,0.16025999999999999,5,5,14,-0.037959999999999994
2021-02-18,Materials,0.26124,5,2,10,0.17738
2021-02-18,RealEstate,0.0,5,0,0,0.0
2021-02-18,Tech,0.03654,5,4,9,0.327
2021-02-18,Utilities,0.19068000000000002,5,4,6,0.3207
2021-02-19,Comm,0.1272,5,4,6,0.11839999999999999
2021-02-19,Consumer,0.29808,5,3,10,0.46997999999999995
2021-02-19,Energy,0.48062000000000005,5,4,9,0.18966
2021-02-19,Financials,0.24956,5,4,7,0.15608
2021-02-19,Healthcare,0.17958000000000002,5,2,4,0.18250000000000002
2021-02-19,Industrials,0.40191999999999994,5,4,13,0.16025999999999999
2021-02-19,Materials,0.12261999999999999,5,3,4,0.26124
2021-02-19,RealEstate,0.068,5,4,6,0.0
2021-02-19,Tech,0.21168,5,4,9,0.03654
2021-02-19,Utilities,0.2403,5,2,2,0.19068000000000002
2021-02-22,Comm,0.15484,5,4,8,0.1272
2021-02-22,Consumer,0.27793999999999996,5,4,20,0.29808
2021-02-22,Energy,0.4034,5,4,18,0.48062000000000005
2021-02-22,Financials,-0.05464,5,4,12,0.24956
2021-02-22,Healthcare,0.3696,5,5,10,0.17958000000000002
2021-02-22,Industrials,0.19444,5,5,22,0.40191999999999994
2021-02-22,Materials,-0.05005999999999999,5,4,8,0.12261999999999999
2021-02-22,RealEstate,0.0,5,3,3,0.068
2021-02-22,Tech,0.33534,5,4,9,0.21168
2021-02-22,Utilities,0.23899999999999996,5,3,5,0.2403
2021-02-23,Comm,0.34278,5,3,7,0.15484
2021-02-23,Consumer,0.29854,5,4,14,0.27793999999999996
2021-02-23,Energy,0.45044000000000006,5,4,12,0.4034
2021-02-23,Financials,-0.038060000000000004,5,4,16,-0.05464
2021-02-23,Healthcare,0.14518,5,4,9,0.3696
2021-02-23,Industrials,0.08038,5,3,9,0.19444
2021-02-23,Materials,0.04975999999999999,5,4,5,-0.05005999999999999
2021-02-23,RealEstate,0.04046,5,3,3,0.0
2021-02-23,Tech,0.5771200000000001,5,4,13,0.33534
2021-02-23,Utilities,0.15434,5,3,5,0.23899999999999996
2021-02-24,Comm,0.055339999999999986,5,4,13,0.34278
2021-02-24,Consumer,0.10468,5,4,11,0.29854
2021-02-24,Energy,0.03724000000000001,5,5,17,0.45044000000000006
2021-02-24,Financials,0.14404,5,4,14,-0.038060000000000004
2021-02-24,Healthcare,0.19962,5,3,5,0.14518
2021-02-24,Industrials,-0.17638,5,5,21,0.08038
2021-02-24,Materials,0.0,5,2,3,0.04975999999999999
2021-02-24,RealEstate,0.068,5,4,6,0.04046
2021-02-24,Tech,0.09072,5,3,7,0.5771200000000001
2021-02-24,Utilities,-0.004559999999999997,5,3,4,0.15434
2021-02-25,Comm,0.0050000000000000044,5,4,16,0.055339999999999986
2021-02-25,Consumer,0.41098,5,5,25,0.10468
2021-02-25,Energy,0.12366000000000002,5,4,6,0.03724000000000001
2021-02-25,Financials,0.40540000000000004,5,4,16,0.14404
2021-02-25,Healthcare,0.30652,5,2,9,0.19962
2021-02-25,Industrials,0.04735999999999998,5,4,14,-0.17638
2021-02-25,Materials,0.0,5,3,4,0.0
2021-02-25,RealEstate,0.12738,5,3,7,0.068
2021-02-25,Tech,-0.0011200000000000001,5,4,6,0.09072
2021-02-25,Utilities,0.0,5,3,5,-0.004559999999999997
2021-02-26,Comm,0.20815999999999998,5,3,9,0.0050000000000000044
2021-02-26,Consumer,0.44252,5,5,18,0.41098
2021-02-26,Energy,0.05464,5,3,8,0.12366000000000002
2021-02-26,Financials,0.08058000000000001,5,4,8,0.40540000000000004
2021-02-26,Healthcare,-0.12179999999999999,5,3,6,0.30652
2021-02-26,Industrials,-0.053099999999999994,5,3,12,0.04735999999999998
2021-02-26,Materials,0.059199999999999996,5,3,4,0.0
2021-02-26,RealEstate,0.07034,5,2,2,0.12738
2021-02-26,Tech,0.06504,5,3,8,-0.0011200000000000001
2021-02-26,Utilities,-0.059199999999999996,5,3,3,0.0
2021-03-01,Comm,0.10173999999999998,5,4,13,0.20815999999999998
2021-03-01,Consumer,0.3866,5,4,17,0.44252
2021-03-01,Energy,0.6227199999999999,5,5,28,0.05464
2021-03-01,Financials,0.21456,5,5,17,0.08058000000000001
2021-03-01,Healthcare,0.17696,5,4,7,-0.12179999999999999
2021-03-01,Industrials,0.2184,5,5,25,-0.053099999999999994
2021-03-01,Materials,0.055339999999999986,5,4,5,0.059199999999999996
2021-03-01,RealEstate,0.34388,5,4,5,0.07034
2021-03-01,Tech,0.21292,5,4,9,0.06504
2021-03-01,Utilities,0.037380000000000004,5,3,3,-0.059199999999999996
2021-03-02,Comm,0.27152000000000004,5,3,7,0.10173999999999998
2021-03-02,Consumer,0.10962000000000001,5,4,10,0.3866
2021-03-02,Energy,-0.18308,5,2,8,0.6227199999999999
2021-03-02,Financials,0.49254,5,4,12,0.21456
2021-03-02,Healthcare,0.17514,5,3,8,0.17696
2021-03-02,Industrials,0.09644,5,3,9,0.2184
2021-03-02,Materials,0.0,5,2,4,0.055339999999999986
2021-03-02,RealEstate,0.0,5,1,1,0.34388
2021-03-02,Tech,-0.0965,5,4,7,0.21292
2021-03-02,Utilities,-0.07003999999999999,5,4,6,0.037380000000000004
2021-03-03,Comm,0.18672,5,4,9,0.27152000000000004
2021-03-03,Consumer,0.25945999999999997,5,5,25,0.10962000000000001
2021-03-03,Energy,0.05736,5,2,15,-0.18308
2021-03-03,Financials,0.0050000000000000044,5,5,19,0.49254
2021-03-03,Healthcare,0.30267999999999995,5,3,6,0.17514
2021-03-03,Industrials,0.1593,5,4,16,0.09644
2021-03-03,Materials,0.0,5,0,0,0.0
2021-03-03,RealEstate,0.00516,5,3,5,0.0
2021-03-03,Tech,0.13616,5,2,2,-0.0965
2021-03-03,Utilities,0.04046,5,1,1,-0.07003999999999999
2021-03-04,Comm,0.20973999999999998,5,4,5,0.18672
2021-03-04,Consumer,-0.11806000000000001,5,4,22,0.25945999999999997
2021-03-04,Energy,0.27544,5,5,12,0.05736
2021-03-04,Financials,0.15598,5,4,13,0.0050000000000000044
2021-03-04,Healthcare,-0.1486,5,4,12,0.30267999999999995
2021-03-04,Industrials,0.20373999999999998,5,4,9,0.1593
2021-03-04,Materials,0.059199999999999996,5,1,1,0.0
2021-03-04,RealEstate,0.11148,5,1,1,0.00516
2021-03-04,Tech,0.06544,5,3,6,0.13616
2021-03-04,Utilities,0.11126,5,1,1,0.04046
2021-03-05,Comm,0.18041999999999997,5,5,12,0.20973999999999998
2021-03-05,Consumer,0.39737999999999996,5,3,17,-0.11806000000000001
2021-03-05,Energy,0.36541999999999997,5,5,17,0.27544
2021-03-05,Financials,0.3056,5,4,12,0.15598
2021-03-05,Healthcare,-0.11594,5,4,6,-0.1486
2021-03-05,Industrials,0.009020000000000005,5,4,10,0.20373999999999998
2021-03-05,Materials,0.068,5,2,2,0.059199999999999996
2021-03-05,RealEstate,0.0,5,3,3,0.11148
2021-03-05,Tech,0.16444,5,3,12,0.06544
2021-03-05,Utilities,0.10533999999999999,5,1,3,0.11126
2021-03-08,Comm,0.02659999999999999,5,5,10,0.18041999999999997
2021-03-08,Consumer,0.22662,5,4,23,0.39737999999999996
2021-03-08,Energy,0.31572,5,4,14,0.36541999999999997
2021-03-08,Financials,0.19538000000000003,5,4,10,0.3056
2021-03-08,Healthcare,0.15996,5,4,9,-0.11594
2021-03-08,Industrials,0.40518,5,5,23,0.009020000000000005
2021-03-08,Materials,0.17908,5,3,7,0.068
2021-03-08,RealEstate,0.22386,5,3,3,0.0
2021-03-08,Tech,0.39337999999999995,5,4,9,0.16444
2021-03-08,Utilities,-0.08038,5,2,3,0.10533999999999999
2021-03-09,Comm,0.18418,5,4,5,0.02659999999999999
2021-03-09,Consumer,0.35426,5,4,23,0.22662
2021-03-09,Energy,-0.13432000000000002,5,3,11,0.31572
2021-03-09,Financials,0.06731999999999999,5,4,11,0.19538000000000003
2021-03-09,Healthcare,0.0,5,3,6,0.15996
2021-03-09,Industrials,0.34074,5,3,15,0.40518
2021-03-09,Materials,0.0,5,1,1,0.17908
2021-03-09,RealEstate,0.0,5,0,0,0.22386
2021-03-09,Tech,-0.0683,5,4,8,0.39337999999999995
2021-03-09,Utilities,-0.03412,5,2,2,-0.08038
2021-03-10,Comm,0.24026,5,4,13,0.18418
2021-03-10,Consumer,0.36707999999999996,5,5,25,0.35426
2021-03-10,Energy,0.28328,5,4,10,-0.13432000000000002
2021-03-10,Financials,0.34018000000000004,5,3,6,0.06731999999999999
2021-03-10,Healthcare,0.14368,5,3,5,0.0
2021-03-10,Industrials,-0.23544,5,4,27,0.34074
2021-03-10,Materials,0.08556,5,1,2,0.0
2021-03-10,RealEstate,0.03558,5,1,1,0.0
2021-03-10,Tech,0.12498000000000001,5,3,3,-0.0683
2021-03-10,Utilities,0.15676,5,2,2,-0.03412
2021-03-11,Comm,0.30932,5,3,9,0.24026
2021-03-11,Consumer,0.37228,5,5,23,0.36707999999999996
2021-03-11,Energy,0.3381,5,3,7,0.28328
2021-03-11,Financials,0.11988000000000001,5,4,11,0.34018000000000004
2021-03-11,Healthcare,-0.14040000000000002,5,5,18,0.14368
2021-03-11,Industrials,0.46563999999999994,5,5,21,-0.23544
2021-03-11,Materials,0.16846,5,2,3,0.08556
2021-03-11,RealEstate,0.0,5,2,2,0.03558
2021-03-11,Tech,0.19605999999999998,5,4,14,0.12498000000000001
2021-03-11,Utilities,0.0,5,0,0,0.15676
2021-03-12,Comm,0.24206,5,4,10,0.30932
2021-03-12,Consumer,0.4309200000000001,5,5,18,0.37228
2021-03-12,Energy,0.09534000000000001,5,1,1,0.3381
2021-03-12,Financials,0.22552000000000003,5,5,9,0.11988000000000001
2021-03-12,Healthcare,-0.07224,5,1,3,-0.14040000000000002
2021-03-12,Industrials,0.32652000000000003,5,3,11,0.46563999999999994
2021-03-12,Materials,0.059199999999999996,5,2,2,0.16846
2021-03-12,RealEstate,0.08768000000000001,5,3,3,0.0
2021-03-12,Tech,0.1613,5,3,4,0.19605999999999998
2021-03-12,Utilities,0.1127,5,2,2,0.0
2021-03-15,Comm,0.19152,5,4,14,0.24206
2021-03-15,Consumer,0.72626,5,5,35,0.4309200000000001
2021-03-15,Energy,0.30202,5,4,13,0.09534000000000001
2021-03-15,Financials,0.47356,5,4,12,0.22552000000000003
2021-03-15,Healthcare,0.49623999999999996,5,5,19,-0.07224
2021-03-15,Industrials,0.44932,5,4,14,0.32652000000000003
2021-03-15,Materials,0.0,5,2,3,0.059199999999999996
2021-03-15,RealEstate,0.3514,5,4,6,0.08768000000000001
2021-03-15,Tech,0.1248,5,3,10,0.1613
2021-03-15,Utilities,0.23392,5,3,5,0.1127
2021-03-16,Comm,0.14850000000000002,5,3,10,0.19152
2021-03-16,Consumer,0.4355399999999999,5,5,22,0.72626
2021-03-16,Energy,-0.13957999999999998,5,2,5,0.30202
2021-03-16,Financials,0.07651999999999999,5,5,12,0.47356
2021-03-16,Healthcare,0.13764,5,4,6,0.49623999999999996
2021-03-16,Industrials,-0.09413999999999999,5,3,8,0.44932
2021-03-16,Materials,0.0,5,1,1,0.0
2021-03-16,RealEstate,0.10564,5,4,6,0.3514
2021-03-16,Tech,-0.16124,5,4,12,0.1248
2021-03-16,Utilities,0.17094,5,3,5,0.23392
2021-03-17,Comm,0.19004,5,5,8,0.14850000000000002
2021-03-17,Consumer,0.28948,5,5,17,0.4355399999999999
2021-03-17,Energy,0.02054,5,2,6,-0.13957999999999998
2021-03-17,Financials,0.30916,5,5,10,0.07651999999999999
2021-03-17,Healthcare,0.05234,5,3,9,0.13764
2021-03-17,Industrials,-0.11395999999999999,5,4,7,-0.09413999999999999
2021-03-17,Materials,0.05464,5,1,2,0.0
2021-03-17,RealEstate,-0.02054,5,4,7,0.10564
2021-03-17,Tech,0.36774,5,3,7,-0.16124
2021-03-17,Utilities,0.0,5,0,0,0.17094
2021-03-18,Comm,-0.05923999999999998,5,4,9,0.19004
2021-03-18,Consumer,0.32822,5,5,20,0.28948
2021-03-18,Energy,-0.13734,5,4,9,0.02054
2021-03-18,Financials,0.05188,5,3,13,0.30916
2021-03-18,Healthcare,0.19083999999999998,5,4,7,0.05234
2021-03-18,Industrials,0.020120000000000006,5,5,14,-0.11395999999999999
2021-03-18,Materials,0.0,5,0,0,0.05464
2021-03-18,RealEstate,0.19480000000000003,5,4,4,-0.02054
2021-03-18,Tech,0.16444,5,3,5,0.36774
2021-03-18,Utilities,0.068,5,2,2,0.0
2021-03-19,Comm,0.23836,5,5,10,-0.05923999999999998
2021-03-19,Consumer,0.29246,5,5,25,0.32822
2021-03-19,Energy,0.2739,5,3,6,-0.13734
2021-03-19,Financials,0.008440000000000003,5,4,18,0.05188
2021-03-19,Healthcare,0.3035,5,3,6,0.19083999999999998
2021-03-19,Industrials,-0.03992,5,2,3,0.020120000000000006
2021-03-19,Materials,0.068,5,2,2,0.0
2021-03-19,RealEstate,0.0,5,0,0,0.19480000000000003
2021-03-19,Tech,0.059199999999999996,5,2,2,0.16444
2021-03-19,Utilities,0.0,5,0,0,0.068
2021-03-22,Comm,-0.01094,5,3,6,0.23836
2021-03-22,Consumer,0.28144,5,5,17,0.29246
2021-03-22,Energy,0.11556000000000002,5,4,13,0.2739
2021-03-22,Financials,0.49358,5,5,12,0.008440000000000003
2021-03-22,Healthcare,0.09272,5,3,9,0.3035
2021-03-22,Industrials,0.1486,5,4,8,-0.03992
2021-03-22,Materials,0.07636,5,2,3,0.068
2021-03-22,RealEstate,0.0,5,0,0,0.0
2021-03-22,Tech,0.34926,5,4,13,0.059199999999999996
2021-03-22,Utilities,0.0,5,0,0,0.0
2021-03-23,Comm,0.13494,5,2,6,-0.01094
2021-03-23,Consumer,0.31288,5,3,10,0.28144
2021-03-23,Energy,-0.53796,5,5,27,0.11556000000000002
2021-03-23,Financials,0.2886,5,4,14,0.49358
2021-03-23,Healthcare,0.09426,5,3,4,0.09272
2021-03-23,Industrials,0.07610000000000001,5,4,6,0.1486
2021-03-23,Materials,-0.05,5,2,3,0.07636
2021-03-23,RealEstate,0.0,5,2,2,0.0
2021-03-23,Tech,0.26558000000000004,5,4,13,0.34926
2021-03-23,Utilities,0.05464,5,2,3,0.0
2021-03-24,Comm,0.31466,5,4,7,0.13494
2021-03-24,Consumer,0.41753999999999997,5,4,24,0.31288
2021-03-24,Energy,-0.023619999999999995,5,4,11,-0.53796
2021-03-24,Financials,0.2508,5,3,11,0.2886
2021-03-24,Healthcare,0.17994000000000002,5,4,6,0.09426
2021-03-24,Industrials,-0.009060000000000012,5,4,8,0.07610000000000001
2021-03-24,Materials,0.05464,5,2,2,-0.05
2021-03-24,RealEstate,0.0,5,0,0,0.0
2021-03-24,Tech,0.11699999999999999,5,4,24,0.26558000000000004
2021-03-24,Utilities,0.0,5,0,0,0.05464
2021-03-25,Comm,-0.01544,5,4,9,0.31466
2021-03-25,Consumer,0.02345999999999999,5,5,32,0.41753999999999997
2021-03-25,Energy,0.23445999999999997,5,4,9,-0.023619999999999995
2021-03-25,Financials,0.056979999999999996,5,4,19,0.2508
2021-03-25,Healthcare,0.14908000000000002,5,4,4,0.17994000000000002
2021-03-25,Industrials,-0.068,5,3,5,-0.009060000000000012
2021-03-25,Materials,0.18436,5,2,4,0.05464
2021-03-25,RealEstate,0.16632,5,2,3,0.0
2021-03-25,Tech,-0.05646000000000001,5,4,13,0.11699999999999999
2021-03-25,Utilities,0.26298,5,2,4,0.0
2021-03-26,Comm,0.011619999999999986,5,2,6,-0.01544
2021-03-26,Consumer,-0.18194,5,4,26,0.02345999999999999
2021-03-26,Energy,0.5284,5,3,12,0.23445999999999997
2021-03-26,Financials,0.52722,5,5,14,0.056979999999999996
2021-03-26,Healthcare,-0.011720000000000008,5,3,8,0.14908000000000002
2021-03-26,Industrials,0.28936,5,2,11,-0.068
2021-03-26,Materials,-0.11839999999999999,5,3,5,0.18436
2021-03-26,RealEstate,0.0,5,0,0,0.16632
2021-03-26,Tech,0.011860000000000004,5,4,12,-0.05646000000000001
2021-03-26,Utilities,0.059199999999999996,5,1,1,0.26298
2021-03-29,Comm,0.37714,5,4,17,0.011619999999999986
2021-03-29,Consumer,0.88202,5,5,31,-0.18194
2021-03-29,Energy,0.26998,5,4,8,0.5284
2021-03-29,Financials,0.15096000000000004,5,5,30,0.52722
2021-03-29,Healthcare,0.5454399999999999,5,5,12,-0.011720000000000008
2021-03-29,Industrials,0.50954,5,5,22,0.28936
2021-03-29,Materials,0.0,5,0,0,-0.11839999999999999
2021-03-29,RealEstate,0.11878,5,4,5,0.0
2021-03-29,Tech,0.39249999999999996,5,4,12,0.011860000000000004
2021-03-29,Utilities,0.26864,5,2,5,0.059199999999999996
2021-03-30,Comm,0.14892,5,4,7,0.37714
2021-03-30,Consumer,0.3641,5,5,15,0.88202
2021-03-30,Energy,0.38672000000000006,5,4,7,0.26998
2021-03-30,Financials,0.15033999999999997,5,5,30,0.15096000000000004
2021-03-30,Healthcare,0.049339999999999995,5,4,7,0.5454399999999999
2021-03-30,Industrials,0.1142,5,4,10,0.50954
2021-03-30,Materials,0.0,5,0,0,0.0
2021-03-30,RealEstate,0.07636,5,3,3,0.11878
2021-03-30,Tech,0.27148,5,3,5,0.39249999999999996
2021-03-30,Utilities,0.0,5,1,1,0.26864
2021-03-31,Comm,0.0,5,3,5,0.14892
2021-03-31,Consumer,0.35308,5,5,13,0.3641
2021-03-31,Energy,0.37192000000000003,5,4,12,0.38672000000000006
2021-03-31,Financials,0.29752,5,5,14,0.15033999999999997
2021-03-31,Healthcare,0.13640000000000002,5,5,9,0.049339999999999995
2021-03-31,Industrials,0.20137999999999998,5,3,11,0.1142
2021-03-31,Materials,0.059199999999999996,5,2,2,0.0
2021-03-31,RealEstate,0.0,5,1,1,0.07636
2021-03-31,Tech,0.20134,5,3,9,0.27148
2021-03-31,Utilities,0.05464,5,2,2,0.0
2021-04-01,Comm,0.11778,5,4,9,0.0
2021-04-01,Consumer,0.23302000000000006,5,5,15,0.35308
2021-04-01,Energy,-0.4438000000000001,5,5,9,0.37192000000000003
2021-04-01,Financials,0.40700000000000003,5,5,12,0.29752
2021-04-01,Healthcare,0.02422,5,5,7,0.13640000000000002
2021-04-01,Industrials,0.05815999999999999,5,4,8,0.20137999999999998
2021-04-01,Materials,0.0,5,3,5,0.059199999999999996
2021-04-01,RealEstate,-0.05884,5,1,1,0.0
2021-04-01,Tech,0.0627,5,4,9,0.20134
2021-04-01,Utilities,0.11148,5,3,5,0.05464
2021-04-05,Comm,0.6818799999999999,5,5,21,0.11778
2021-04-05,Consumer,0.43423999999999996,5,5,27,0.23302000000000006
2021-04-05,Energy,0.22481999999999996,5,4,12,-0.4438000000000001
2021-04-05,Financials,0.5255799999999999,5,4,23,0.40700000000000003
2021-04-05,Healthcare,0.3458,5,4,13,0.02422
2021-04-05,Industrials,0.47426,5,4,14,0.05815999999999999
2021-04-05,Materials,0.16884,5,2,3,0.0
2021-04-05,RealEstate,-0.11148,5,1,3,-0.05884
2021-04-05,Tech,0.44536,5,3,19,0.0627
2021-04-05,Utilities,0.13502,5,3,6,0.11148
2021-04-06,Comm,0.22048,5,3,9,0.6818799999999999
2021-04-06,Consumer,0.49939999999999996,5,4,23,0.43423999999999996
2021-04-06,Energy,0.08629999999999997,5,4,13,0.22481999999999996
2021-04-06,Financials,-0.04160000000000001,5,4,21,0.5255799999999999
2021-04-06,Healthcare,0.1628,5,3,6,0.3458
2021-04-06,Industrials,-0.030459999999999997,5,5,13,0.47426
2021-04-06,Materials,0.03558,5,1,1,0.16884
2021-04-06,RealEstate,0.09534000000000001,5,1,1,-0.11148
2021-04-06,Tech,0.025479999999999992,5,3,9,0.44536
2021-04-06,Utilities,0.0,5,2,3,0.13502
2021-04-07,Comm,0.0843,5,2,7,0.22048
2021-04-07,Consumer,0.03841999999999999,5,5,12,0.49939999999999996
2021-04-07,Energy,-0.03656,5,3,5,0.08629999999999997
2021-04-07,Financials,0.22519999999999998,5,4,9,-0.04160000000000001
2021-04-07,Healthcare,0.19962,5,3,4,0.1628
2021-04-07,Industrials,0.13434000000000001,5,4,9,-0.030459999999999997
2021-04-07,Materials,-0.06364,5,2,2,0.03558
2021-04-07,RealEstate,0.08038,5,1,1,0.09534000000000001
2021-04-07,Tech,0.09966,5,3,4,0.025479999999999992
2021-04-07,Utilities,0.05464,5,2,2,0.0
2021-04-08,Comm,0.3437,5,5,11,0.0843
2021-04-08,Consumer,0.79942,5,5,22,0.03841999999999999
2021-04-08,Energy,0.07392,5,5,6,-0.03656
2021-04-08,Financials,0.09176,5,4,15,0.22519999999999998
2021-04-08,Healthcare,0.22915999999999997,5,4,10,0.19962
2021-04-08,Industrials,0.014559999999999995,5,4,6,0.13434000000000001
2021-04-08,Materials,0.13013999999999998,5,4,5,-0.06364
2021-04-08,RealEstate,0.0,5,1,1,0.08038
2021-04-08,Tech,0.0978,5,4,12,0.09966
2021-04-08,Utilities,0.23976000000000003,5,3,3,0.05464
2021-04-09,Comm,0.08996,5,4,12,0.3437
2021-04-09,Consumer,0.37661999999999995,5,4,14,0.79942
2021-04-09,Energy,-0.17114,5,4,5,0.07392
2021-04-09,Financials,0.2517,5,4,21,0.09176
2021-04-09,Healthcare,0.17915999999999999,5,3,4,0.22915999999999997
2021-04-09,Industrials,0.46216,5,5,16,0.014559999999999995
2021-04-09,Materials,0.0,5,0,0,0.13013999999999998
2021-04-09,RealEstate,0.0,5,1,1,0.0
2021-04-09,Tech,0.32218,5,3,9,0.0978
2021-04-09,Utilities,0.05464,5,1,1,0.23976000000000003
2021-04-12,Comm,-0.20148000000000002,5,3,8,0.08996
2021-04-12,Consumer,0.58574,5,5,22,0.37661999999999995
2021-04-12,Energy,0.20906000000000002,5,2,3,-0.17114
2021-04-12,Financials,0.57706,5,5,40,0.2517
2021-04-12,Healthcare,0.20766,5,5,12,0.17915999999999999
2021-04-12,Industrials,0.27677999999999997,5,3,6,0.46216
2021-04-12,Materials,0.04046,5,3,4,0.0
2021-04-12,RealEstate,0.19771999999999998,5,2,2,0.0
2021-04-12,Tech,0.2758,5,4,16,0.32218
2021-04-12,Utilities,0.20356000000000002,5,3,3,0.05464
2021-04-13,Comm,0.3045,5,3,7,-0.20148000000000002
2021-04-13,Consumer,0.32955999999999996,5,5,16,0.58574
2021-04-13,Energy,0.27404,5,3,8,0.20906000000000002
2021-04-13,Financials,0.649,5,5,31,0.57706
2021-04-13,Healthcare,-0.04266000000000001,5,4,12,0.20766
2021-04-13,Industrials,0.41954,5,3,7,0.27677999999999997
2021-04-13,Materials,0.0,5,0,0,0.04046
2021-04-13,RealEstate,0.0,5,1,1,0.19771999999999998
2021-04-13,Tech,0.2354,5,3,8,0.2758
2021-04-13,Utilities,0.10928,5,3,6,0.20356000000000002
2021-04-14,Comm,0.22132000000000002,5,5,14,0.3045
2021-04-14,Consumer,-0.027659999999999997,5,5,21,0.32955999999999996
2021-04-14,Energy,0.11256,5,4,10,0.27404
2021-04-14,Financials,0.52694,5,5,60,0.649
2021-04-14,Healthcare,-0.035199999999999995,5,5,12,-0.04266000000000001
2021-04-14,Industrials,0.28724,5,4,13,0.41954
2021-04-14,Materials,0.11750000000000001,5,4,4,0.0
2021-04-14,RealEstate,0.0,5,2,2,0.0
2021-04-14,Tech,0.12288000000000002,5,4,8,0.2354
2021-04-14,Utilities,0.46937999999999996,5,4,5,0.10928
2021-04-15,Comm,0.11717999999999999,5,2,7,0.22132000000000002
2021-04-15,Consumer,-0.06708,5,4,17,-0.027659999999999997
2021-04-15,Energy,0.02906000000000001,5,5,6,0.11256
2021-04-15,Financials,0.37618,5,4,29,0.52694
2021-04-15,Healthcare,0.30788,5,5,9,-0.035199999999999995
2021-04-15,Industrials,0.29164,5,3,6,0.28724
2021-04-15,Materials,0.0,5,0,0,0.11750000000000001
2021-04-15,RealEstate,0.09176,5,4,5,0.0
2021-04-15,Tech,0.31872,5,4,10,0.12288000000000002
2021-04-15,Utilities,0.12248,5,1,2,0.46937999999999996
2021-04-16,Comm,0.17694000000000001,5,2,4,0.11717999999999999
2021-04-16,Consumer,0.54872,5,4,20,-0.06708
2021-04-16,Energy,0.09338,5,4,10,0.02906000000000001
2021-04-16,Financials,0.67038,5,5,36,0.37618
2021-04-16,Healthcare,-0.05,5,2,2,0.30788
2021-04-16,Industrials,-0.08308000000000001,5,3,8,0.29164
2021-04-16,Materials,0.0,5,2,2,0.0
2021-04-16,RealEstate,0.0,5,1,1,0.09176
2021-04-16,Tech,0.10176,5,3,8,0.31872
2021-04-16,Utilities,0.0,5,0,0,0.12248
2021-04-19,Comm,-0.09809999999999999,5,4,8,0.17694000000000001
2021-04-19,Consumer,0.10461999999999998,5,5,40,0.54872
2021-04-19,Energy,0.09428,5,3,11,0.09338
2021-04-19,Financials,0.54722,5,5,22,0.67038
2021-04-19,Healthcare,0.06974,5,5,15,-0.05
2021-04-19,Industrials,0.41738,5,4,13,-0.08308000000000001
2021-04-19,Materials,0.20092,5,3,3,0.0
2021-04-19,RealEstate,0.06364,5,2,5,0.0
2021-04-19,Tech,0.03454,5,4,25,0.10176
2021-04-19,Utilities,0.13758,5,2,7,0.0
2021-04-20,Comm,0.15424,5,4,12,-0.09809999999999999
2021-04-20,Consumer,0.20817999999999998,5,5,26,0.10461999999999998
2021-04-20,Energy,0.29148,5,3,6,0.09428
2021-04-20,Financials,0.50796,5,5,16,0.54722
2021-04-20,Healthcare,0.24985999999999997,5,4,13,0.06974
2021-04-20,Industrials,0.012680000000000025,5,4,16,0.41738
2021-04-20,Materials,-0.00516,5,1,1,0.20092
2021-04-20,RealEstate,0.0,5,0,0,0.06364
2021-04-20,Tech,0.23966000000000004,5,3,12,0.03454
2021-04-20,Utilities,0.2407,5,3,4,0.13758
2021-04-21,Comm,0.03269999999999999,5,3,18,0.15424
2021-04-21,Consumer,0.19998,5,5,11,0.20817999999999998
2021-04-21,Energy,0.14052,5,4,11,0.29148
2021-04-21,Financials,0.27908,5,4,13,0.50796
2021-04-21,Healthcare,0.31802,5,5,8,0.24985999999999997
2021-04-21,Industrials,0.10921999999999998,5,5,8,0.012680000000000025
2021-04-21,Materials,0.19538000000000003,5,4,5,-0.00516
2021-04-21,RealEstate,0.0,5,2,3,0.0
2021-04-21,Tech,0.09342,5,4,12,0.23966000000000004
2021-04-21,Utilities,0.19118,5,2,8,0.2407
2021-04-22,Comm,0.18638000000000002,5,3,26,0.03269999999999999
2021-04-22,Consumer,0.53688,5,4,15,0.19998
2021-04-22,Energy,0.08618,5,3,10,0.14052
2021-04-22,Financials,0.3703,5,4,17,0.27908
2021-04-22,Healthcare,0.11164,5,5,9,0.31802
2021-04-22,Industrials,0.11280000000000001,5,5,10,0.10921999999999998
2021-04-22,Materials,0.2037,5,2,11,0.19538000000000003
2021-04-22,RealEstate,0.08038,5,3,4,0.0
2021-04-22,Tech,0.35456,5,4,28,0.09342
2021-04-22,Utilities,0.12752,5,3,7,0.19118
2021-04-23,Comm,0.21416,5,3,10,0.18638000000000002
2021-04-23,Consumer,0.39356,5,5,22,0.53688
2021-04-23,Energy,0.098,5,5,16,0.08618
2021-04-23,Financials,0.369,5,4,10,0.3703
2021-04-23,Healthcare,0.11148,5,2,2,0.11164
2021-04-23,Industrials,0.10462,5,3,10,0.11280000000000001
2021-04-23,Materials,0.08808,5,2,3,0.2037
2021-04-23,RealEstate,0.15566,5,1,1,0.08038
2021-04-23,Tech,0.2943,5,4,22,0.35456
2021-04-23,Utilities,0.05464,5,3,3,0.12752
2021-04-26,Comm,0.10444000000000002,5,4,9,0.21416
2021-04-26,Consumer,0.5468,5,5,31,0.39356
2021-04-26,Energy,-0.1157,5,5,13,0.098
2021-04-26,Financials,0.61674,5,5,21,0.369
2021-04-26,Healthcare,0.5460200000000001,5,5,15,0.11148
2021-04-26,Industrials,0.29374,5,3,14,0.10462
2021-04-26,Materials,0.0,5,1,1,0.08808
2021-04-26,RealEstate,0.11148,5,4,7,0.15566
2021-04-26,Tech,0.4479,5,3,15,0.2943
2021-04-26,Utilities,0.11438,5,3,5,0.05464
2021-04-27,Comm,0.17192000000000002,5,3,11,0.10444000000000002
2021-04-27,Consumer,0.16084,5,4,22,0.5468
2021-04-27,Energy,0.0,5,3,5,-0.1157
2021-04-27,Financials,0.41242,5,4,16,0.61674
2021-04-27,Healthcare,0.4304,5,5,14,0.5460200000000001
2021-04-27,Industrials,0.65904,5,4,52,0.29374
2021-04-27,Materials,0.13336,5,2,5,0.0
2021-04-27,RealEstate,0.0,5,0,0,0.11148
2021-04-27,Tech,0.05249999999999999,5,4,8,0.4479
2021-04-27,Utilities,0.06548000000000001,5,3,4,0.11438
2021-04-28,Comm,0.41748,5,4,10,0.17192000000000002
2021-04-28,Consumer,0.47090000000000004,5,5,18,0.16084
2021-04-28,Energy,0.36398,5,3,8,0.0
2021-04-28,Financials,0.08874,5,4,15,0.41242
2021-04-28,Healthcare,0.23816,5,5,32,0.4304
2021-04-28,Industrials,-0.23531999999999997,5,5,31,0.65904
2021-04-28,Materials,0.11148,5,1,1,0.13336
2021-04-28,RealEstate,0.28386,5,3,7,0.0
2021-04-28,Tech,0.21234000000000003,5,4,26,0.05249999999999999
2021-04-28,Utilities,0.14998,5,3,4,0.06548000000000001
2021-04-29,Comm,0.34752,5,4,12,0.41748
2021-04-29,Consumer,0.04076000000000002,5,4,13,0.47090000000000004
2021-04-29,Energy,0.29303999999999997,5,3,8,0.36398
2021-04-29,Financials,0.21338,5,3,11,0.08874
2021-04-29,Healthcare,0.454,5,5,35,0.23816
2021-04-29,Industrials,0.12176000000000001,5,5,21,-0.23531999999999997
2021-04-29,Materials,0.059199999999999996,5,2,4,0.11148
2021-04-29,RealEstate,0.18070000000000003,5,4,14,0.28386
2021-04-29,Tech,0.22218,5,4,12,0.21234000000000003
2021-04-29,Utilities,0.0,5,1,2,0.14998
2021-04-30,Comm,0.29784,5,3,10,0.34752
2021-04-30,Consumer,0.16836,5,4,23,0.04076000000000002
2021-04-30,Energy,0.50334,5,5,33,0.29303999999999997
2021-04-30,Financials,0.1759,5,3,12,0.21338
2021-04-30,Healthcare,0.40262000000000003,5,5,23,0.454
2021-04-30,Industrials,0.09578,5,4,10,0.12176000000000001
2021-04-30,Materials,-0.04526,5,1,1,0.059199999999999996
2021-04-30,RealEstate,0.25312,5,3,5,0.18070000000000003
2021-04-30,Tech,-0.03062,5,2,8,0.22218
2021-04-30,Utilities,0.26652000000000003,5,5,10,0.0
2021-05-03,Comm,0.49592,5,5,19,0.29784
2021-05-03,Consumer,0.31453999999999993,5,5,19,0.16836
2021-05-03,Energy,0.25476,5,4,12,0.50334
2021-05-03,Financials,0.32584,5,5,14,0.1759
2021-05-03,Healthcare,0.54768,5,5,17,0.40262000000000003
2021-05-03,Industrials,-0.014000000000000012,5,5,15,0.09578
2021-05-03,Materials,0.05464,5,3,5,-0.04526
2021-05-03,RealEstate,0.18342,5,3,4,0.25312
2021-05-03,Tech,0.21467999999999998,5,3,17,-0.03062
2021-05-03,Utilities,0.175,5,2,3,0.26652000000000003
2021-05-04,Comm,0.39076,5,4,10,0.49592
2021-05-04,Consumer,0.43248,5,4,18,0.31453999999999993
2021-05-04,Energy,0.17558,5,3,16,0.25476
2021-05-04,Financials,0.38554,5,5,20,0.32584
2021-05-04,Healthcare,0.24118,5,5,11,0.54768
2021-05-04,Industrials,0.019439999999999992,5,4,16,-0.014000000000000012
2021-05-04,Materials,-0.11438,5,4,11,0.05464
2021-05-04,RealEstate,0.0,5,0,0,0.18342
2021-05-04,Tech,0.13944,5,3,8,0.21467999999999998
2021-05-04,Utilities,0.26248,5,3,4,0.175
2021-05-05,Comm,0.20398,5,4,17,0.39076
2021-05-05,Consumer,0.10036,5,3,18,0.43248
2021-05-05,Energy,0.12408,5,4,12,0.17558
2021-05-05,Financials,0.26846,5,4,10,0.38554
2021-05-05,Healthcare,0.22918,5,5,8,0.24118
2021-05-05,Industrials,0.5518,5,5,25,0.019439999999999992
2021-05-05,Materials,0.17182,5,1,1,-0.11438
2021-05-05,RealEstate,0.0,5,4,5,0.0
2021-05-05,Tech,0.26582,5,3,8,0.13944
2021-05-05,Utilities,0.12042000000000001,5,3,5,0.26248
2021-05-06,Comm,0.012719999999999999,5,2,5,0.20398
2021-05-06,Consumer,0.38484,5,5,20,0.10036
2021-05-06,Energy,0.35696,5,4,10,0.12408
2021-05-06,Financials,0.26254,5,4,11,0.26846
2021-05-06,Healthcare,0.0,5,2,5,0.22918
2021-05-06,Industrials,0.3081,5,4,8,0.5518
2021-05-06,Materials,0.1008,5,4,5,0.17182
2021-05-06,RealEstate,-0.06364,5,1,2,0.0
2021-05-06,Tech,0.18802000000000002,5,3,6,0.26582
2021-05-06,Utilities,0.0,5,1,1,0.12042000000000001
2021-05-07,Comm,0.10724,5,4,8,0.012719999999999999
2021-05-07,Consumer,-0.12596000000000002,5,3,9,0.38484
2021-05-07,Energy,-0.16060000000000002,5,2,6,0.35696
2021-05-07,Financials,0.010600000000000009,5,4,10,0.26254
2021-05-07,Healthcare,0.068,5,2,2,0.0
2021-05-07,Industrials,-0.11294,5,3,9,0.3081
2021-05-07,Materials,0.0,5,0,0,0.1008
2021-05-07,RealEstate,0.0,5,0,0,-0.06364
2021-05-07,Tech,0.33178,5,3,8,0.18802000000000002
2021-05-07,Utilities,0.11383999999999998,5,3,4,0.0
2021-05-10,Comm,-0.03806,5,5,14,0.10724
2021-05-10,Consumer,0.22676,5,5,16,-0.12596000000000002
2021-05-10,Energy,0.40182,5,5,28,-0.16060000000000002
2021-05-10,Financials,0.11196000000000002,5,3,9,0.010600000000000009
2021-05-10,Healthcare,0.14323999999999998,5,5,13,0.068
2021-05-10,Industrials,0.31548,5,4,7,-0.11294
2021-05-10,Materials,0.1967,5,4,5,0.0
2021-05-10,RealEstate,0.0,5,0,0,0.0
2021-05-10,Tech,0.16756000000000001,5,3,7,0.33178
2021-05-10,Utilities,0.47766000000000003,5,4,10,0.11383999999999998
2021-05-11,Comm,0.48448,5,5,15,-0.03806
2021-05-11,Consumer,0.07636000000000001,5,5,17,0.22676
2021-05-11,Energy,-0.21402000000000002,5,4,17,0.40182
2021-05-11,Financials,0.004559999999999997,5,3,5,0.11196000000000002
2021-05-11,Healthcare,0.08038,5,3,3,0.14323999999999998
2021-05-11,Industrials,0.09659999999999999,5,3,13,0.31548
2021-05-11,Materials,0.13616,5,1,2,0.1967
2021-05-11,RealEstate,0.059199999999999996,5,1,1,0.0
2021-05-11,Tech,0.01032,5,4,13,0.16756000000000001
2021-05-11,Utilities,0.0,5,0,0,0.47766000000000003
2021-05-12,Comm,0.22847999999999996,5,5,13,0.48448
2021-05-12,Consumer,0.0773,5,4,11,0.07636000000000001
2021-05-12,Energy,0.27154,5,4,13,-0.21402000000000002
2021-05-12,Financials,0.13466,5,4,15,0.004559999999999997
2021-05-12,Healthcare,0.46421999999999997,5,4,5,0.08038
2021-05-12,Industrials,0.17298,5,5,13,0.09659999999999999
2021-05-12,Materials,0.09878,5,1,1,0.13616
2021-05-12,RealEstate,0.13957999999999998,5,2,2,0.059199999999999996
2021-05-12,Tech,0.17616,5,3,4,0.01032
2021-05-12,Utilities,0.17915999999999999,5,3,4,0.0
2021-05-13,Comm,0.0,5,1,1,0.22847999999999996
2021-05-13,Consumer,0.48225999999999997,5,3,16,0.0773
2021-05-13,Energy,0.0,5,3,6,0.27154
2021-05-13,Financials,-0.013419999999999998,5,4,9,0.13466
2021-05-13,Healthcare,-0.08038,5,3,9,0.46421999999999997
2021-05-13,Industrials,0.23032,5,3,13,0.17298
2021-05-13,Materials,0.0,5,1,2,0.09878
2021-05-13,RealEstate,0.0,5,3,3,0.13957999999999998
2021-05-13,Tech,0.0,5,4,5,0.17616
2021-05-13,Utilities,0.07636,5,2,2,0.17915999999999999
2021-05-14,Comm,0.0,5,2,2,0.0
2021-05-14,Consumer,0.04580000000000002,5,4,36,0.48225999999999997
2021-05-14,Energy,-0.07274,5,3,6,0.0
2021-05-14,Financials,0.1519,5,4,15,-0.013419999999999998
2021-05-14,Healthcare,0.18494000000000002,5,4,6,-0.08038
2021-05-14,Industrials,0.058620000000000005,5,2,7,0.23032
2021-05-14,Materials,0.059199999999999996,5,2,2,0.0
2021-05-14,RealEstate,0.0,5,0,0,0.0
2021-05-14,Tech,0.1429,5,3,9,0.0
2021-05-14,Utilities,0.10212000000000002,5,1,1,0.07636
2021-05-17,Comm,0.058800000000000005,5,5,40,0.0
2021-05-17,Consumer,0.33346,5,4,39,0.04580000000000002
2021-05-17,Energy,0.45,5,4,14,-0.07274
2021-05-17,Financials,0.57232,5,5,18,0.1519
2021-05-17,Healthcare,0.19478,5,5,13,0.18494000000000002
2021-05-17,Industrials,-0.0356,5,4,11,0.058620000000000005
2021-05-17,Materials,0.22406,5,2,6,0.059199999999999996
2021-05-17,RealEstate,0.0,5,1,1,0.0
2021-05-17,Tech,0.09152,5,2,5,0.1429
2021-05-17,Utilities,0.09878,5,2,3,0.10212000000000002
2021-05-18,Comm,-0.04496,5,5,32,0.058800000000000005
2021-05-18,Consumer,0.14254,5,4,39,0.33346
2021-05-18,Energy,-0.11298,5,2,8,0.45
2021-05-18,Financials,0.22876,5,3,8,0.57232
2021-05-18,Healthcare,0.09534000000000001,5,3,6,0.19478
2021-05-18,Industrials,0.0528,5,5,11,-0.0356
2021-05-18,Materials,0.14538,5,3,5,0.22406
2021-05-18,RealEstate,0.0,5,1,1,0.0
2021-05-18,Tech,0.18002,5,2,3,0.09152
2021-05-18,Utilities,0.07224,5,2,2,0.09878
2021-05-19,Comm,0.30556,5,3,21,-0.04496
2021-05-19,Consumer,0.09369999999999998,5,5,23,0.14254
2021-05-19,Energy,-0.1486,5,2,6,-0.11298
2021-05-19,Financials,0.40077999999999997,5,3,10,0.22876
2021-05-19,Healthcare,-0.068,5,2,2,0.09534000000000001
2021-05-19,Industrials,0.10846,5,2,6,0.0528
2021-05-19,Materials,-0.08038,5,2,2,0.14538
2021-05-19,RealEstate,0.0,5,1,1,0.0
2021-05-19,Tech,-0.01974,5,3,15,0.18002
2021-05-19,Utilities,0.13816,5,1,1,0.07224
2021-05-20,Comm,0.3674,5,5,17,0.30556
2021-05-20,Consumer,0.6315999999999999,5,5,22,0.09369999999999998
2021-05-20,Energy,0.04046,5,2,2,-0.1486
2021-05-20,Financials,0.17238,5,3,11,0.40077999999999997
2021-05-20,Healthcare,0.2136,5,2,6,-0.068
2021-05-20,Industrials,0.13894,5,3,3,0.10846
2021-05-20,Materials,0.0,5,2,3,-0.08038
2021-05-20,RealEstate,0.0,5,0,0,0.0
2021-05-20,Tech,0.41600000000000004,5,4,14,-0.01974
2021-05-20,Utilities,0.25054,5,5,7,0.13816
2021-05-21,Comm,0.42532,5,5,14,0.3674
2021-05-21,Consumer,0.3116,5,4,15,0.6315999999999999
2021-05-21,Energy,0.06417999999999999,5,4,10,0.04046
2021-05-21,Financials,-0.00516,5,4,11,0.17238
2021-05-21,Healthcare,0.34126,5,5,7,0.2136
2021-05-21,Industrials,0.27598,5,2,4,0.13894
2021-05-21,Materials,0.06364,5,1,2,0.0
2021-05-21,RealEstate,0.0,5,0,0,0.0
2021-05-21,Tech,0.25172,5,4,5,0.41600000000000004
2021-05-21,Utilities,0.12738,5,3,3,0.25054
2021-05-24,Comm,0.15616,5,5,15,0.42532
2021-05-24,Consumer,0.71192,5,5,32,0.3116
2021-05-24,Energy,0.2068,5,5,13,0.06417999999999999
2021-05-24,Financials,0.11148,5,4,16,-0.00516
2021-05-24,Healthcare,0.57546,5,4,13,0.34126
2021-05-24,Industrials,0.22549999999999998,5,3,7,0.27598
2021-05-24,Materials,0.12854000000000002,5,4,5,0.06364
2021-05-24,RealEstate,0.09966,5,2,4,0.0
2021-05-24,Tech,0.46596000000000004,5,3,9,0.25172
2021-05-24,Utilities,0.25116,5,3,5,0.12738
2021-05-25,Comm,0.25444,5,4,13,0.15616
2021-05-25,Consumer,0.32038,5,4,15,0.71192
2021-05-25,Energy,0.21502,5,4,15,0.2068
2021-05-25,Financials,0.4404199999999999,5,3,14,0.11148
2021-05-25,Healthcare,0.27058,5,4,6,0.57546
2021-05-25,Industrials,0.0,5,2,2,0.22549999999999998
2021-05-25,Materials,0.08038,5,3,3,0.12854000000000002
2021-05-25,RealEstate,0.31132,5,2,3,0.09966
2021-05-25,Tech,-0.19770000000000001,5,3,12,0.46596000000000004
2021-05-25,Utilities,0.05464,5,1,1,0.25116
2021-05-26,Comm,0.16552,5,3,9,0.25444
2021-05-26,Consumer,0.3758,5,4,21,0.32038
2021-05-26,Energy,0.67012,5,5,19,0.21502
2021-05-26,Financials,0.219,5,4,10,0.4404199999999999
2021-05-26,Healthcare,0.0,5,3,6,0.27058
2021-05-26,Industrials,0.11938,5,3,7,0.0
2021-05-26,Materials,0.0,5,2,2,0.08038
2021-05-26,RealEstate,0.0,5,3,3,0.31132
2021-05-26,Tech,0.33846000000000004,5,4,6,-0.19770000000000001
2021-05-26,Utilities,0.1486,5,1,2,0.05464
2021-05-27,Comm,0.36906,5,5,14,0.16552
2021-05-27,Consumer,0.53026,5,5,20,0.3758
2021-05-27,Energy,0.06157999999999999,5,3,14,0.67012
2021-05-27,Financials,0.14794000000000002,5,4,14,0.219
2021-05-27,Healthcare,0.22438000000000002,5,4,10,0.0
2021-05-27,Industrials,0.25606,5,4,15,0.11938
2021-05-27,Materials,0.14282,5,3,3,0.0
2021-05-27,RealEstate,-0.02054,5,1,2,0.0
2021-05-27,Tech,0.36694,5,4,11,0.33846000000000004
2021-05-27,Utilities,0.14538,5,2,2,0.1486
2021-05-28,Comm,0.7778,5,5,15,0.36906
2021-05-28,Consumer,0.43154000000000003,5,5,11,0.53026
2021-05-28,Energy,0.12431999999999999,5,4,12,0.06157999999999999
2021-05-28,Financials,0.2545,5,5,11,0.14794000000000002
2021-05-28,Healthcare,0.011140000000000006,5,2,4,0.22438000000000002
2021-05-28,Industrials,0.07224,5,4,4,0.25606
2021-05-28,Materials,0.14538,5,3,5,0.14282
2021-05-28,RealEstate,0.20112000000000002,5,2,2,-0.02054
2021-05-28,Tech,0.36468,5,4,12,0.36694
2021-05-28,Utilities,0.09878,5,1,2,0.14538
2021-06-01,Comm,0.30378,5,2,11,0.7778
2021-06-01,Consumer,0.7240800000000001,5,5,27,0.43154000000000003
2021-06-01,Energy,0.37302,5,5,35,0.12431999999999999
2021-06-01,Financials,0.31364000000000003,5,4,18,0.2545
2021-06-01,Healthcare,0.58108,5,5,28,0.011140000000000006
2021-06-01,Industrials,0.31479999999999997,5,4,9,0.07224
2021-06-01,Materials,0.12688000000000002,5,2,4,0.14538
2021-06-01,RealEstate,0.12647999999999998,5,3,5,0.20112000000000002
2021-06-01,Tech,0.07144,5,3,9,0.36468
2021-06-01,Utilities,0.18658,5,3,4,0.09878
2021-06-02,Comm,0.21546000000000004,5,5,8,0.30378
2021-06-02,Consumer,0.42935999999999996,5,5,15,0.7240800000000001
2021-06-02,Energy,0.59112,5,4,21,0.37302
2021-06-02,Financials,0.45389999999999997,5,5,17,0.31364000000000003
2021-06-02,Healthcare,0.15886,5,4,6,0.58108
2021-06-02,Industrials,0.08159999999999999,5,2,2,0.31479999999999997
2021-06-02,Materials,0.0,5,1,2,0.12688000000000002
2021-06-02,RealEstate,0.11438,5,1,1,0.12647999999999998
2021-06-02,Tech,0.26024,5,4,9,0.07144
2021-06-02,Utilities,0.26078,5,3,3,0.18658
2021-06-03,Comm,0.01032,5,2,4,0.21546000000000004
2021-06-03,Consumer,0.48840000000000006,5,5,12,0.42935999999999996
2021-06-03,Energy,0.40047999999999995,5,5,12,0.59112
2021-06-03,Financials,-0.00826,5,5,12,0.45389999999999997
2021-06-03,Healthcare,0.3106,5,5,14,0.15886
2021-06-03,Industrials,0.2655,5,4,9,0.08159999999999999
2021-06-03,Materials,0.16076,5,4,5,0.0
2021-06-03,RealEstate,0.10102,5,3,3,0.11438
2021-06-03,Tech,0.15560000000000002,5,3,8,0.26024
2021-06-03,Utilities,0.0,5,4,5,0.26078
2021-06-04,Comm,0.5382,5,5,11,0.01032
2021-06-04,Consumer,0.28568,5,5,18,0.48840000000000006
2021-06-04,Energy,0.0,5,3,6,0.40047999999999995
2021-06-04,Financials,0.37826,5,4,8,-0.00826
2021-06-04,Healthcare,-0.01202,5,2,2,0.3106
2021-06-04,Industrials,0.27284,5,4,9,0.2655
2021-06-04,Materials,0.0,5,1,2,0.16076
2021-06-04,RealEstate,0.059199999999999996,5,1,1,0.10102
2021-06-04,Tech,0.24436,5,3,8,0.15560000000000002
2021-06-04,Utilities,0.16962,5,1,2,0.0
2021-06-07,Comm,0.29290000000000005,5,5,16,0.5382
2021-06-07,Consumer,0.27702,5,5,24,0.28568
2021-06-07,Energy,-0.51194,5,5,13,0.0
2021-06-07,Financials,0.28274,5,5,16,0.37826
2021-06-07,Healthcare,0.14102,5,5,7,-0.01202
2021-06-07,Industrials,0.27466,5,4,7,0.27284
2021-06-07,Materials,0.24943999999999997,5,4,9,0.0
2021-06-07,RealEstate,0.15012,5,1,2,0.059199999999999996
2021-06-07,Tech,0.5792200000000001,5,4,19,0.24436
2021-06-07,Utilities,0.0,5,0,0,0.16962
2021-06-08,Comm,0.40440000000000004,5,4,7,0.29290000000000005
2021-06-08,Consumer,0.17146,5,4,17,0.27702
2021-06-08,Energy,0.18883999999999998,5,3,4,-0.51194
2021-06-08,Financials,0.25780000000000003,5,4,8,0.28274
2021-06-08,Healthcare,0.09878,5,4,4,0.14102
2021-06-08,Industrials,0.12083999999999999,5,3,5,0.27466
2021-06-08,Materials,0.07224,5,3,5,0.24943999999999997
2021-06-08,RealEstate,0.0,5,0,0,0.15012
2021-06-08,Tech,0.15052000000000001,5,2,2,0.5792200000000001
2021-06-08,Utilities,0.12498000000000001,5,3,5,0.0
2021-06-09,Comm,0.0,5,1,2,0.40440000000000004
2021-06-09,Consumer,0.07165999999999997,5,3,9,0.17146
2021-06-09,Energy,0.131,5,2,11,0.18883999999999998
2021-06-09,Financials,0.40384000000000003,5,3,11,0.25780000000000003
2021-06-09,Healthcare,-0.11322000000000002,5,4,16,0.09878
2021-06-09,Industrials,0.11298000000000001,5,4,10,0.12083999999999999
2021-06-09,Materials,0.0,5,1,1,0.07224
2021-06-09,RealEstate,0.0,5,2,3,0.0
2021-06-09,Tech,0.12238,5,4,5,0.15052000000000001
2021-06-09,Utilities,0.05464,5,2,2,0.12498000000000001
2021-06-10,Comm,0.25196,5,5,16,0.0
2021-06-10,Consumer,0.30238,5,5,20,0.07165999999999997
2021-06-10,Energy,0.17994,5,5,9,0.131
2021-06-10,Financials,0.19632,5,4,13,0.40384000000000003
2021-06-10,Healthcare,0.33849999999999997,5,4,10,-0.11322000000000002
2021-06-10,Industrials,0.18894,5,4,8,0.11298000000000001
2021-06-10,Materials,0.0,5,1,1,0.0
2021-06-10,RealEstate,0.15928,5,5,5,0.0
2021-06-10,Tech,0.36492,5,4,18,0.12238
2021-06-10,Utilities,0.0,5,1,1,0.05464
2021-06-11,Comm,0.26883999999999997,5,2,8,0.25196
2021-06-11,Consumer,0.09534000000000001,5,5,13,0.30238
2021-06-11,Energy,0.011840000000000007,5,3,7,0.17994
2021-06-11,Financials,0.25568,5,2,5,0.19632
2021-06-11,Healthcare,0.09128,5,4,9,0.33849999999999997
2021-06-11,Industrials,0.4238799999999999,5,3,5,0.18894
2021-06-11,Materials,0.0,5,2,2,0.0
2021-06-11,RealEstate,0.0,5,1,2,0.15928
2021-06-11,Tech,0.04298,5,4,7,0.36492
2021-06-11,Utilities,0.0,5,2,2,0.0
2021-06-14,Comm,0.26217999999999997,5,4,10,0.26883999999999997
2021-06-14,Consumer,0.40162,5,5,21,0.09534000000000001
2021-06-14,Energy,0.52874,5,5,16,0.011840000000000007
2021-06-14,Financials,0.0392,5,4,11,0.25568
2021-06-14,Healthcare,0.39893999999999996,5,5,14,0.09128
2021-06-14,Industrials,0.06364,5,3,5,0.4238799999999999
2021-06-14,Materials,0.20373999999999998,5,3,4,0.0
2021-06-14,RealEstate,-0.01544,5,2,2,0.0
2021-06-14,Tech,0.12036,5,4,11,0.04298
2021-06-14,Utilities,0.25882,5,3,7,0.0
2021-06-15,Comm,0.13555999999999999,5,5,8,0.26217999999999997
2021-06-15,Consumer,0.45646000000000003,5,4,12,0.40162
2021-06-15,Energy,0.39512,5,4,13,0.52874
2021-06-15,Financials,0.22324000000000002,5,5,10,0.0392
2021-06-15,Healthcare,0.20932,5,3,5,0.39893999999999996
2021-06-15,Industrials,-0.027759999999999996,5,3,7,0.06364
2021-06-15,Materials,0.0,5,1,1,0.20373999999999998
2021-06-15,RealEstate,-0.059199999999999996,5,2,2,-0.01544
2021-06-15,Tech,0.0,5,3,5,0.12036
2021-06-15,Utilities,0.12498000000000001,5,1,1,0.25882
2021-06-16,Comm,0.50376,5,4,12,0.13555999999999999
2021-06-16,Consumer,0.27412000000000003,5,5,20,0.45646000000000003
2021-06-16,Energy,0.47302,5,5,14,0.39512
2021-06-16,Financials,-0.003799999999999992,5,5,12,0.22324000000000002
2021-06-16,Healthcare,0.0,5,2,3,0.20932
2021-06-16,Industrials,0.22486,5,3,6,-0.027759999999999996
2021-06-16,Materials,0.0,5,2,2,0.0
2021-06-16,RealEstate,0.11839999999999999,5,3,5,-0.059199999999999996
2021-06-16,Tech,0.33104,5,4,13,0.0
2021-06-16,Utilities,0.0,5,2,2,0.12498000000000001
2021-06-17,Comm,0.28602,5,3,4,0.50376
2021-06-17,Consumer,0.09602000000000001,5,3,10,0.27412000000000003
2021-06-17,Energy,0.02203999999999997,5,4,11,0.47302
2021-06-17,Financials,0.2254,5,5,19,-0.003799999999999992
2021-06-17,Healthcare,0.030920000000000003,5,4,6,0.0
2021-06-17,Industrials,0.0,5,3,6,0.22486
2021-06-17,Materials,0.11202000000000001,5,4,9,0.0
2021-06-17,RealEstate,0.09534000000000001,5,2,3,0.11839999999999999
2021-06-17,Tech,-0.15648,5,3,20,0.33104
2021-06-17,Utilities,0.08038,5,1,1,0.0
2021-06-18,Comm,0.0,5,3,4,0.28602
2021-06-18,Consumer,0.56624,5,5,15,0.09602000000000001
2021-06-18,Energy,0.20249999999999999,5,4,7,0.02203999999999997
2021-06-18,Financials,0.28259999999999996,5,4,14,0.2254
2021-06-18,Healthcare,0.31622,5,3,6,0.030920000000000003
2021-06-18,Industrials,-0.014179999999999998,5,3,4,0.0
2021-06-18,Materials,0.11839999999999999,5,3,4,0.11202000000000001
2021-06-18,RealEstate,0.153,5,3,4,0.09534000000000001
2021-06-18,Tech,0.31924,5,4,18,-0.15648
2021-06-18,Utilities,0.0,5,1,1,0.08038
2021-06-21,Comm,0.29618,5,3,8,0.0
2021-06-21,Consumer,0.22269999999999998,5,5,35,0.56624
2021-06-21,Energy,0.39136,5,5,25,0.20249999999999999
2021-06-21,Financials,0.10470000000000002,5,5,12,0.28259999999999996
2021-06-21,Healthcare,0.5690799999999999,5,4,12,0.31622
2021-06-21,Industrials,0.41694,5,3,14,-0.014179999999999998
2021-06-21,Materials,0.07636,5,3,5,0.11839999999999999
2021-06-21,RealEstate,0.0,5,0,0,0.153
2021-06-21,Tech,0.4438,5,4,18,0.31924
2021-06-21,Utilities,0.26328,5,4,9,0.0
2021-06-22,Comm,-0.09894,5,2,3,0.29618
2021-06-22,Consumer,0.00613999999999999,5,5,13,0.22269999999999998
2021-06-22,Energy,0.16402,5,2,5,0.39136
2021-06-22,Financials,-0.30296,5,4,12,0.10470000000000002
2021-06-22,Healthcare,0.059199999999999996,5,2,2,0.5690799999999999
2021-06-22,Industrials,-0.0028200000000000005,5,3,6,0.41694
2021-06-22,Materials,0.0843,5,2,3,0.07636
2021-06-22,RealEstate,-0.04046,5,1,1,0.0
2021-06-22,Tech,0.18962,5,3,8,0.4438
2021-06-22,Utilities,0.0,5,0,0,0.26328
2021-06-23,Comm,-0.012379999999999992,5,4,17,-0.09894
2021-06-23,Consumer,0.43146000000000007,5,5,20,0.00613999999999999
2021-06-23,Energy,0.24967999999999999,5,4,12,0.16402
2021-06-23,Financials,0.26765999999999995,5,4,13,-0.30296
2021-06-23,Healthcare,0.18658000000000002,5,3,3,0.059199999999999996
2021-06-23,Industrials,0.08808,5,3,5,-0.0028200000000000005
2021-06-23,Materials,0.0,5,0,0,0.0843
2021-06-23,RealEstate,0.0,5,0,0,-0.04046
2021-06-23,Tech,0.16178,5,3,9,0.18962
2021-06-23,Utilities,-0.036660000000000005,5,2,3,0.0
2021-06-24,Comm,-0.12024000000000001,5,4,13,-0.012379999999999992
2021-06-24,Consumer,0.476,5,5,24,0.43146000000000007
2021-06-24,Energy,0.23679999999999998,5,5,11,0.24967999999999999
2021-06-24,Financials,0.6594800000000001,5,5,30,0.26765999999999995
2021-06-24,Healthcare,0.17572000000000002,5,3,6,0.18658000000000002
2021-06-24,Industrials,0.04046,5,3,7,0.08808
2021-06-24,Materials,0.07894,5,4,4,0.0
2021-06-24,RealEstate,-0.07636,5,2,2,0.0
2021-06-24,Tech,0.47164,5,4,14,0.16178
2021-06-24,Utilities,0.25156,5,2,3,-0.036660000000000005
2021-06-25,Comm,0.07288000000000001,5,3,6,-0.12024000000000001
2021-06-25,Consumer,0.25194,5,5,33,0.476
2021-06-25,Energy,0.2412,5,2,7,0.23679999999999998
2021-06-25,Financials,-0.17473999999999998,5,4,17,0.6594800000000001
2021-06-25,Healthcare,0.25556,5,5,10,0.17572000000000002
2021-06-25,Industrials,0.10333999999999999,5,3,6,0.04046
2021-06-25,Materials,0.0843,5,2,4,0.07894
2021-06-25,RealEstate,0.13534,5,1,2,-0.07636
2021-06-25,Tech,0.36362,5,3,4,0.47164
2021-06-25,Utilities,0.14192,5,1,1,0.25156
2021-06-28,Comm,0.44026,5,4,11,0.07288000000000001
2021-06-28,Consumer,0.45133999999999996,5,5,27,0.25194
2021-06-28,Energy,-0.04139999999999999,5,5,11,0.2412
2021-06-28,Financials,0.10896000000000002,5,5,17,-0.17473999999999998
2021-06-28,Healthcare,0.18580000000000002,5,3,5,0.25556
2021-06-28,Industrials,0.28012000000000004,5,2,7,0.10333999999999999
2021-06-28,Materials,0.0,5,2,2,0.0843
2021-06-28,RealEstate,0.04046,5,1,3,0.13534
2021-06-28,Tech,0.33154000000000006,5,4,15,0.36362
2021-06-28,Utilities,0.26358,5,3,4,0.14192
2021-06-29,Comm,0.08808,5,2,2,0.44026
2021-06-29,Consumer,-0.15336,5,5,13,0.45133999999999996
2021-06-29,Energy,0.64964,5,5,9,-0.04139999999999999
2021-06-29,Financials,0.454,5,4,28,0.10896000000000002
2021-06-29,Healthcare,-0.044120000000000006,5,4,8,0.18580000000000002
2021-06-29,Industrials,0.25018,5,4,6,0.28012000000000004
2021-06-29,Materials,0.00516,5,1,1,0.0
2021-06-29,RealEstate,0.0,5,1,1,0.04046
2021-06-29,Tech,0.45410000000000006,5,4,9,0.33154000000000006
2021-06-29,Utilities,0.1775,5,3,3,0.26358
2021-06-30,Comm,0.35144000000000003,5,3,14,0.08808
2021-06-30,Consumer,0.18568,5,5,20,-0.15336
2021-06-30,Energy,0.20823999999999998,5,4,13,0.64964
2021-06-30,Financials,0.33984000000000003,5,5,23,0.454
2021-06-30,Healthcare,0.16962,5,3,7,-0.044120000000000006
2021-06-30,Industrials,0.09152,5,3,5,0.25018
2021-06-30,Materials,0.0,5,0,0,0.00516
2021-06-30,RealEstate,0.0,5,1,2,0.0
2021-06-30,Tech,0.29144000000000003,5,3,13,0.45410000000000006
2021-06-30,Utilities,0.09878,5,1,2,0.1775
2021-07-01,Comm,0.008120000000000016,5,4,9,0.35144000000000003
2021-07-01,Consumer,0.25908,5,5,13,0.18568
2021-07-01,Energy,0.19380000000000003,5,5,18,0.20823999999999998
2021-07-01,Financials,0.1902,5,3,22,0.33984000000000003
2021-07-01,Healthcare,0.059199999999999996,5,1,2,0.16962
2021-07-01,Industrials,0.28166,5,3,7,0.09152
2021-07-01,Materials,0.04046,5,3,3,0.0
2021-07-01,RealEstate,0.39133999999999997,5,3,7,0.0
2021-07-01,Tech,0.26139999999999997,5,4,9,0.29144000000000003
2021-07-01,Utilities,0.05464,5,1,2,0.09878
2021-07-02,Comm,0.0216,5,5,5,0.008120000000000016
2021-07-02,Consumer,0.34728,5,4,9,0.25908
2021-07-02,Energy,0.46192,5,5,10,0.19380000000000003
2021-07-02,Financials,0.3071,5,4,14,0.1902
2021-07-02,Healthcare,0.50076,5,4,5,0.059199999999999996
2021-07-02,Industrials,0.011380000000000001,5,3,3,0.28166
2021-07-02,Materials,0.059199999999999996,5,1,1,0.04046
2021-07-02,RealEstate,0.24758,5,2,2,0.39133999999999997
2021-07-02,Tech,-0.11118000000000001,5,3,8,0.26139999999999997
2021-07-02,Utilities,0.05464,5,1,1,0.05464
2021-07-06,Comm,0.14178,5,4,7,0.0216
2021-07-06,Consumer,0.26671999999999996,5,5,19,0.34728
2021-07-06,Energy,-0.22996,5,3,7,0.46192
2021-07-06,Financials,-0.25938,5,4,19,0.3071
2021-07-06,Healthcare,0.08808,5,2,6,0.50076
2021-07-06,Industrials,0.00516,5,2,4,0.011380000000000001
2021-07-06,Materials,0.002080000000000004,5,4,5,0.059199999999999996
2021-07-06,RealEstate,0.17759999999999998,5,3,3,0.24758
2021-07-06,Tech,0.38942,5,3,10,-0.11118000000000001
2021-07-06,Utilities,0.14538,5,2,3,0.05464
2021-07-07,Comm,0.1318,5,2,7,0.14178
2021-07-07,Consumer,0.38522,5,5,16,0.26671999999999996
2021-07-07,Energy,-0.004239999999999999,5,5,11,-0.22996
2021-07-07,Financials,-0.10703999999999998,5,4,13,-0.25938
2021-07-07,Healthcare,0.33668,5,4,6,0.08808
2021-07-07,Industrials,0.18686,5,2,4,0.00516
2021-07-07,Materials,0.0,5,1,1,0.002080000000000004
2021-07-07,RealEstate,0.22866,5,3,4,0.17759999999999998
2021-07-07,Tech,0.26342,5,3,4,0.38942
2021-07-07,Utilities,0.059199999999999996,5,1,1,0.14538
2021-07-08,Comm,0.15668,5,4,9,0.1318
2021-07-08,Consumer,0.0032199999999999785,5,5,7,0.38522
2021-07-08,Energy,0.26226,5,5,14,-0.004239999999999999
2021-07-08,Financials,0.19706,5,4,27,-0.10703999999999998
2021-07-08,Healthcare,0.29318,5,4,14,0.33668
2021-07-08,Industrials,0.15674000000000002,5,2,4,0.18686
2021-07-08,Materials,-0.04887999999999999,5,4,5,0.0
2021-07-08,RealEstate,0.0,5,1,1,0.22866
2021-07-08,Tech,0.32804,5,3,11,0.26342
2021-07-08,Utilities,0.17316,5,1,2,0.059199999999999996
2021-07-09,Comm,0.2757,5,3,6,0.15668
2021-07-09,Consumer,0.2415,5,5,14,0.0032199999999999785
2021-07-09,Energy,0.3519,5,5,13,0.26226
2021-07-09,Financials,0.64458,5,5,24,0.19706
2021-07-09,Healthcare,0.0,5,4,7,0.29318
2021-07-09,Industrials,0.12498000000000001,5,4,7,0.15674000000000002
2021-07-09,Materials,0.0,5,0,0,-0.04887999999999999
2021-07-09,RealEstate,-0.05464,5,1,2,0.0
2021-07-09,Tech,0.21278000000000002,5,3,6,0.32804
2021-07-09,Utilities,0.05464,5,1,2,0.17316
2021-07-12,Comm,0.18372000000000002,5,5,10,0.2757
2021-07-12,Consumer,0.25204,5,5,19,0.2415
2021-07-12,Energy,0.26888,5,3,8,0.3519
2021-07-12,Financials,0.45044000000000006,5,5,24,0.64458
2021-07-12,Healthcare,0.10207999999999999,5,4,9,0.0
2021-07-12,Industrials,0.20373999999999998,5,3,5,0.12498000000000001
2021-07-12,Materials,0.07636,5,1,1,0.0
2021-07-12,RealEstate,0.0,5,1,1,-0.05464
2021-07-12,Tech,0.17346,5,4,16,0.21278000000000002
2021-07-12,Utilities,0.09878,5,2,6,0.05464
2021-07-13,Comm,0.20526,5,5,10,0.18372000000000002
2021-07-13,Consumer,0.4692,5,5,18,0.25204
2021-07-13,Energy,-0.014179999999999998,5,4,4,0.26888
2021-07-13,Financials,0.55968,5,4,43,0.45044000000000006
2021-07-13,Healthcare,0.059199999999999996,5,3,5,0.10207999999999999
2021-07-13,Industrials,-0.08556,5,3,3,0.20373999999999998
2021-07-13,Materials,0.0,5,2,2,0.07636
2021-07-13,RealEstate,0.0,5,1,1,0.0
2021-07-13,Tech,0.19756,5,3,5,0.17346
2021-07-13,Utilities,0.04182,5,2,2,0.09878
2021-07-14,Comm,0.068,5,4,7,0.20526
2021-07-14,Consumer,0.020700000000000007,5,5,14,0.4692
2021-07-14,Energy,0.10928,5,2,3,-0.014179999999999998
2021-07-14,Financials,0.58642,5,4,34,0.55968
2021-07-14,Healthcare,0.16252,5,4,7,0.059199999999999996
2021-07-14,Industrials,0.08808,5,3,5,-0.08556
2021-07-14,Materials,0.0,5,1,1,0.0
2021-07-14,RealEstate,0.04046,5,4,6,0.0
2021-07-14,Tech,0.17744,5,4,10,0.19756
2021-07-14,Utilities,0.068,5,1,1,0.04182
2021-07-15,Comm,0.08982,5,3,5,0.068
2021-07-15,Consumer,0.22494,5,5,21,0.020700000000000007
2021-07-15,Energy,0.01966,5,2,8,0.10928
2021-07-15,Financials,0.3877,5,5,35,0.58642
2021-07-15,Healthcare,-0.03062,5,1,2,0.16252
2021-07-15,Industrials,0.0,5,4,4,0.08808
2021-07-15,Materials,0.08038,5,2,2,0.0
2021-07-15,RealEstate,0.0,5,2,2,0.04046
2021-07-15,Tech,0.004799999999999999,5,2,12,0.17744
2021-07-15,Utilities,-0.06364,5,1,1,0.068
2021-07-16,Comm,0.1645,5,4,16,0.08982
2021-07-16,Consumer,0.30036,5,3,15,0.22494
2021-07-16,Energy,0.08887999999999999,5,5,16,0.01966
2021-07-16,Financials,0.25576,5,4,16,0.3877
2021-07-16,Healthcare,0.13194,5,1,1,-0.03062
2021-07-16,Industrials,0.15012,5,2,3,0.0
2021-07-16,Materials,0.068,5,3,4,0.08038
2021-07-16,RealEstate,0.0,5,2,2,0.0
2021-07-16,Tech,0.35018000000000005,5,4,21,0.004799999999999999
2021-07-16,Utilities,0.3602,5,3,8,-0.06364
2021-07-19,Comm,0.5093,5,5,14,0.1645
2021-07-19,Consumer,0.14838,5,5,32,0.30036
2021-07-19,Energy,-0.34872000000000003,5,5,21,0.08887999999999999
2021-07-19,Financials,0.07754,5,4,26,0.25576
2021-07-19,Healthcare,0.09111999999999998,5,4,10,0.13194
2021-07-19,Industrials,0.11717999999999999,5,4,11,0.15012
2021-07-19,Materials,0.08374,5,3,6,0.068
2021-07-19,RealEstate,-0.11438,5,4,6,0.0
2021-07-19,Tech,-0.14922,5,4,29,0.35018000000000005
2021-07-19,Utilities,0.07824,5,3,4,0.3602
2021-07-20,Comm,0.363,5,3,7,0.5093
2021-07-20,Consumer,0.15088,5,4,12,0.14838
2021-07-20,Energy,0.6980000000000001,5,5,12,-0.34872000000000003
2021-07-20,Financials,0.58922,5,5,24,0.07754
2021-07-20,Healthcare,-0.02054,5,4,7,0.09111999999999998
2021-07-20,Industrials,0.0,5,1,1,0.11717999999999999
2021-07-20,Materials,0.08084,5,3,3,0.08374
2021-07-20,RealEstate,0.0,5,1,1,-0.11438
2021-07-20,Tech,0.15674,5,4,10,-0.14922
2021-07-20,Utilities,0.05464,5,2,2,0.07824
2021-07-21,Comm,0.19344,5,4,12,0.363
2021-07-21,Consumer,0.26280000000000003,5,5,22,0.15088
2021-07-21,Energy,0.63142,5,5,16,0.6980000000000001
2021-07-21,Financials,0.57912,5,4,17,0.58922
2021-07-21,Healthcare,0.0,5,4,4,-0.02054
2021-07-21,Industrials,0.17018,5,3,7,0.0
2021-07-21,Materials,-0.09878,5,3,8,0.08084
2021-07-21,RealEstate,0.0,5,1,1,0.0
2021-07-21,Tech,0.3126,5,4,16,0.15674
2021-07-21,Utilities,-0.06364,5,2,3,0.05464
2021-07-22,Comm,0.36984,5,4,14,0.19344
2021-07-22,Consumer,0.10494,5,4,18,0.26280000000000003
2021-07-22,Energy,0.3646,5,5,19,0.63142
2021-07-22,Financials,0.24903999999999998,5,5,9,0.57912
2021-07-22,Healthcare,0.010519999999999996,5,4,11,0.0
2021-07-22,Industrials,0.15811999999999998,5,3,6,0.17018
2021-07-22,Materials,0.27044,5,4,10,-0.09878
2021-07-22,RealEstate,0.059199999999999996,5,2,5,0.0
2021-07-22,Tech,0.14198,5,3,20,0.3126
2021-07-22,Utilities,0.13616,5,2,5,-0.06364
2021-07-23,Comm,0.09815999999999998,5,4,18,0.36984
2021-07-23,Consumer,0.39024000000000003,5,4,13,0.10494
2021-07-23,Energy,0.5612999999999999,5,4,18,0.3646
2021-07-23,Financials,0.2816,5,5,14,0.24903999999999998
2021-07-23,Healthcare,0.0,5,3,6,0.010519999999999996
2021-07-23,Industrials,0.22876,5,3,8,0.15811999999999998
2021-07-23,Materials,0.0,5,2,2,0.27044
2021-07-23,RealEstate,0.0,5,0,0,0.059199999999999996
2021-07-23,Tech,0.05244000000000001,5,4,26,0.14198
2021-07-23,Utilities,0.17915999999999999,5,2,4,0.13616
2021-07-26,Comm,0.04256,5,2,10,0.09815999999999998
2021-07-26,Consumer,0.33698,5,4,21,0.39024000000000003
2021-07-26,Energy,0.021060000000000013,5,2,11,0.5612999999999999
2021-07-26,Financials,0.19682,5,4,16,0.2816
2021-07-26,Healthcare,0.29498,5,3,6,0.0
2021-07-26,Industrials,-0.21155999999999997,5,3,14,0.22876
2021-07-26,Materials,0.12688000000000002,5,3,5,0.0
2021-07-26,RealEstate,0.1486,5,1,2,0.0
2021-07-26,Tech,0.43976,5,4,25,0.05244000000000001
2021-07-26,Utilities,0.44388000000000005,5,4,9,0.17915999999999999
2021-07-27,Comm,0.14448,5,3,6,0.04256
2021-07-27,Consumer,0.43138,5,4,21,0.33698
2021-07-27,Energy,0.0,5,1,1,0.021060000000000013
2021-07-27,Financials,0.52932,5,4,17,0.19682
2021-07-27,Healthcare,-0.19332,5,4,8,0.29498
2021-07-27,Industrials,0.33663999999999994,5,3,31,-0.21155999999999997
2021-07-27,Materials,0.20036,5,3,5,0.12688000000000002
2021-07-27,RealEstate,0.0,5,0,0,0.1486
2021-07-27,Tech,0.07900000000000001,5,3,30,0.43976
2021-07-27,Utilities,0.0,5,1,1,0.44388000000000005
2021-07-28,Comm,0.11308,5,4,7,0.14448
2021-07-28,Consumer,0.51922,5,4,21,0.43138
2021-07-28,Energy,0.22308,5,3,9,0.0
2021-07-28,Financials,0.29344000000000003,5,5,21,0.52932
2021-07-28,Healthcare,0.07636000000000001,5,4,7,-0.19332
2021-07-28,Industrials,0.20894,5,2,4,0.33663999999999994
2021-07-28,Materials,0.0,5,0,0,0.20036
2021-07-28,RealEstate,0.059199999999999996,5,2,3,0.0
2021-07-28,Tech,0.44071999999999995,5,3,19,0.07900000000000001
2021-07-28,Utilities,0.0,5,1,1,0.0
2021-07-29,Comm,0.39534,5,3,17,0.11308
2021-07-29,Consumer,0.53252,5,5,25,0.51922
2021-07-29,Energy,0.11747999999999999,5,4,14,0.22308
2021-07-29,Financials,0.34236,5,4,6,0.29344000000000003
2021-07-29,Healthcare,0.46231999999999995,5,5,30,0.07636000000000001
2021-07-29,Industrials,0.19685999999999998,5,3,8,0.20894
2021-07-29,Materials,0.22696,5,4,5,0.0
2021-07-29,RealEstate,-0.068,5,3,5,0.059199999999999996
2021-07-29,Tech,0.17616,5,4,12,0.44071999999999995
2021-07-29,Utilities,0.09878,5,3,4,0.0
2021-07-30,Comm,0.04526,5,3,6,0.39534
2021-07-30,Consumer,0.06276000000000001,5,5,19,0.53252
2021-07-30,Energy,0.36764,5,2,19,0.11747999999999999
2021-07-30,Financials,-0.03088,5,2,3,0.34236
2021-07-30,Healthcare,0.16352,5,3,10,0.46231999999999995
2021-07-30,Industrials,0.30998000000000003,5,3,15,0.19685999999999998
2021-07-30,Materials,0.059199999999999996,5,1,1,0.22696
2021-07-30,RealEstate,0.0,5,2,2,-0.068
2021-07-30,Tech,0.16544,5,2,3,0.17616
2021-07-30,Utilities,0.0,5,2,2,0.09878
2021-08-02,Comm,0.17024,5,4,15,0.04526
2021-08-02,Consumer,0.44526000000000004,5,4,17,0.06276000000000001
2021-08-02,Energy,0.17628,5,5,14,0.36764
2021-08-02,Financials,0.62244,5,5,18,-0.03088
2021-08-02,Healthcare,0.40743999999999997,5,5,14,0.16352
2021-08-02,Industrials,0.21882000000000001,5,3,17,0.30998000000000003
2021-08-02,Materials,0.0,5,2,2,0.059199999999999996
2021-08-02,RealEstate,0.07194,5,2,5,0.0
2021-08-02,Tech,0.26739999999999997,5,3,19,0.16544
2021-08-02,Utilities,-0.09022,5,3,5,0.0
2021-08-03,Comm,0.28515999999999997,5,4,20,0.17024
2021-08-03,Consumer,0.35356,5,4,17,0.44526000000000004
2021-08-03,Energy,0.36506,5,4,13,0.17628
2021-08-03,Financials,0.13506,5,3,10,0.62244
2021-08-03,Healthcare,0.28735999999999995,5,3,10,0.40743999999999997
2021-08-03,Industrials,0.04046,5,1,2,0.21882000000000001
2021-08-03,Materials,0.34042,5,3,16,0.0
2021-08-03,RealEstate,0.11717999999999999,5,2,3,0.07194
2021-08-03,Tech,0.37984,5,3,17,0.26739999999999997
2021-08-03,Utilities,0.0,5,1,1,-0.09022
2021-08-04,Comm,0.21254,5,4,16,0.28515999999999997
2021-08-04,Consumer,0.09036000000000001,5,4,14,0.35356
2021-08-04,Energy,0.0,5,3,8,0.36506
2021-08-04,Financials,0.07448,5,5,13,0.13506
2021-08-04,Healthcare,0.2931,5,5,10,0.28735999999999995
2021-08-04,Industrials,0.09478,5,3,3,0.04046
2021-08-04,Materials,0.0,5,4,4,0.34042
2021-08-04,RealEstate,0.0,5,2,3,0.11717999999999999
2021-08-04,Tech,-0.003860000000000008,5,3,14,0.37984
2021-08-04,Utilities,0.05464,5,1,2,0.0
2021-08-05,Comm,0.09938,5,4,15,0.21254
2021-08-05,Consumer,0.55828,5,5,13,0.09036000000000001
2021-08-05,Energy,0.21993999999999997,5,2,11,0.0
2021-08-05,Financials,0.06674,5,5,20,0.07448
2021-08-05,Healthcare,0.25682,5,3,8,0.2931
2021-08-05,Industrials,0.17714,5,4,10,0.09478
2021-08-05,Materials,0.0,5,2,2,0.0
2021-08-05,RealEstate,0.0,5,0,0,0.0
2021-08-05,Tech,0.31656,5,4,18,-0.003860000000000008
2021-08-05,Utilities,0.25568,5,5,7,0.05464
2021-08-06,Comm,0.15556,5,4,6,0.09938
2021-08-06,Consumer,0.337,5,4,12,0.55828
2021-08-06,Energy,0.07629999999999999,5,4,8,0.21993999999999997
2021-08-06,Financials,-0.013040000000000006,5,3,6,0.06674
2021-08-06,Healthcare,0.07636,5,4,6,0.25682
2021-08-06,Industrials,0.01544,5,1,4,0.17714
2021-08-06,Materials,0.0,5,1,1,0.0
2021-08-06,RealEstate,0.11839999999999999,5,3,4,0.0
2021-08-06,Tech,0.25202,5,4,13,0.31656
2021-08-06,Utilities,0.1645,5,2,6,0.25568
2021-08-09,Comm,0.4593999999999999,5,5,15,0.15556
2021-08-09,Consumer,0.43022,5,5,23,0.337
2021-08-09,Energy,-0.0635,5,4,15,0.07629999999999999
2021-08-09,Financials,0.34234,5,4,15,-0.013040000000000006
2021-08-09,Healthcare,0.28192,5,4,8,0.07636
2021-08-09,Industrials,0.2439,5,3,5,0.01544
2021-08-09,Materials,0.02812,5,1,3,0.0
2021-08-09,RealEstate,-0.02054,5,2,5,0.11839999999999999
2021-08-09,Tech,0.18238000000000001,5,4,10,0.25202
2021-08-09,Utilities,0.21154,5,3,4,0.1645
2021-08-10,Comm,0.05938,5,4,11,0.4593999999999999
2021-08-10,Consumer,0.2021,5,4,13,0.43022
2021-08-10,Energy,-0.08318,5,3,11,-0.0635
2021-08-10,Financials,0.35642,5,5,13,0.34234
2021-08-10,Healthcare,0.1089,5,4,7,0.28192
2021-08-10,Industrials,0.15538000000000002,5,3,7,0.2439
2021-08-10,Materials,0.05464,5,1,4,0.02812
2021-08-10,RealEstate,0.23271999999999998,5,2,3,-0.02054
2021-08-10,Tech,0.0256,5,2,7,0.18238000000000001
2021-08-10,Utilities,0.14616,5,3,3,0.21154
2021-08-11,Comm,0.016020000000000013,5,3,4,0.05938
2021-08-11,Consumer,0.06100000000000001,5,4,10,0.2021
2021-08-11,Energy,0.29037999999999997,5,4,11,-0.08318
2021-08-11,Financials,0.21486,5,4,12,0.35642
2021-08-11,Healthcare,0.1723,5,3,4,0.1089
2021-08-11,Industrials,0.0736,5,4,13,0.15538000000000002
2021-08-11,Materials,0.05369999999999999,5,2,10,0.05464
2021-08-11,RealEstate,0.17572000000000002,5,2,2,0.23271999999999998
2021-08-11,Tech,0.0,5,2,2,0.0256
2021-08-11,Utilities,0.05464,5,2,3,0.14616
2021-08-12,Comm,0.54556,5,5,13,0.016020000000000013
2021-08-12,Consumer,0.23437999999999998,5,5,28,0.06100000000000001
2021-08-12,Energy,0.03048,5,5,8,0.29037999999999997
2021-08-12,Financials,0.46021999999999996,5,5,18,0.21486
2021-08-12,Healthcare,0.25476,5,4,5,0.1723
2021-08-12,Industrials,0.0,5,2,2,0.0736
2021-08-12,Materials,0.08038,5,3,3,0.05369999999999999
2021-08-12,RealEstate,0.059199999999999996,5,1,1,0.17572000000000002
2021-08-12,Tech,0.23922,5,2,5,0.0
2021-08-12,Utilities,0.04822,5,2,3,0.05464
2021-08-13,Comm,0.24108000000000002,5,3,6,0.54556
2021-08-13,Consumer,0.79836,5,5,35,0.23437999999999998
2021-08-13,Energy,0.059199999999999996,5,3,7,0.03048
2021-08-13,Financials,0.20285999999999998,5,4,12,0.46021999999999996
2021-08-13,Healthcare,0.11148,5,3,4,0.25476
2021-08-13,Industrials,-0.059199999999999996,5,2,3,0.0
2021-08-13,Materials,0.0,5,2,2,0.08038
2021-08-13,RealEstate,0.0,5,0,0,0.059199999999999996
2021-08-13,Tech,0.06681999999999999,5,3,8,0.23922
2021-08-13,Utilities,0.23186,5,3,5,0.04822
2021-08-16,Comm,-0.25728,5,4,13,0.24108000000000002
2021-08-16,Consumer,0.41828000000000004,5,5,39,0.79836
2021-08-16,Energy,0.21328,5,5,18,0.059199999999999996
2021-08-16,Financials,0.25276,5,4,16,0.20285999999999998
2021-08-16,Healthcare,0.31252,5,5,13,0.11148
2021-08-16,Industrials,0.14508,5,4,10,-0.059199999999999996
2021-08-16,Materials,0.04046,5,5,6,0.0
2021-08-16,RealEstate,0.09636,5,4,5,0.0
2021-08-16,Tech,0.09152,5,3,10,0.06681999999999999
2021-08-16,Utilities,0.30898,5,4,8,0.23186
2021-08-17,Comm,0.1275,5,4,5,-0.25728
2021-08-17,Consumer,0.21312000000000003,5,3,32,0.41828000000000004
2021-08-17,Energy,-0.2823,5,5,14,0.21328
2021-08-17,Financials,0.046639999999999994,5,4,18,0.25276
2021-08-17,Healthcare,0.3073,5,5,6,0.31252
2021-08-17,Industrials,0.11148,5,3,3,0.14508
2021-08-17,Materials,0.14350000000000002,5,2,2,0.04046
2021-08-17,RealEstate,0.059199999999999996,5,1,1,0.09636
2021-08-17,Tech,-0.06606000000000001,5,5,10,0.09152
2021-08-17,Utilities,0.059199999999999996,5,1,1,0.30898
2021-08-18,Comm,-0.05578000000000003,5,4,14,0.1275
2021-08-18,Consumer,0.17687999999999998,5,4,17,0.21312000000000003
2021-08-18,Energy,0.06202,5,5,16,-0.2823
2021-08-18,Financials,0.10474000000000001,5,4,13,0.046639999999999994
2021-08-18,Healthcare,0.34914,5,4,7,0.3073
2021-08-18,Industrials,-0.09696,5,4,8,0.11148
2021-08-18,Materials,0.12294000000000001,5,3,3,0.14350000000000002
2021-08-18,RealEstate,0.3291,5,3,4,0.059199999999999996
2021-08-18,Tech,0.5912,5,5,28,-0.06606000000000001
2021-08-18,Utilities,0.0,5,0,0,0.059199999999999996
2021-08-19,Comm,0.13406,5,2,7,-0.05578000000000003
2021-08-19,Consumer,0.34938,5,3,11,0.17687999999999998
2021-08-19,Energy,0.15654,5,4,17,0.06202
2021-08-19,Financials,0.35831999999999997,5,4,13,0.10474000000000001
2021-08-19,Healthcare,0.028579999999999994,5,2,2,0.34914
2021-08-19,Industrials,0.0843,5,2,3,-0.09696
2021-08-19,Materials,-0.03062,5,3,5,0.12294000000000001
2021-08-19,RealEstate,0.05,5,1,1,0.3291
2021-08-19,Tech,0.27880000000000005,5,5,27,0.5912
2021-08-19,Utilities,0.0,5,0,0,0.0
2021-08-20,Comm,0.15434,5,3,9,0.13406
2021-08-20,Consumer,0.28368000000000004,5,4,13,0.34938
2021-08-20,Energy,-0.35882000000000003,5,3,8,0.15654
2021-08-20,Financials,-0.13194,5,3,6,0.35831999999999997
2021-08-20,Healthcare,0.068,5,2,2,0.028579999999999994
2021-08-20,Industrials,-0.31379999999999997,5,3,5,0.0843
2021-08-20,Materials,0.008139999999999991,5,2,2,-0.03062
2021-08-20,RealEstate,0.059199999999999996,5,1,1,0.05
2021-08-20,Tech,-0.2333,5,3,17,0.27880000000000005
2021-08-20,Utilities,0.30866,5,3,3,0.0
2021-08-23,Comm,0.3525,5,5,10,0.15434
2021-08-23,Consumer,0.11152000000000002,5,5,24,0.28368000000000004
2021-08-23,Energy,0.51922,5,5,32,-0.35882000000000003
2021-08-23,Financials,0.45038,5,5,14,-0.13194
2021-08-23,Healthcare,0.016739999999999998,5,4,5,0.068
2021-08-23,Industrials,0.29422,5,3,6,-0.31379999999999997
2021-08-23,Materials,0.16784000000000002,5,4,6,0.008139999999999991
2021-08-23,RealEstate,-0.02054,5,1,1,0.059199999999999996
2021-08-23,Tech,0.3506,5,4,17,-0.2333
2021-08-23,Utilities,-0.027879999999999995,5,3,5,0.30866
2021-08-24,Comm,0.2307,5,3,5,0.3525
2021-08-24,Consumer,0.13696,5,4,13,0.11152000000000002
2021-08-24,Energy,-0.02582000000000001,5,4,12,0.51922
2021-08-24,Financials,0.34171999999999997,5,4,13,0.45038
2021-08-24,Healthcare,0.20882,5,2,5,0.016739999999999998
2021-08-24,Industrials,0.24712,5,4,6,0.29422
2021-08-24,Materials,0.0,5,1,1,0.16784000000000002
2021-08-24,RealEstate,0.059199999999999996,5,1,1,-0.02054
2021-08-24,Tech,0.16296,5,3,22,0.3506
2021-08-24,Utilities,-0.10962000000000001,5,3,7,-0.027879999999999995
2021-08-25,Comm,0.08808,5,1,2,0.2307
2021-08-25,Consumer,0.37328,5,4,22,0.13696
2021-08-25,Energy,0.05464,5,2,3,-0.02582000000000001
2021-08-25,Financials,0.21236000000000002,5,3,6,0.34171999999999997
2021-08-25,Healthcare,0.05234,5,5,8,0.20882
2021-08-25,Industrials,0.09878,5,3,6,0.24712
2021-08-25,Materials,0.0,5,1,2,0.0
2021-08-25,RealEstate,0.15095999999999998,5,2,3,0.059199999999999996
2021-08-25,Tech,0.05464,5,4,17,0.16296
2021-08-25,Utilities,0.00464,5,2,2,-0.10962000000000001
2021-08-26,Comm,0.22044000000000002,5,3,7,0.08808
2021-08-26,Consumer,0.37808,5,5,19,0.37328
2021-08-26,Energy,0.0516,5,5,14,0.05464
2021-08-26,Financials,-0.1672,5,5,10,0.21236000000000002
2021-08-26,Healthcare,0.08766000000000003,5,4,5,0.05234
2021-08-26,Industrials,0.0,5,4,5,0.09878
2021-08-26,Materials,0.059199999999999996,5,1,1,0.0
2021-08-26,RealEstate,0.0,5,0,0,0.15095999999999998
2021-08-26,Tech,0.49871999999999994,5,3,12,0.05464
2021-08-26,Utilities,0.0,5,0,0,0.00464
2021-08-27,Comm,0.60568,5,4,9,0.22044000000000002
2021-08-27,Consumer,0.19383999999999998,5,3,15,0.37808
2021-08-27,Energy,0.013900000000000001,5,4,16,0.0516
2021-08-27,Financials,0.25882,5,4,13,-0.1672
2021-08-27,Healthcare,0.27304,5,4,9,0.08766000000000003
2021-08-27,Industrials,0.31696,5,2,10,0.0
2021-08-27,Materials,0.09878,5,2,3,0.059199999999999996
2021-08-27,RealEstate,0.04046,5,2,3,0.0
2021-08-27,Tech,-0.025880000000000004,5,4,18,0.49871999999999994
2021-08-27,Utilities,0.0,5,1,1,0.0
2021-08-30,Comm,0.27204,5,4,12,0.60568
2021-08-30,Consumer,0.53316,5,5,21,0.19383999999999998
2021-08-30,Energy,-0.36778000000000005,5,5,14,0.013900000000000001
2021-08-30,Financials,0.04046,5,2,2,0.25882
2021-08-30,Healthcare,0.3111,5,4,9,0.27304
2021-08-30,Industrials,0.09878,5,3,6,0.31696
2021-08-30,Materials,0.11148,5,4,4,0.09878
2021-08-30,RealEstate,-0.0256,5,1,3,0.04046
2021-08-30,Tech,0.61088,5,4,22,-0.025880000000000004
2021-08-30,Utilities,0.22052,5,3,5,0.0
2021-08-31,Comm,0.015260000000000001,5,2,4,0.27204
2021-08-31,Consumer,0.25498,5,5,21,0.53316
2021-08-31,Energy,0.13772,5,5,18,-0.36778000000000005
2021-08-31,Financials,0.30701999999999996,5,4,11,0.04046
2021-08-31,Healthcare,-0.0903,5,5,9,0.3111
2021-08-31,Industrials,0.2532,5,2,5,0.09878
2021-08-31,Materials,0.068,5,2,4,0.11148
2021-08-31,RealEstate,0.0,5,2,2,-0.0256
2021-08-31,Tech,-0.021720000000000007,5,3,10,0.61088
2021-08-31,Utilities,-0.10928,5,2,4,0.22052
2021-09-01,Comm,0.0,5,0,0,0.015260000000000001
2021-09-01,Consumer,0.50208,5,5,16,0.25498
2021-09-01,Energy,-0.34196,5,4,18,0.13772
2021-09-01,Financials,0.23662,5,4,11,0.30701999999999996
2021-09-01,Healthcare,0.21284,5,4,16,-0.0903
2021-09-01,Industrials,0.0,5,2,2,0.2532
2021-09-01,Materials,0.0,5,1,1,0.068
2021-09-01,RealEstate,0.05464,5,1,1,0.0
2021-09-01,Tech,0.061,5,3,5,-0.021720000000000007
2021-09-01,Utilities,0.21986,5,3,5,-0.10928
2021-09-02,Comm,0.15382,5,3,8,0.0
2021-09-02,Consumer,0.1109,5,4,14,0.50208
2021-09-02,Energy,0.74786,5,5,35,-0.34196
2021-09-02,Financials,0.48,5,5,20,0.23662
2021-09-02,Healthcare,0.3243,5,4,11,0.21284
2021-09-02,Industrials,0.07737999999999999,5,3,4,0.0
2021-09-02,Materials,0.0,5,2,2,0.0
2021-09-02,RealEstate,0.0,5,0,0,0.05464
2021-09-02,Tech,0.41631999999999997,5,4,7,0.061
2021-09-02,Utilities,0.11827999999999998,5,2,2,0.21986
2021-09-03,Comm,0.26756,5,3,6,0.15382
2021-09-03,Consumer,0.45382,5,4,15,0.1109
2021-09-03,Energy,0.07174,5,4,17,0.74786
2021-09-03,Financials,0.21991999999999998,5,4,10,0.48
2021-09-03,Healthcare,0.0,5,0,0,0.3243
2021-09-03,Industrials,0.049399999999999986,5,3,9,0.07737999999999999
2021-09-03,Materials,0.0,5,0,0,0.0
2021-09-03,RealEstate,0.01032,5,1,1,0.0
2021-09-03,Tech,0.29308,5,4,11,0.41631999999999997
2021-09-03,Utilities,0.0,5,1,1,0.11827999999999998
2021-09-07,Comm,0.39436,5,3,11,0.26756
2021-09-07,Consumer,0.6245200000000001,5,5,26,0.45382
2021-09-07,Energy,0.19268,5,5,19,0.07174
2021-09-07,Financials,0.050839999999999996,5,5,19,0.21991999999999998
2021-09-07,Healthcare,0.07656000000000003,5,5,14,0.0
2021-09-07,Industrials,0.31277999999999995,5,4,10,0.049399999999999986
2021-09-07,Materials,0.08038,5,1,3,0.0
2021-09-07,RealEstate,0.2563,5,4,9,0.01032
2021-09-07,Tech,0.6113799999999999,5,5,24,0.29308
2021-09-07,Utilities,0.0718,5,4,8,0.0
2021-09-08,Comm,0.32314,5,4,10,0.39436
2021-09-08,Consumer,0.42847999999999997,5,5,22,0.6245200000000001
2021-09-08,Energy,0.31314000000000003,5,4,19,0.19268
2021-09-08,Financials,0.25382,5,5,13,0.050839999999999996
2021-09-08,Healthcare,-0.09278,5,5,12,0.07656000000000003
2021-09-08,Industrials,0.2807,5,3,6,0.31277999999999995
2021-09-08,Materials,-0.15567999999999999,5,3,6,0.08038
2021-09-08,RealEstate,0.04046,5,2,3,0.2563
2021-09-08,Tech,0.25346,5,4,13,0.6113799999999999
2021-09-08,Utilities,0.0,5,2,2,0.0718
2021-09-09,Comm,-0.22534,5,5,26,0.32314
2021-09-09,Consumer,0.31916,5,5,17,0.42847999999999997
2021-09-09,Energy,0.47874,5,5,20,0.31314000000000003
2021-09-09,Financials,-0.297,5,5,22,0.25382
2021-09-09,Healthcare,-0.02921999999999998,5,5,17,-0.09278
2021-09-09,Industrials,0.0,5,2,2,0.2807
2021-09-09,Materials,-0.030779999999999995,5,2,2,-0.15567999999999999
2021-09-09,RealEstate,0.0,5,1,1,0.04046
2021-09-09,Tech,0.39536,5,5,13,0.25346
2021-09-09,Utilities,0.0,5,0,0,0.0
2021-09-10,Comm,0.17573999999999998,5,4,9,-0.22534
2021-09-10,Consumer,0.37408,5,4,17,0.31916
2021-09-10,Energy,-0.15184000000000003,5,4,14,0.47874
2021-09-10,Financials,-0.12125999999999997,5,4,11,-0.297
2021-09-10,Healthcare,-0.06364,5,2,4,-0.02921999999999998
2021-09-10,Industrials,-0.059919999999999994,5,4,7,0.0
2021-09-10,Materials,0.0,5,2,2,-0.030779999999999995
2021-09-10,RealEstate,0.18697999999999998,5,2,4,0.0
2021-09-10,Tech,-0.16978,5,5,16,0.39536
2021-09-10,Utilities,0.17182,5,2,3,0.0
2021-09-13,Comm,0.4859,5,5,13,0.17573999999999998
2021-09-13,Consumer,0.54158,5,5,27,0.37408
2021-09-13,Energy,0.34774,5,4,17,-0.15184000000000003
2021-09-13,Financials,0.24668,5,4,18,-0.12125999999999997
2021-09-13,Healthcare,0.73094,5,5,23,-0.06364
2021-09-13,Industrials,0.15674,5,3,7,-0.059919999999999994
2021-09-13,Materials,0.08670000000000001,5,5,8,0.0
2021-09-13,RealEstate,0.0,5,4,8,0.18697999999999998
2021-09-13,Tech,0.26514,5,5,22,-0.16978
2021-09-13,Utilities,0.12498000000000001,5,2,4,0.17182
2021-09-14,Comm,0.31168,5,4,18,0.4859
2021-09-14,Consumer,0.53752,5,5,17,0.54158
2021-09-14,Energy,0.017999999999999995,5,4,9,0.34774
2021-09-14,Financials,0.10714000000000001,5,5,11,0.24668
2021-09-14,Healthcare,0.1719,5,2,3,0.73094
2021-09-14,Industrials,0.059199999999999996,5,3,5,0.15674
2021-09-14,Materials,0.07636,5,3,3,0.08670000000000001
2021-09-14,RealEstate,0.20424000000000003,5,3,3,0.0
2021-09-14,Tech,0.41074,5,5,11,0.26514
2021-09-14,Utilities,0.0,5,2,3,0.12498000000000001
2021-09-15,Comm,-0.09648,5,3,11,0.31168
2021-09-15,Consumer,0.15910000000000002,5,5,25,0.53752
2021-09-15,Energy,-0.14300000000000002,5,4,11,0.017999999999999995
2021-09-15,Financials,0.44308,5,5,19,0.10714000000000001
2021-09-15,Healthcare,0.41159999999999997,5,4,12,0.1719
2021-09-15,Industrials,0.052739999999999995,5,3,4,0.059199999999999996
2021-09-15,Materials,0.0,5,0,0,0.07636
2021-09-15,RealEstate,0.0,5,3,4,0.20424000000000003
2021-09-15,Tech,0.3,5,4,18,0.41074
2021-09-15,Utilities,0.37734,5,4,4,0.0
2021-09-16,Comm,0.008000000000000007,5,4,12,-0.09648
2021-09-16,Consumer,0.2081,5,5,15,0.15910000000000002
2021-09-16,Energy,-0.13616,5,3,7,-0.14300000000000002
2021-09-16,Financials,0.1272,5,4,8,0.44308
2021-09-16,Healthcare,0.36441999999999997,5,4,10,0.41159999999999997
2021-09-16,Industrials,0.08038,5,2,4,0.052739999999999995
2021-09-16,Materials,0.10533999999999999,5,2,3,0.0
2021-09-16,RealEstate,0.014100000000000001,5,3,3,0.0
2021-09-16,Tech,0.31404,5,5,8,0.3
2021-09-16,Utilities,0.10212000000000002,5,3,3,0.37734
2021-09-17,Comm,0.27321999999999996,5,4,17,0.008000000000000007
2021-09-17,Consumer,0.34931999999999996,5,4,14,0.2081
2021-09-17,Energy,0.09152,5,1,3,-0.13616
2021-09-17,Financials,0.27718000000000004,5,5,12,0.1272
2021-09-17,Healthcare,0.09772,5,5,9,0.36441999999999997
2021-09-17,Industrials,0.0,5,2,2,0.08038
2021-09-17,Materials,0.18372000000000002,5,3,6,0.10533999999999999
2021-09-17,RealEstate,0.0,5,3,4,0.014100000000000001
2021-09-17,Tech,0.07526000000000001,5,5,10,0.31404
2021-09-17,Utilities,-0.06364,5,1,1,0.10212000000000002
2021-09-20,Comm,0.67512,5,5,24,0.27321999999999996
2021-09-20,Consumer,0.43872,5,5,33,0.34931999999999996
2021-09-20,Energy,0.18456,5,4,14,0.09152
2021-09-20,Financials,-0.24733999999999998,5,5,20,0.27718000000000004
2021-09-20,Healthcare,0.08114000000000003,5,5,21,0.09772
2021-09-20,Industrials,-0.029099999999999994,5,4,11,0.0
2021-09-20,Materials,0.3238,5,4,11,0.18372000000000002
2021-09-20,RealEstate,0.11717999999999999,5,4,6,0.0
2021-09-20,Tech,0.8177199999999999,5,5,24,0.07526000000000001
2021-09-20,Utilities,0.09052,5,2,3,-0.06364
2021-09-21,Comm,0.08024,5,3,6,0.67512
2021-09-21,Consumer,0.30712,5,5,25,0.43872
2021-09-21,Energy,0.22388,5,5,9,0.18456
2021-09-21,Financials,0.13232000000000002,5,5,18,-0.24733999999999998
2021-09-21,Healthcare,0.09152,5,3,3,0.08114000000000003
2021-09-21,Industrials,-0.04526,5,3,4,-0.029099999999999994
2021-09-21,Materials,0.0,5,1,1,0.3238
2021-09-21,RealEstate,0.068,5,1,2,0.11717999999999999
2021-09-21,Tech,0.45538,5,5,22,0.8177199999999999
2021-09-21,Utilities,0.16962,5,1,2,0.09052
2021-09-22,Comm,0.25945999999999997,5,5,11,0.08024
2021-09-22,Consumer,0.49329999999999996,5,5,15,0.30712
2021-09-22,Energy,0.31174,5,5,14,0.22388
2021-09-22,Financials,0.15134,5,4,12,0.13232000000000002
2021-09-22,Healthcare,-0.07669999999999999,5,5,6,0.09152
2021-09-22,Industrials,0.08808,5,4,7,-0.04526
2021-09-22,Materials,0.07315999999999999,5,5,8,0.0
2021-09-22,RealEstate,0.08092,5,2,3,0.068
2021-09-22,Tech,0.31594,5,5,17,0.45538
2021-09-22,Utilities,0.16962,5,1,2,0.16962
2021-09-23,Comm,0.16442,5,5,9,0.25945999999999997
2021-09-23,Consumer,0.67942,5,5,25,0.49329999999999996
2021-09-23,Energy,0.34172,5,5,11,0.31174
2021-09-23,Financials,0.08912,5,4,9,0.15134
2021-09-23,Healthcare,0.26056,5,4,8,-0.07669999999999999
2021-09-23,Industrials,0.42736,5,4,10,0.08808
2021-09-23,Materials,0.0,5,1,1,0.07315999999999999
2021-09-23,RealEstate,0.0,5,1,1,0.08092
2021-09-23,Tech,-0.11086,5,5,12,0.31594
2021-09-23,Utilities,0.20090000000000002,5,2,3,0.16962
2021-09-24,Comm,0.16106,5,3,6,0.16442
2021-09-24,Consumer,0.04285999999999999,5,4,30,0.67942
2021-09-24,Energy,-0.2178,5,3,11,0.34172
2021-09-24,Financials,0.1464,5,5,6,0.08912
2021-09-24,Healthcare,0.05478000000000001,5,4,6,0.26056
2021-09-24,Industrials,0.0256,5,3,7,0.42736
2021-09-24,Materials,0.0,5,2,3,0.0
2021-09-24,RealEstate,0.0,5,1,2,0.0
2021-09-24,Tech,0.45592,5,5,13,-0.11086
2021-09-24,Utilities,0.0,5,0,0,0.20090000000000002
2021-09-27,Comm,0.25016,5,4,10,0.16106
2021-09-27,Consumer,0.5786800000000001,5,5,33,0.04285999999999999
2021-09-27,Energy,-0.0873,5,5,21,-0.2178
2021-09-27,Financials,0.51466,5,5,26,0.1464
2021-09-27,Healthcare,0.52166,5,5,11,0.05478000000000001
2021-09-27,Industrials,0.07771999999999998,5,4,12,0.0256
2021-09-27,Materials,0.08038,5,2,3,0.0
2021-09-27,RealEstate,0.22462,5,3,5,0.0
2021-09-27,Tech,0.50454,5,5,22,0.45592
2021-09-27,Utilities,0.44374,5,4,11,0.0
2021-09-28,Comm,0.43222000000000005,5,5,14,0.25016
2021-09-28,Consumer,0.2996,5,5,16,0.5786800000000001
2021-09-28,Energy,0.017479999999999985,5,5,13,-0.0873
2021-09-28,Financials,0.5522,5,5,17,0.51466
2021-09-28,Healthcare,0.43439999999999995,5,5,17,0.52166
2021-09-28,Industrials,0.14006000000000002,5,1,3,0.07771999999999998
2021-09-28,Materials,0.0,5,2,2,0.08038
2021-09-28,RealEstate,0.10533999999999999,5,1,1,0.22462
2021-09-28,Tech,0.37832,5,5,14,0.50454
2021-09-28,Utilities,-0.02054,5,3,4,0.44374
2021-09-29,Comm,-0.05840000000000001,5,4,7,0.43222000000000005
2021-09-29,Consumer,0.28692,5,4,11,0.2996
2021-09-29,Energy,0.11422000000000002,5,3,12,0.017479999999999985
2021-09-29,Financials,0.03558,5,2,6,0.5522
2021-09-29,Healthcare,0.4606,5,5,11,0.43439999999999995
2021-09-29,Industrials,0.0843,5,2,3,0.14006000000000002
2021-09-29,Materials,0.0,5,2,2,0.0
2021-09-29,RealEstate,0.0,5,1,2,0.10533999999999999
2021-09-29,Tech,0.47138,5,4,12,0.37832
2021-09-29,Utilities,0.10533999999999999,5,1,2,-0.02054
2021-09-30,Comm,0.03111999999999999,5,5,10,-0.05840000000000001
2021-09-30,Consumer,0.04012,5,5,18,0.28692
2021-09-30,Energy,0.28064,5,5,15,0.11422000000000002
2021-09-30,Financials,0.22222,5,5,20,0.03558
2021-09-30,Healthcare,0.12972,5,4,12,0.4606
2021-09-30,Industrials,0.20670000000000002,5,4,8,0.0843
2021-09-30,Materials,0.12498000000000001,5,3,5,0.0
2021-09-30,RealEstate,0.12083999999999999,5,2,2,0.0
2021-09-30,Tech,0.3274,5,5,16,0.47138
2021-09-30,Utilities,-0.10468,5,3,6,0.10533999999999999
2021-10-01,Comm,0.2271,5,4,5,0.03111999999999999
2021-10-01,Consumer,0.51084,5,4,16,0.04012
2021-10-01,Energy,0.26658,5,2,6,0.28064
2021-10-01,Financials,0.2972,5,3,10,0.22222
2021-10-01,Healthcare,0.18764,5,3,29,0.12972
2021-10-01,Industrials,0.0843,5,2,2,0.20670000000000002
2021-10-01,Materials,0.0,5,1,1,0.12498000000000001
2021-10-01,RealEstate,0.0,5,2,2,0.12083999999999999
2021-10-01,Tech,-0.15126,5,5,14,0.3274
2021-10-01,Utilities,0.0,5,3,3,-0.10468
2021-10-04,Comm,0.07762000000000001,5,5,12,0.2271
2021-10-04,Consumer,0.6745,5,5,28,0.51084
2021-10-04,Energy,0.31892,5,3,14,0.26658
2021-10-04,Financials,0.16976,5,4,12,0.2972
2021-10-04,Healthcare,0.41874,5,4,32,0.18764
2021-10-04,Industrials,0.09898,5,4,9,0.0843
2021-10-04,Materials,0.0,5,0,0,0.0
2021-10-04,RealEstate,0.0,5,2,2,0.0
2021-10-04,Tech,0.5644199999999999,5,5,25,-0.15126
2021-10-04,Utilities,-0.05197999999999999,5,2,4,0.0
2021-10-05,Comm,0.14916000000000001,5,4,10,0.07762000000000001
2021-10-05,Consumer,-0.0578,5,5,14,0.6745
2021-10-05,Energy,0.3657,5,5,10,0.31892
2021-10-05,Financials,0.31067999999999996,5,5,18,0.16976
2021-10-05,Healthcare,0.16428,5,4,16,0.41874
2021-10-05,Industrials,0.059199999999999996,5,4,7,0.09898
2021-10-05,Materials,-0.00411999999999999,5,3,4,0.0
2021-10-05,RealEstate,0.0,5,1,1,0.0
2021-10-05,Tech,0.36188000000000003,5,5,13,0.5644199999999999
2021-10-05,Utilities,0.05464,5,1,4,-0.05197999999999999
2021-10-06,Comm,0.09826000000000001,5,4,16,0.14916000000000001
2021-10-06,Consumer,0.65698,5,5,27,-0.0578
2021-10-06,Energy,0.29084000000000004,5,3,8,0.3657
2021-10-06,Financials,0.14178,5,4,16,0.31067999999999996
2021-10-06,Healthcare,0.2324,5,3,13,0.16428
2021-10-06,Industrials,-0.37757999999999997,5,3,11,0.059199999999999996
2021-10-06,Materials,0.22534,5,3,14,-0.00411999999999999
2021-10-06,RealEstate,0.19884,5,2,3,0.0
2021-10-06,Tech,0.26374,5,4,18,0.36188000000000003
2021-10-06,Utilities,0.0,5,0,0,0.05464
2021-10-07,Comm,0.41702000000000006,5,5,10,0.09826000000000001
2021-10-07,Consumer,0.018700000000000005,5,4,8,0.65698
2021-10-07,Energy,0.07143999999999995,5,5,14,0.29084000000000004
2021-10-07,Financials,0.26890000000000003,5,5,16,0.14178
2021-10-07,Healthcare,0.31520000000000004,5,3,13,0.2324
2021-10-07,Industrials,0.0,5,1,1,-0.37757999999999997
2021-10-07,Materials,0.12738,5,3,3,0.22534
2021-10-07,RealEstate,0.0,5,1,1,0.19884
2021-10-07,Tech,-0.021320000000000006,5,5,11,0.26374
2021-10-07,Utilities,0.09878,5,1,1,0.0
2021-10-08,Comm,-0.06292,5,2,10,0.41702000000000006
2021-10-08,Consumer,0.017120000000000007,5,4,13,0.018700000000000005
2021-10-08,Energy,0.2439,5,4,19,0.07143999999999995
2021-10-08,Financials,0.14272,5,5,7,0.26890000000000003
2021-10-08,Healthcare,0.06146,5,3,10,0.31520000000000004
2021-10-08,Industrials,0.10286,5,2,3,0.0
2021-10-08,Materials,0.17759999999999998,5,4,5,0.12738
2021-10-08,RealEstate,0.20373999999999998,5,2,2,0.0
2021-10-08,Tech,0.23097999999999996,5,5,14,-0.021320000000000006
2021-10-08,Utilities,0.0,5,0,0,0.09878
2021-10-11,Comm,0.39358,5,5,12,-0.06292
2021-10-11,Consumer,0.48784,5,5,27,0.017120000000000007
2021-10-11,Energy,-0.03972,5,4,15,0.2439
2021-10-11,Financials,0.67504,5,5,33,0.14272
2021-10-11,Healthcare,0.03862,5,4,18,0.06146
2021-10-11,Industrials,0.37551999999999996,5,4,4,0.10286
2021-10-11,Materials,0.22708,5,5,6,0.17759999999999998
2021-10-11,RealEstate,0.08038,5,4,5,0.20373999999999998
2021-10-11,Tech,0.14368,5,3,5,0.23097999999999996
2021-10-11,Utilities,0.36236,5,5,9,0.0
2021-10-12,Comm,0.36336,5,3,8,0.39358
2021-10-12,Consumer,0.37432,5,4,15,0.48784
2021-10-12,Energy,0.17378,5,3,9,-0.03972
2021-10-12,Financials,0.06578,5,4,11,0.67504
2021-10-12,Healthcare,0.45074000000000003,5,5,15,0.03862
2021-10-12,Industrials,0.0,5,1,1,0.37551999999999996
2021-10-12,Materials,-0.13616,5,1,2,0.22708
2021-10-12,RealEstate,0.0,5,1,1,0.08038
2021-10-12,Tech,0.67382,5,5,23,0.14368
2021-10-12,Utilities,0.0,5,1,1,0.36236
2021-10-13,Comm,-0.025440000000000008,5,3,7,0.36336
2021-10-13,Consumer,0.1972,5,4,13,0.37432
2021-10-13,Energy,0.33752,5,4,8,0.17378
2021-10-13,Financials,0.53528,5,5,29,0.06578
2021-10-13,Healthcare,-0.047660000000000015,5,4,9,0.45074000000000003
2021-10-13,Industrials,0.1099,5,4,7,0.0
2021-10-13,Materials,0.08692,5,3,6,-0.13616
2021-10-13,RealEstate,0.25932,5,2,3,0.0
2021-10-13,Tech,0.40152,5,5,21,0.67382
2021-10-13,Utilities,-0.07636,5,2,2,0.0
2021-10-14,Comm,0.0301,5,3,6,-0.025440000000000008
2021-10-14,Consumer,0.54848,5,4,16,0.1972
2021-10-14,Energy,0.26246,5,3,9,0.33752
2021-10-14,Financials,0.70804,5,5,55,0.53528
2021-10-14,Healthcare,0.0,5,4,6,-0.047660000000000015
2021-10-14,Industrials,0.24374,5,3,5,0.1099
2021-10-14,Materials,-0.10212000000000002,5,2,3,0.08692
2021-10-14,RealEstate,0.06524,5,3,7,0.25932
2021-10-14,Tech,0.22949999999999998,5,4,11,0.40152
2021-10-14,Utilities,-0.02054,5,1,2,-0.07636
2021-10-15,Comm,0.31500000000000006,5,2,5,0.0301
2021-10-15,Consumer,0.33533999999999997,5,3,6,0.54848
2021-10-15,Energy,0.40952,5,5,13,0.26246
2021-10-15,Financials,0.649,5,5,36,0.70804
2021-10-15,Healthcare,0.28128000000000003,5,4,9,0.0
2021-10-15,Industrials,0.1772,5,2,5,0.24374
2021-10-15,Materials,0.059199999999999996,5,2,2,-0.10212000000000002
2021-10-15,RealEstate,0.18168,5,3,7,0.06524
2021-10-15,Tech,0.24272,5,4,8,0.22949999999999998
2021-10-15,Utilities,0.16632,5,3,3,-0.02054
2021-10-18,Comm,0.27878,5,3,7,0.31500000000000006
2021-10-18,Consumer,0.37332,5,4,30,0.33533999999999997
2021-10-18,Energy,0.15458,5,5,18,0.40952
2021-10-18,Financials,0.13667999999999997,5,5,29,0.649
2021-10-18,Healthcare,0.63988,5,5,22,0.28128000000000003
2021-10-18,Industrials,0.21092,5,4,7,0.1772
2021-10-18,Materials,0.12498000000000001,5,2,3,0.059199999999999996
2021-10-18,RealEstate,0.0,5,1,1,0.18168
2021-10-18,Tech,0.27196,5,5,37,0.24272
2021-10-18,Utilities,0.11988000000000001,5,2,3,0.16632
2021-10-19,Comm,0.14011999999999997,5,4,6,0.27878
2021-10-19,Consumer,0.30834,5,4,29,0.37332
2021-10-19,Energy,0.3414,5,5,10,0.15458
2021-10-19,Financials,-0.15676,5,3,4,0.13667999999999997
2021-10-19,Healthcare,0.10238,5,4,14,0.63988
2021-10-19,Industrials,0.153,5,3,8,0.21092
2021-10-19,Materials,0.0,5,1,1,0.12498000000000001
2021-10-19,RealEstate,0.08782,5,2,2,0.0
2021-10-19,Tech,0.63956,5,5,16,0.27196
2021-10-19,Utilities,0.07224,5,5,6,0.11988000000000001
2021-10-20,Comm,0.12854000000000002,5,2,6,0.14011999999999997
2021-10-20,Consumer,0.0,5,4,8,0.30834
2021-10-20,Energy,0.16782000000000002,5,3,9,0.3414
2021-10-20,Financials,-0.02772,5,4,9,-0.15676
2021-10-20,Healthcare,0.30496,5,5,21,0.10238
2021-10-20,Industrials,-0.00019999999999998909,5,4,5,0.153
2021-10-20,Materials,-0.03558,5,4,5,0.0
2021-10-20,RealEstate,0.05,5,2,2,0.08782
2021-10-20,Tech,0.22686,5,5,9,0.63956
2021-10-20,Utilities,0.29154,5,3,7,0.07224
2021-10-21,Comm,0.14464,5,5,25,0.12854000000000002
2021-10-21,Consumer,0.17586,5,5,29,0.0
2021-10-21,Energy,0.11665999999999999,5,4,10,0.16782000000000002
2021-10-21,Financials,0.09708,5,5,16,-0.02772
2021-10-21,Healthcare,0.39956,5,5,11,0.30496
2021-10-21,Industrials,-0.0774,5,4,11,-0.00019999999999998909
2021-10-21,Materials,0.14496,5,4,13,-0.03558
2021-10-21,RealEstate,0.0984,5,3,4,0.05
2021-10-21,Tech,0.35586,5,5,27,0.22686
2021-10-21,Utilities,0.0,5,0,0,0.29154
2021-10-22,Comm,0.22578,5,4,10,0.14464
2021-10-22,Consumer,0.27542,5,5,15,0.17586
2021-10-22,Energy,0.38998,5,5,19,0.11665999999999999
2021-10-22,Financials,-0.047680000000000014,5,4,10,0.09708
2021-10-22,Healthcare,0.14368,5,4,8,0.39956
2021-10-22,Industrials,0.12498000000000001,5,3,4,-0.0774
2021-10-22,Materials,0.08038,5,3,3,0.14496
2021-10-22,RealEstate,0.14368,5,1,1,0.0984
2021-10-22,Tech,0.46227999999999997,5,3,26,0.35586
2021-10-22,Utilities,0.14152,5,2,2,0.0
2021-10-25,Comm,0.46118000000000003,5,4,8,0.22578
2021-10-25,Consumer,0.46975999999999996,5,5,23,0.27542
2021-10-25,Energy,0.45366,5,4,18,0.38998
2021-10-25,Financials,0.29834,5,5,18,-0.047680000000000014
2021-10-25,Healthcare,0.09716,5,4,16,0.14368
2021-10-25,Industrials,0.09952000000000001,5,4,11,0.12498000000000001
2021-10-25,Materials,0.0951,5,3,4,0.08038
2021-10-25,RealEstate,0.04046,5,1,2,0.14368
2021-10-25,Tech,-0.10655999999999999,5,4,15,0.46227999999999997
2021-10-25,Utilities,0.20972,5,2,4,0.14152
2021-10-26,Comm,0.39878,5,5,12,0.46118000000000003
2021-10-26,Consumer,0.10533999999999999,5,5,17,0.46975999999999996
2021-10-26,Energy,0.32058,5,3,12,0.45366
2021-10-26,Financials,0.41373999999999994,5,4,15,0.29834
2021-10-26,Healthcare,0.008419999999999997,5,3,6,0.09716
2021-10-26,Industrials,0.36328,5,4,37,0.09952000000000001
2021-10-26,Materials,-0.03062,5,2,3,0.0951
2021-10-26,RealEstate,0.07828,5,2,2,0.04046
2021-10-26,Tech,0.34964000000000006,5,5,31,-0.10655999999999999
2021-10-26,Utilities,0.05464,5,2,2,0.20972
2021-10-27,Comm,0.14350000000000002,5,2,3,0.39878
2021-10-27,Consumer,0.39748,5,5,16,0.10533999999999999
2021-10-27,Energy,-0.029480000000000006,5,5,16,0.32058
2021-10-27,Financials,0.24252,5,4,23,0.41373999999999994
2021-10-27,Healthcare,0.28196,5,4,12,0.008419999999999997
2021-10-27,Industrials,0.033099999999999984,5,4,12,0.36328
2021-10-27,Materials,0.10533999999999999,5,2,2,-0.03062
2021-10-27,RealEstate,0.08092,5,2,3,0.07828
2021-10-27,Tech,0.22032,5,4,22,0.34964000000000006
2021-10-27,Utilities,0.11782,5,3,4,0.05464
2021-10-28,Comm,0.27392000000000005,5,4,11,0.14350000000000002
2021-10-28,Consumer,0.06688000000000001,5,4,19,0.39748
2021-10-28,Energy,0.3906,5,4,19,-0.029480000000000006
2021-10-28,Financials,0.24725999999999998,5,2,6,0.24252
2021-10-28,Healthcare,0.31492,5,5,26,0.28196
2021-10-28,Industrials,0.44841999999999993,5,4,22,0.033099999999999984
2021-10-28,Materials,0.03558,5,2,5,0.10533999999999999
2021-10-28,RealEstate,0.054759999999999996,5,3,6,0.08092
2021-10-28,Tech,0.49412,5,5,12,0.22032
2021-10-28,Utilities,-0.11099999999999999,5,2,4,0.11782
2021-10-29,Comm,0.4096,5,4,12,0.27392000000000005
2021-10-29,Consumer,0.18925999999999998,5,4,28,0.06688000000000001
2021-10-29,Energy,0.64552,5,5,24,0.3906
2021-10-29,Financials,0.39174,5,4,14,0.24725999999999998
2021-10-29,Healthcare,0.1548,5,4,30,0.31492
2021-10-29,Industrials,0.07028,5,3,11,0.44841999999999993
2021-10-29,Materials,0.0,5,1,1,0.03558
2021-10-29,RealEstate,0.18770000000000003,5,3,6,0.054759999999999996
2021-10-29,Tech,0.24303999999999998,5,4,13,0.49412
2021-10-29,Utilities,0.05464,5,1,1,-0.11099999999999999
2021-11-01,Comm,-0.00633999999999999,5,3,6,0.4096
2021-11-01,Consumer,0.2598,5,5,17,0.18925999999999998
2021-11-01,Energy,0.27678,5,4,20,0.64552
2021-11-01,Financials,0.41181999999999996,5,4,14,0.39174
2021-11-01,Healthcare,0.48722000000000004,5,5,11,0.1548
2021-11-01,Industrials,0.12738,5,1,3,0.07028
2021-11-01,Materials,0.0,5,3,4,0.0
2021-11-01,RealEstate,0.0,5,3,5,0.18770000000000003
2021-11-01,Tech,0.56088,5,5,15,0.24303999999999998
2021-11-01,Utilities,0.17616,5,3,3,0.05464
2021-11-02,Comm,0.48057999999999995,5,5,15,-0.00633999999999999
2021-11-02,Consumer,0.43918,5,5,24,0.2598
2021-11-02,Energy,-0.024419999999999997,5,3,21,0.27678
2021-11-02,Financials,0.012980000000000002,5,4,15,0.41181999999999996
2021-11-02,Healthcare,0.36634,5,4,14,0.48722000000000004
2021-11-02,Industrials,0.10038,5,3,4,0.12738
2021-11-02,Materials,-0.12288000000000002,5,4,15,0.0
2021-11-02,RealEstate,0.04046,5,2,4,0.0
2021-11-02,Tech,0.3552,5,5,19,0.56088
2021-11-02,Utilities,0.0,5,2,3,0.17616
2021-11-03,Comm,0.43708,5,5,26,0.48057999999999995
2021-11-03,Consumer,0.54976,5,5,20,0.43918
2021-11-03,Energy,0.017159999999999998,5,2,8,-0.024419999999999997
2021-11-03,Financials,0.23129999999999998,5,3,9,0.012980000000000002
2021-11-03,Healthcare,0.29112,5,4,10,0.36634
2021-11-03,Industrials,0.10846,5,3,6,0.10038
2021-11-03,Materials,0.0,5,0,0,-0.12288000000000002
2021-11-03,RealEstate,0.0,5,1,2,0.04046
2021-11-03,Tech,0.6993,5,5,20,0.3552
2021-11-03,Utilities,0.03062,5,3,4,0.0
2021-11-04,Comm,0.45118,5,5,20,0.43708
2021-11-04,Consumer,0.26604,5,5,11,0.54976
2021-11-04,Energy,0.43112000000000006,5,4,13,0.017159999999999998
2021-11-04,Financials,0.4984,5,5,13,0.23129999999999998
2021-11-04,Healthcare,0.3257,5,4,16,0.29112
2021-11-04,Industrials,0.031100000000000006,5,2,3,0.10846
2021-11-04,Materials,0.0,5,2,2,0.0
2021-11-04,RealEstate,0.16352,5,3,5,0.0
2021-11-04,Tech,0.6667,5,5,43,0.6993
2021-11-04,Utilities,0.153,5,3,8,0.03062
2021-11-05,Comm,0.30094,5,4,8,0.45118
2021-11-05,Consumer,0.5105999999999999,5,5,13,0.26604
2021-11-05,Energy,0.31028,5,3,10,0.43112000000000006
2021-11-05,Financials,0.16102,5,3,7,0.4984
2021-11-05,Healthcare,0.42035999999999996,5,3,21,0.3257
2021-11-05,Industrials,0.1786,5,2,4,0.031100000000000006
2021-11-05,Materials,0.09741999999999999,5,3,4,0.0
2021-11-05,RealEstate,0.0,5,0,0,0.16352
2021-11-05,Tech,-0.08125999999999999,5,5,12,0.6667
2021-11-05,Utilities,0.15689999999999998,5,2,4,0.153
2021-11-08,Comm,-0.2313,5,5,7,0.30094
2021-11-08,Consumer,0.33433999999999997,5,5,20,0.5105999999999999
2021-11-08,Energy,0.41432,5,5,17,0.31028
2021-11-08,Financials,-0.086,5,4,23,0.16102
2021-11-08,Healthcare,0.38106,5,5,23,0.42035999999999996
2021-11-08,Industrials,0.04917999999999999,5,4,13,0.1786
2021-11-08,Materials,0.1187,5,2,6,0.09741999999999999
2021-11-08,RealEstate,0.02054,5,3,5,0.0
2021-11-08,Tech,0.3201,5,5,29,-0.08125999999999999
2021-11-08,Utilities,0.09878,5,3,4,0.15689999999999998
2021-11-09,Comm,0.10533999999999999,5,4,8,-0.2313
2021-11-09,Consumer,0.26052,5,4,9,0.33433999999999997
2021-11-09,Energy,0.15434,5,4,11,0.41432
2021-11-09,Financials,-0.006699999999999995,5,4,13,-0.086
2021-11-09,Healthcare,0.24619999999999997,5,3,11,0.38106
2021-11-09,Industrials,0.28578000000000003,5,4,22,0.04917999999999999
2021-11-09,Materials,0.059199999999999996,5,1,1,0.1187
2021-11-09,RealEstate,0.18169999999999997,5,2,3,0.02054
2021-11-09,Tech,0.2077,5,4,16,0.3201
2021-11-09,Utilities,0.014720000000000006,5,4,5,0.09878
2021-11-10,Comm,-0.1125,5,3,5,0.10533999999999999
2021-11-10,Consumer,0.11108,5,5,26,0.26052
2021-11-10,Energy,-0.07479999999999998,5,3,11,0.15434
2021-11-10,Financials,-0.028080000000000004,5,3,17,-0.006699999999999995
2021-11-10,Healthcare,-0.12314,5,4,8,0.24619999999999997
2021-11-10,Industrials,-0.12183999999999998,5,4,16,0.28578000000000003
2021-11-10,Materials,0.17221999999999998,5,1,3,0.059199999999999996
2021-11-10,RealEstate,0.0,5,0,0,0.18169999999999997
2021-11-10,Tech,0.33762,5,5,21,0.2077
2021-11-10,Utilities,0.0,5,2,3,0.014720000000000006
2021-11-11,Comm,0.03279999999999998,5,4,9,-0.1125
2021-11-11,Consumer,0.253,5,5,35,0.11108
2021-11-11,Energy,0.11383999999999998,5,5,8,-0.07479999999999998
2021-11-11,Financials,0.05109999999999998,5,5,14,-0.028080000000000004
2021-11-11,Healthcare,0.43423999999999996,5,5,10,-0.12314
2021-11-11,Industrials,0.23196,5,4,8,-0.12183999999999998
2021-11-11,Materials,-0.04046,5,1,2,0.17221999999999998
2021-11-11,RealEstate,0.22004,5,3,4,0.0
2021-11-11,Tech,0.34643999999999997,5,4,16,0.33762
2021-11-11,Utilities,0.01544,5,3,4,0.0
2021-11-12,Comm,0.048839999999999995,5,4,9,0.03279999999999998
2021-11-12,Consumer,0.04144000000000001,5,5,17,0.253
2021-11-12,Energy,0.0,5,0,0,0.11383999999999998
2021-11-12,Financials,0.0,5,1,3,0.05109999999999998
2021-11-12,Healthcare,0.18553999999999998,5,4,8,0.43423999999999996
2021-11-12,Industrials,0.32372,5,4,5,0.23196
2021-11-12,Materials,0.17250000000000001,5,3,5,-0.04046
2021-11-12,RealEstate,0.09176,5,2,2,0.22004
2021-11-12,Tech,-0.0022400000000000198,5,4,9,0.34643999999999997
2021-11-12,Utilities,0.0843,5,1,1,0.01544
2021-11-15,Comm,0.33262,5,5,12,0.048839999999999995
2021-11-15,Consumer,0.18834,5,5,32,0.04144000000000001
2021-11-15,Energy,0.23837999999999998,5,4,12,0.0
2021-11-15,Financials,0.42300000000000004,5,4,15,0.0
2021-11-15,Healthcare,0.23027999999999998,5,4,14,0.18553999999999998
2021-11-15,Industrials,0.3987,5,4,9,0.32372
2021-11-15,Materials,0.12738,5,2,2,0.17250000000000001
2021-11-15,RealEstate,0.28912,5,3,15,0.09176
2021-11-15,Tech,0.3704,5,4,19,-0.0022400000000000198
2021-11-15,Utilities,0.37177999999999994,5,3,4,0.0843
2021-11-16,Comm,0.11854,5,4,11,0.33262
2021-11-16,Consumer,0.43773999999999996,5,4,34,0.18834
2021-11-16,Energy,0.0028999999999999916,5,2,9,0.23837999999999998
2021-11-16,Financials,0.33398,5,5,13,0.42300000000000004
2021-11-16,Healthcare,0.25148000000000004,5,3,8,0.23027999999999998
2021-11-16,Industrials,0.29325999999999997,5,4,11,0.3987
2021-11-16,Materials,0.14035999999999998,5,4,6,0.12738
2021-11-16,RealEstate,0.0,5,1,2,0.28912
2021-11-16,Tech,0.38346,5,2,23,0.3704
2021-11-16,Utilities,0.04526,5,2,2,0.37177999999999994
2021-11-17,Comm,-0.00516,5,3,8,0.11854
2021-11-17,Consumer,0.57218,5,5,30,0.43773999999999996
2021-11-17,Energy,0.09534000000000001,5,2,13,0.0028999999999999916
2021-11-17,Financials,0.023419999999999996,5,5,30,0.33398
2021-11-17,Healthcare,0.46372,5,3,10,0.25148000000000004
2021-11-17,Industrials,0.20140000000000002,5,4,10,0.29325999999999997
2021-11-17,Materials,-0.015279999999999998,5,2,3,0.14035999999999998
2021-11-17,RealEstate,0.04046,5,1,4,0.0
2021-11-17,Tech,0.22736,5,3,23,0.38346
2021-11-17,Utilities,0.12738,5,2,2,0.04526
2021-11-18,Comm,0.25944,5,5,13,-0.00516
2021-11-18,Consumer,0.5269199999999999,5,5,29,0.57218
2021-11-18,Energy,0.013819999999999994,5,5,8,0.09534000000000001
2021-11-18,Financials,0.54108,5,5,14,0.023419999999999996
2021-11-18,Healthcare,-0.07478000000000001,5,4,10,0.46372
2021-11-18,Industrials,0.0251,5,2,3,0.20140000000000002
2021-11-18,Materials,0.0,5,1,1,-0.015279999999999998
2021-11-18,RealEstate,0.29122,5,3,4,0.04046
2021-11-18,Tech,0.33812,5,3,37,0.22736
2021-11-18,Utilities,0.059199999999999996,5,3,3,0.12738
2021-11-19,Comm,0.15262,5,4,9,0.25944
2021-11-19,Consumer,0.29956,5,5,21,0.5269199999999999
2021-11-19,Energy,0.12094,5,3,14,0.013819999999999994
2021-11-19,Financials,0.39114,5,5,21,0.54108
2021-11-19,Healthcare,0.23728,5,4,7,-0.07478000000000001
2021-11-19,Industrials,-0.06622,5,2,3,0.0251
2021-11-19,Materials,0.0,5,1,2,0.0
2021-11-19,RealEstate,0.0,5,0,0,0.29122
2021-11-19,Tech,0.29334000000000005,5,4,26,0.33812
2021-11-19,Utilities,0.11717999999999999,5,2,2,0.059199999999999996
2021-11-22,Comm,0.23071999999999998,5,2,7,0.15262
2021-11-22,Consumer,0.54576,5,5,26,0.29956
2021-11-22,Energy,0.03086,5,2,7,0.12094
2021-11-22,Financials,0.61112,5,4,18,0.39114
2021-11-22,Healthcare,-0.005580000000000007,5,4,14,0.23728
2021-11-22,Industrials,0.06816,5,4,7,-0.06622
2021-11-22,Materials,0.40991999999999995,5,5,9,0.0
2021-11-22,RealEstate,0.37336,5,4,8,0.0
2021-11-22,Tech,0.63938,5,5,31,0.29334000000000005
2021-11-22,Utilities,0.22224000000000005,5,3,6,0.11717999999999999
2021-11-23,Comm,0.1539,5,5,11,0.23071999999999998
2021-11-23,Consumer,0.29826,5,4,13,0.54576
2021-11-23,Energy,0.51752,5,4,13,0.03086
2021-11-23,Financials,0.01752,5,4,17,0.61112
2021-11-23,Healthcare,0.25778,5,4,10,-0.005580000000000007
2021-11-23,Industrials,0.09152,5,2,3,0.06816
2021-11-23,Materials,0.050780000000000006,5,2,2,0.40991999999999995
2021-11-23,RealEstate,0.0,5,0,0,0.37336
2021-11-23,Tech,0.53432,5,5,11,0.63938
2021-11-23,Utilities,0.0,5,1,1,0.22224000000000005
2021-11-24,Comm,0.23094,5,4,7,0.1539
2021-11-24,Consumer,0.16076,5,4,9,0.29826
2021-11-24,Energy,0.05464,5,3,5,0.51752
2021-11-24,Financials,0.04747999999999999,5,4,13,0.01752
2021-11-24,Healthcare,-0.040619999999999976,5,3,4,0.25778
2021-11-24,Industrials,0.0,5,3,4,0.09152
2021-11-24,Materials,0.0,5,3,3,0.050780000000000006
2021-11-24,RealEstate,0.059199999999999996,5,1,1,0.0
2021-11-24,Tech,0.02994,5,4,21,0.53432
2021-11-24,Utilities,0.068,5,1,1,0.0
2021-11-26,Comm,0.16484000000000001,5,5,7,0.23094
2021-11-26,Consumer,0.71516,5,5,18,0.16076
2021-11-26,Energy,-0.21066000000000001,5,4,14,0.05464
2021-11-26,Financials,-0.16352,5,5,15,0.04747999999999999
2021-11-26,Healthcare,-0.15975999999999999,5,3,5,-0.040619999999999976
2021-11-26,Industrials,-0.05129999999999999,5,2,5,0.0
2021-11-26,Materials,0.0,5,2,2,0.0
2021-11-26,RealEstate,0.12738,5,1,2,0.059199999999999996
2021-11-26,Tech,0.03952,5,3,8,0.02994
2021-11-26,Utilities,0.0,5,0,0,0.068
2021-11-29,Comm,-0.17558,5,3,5,0.16484000000000001
2021-11-29,Consumer,0.05995999999999999,5,5,23,0.71516
2021-11-29,Energy,0.07482,5,4,10,-0.21066000000000001
2021-11-29,Financials,0.07025999999999999,5,4,16,-0.16352
2021-11-29,Healthcare,0.36326,5,4,19,-0.15975999999999999
2021-11-29,Industrials,0.02026,5,4,5,-0.05129999999999999
2021-11-29,Materials,0.0,5,2,3,0.0
2021-11-29,RealEstate,0.12498000000000001,5,4,6,0.12738
2021-11-29,Tech,0.55176,5,5,31,0.03952
2021-11-29,Utilities,0.14701999999999998,5,1,4,0.0
2021-11-30,Comm,0.15854,5,3,14,-0.17558
2021-11-30,Consumer,0.1806,5,4,17,0.05995999999999999
2021-11-30,Energy,-0.006440000000000001,5,4,11,0.07482
2021-11-30,Financials,0.43594,5,4,13,0.07025999999999999
2021-11-30,Healthcare,0.17238,5,3,10,0.36326
2021-11-30,Industrials,0.12398,5,2,5,0.02026
2021-11-30,Materials,0.12083999999999999,5,2,3,0.0
2021-11-30,RealEstate,0.0,5,5,5,0.12498000000000001
2021-11-30,Tech,0.35603999999999997,5,5,23,0.55176
2021-11-30,Utilities,0.22376000000000001,5,2,4,0.14701999999999998
2021-12-01,Comm,0.33794,5,4,8,0.15854
2021-12-01,Consumer,-0.37576,5,5,21,0.1806
2021-12-01,Energy,0.3114,5,5,11,-0.006440000000000001
2021-12-01,Financials,-0.0843,5,4,8,0.43594
2021-12-01,Healthcare,-0.03727999999999998,5,4,17,0.17238
2021-12-01,Industrials,-0.12913999999999998,5,3,4,0.12398
2021-12-01,Materials,-0.11988000000000001,5,1,3,0.12083999999999999
2021-12-01,RealEstate,0.04046,5,2,2,0.0
2021-12-01,Tech,-0.009819999999999985,5,5,8,0.35603999999999997
2021-12-01,Utilities,0.05464,5,3,4,0.22376000000000001
2021-12-02,Comm,-0.07680000000000001,5,5,6,0.33794
2021-12-02,Consumer,0.45946,5,4,17,-0.37576
2021-12-02,Energy,0.5124799999999999,5,5,25,0.3114
2021-12-02,Financials,0.29122000000000003,5,5,17,-0.0843
2021-12-02,Healthcare,-0.06664,5,4,12,-0.03727999999999998
2021-12-02,Industrials,-0.005099999999999999,5,3,5,-0.12913999999999998
2021-12-02,Materials,-0.10578000000000001,5,3,5,-0.11988000000000001
2021-12-02,RealEstate,0.28284,5,2,4,0.04046
2021-12-02,Tech,0.42384000000000005,5,5,24,-0.009819999999999985
2021-12-02,Utilities,0.0,5,1,1,0.05464
2021-12-03,Comm,-0.027339999999999996,5,2,6,-0.07680000000000001
2021-12-03,Consumer,0.5452199999999999,5,4,16,0.45946
2021-12-03,Energy,-0.00506,5,2,7,0.5124799999999999
2021-12-03,Financials,0.18980000000000002,5,4,10,0.29122000000000003
2021-12-03,Healthcare,0.32178,5,4,8,-0.06664
2021-12-03,Industrials,0.12738,5,3,4,-0.005099999999999999
2021-12-03,Materials,-0.04046,5,2,7,-0.10578000000000001
2021-12-03,RealEstate,-0.05464,5,3,4,0.28284
2021-12-03,Tech,0.43062000000000006,5,4,28,0.42384000000000005
2021-12-03,Utilities,0.2178,5,2,3,0.0
2021-12-06,Comm,0.18846000000000002,5,4,12,-0.027339999999999996
2021-12-06,Consumer,0.47808,5,5,27,0.5452199999999999
2021-12-06,Energy,0.20322,5,5,24,-0.00506
2021-12-06,Financials,0.24788000000000002,5,4,21,0.18980000000000002
2021-12-06,Healthcare,0.19664,5,5,19,0.32178
2021-12-06,Industrials,0.32283999999999996,5,2,8,0.12738
2021-12-06,Materials,0.09534000000000001,5,2,3,-0.04046
2021-12-06,RealEstate,0.04046,5,3,4,-0.05464
2021-12-06,Tech,0.71162,5,5,44,0.43062000000000006
2021-12-06,Utilities,0.15674,5,3,3,0.2178
2021-12-07,Comm,0.27058,5,4,9,0.18846000000000002
2021-12-07,Consumer,-0.02942,5,5,14,0.47808
2021-12-07,Energy,0.30766,5,4,14,0.20322
2021-12-07,Financials,0.15442,5,5,21,0.24788000000000002
2021-12-07,Healthcare,0.0843,5,3,13,0.19664
2021-12-07,Industrials,0.26838,5,4,6,0.32283999999999996
2021-12-07,Materials,0.0,5,1,2,0.09534000000000001
2021-12-07,RealEstate,0.0,5,3,4,0.04046
2021-12-07,Tech,0.6401399999999999,5,5,43,0.71162
2021-12-07,Utilities,0.2435,5,2,3,0.15674
2021-12-08,Comm,0.40684000000000003,5,4,9,0.27058
2021-12-08,Consumer,0.09522000000000001,5,4,14,-0.02942
2021-12-08,Energy,0.2312,5,4,16,0.30766
2021-12-08,Financials,0.14006,5,5,13,0.15442
2021-12-08,Healthcare,0.18096,5,3,5,0.0843
2021-12-08,Industrials,0.05846,5,3,6,0.26838
2021-12-08,Materials,0.08808,5,2,2,0.0
2021-12-08,RealEstate,0.009199999999999996,5,4,5,0.0
2021-12-08,Tech,0.11176,5,4,15,0.6401399999999999
2021-12-08,Utilities,-0.05464,5,1,1,0.2435
2021-12-09,Comm,0.009839999999999998,5,3,7,0.40684000000000003
2021-12-09,Consumer,0.30062,5,5,20,0.09522000000000001
2021-12-09,Energy,0.05732,5,4,11,0.2312
2021-12-09,Financials,0.5525599999999999,5,5,19,0.14006
2021-12-09,Healthcare,0.0256,5,4,6,0.18096
2021-12-09,Industrials,0.16468,5,3,4,0.05846
2021-12-09,Materials,0.23471999999999998,5,5,7,0.08808
2021-12-09,RealEstate,0.12972,5,2,2,0.009199999999999996
2021-12-09,Tech,0.47034000000000004,5,5,27,0.11176
2021-12-09,Utilities,0.0,5,0,0,-0.05464
2021-12-10,Comm,0.2183,5,5,9,0.009839999999999998
2021-12-10,Consumer,0.040760000000000005,5,4,8,0.30062
2021-12-10,Energy,0.2695,5,3,8,0.05732
2021-12-10,Financials,0.06254,5,4,10,0.5525599999999999
2021-12-10,Healthcare,-0.041180000000000015,5,5,13,0.0256
2021-12-10,Industrials,0.12940000000000002,5,2,4,0.16468
2021-12-10,Materials,0.068,5,1,1,0.23471999999999998
2021-12-10,RealEstate,0.14504,5,4,4,0.12972
2021-12-10,Tech,0.24674000000000001,5,3,16,0.47034000000000004
2021-12-10,Utilities,0.059199999999999996,5,1,1,0.0
2021-12-13,Comm,0.06592,5,5,9,0.2183
2021-12-13,Consumer,0.21448,5,5,21,0.040760000000000005
2021-12-13,Energy,0.22522000000000003,5,4,12,0.2695
2021-12-13,Financials,0.71862,5,5,19,0.06254
2021-12-13,Healthcare,0.5015000000000001,5,5,18,-0.041180000000000015
2021-12-13,Industrials,-0.02994,5,3,10,0.12940000000000002
2021-12-13,Materials,0.0,5,1,2,0.068
2021-12-13,RealEstate,0.04046,5,5,10,0.14504
2021-12-13,Tech,0.414,5,5,35,0.24674000000000001
2021-12-13,Utilities,0.22791999999999998,5,2,4,0.059199999999999996
2021-12-14,Comm,0.11698,5,3,5,0.06592
2021-12-14,Consumer,0.34106000000000003,5,5,20,0.21448
2021-12-14,Energy,0.23768000000000003,5,3,4,0.22522000000000003
2021-12-14,Financials,0.19092,5,4,11,0.71862
2021-12-14,Healthcare,0.17472000000000001,5,5,12,0.5015000000000001
2021-12-14,Industrials,0.17166,5,4,9,-0.02994
2021-12-14,Materials,0.24764,5,3,6,0.0
2021-12-14,RealEstate,0.37112,5,3,4,0.04046
2021-12-14,Tech,0.04284,5,5,19,0.414
2021-12-14,Utilities,0.1089,5,3,3,0.22791999999999998
2021-12-15,Comm,0.10212000000000002,5,3,8,0.11698
2021-12-15,Consumer,0.75736,5,5,18,0.34106000000000003
2021-12-15,Energy,0.20624000000000003,5,3,5,0.23768000000000003
2021-12-15,Financials,0.13548,5,4,14,0.19092
2021-12-15,Healthcare,0.035660000000000004,5,4,9,0.17472000000000001
2021-12-15,Industrials,0.0,5,4,14,0.17166
2021-12-15,Materials,0.22238000000000002,5,3,6,0.24764
2021-12-15,RealEstate,0.12138,5,3,4,0.37112
2021-12-15,Tech,0.63482,5,5,25,0.04284
2021-12-15,Utilities,0.05464,5,3,3,0.1089
2021-12-16,Comm,0.32358,5,5,13,0.10212000000000002
2021-12-16,Consumer,0.45562,5,4,10,0.75736
2021-12-16,Energy,0.07024,5,4,5,0.20624000000000003
2021-12-16,Financials,-0.06468,5,4,24,0.13548
2021-12-16,Healthcare,0.12394000000000001,5,5,14,0.035660000000000004
2021-12-16,Industrials,-0.21880000000000002,5,5,19,0.0
2021-12-16,Materials,0.0341,5,2,5,0.22238000000000002
2021-12-16,RealEstate,0.12248,5,4,5,0.12138
2021-12-16,Tech,0.43628,5,5,30,0.63482
2021-12-16,Utilities,0.0,5,2,2,0.05464
2021-12-17,Comm,0.063,5,4,11,0.32358
2021-12-17,Consumer,0.46719999999999995,5,5,29,0.45562
2021-12-17,Energy,0.30978000000000006,5,3,11,0.07024
2021-12-17,Financials,0.18306,5,5,13,-0.06468
2021-12-17,Healthcare,0.36512,5,3,8,0.12394000000000001
2021-12-17,Industrials,0.030920000000000003,5,4,14,-0.21880000000000002
2021-12-17,Materials,0.0,5,1,1,0.0341
2021-12-17,RealEstate,0.10225999999999999,5,2,3,0.12248
2021-12-17,Tech,-0.26833999999999997,5,5,16,0.43628
2021-12-17,Utilities,0.0,5,4,4,0.0
2021-12-20,Comm,0.37439999999999996,5,5,13,0.063
2021-12-20,Consumer,0.28916,5,5,38,0.46719999999999995
2021-12-20,Energy,-0.01197999999999999,5,3,7,0.30978000000000006
2021-12-20,Financials,-0.0907,5,3,19,0.18306
2021-12-20,Healthcare,0.31958,5,5,14,0.36512
2021-12-20,Industrials,0.06344000000000001,5,5,17,0.030920000000000003
2021-12-20,Materials,0.03256,5,3,3,0.0
2021-12-20,RealEstate,0.10566,5,2,3,0.10225999999999999
2021-12-20,Tech,0.40049999999999997,5,5,26,-0.26833999999999997
2021-12-20,Utilities,0.22271999999999997,5,3,4,0.0
2021-12-21,Comm,0.059199999999999996,5,4,13,0.37439999999999996
2021-12-21,Consumer,0.46654,5,4,31,0.28916
2021-12-21,Energy,0.0,5,1,1,-0.01197999999999999
2021-12-21,Financials,0.36488,5,5,12,-0.0907
2021-12-21,Healthcare,0.4558400000000001,5,5,16,0.31958
2021-12-21,Industrials,0.23115999999999998,5,4,15,0.06344000000000001
2021-12-21,Materials,0.0,5,0,0,0.03256
2021-12-21,RealEstate,0.27568000000000004,5,4,4,0.10566
2021-12-21,Tech,0.48613999999999996,5,5,18,0.40049999999999997
2021-12-21,Utilities,0.23175999999999997,5,2,2,0.22271999999999997
2021-12-22,Comm,0.27154,5,2,7,0.059199999999999996
2021-12-22,Consumer,-0.017779999999999997,5,4,14,0.46654
2021-12-22,Energy,0.08038,5,3,4,0.0
2021-12-22,Financials,0.18441999999999997,5,4,7,0.36488
2021-12-22,Healthcare,0.09148,5,4,14,0.4558400000000001
2021-12-22,Industrials,0.39022,5,4,6,0.23115999999999998
2021-12-22,Materials,0.0,5,0,0,0.0
2021-12-22,RealEstate,0.0,5,2,4,0.27568000000000004
2021-12-22,Tech,0.88702,5,5,18,0.48613999999999996
2021-12-22,Utilities,0.0,5,1,1,0.23175999999999997
2021-12-23,Comm,0.25545999999999996,5,3,10,0.27154
2021-12-23,Consumer,0.28624,5,5,16,-0.017779999999999997
2021-12-23,Energy,-0.09534000000000001,5,5,11,0.08038
2021-12-23,Financials,0.20271999999999996,5,5,16,0.18441999999999997
2021-12-23,Healthcare,0.44821999999999995,5,5,23,0.09148
2021-12-23,Industrials,0.09176,5,3,7,0.39022
2021-12-23,Materials,0.24504,5,5,7,0.0
2021-12-23,RealEstate,0.0,5,1,1,0.0
2021-12-23,Tech,0.42650000000000005,5,5,19,0.88702
2021-12-23,Utilities,0.09152,5,1,1,0.0
2021-12-27,Comm,0.18694,5,1,8,0.25545999999999996
2021-12-27,Consumer,0.5282199999999999,5,5,24,0.28624
2021-12-27,Energy,0.44132,5,4,11,-0.09534000000000001
2021-12-27,Financials,0.40404,5,5,15,0.20271999999999996
2021-12-27,Healthcare,0.53144,5,4,18,0.44821999999999995
2021-12-27,Industrials,0.38024,5,4,11,0.09176
2021-12-27,Materials,-0.02054,5,1,1,0.24504
2021-12-27,RealEstate,0.021039999999999993,5,4,6,0.0
2021-12-27,Tech,0.41988000000000003,5,4,21,0.42650000000000005
2021-12-27,Utilities,-0.04046,5,1,2,0.09152
2021-12-28,Comm,0.15911999999999998,5,2,9,0.18694
2021-12-28,Consumer,0.15133999999999997,5,4,18,0.5282199999999999
2021-12-28,Energy,-0.022320000000000007,5,3,8,0.44132
2021-12-28,Financials,0.07224,5,3,3,0.40404
2021-12-28,Healthcare,0.15839999999999999,5,3,8,0.53144
2021-12-28,Industrials,-0.17250000000000001,5,3,10,0.38024
2021-12-28,Materials,0.26316,5,4,10,-0.02054
2021-12-28,RealEstate,0.0843,5,2,2,0.021039999999999993
2021-12-28,Tech,0.69828,5,5,30,0.41988000000000003
2021-12-28,Utilities,-0.00633999999999999,5,3,3,-0.04046
2021-12-29,Comm,0.04046,5,2,4,0.15911999999999998
2021-12-29,Consumer,0.18816000000000002,5,4,15,0.15133999999999997
2021-12-29,Energy,0.25764,5,4,6,-0.022320000000000007
2021-12-29,Financials,-0.04526,5,5,9,0.07224
2021-12-29,Healthcare,0.13324,5,1,2,0.15839999999999999
2021-12-29,Industrials,0.12738,5,3,8,-0.17250000000000001
2021-12-29,Materials,0.12738,5,1,1,0.26316
2021-12-29,RealEstate,0.17068,5,3,5,0.0843
2021-12-29,Tech,0.28306,5,3,12,0.69828
2021-12-29,Utilities,0.18214000000000002,5,3,4,-0.00633999999999999
2021-12-30,Comm,0.42514,5,4,15,0.04046
2021-12-30,Consumer,0.32064,5,5,19,0.18816000000000002
2021-12-30,Energy,0.10533999999999999,5,4,7,0.25764
2021-12-30,Financials,0.47864000000000007,5,4,11,-0.04526
2021-12-30,Healthcare,0.43141999999999997,5,4,15,0.13324
2021-12-30,Industrials,0.0843,5,4,4,0.12738
2021-12-30,Materials,0.08038,5,2,3,0.12738
2021-12-30,RealEstate,0.18403999999999998,5,3,4,0.17068
2021-12-30,Tech,0.53232,5,5,20,0.28306
2021-12-30,Utilities,0.22405999999999998,5,2,3,0.18214000000000002
2021-12-31,Comm,0.12054000000000001,5,3,7,0.42514
2021-12-31,Consumer,0.06518,5,5,12,0.32064
2021-12-31,Energy,0.32712,5,3,8,0.10533999999999999
2021-12-31,Financials,0.19856000000000001,5,5,15,0.47864000000000007
2021-12-31,Healthcare,0.1662,5,4,5,0.43141999999999997
2021-12-31,Industrials,0.0,5,2,2,0.0843
2021-12-31,Materials,0.0,5,0,0,0.08038
2021-12-31,RealEstate,0.018739999999999996,5,2,2,0.18403999999999998
2021-12-31,Tech,0.5469799999999999,5,5,18,0.53232
2021-12-31,Utilities,0.09878,5,2,3,0.22405999999999998
2022-01-03,Comm,-0.033460000000000004,5,2,14,0.12054000000000001
2022-01-03,Consumer,0.37995999999999996,5,5,22,0.06518
2022-01-03,Energy,0.18380000000000002,5,5,20,0.32712
2022-01-03,Financials,0.14896,5,4,16,0.19856000000000001
2022-01-03,Healthcare,0.59712,5,5,20,0.1662
2022-01-03,Industrials,0.32608000000000004,5,5,10,0.0
2022-01-03,Materials,0.04046,5,2,2,0.0
2022-01-03,RealEstate,0.12738,5,3,5,0.018739999999999996
2022-01-03,Tech,0.62104,5,4,23,0.5469799999999999
2022-01-03,Utilities,0.0359,5,3,5,0.09878
2022-01-04,Comm,0.22123999999999996,5,2,9,-0.033460000000000004
2022-01-04,Consumer,0.0,5,3,7,0.37995999999999996
2022-01-04,Energy,0.13523999999999997,5,4,6,0.18380000000000002
2022-01-04,Financials,0.36948,5,5,22,0.14896
2022-01-04,Healthcare,0.17238,5,4,10,0.59712
2022-01-04,Industrials,0.34862000000000004,5,4,10,0.32608000000000004
2022-01-04,Materials,0.0,5,2,3,0.04046
2022-01-04,RealEstate,0.18658000000000002,5,2,3,0.12738
2022-01-04,Tech,0.45566000000000006,5,5,43,0.62104
2022-01-04,Utilities,0.20779999999999998,5,5,5,0.0359
2022-01-05,Comm,0.32098,5,4,15,0.22123999999999996
2022-01-05,Consumer,0.22918,5,5,22,0.0
2022-01-05,Energy,0.27244,5,3,14,0.13523999999999997
2022-01-05,Financials,0.25461999999999996,5,4,12,0.36948
2022-01-05,Healthcare,-0.08115999999999998,5,4,6,0.17238
2022-01-05,Industrials,0.19341999999999998,5,3,8,0.34862000000000004
2022-01-05,Materials,0.05464,5,1,3,0.0
2022-01-05,RealEstate,0.08808,5,3,4,0.18658000000000002
2022-01-05,Tech,0.6328,5,5,38,0.45566000000000006
2022-01-05,Utilities,0.08158000000000001,5,2,2,0.20779999999999998
2022-01-06,Comm,0.55906,5,5,18,0.32098
2022-01-06,Consumer,0.52276,5,5,17,0.22918
2022-01-06,Energy,0.056519999999999994,5,5,14,0.27244
2022-01-06,Financials,0.26189999999999997,5,5,15,0.25461999999999996
2022-01-06,Healthcare,0.41626,5,5,8,-0.08115999999999998
2022-01-06,Industrials,0.04046,5,3,10,0.19341999999999998
2022-01-06,Materials,0.16784000000000002,5,3,5,0.05464
2022-01-06,RealEstate,0.16454,5,3,5,0.08808
2022-01-06,Tech,0.31368,5,5,14,0.6328
2022-01-06,Utilities,0.059199999999999996,5,1,1,0.08158000000000001
2022-01-07,Comm,0.33912,5,5,20,0.55906
2022-01-07,Consumer,0.14862,5,5,18,0.52276
2022-01-07,Energy,0.36538,5,5,12,0.056519999999999994
2022-01-07,Financials,0.16888,5,4,15,0.26189999999999997
2022-01-07,Healthcare,0.05840000000000001,5,3,9,0.41626
2022-01-07,Industrials,0.23802000000000004,5,4,13,0.04046
2022-01-07,Materials,0.08038,5,1,2,0.16784000000000002
2022-01-07,RealEstate,0.0,5,2,2,0.16454
2022-01-07,Tech,-0.093,5,3,19,0.31368
2022-01-07,Utilities,0.08928,5,3,3,0.059199999999999996
2022-01-10,Comm,0.31908000000000003,5,5,27,0.33912
2022-01-10,Consumer,0.42194000000000004,5,5,25,0.14862
2022-01-10,Energy,0.40232,5,3,18,0.36538
2022-01-10,Financials,0.50244,5,5,37,0.16888
2022-01-10,Healthcare,0.51868,5,5,16,0.05840000000000001
2022-01-10,Industrials,0.47729999999999995,5,5,16,0.23802000000000004
2022-01-10,Materials,0.059199999999999996,5,2,2,0.08038
2022-01-10,RealEstate,0.12738,5,2,2,0.0
2022-01-10,Tech,0.27696,5,5,27,-0.093
2022-01-10,Utilities,0.47134,5,4,8,0.08928
2022-01-11,Comm,0.23356,5,5,14,0.31908000000000003
2022-01-11,Consumer,0.12204000000000001,5,5,9,0.42194000000000004
2022-01-11,Energy,0.1969,5,3,11,0.40232
2022-01-11,Financials,0.23432,5,5,12,0.50244
2022-01-11,Healthcare,0.1486,5,3,7,0.51868
2022-01-11,Industrials,0.12804,5,4,14,0.47729999999999995
2022-01-11,Materials,0.0,5,1,1,0.059199999999999996
2022-01-11,RealEstate,-0.09946000000000002,5,3,5,0.12738
2022-01-11,Tech,0.50946,5,5,27,0.27696
2022-01-11,Utilities,0.059199999999999996,5,2,2,0.47134
2022-01-12,Comm,0.32504,5,5,14,0.23356
2022-01-12,Consumer,0.21342,5,5,20,0.12204000000000001
2022-01-12,Energy,0.49214,5,4,23,0.1969
2022-01-12,Financials,0.62432,5,5,33,0.23432
2022-01-12,Healthcare,0.32880000000000004,5,5,16,0.1486
2022-01-12,Industrials,0.4323,5,4,10,0.12804
2022-01-12,Materials,0.0,5,2,2,0.0
2022-01-12,RealEstate,0.019600000000000006,5,4,7,-0.09946000000000002
2022-01-12,Tech,0.549,5,5,27,0.50946
2022-01-12,Utilities,0.0,5,1,1,0.059199999999999996
2022-01-13,Comm,0.44806,5,4,17,0.32504
2022-01-13,Consumer,0.488,5,5,12,0.21342
2022-01-13,Energy,0.46338,5,5,25,0.49214
2022-01-13,Financials,0.70172,5,5,44,0.62432
2022-01-13,Healthcare,0.30486,5,5,14,0.32880000000000004
2022-01-13,Industrials,-0.04898,5,3,12,0.4323
2022-01-13,Materials,0.19538000000000003,5,2,4,0.0
2022-01-13,RealEstate,0.068,5,3,3,0.019600000000000006
2022-01-13,Tech,0.67006,5,5,32,0.549
2022-01-13,Utilities,0.20022,5,3,4,0.0
2022-01-14,Comm,0.136,5,5,18,0.44806
2022-01-14,Consumer,-0.11042,5,5,24,0.488
2022-01-14,Energy,0.30722,5,4,20,0.46338
2022-01-14,Financials,0.51734,5,5,52,0.70172
2022-01-14,Healthcare,0.41018,5,5,13,0.30486
2022-01-14,Industrials,0.39574,5,4,16,-0.04898
2022-01-14,Materials,0.1272,5,2,4,0.19538000000000003
2022-01-14,RealEstate,0.09878,5,3,4,0.068
2022-01-14,Tech,0.5309,5,5,17,0.67006
2022-01-14,Utilities,0.18194,5,4,6,0.20022
2022-01-18,Comm,-0.28982,5,5,43,0.136
2022-01-18,Consumer,0.15718000000000001,5,5,39,-0.11042
2022-01-18,Energy,0.7627200000000001,5,5,35,0.30722
2022-01-18,Financials,0.89246,5,5,94,0.51734
2022-01-18,Healthcare,0.5872200000000001,5,5,29,0.41018
2022-01-18,Industrials,0.0015599999999999948,5,5,22,0.39574
2022-01-18,Materials,0.12132000000000001,5,3,9,0.1272
2022-01-18,RealEstate,-0.08038,5,4,6,0.09878
2022-01-18,Tech,0.79728,5,5,38,0.5309
2022-01-18,Utilities,0.6049800000000001,5,5,9,0.18194
2022-01-19,Comm,0.29174,5,5,21,-0.28982
2022-01-19,Consumer,0.28872,5,5,24,0.15718000000000001
2022-01-19,Energy,0.2432,5,5,11,0.7627200000000001
2022-01-19,Financials,0.36474,5,5,62,0.89246
2022-01-19,Healthcare,0.20064,5,5,16,0.5872200000000001
2022-01-19,Industrials,0.26414,5,3,15,0.0015599999999999948
2022-01-19,Materials,0.19422,5,3,7,0.12132000000000001
2022-01-19,RealEstate,0.2644,5,3,6,-0.08038
2022-01-19,Tech,0.6942,5,4,47,0.79728
2022-01-19,Utilities,0.29050000000000004,5,5,9,0.6049800000000001
2022-01-20,Comm,0.4511,5,3,15,0.29174
2022-01-20,Consumer,0.35758,5,5,27,0.28872
2022-01-20,Energy,0.36578,5,4,17,0.2432
2022-01-20,Financials,0.38658000000000003,5,5,22,0.36474
2022-01-20,Healthcare,0.05716,5,5,15,0.20064
2022-01-20,Industrials,0.4091,5,5,16,0.26414
2022-01-20,Materials,0.13194,5,4,8,0.19422
2022-01-20,RealEstate,0.41468,5,5,9,0.2644
2022-01-20,Tech,0.8589399999999999,5,5,48,0.6942
2022-01-20,Utilities,0.36634,5,4,5,0.29050000000000004
2022-01-21,Comm,0.42126,5,4,14,0.4511
2022-01-21,Consumer,0.32322,5,5,32,0.35758
2022-01-21,Energy,0.37302,5,4,25,0.36578
2022-01-21,Financials,0.6459400000000001,5,5,27,0.38658000000000003
2022-01-21,Healthcare,-0.223,5,5,13,0.05716
2022-01-21,Industrials,0.08808,5,4,15,0.4091
2022-01-21,Materials,0.05464,5,4,7,0.13194
2022-01-21,RealEstate,0.25132,5,4,5,0.41468
2022-01-21,Tech,0.50366,5,4,30,0.8589399999999999
2022-01-21,Utilities,0.37995999999999996,5,5,9,0.36634
2022-01-24,Comm,0.44514,5,5,22,0.42126
2022-01-24,Consumer,0.42688,5,5,30,0.32322
2022-01-24,Energy,0.09032,5,5,22,0.37302
2022-01-24,Financials,0.5727,5,4,19,0.6459400000000001
2022-01-24,Healthcare,0.04214,5,5,28,-0.223
2022-01-24,Industrials,0.5133,5,5,25,0.08808
2022-01-24,Materials,0.35851999999999995,5,5,15,0.05464
2022-01-24,RealEstate,0.19748,5,5,15,0.25132
2022-01-24,Tech,0.49134,5,5,40,0.50366
2022-01-24,Utilities,0.11565999999999999,5,3,6,0.37995999999999996
2022-01-25,Comm,0.009560000000000013,5,4,19,0.44514
2022-01-25,Consumer,0.27552,5,5,20,0.42688
2022-01-25,Energy,0.28884,5,4,16,0.09032
2022-01-25,Financials,0.6335200000000001,5,5,25,0.5727
2022-01-25,Healthcare,-0.1907,5,4,18,0.04214
2022-01-25,Industrials,0.5938800000000001,5,5,43,0.5133
2022-01-25,Materials,0.08038,5,4,5,0.35851999999999995
2022-01-25,RealEstate,0.27576,5,3,4,0.19748
2022-01-25,Tech,0.28747999999999996,5,5,36,0.49134
2022-01-25,Utilities,0.46548,5,4,16,0.11565999999999999
2022-01-26,Comm,0.5435399999999999,5,5,26,0.009560000000000013
2022-01-26,Consumer,0.35518,5,5,26,0.27552
2022-01-26,Energy,0.63122,5,5,27,0.28884
2022-01-26,Financials,0.28512,5,5,16,0.6335200000000001
2022-01-26,Healthcare,0.38168,5,4,20,-0.1907
2022-01-26,Industrials,0.23102,5,5,31,0.5938800000000001
2022-01-26,Materials,0.04046,5,3,4,0.08038
2022-01-26,RealEstate,0.08808,5,1,3,0.27576
2022-01-26,Tech,0.6352599999999999,5,5,73,0.28747999999999996
2022-01-26,Utilities,0.20044,5,3,4,0.46548
2022-01-27,Comm,0.41262,5,4,22,0.5435399999999999
2022-01-27,Consumer,0.13852,5,5,18,0.35518
2022-01-27,Energy,0.40358,5,5,35,0.63122
2022-01-27,Financials,0.6316599999999999,5,5,26,0.28512
2022-01-27,Healthcare,0.53,5,5,19,0.38168
2022-01-27,Industrials,0.3655,5,4,20,0.23102
2022-01-27,Materials,0.44846,5,5,19,0.04046
2022-01-27,RealEstate,0.55486,5,5,11,0.08808
2022-01-27,Tech,0.4941,5,4,56,0.6352599999999999
2022-01-27,Utilities,0.3337,5,4,7,0.20044
2022-01-28,Comm,-0.15094000000000002,5,5,19,0.41262
2022-01-28,Consumer,0.04288,5,4,10,0.13852
2022-01-28,Energy,0.6925600000000001,5,4,42,0.40358
2022-01-28,Financials,0.5562400000000001,5,5,43,0.6316599999999999
2022-01-28,Healthcare,0.26374,5,5,17,0.53
2022-01-28,Industrials,0.50822,5,5,33,0.3655
2022-01-28,Materials,0.0,5,1,1,0.44846
2022-01-28,RealEstate,-0.04420000000000002,5,4,6,0.55486
2022-01-28,Tech,0.64086,5,5,32,0.4941
2022-01-28,Utilities,0.31544,5,5,7,0.3337
2022-01-31,Comm,0.3889,5,5,25,-0.15094000000000002
2022-01-31,Consumer,0.6134000000000001,5,5,31,0.04288
2022-01-31,Energy,0.44189999999999996,5,5,19,0.6925600000000001
2022-01-31,Financials,0.1627,5,5,15,0.5562400000000001
2022-01-31,Healthcare,0.59594,5,5,26,0.26374
2022-01-31,Industrials,0.18416,5,5,24,0.50822
2022-01-31,Materials,-0.033859999999999994,5,3,3,0.0
2022-01-31,RealEstate,0.52222,5,5,7,-0.04420000000000002
2022-01-31,Tech,0.63654,5,5,51,0.64086
2022-01-31,Utilities,0.29003999999999996,5,4,11,0.31544
2022-02-01,Comm,0.18308,5,5,31,0.3889
2022-02-01,Consumer,-0.28426,5,5,31,0.6134000000000001
2022-02-01,Energy,0.36042,5,4,30,0.44189999999999996
2022-02-01,Financials,0.22056,5,5,21,0.1627
2022-02-01,Healthcare,0.15182,5,5,26,0.59594
2022-02-01,Industrials,0.02145999999999999,5,4,28,0.18416
2022-02-01,Materials,0.14368,5,3,5,-0.033859999999999994
2022-02-01,RealEstate,0.11438,5,1,2,0.52222
2022-02-01,Tech,0.55484,5,5,53,0.63654
2022-02-01,Utilities,0.45248,5,4,9,0.29003999999999996
2022-02-02,Comm,0.35114,5,5,17,0.18308
2022-02-02,Consumer,0.012359999999999972,5,5,18,-0.28426
2022-02-02,Energy,0.5088,5,5,29,0.36042
2022-02-02,Financials,0.58022,5,5,13,0.22056
2022-02-02,Healthcare,0.11850000000000001,5,5,31,0.15182
2022-02-02,Industrials,0.2578,5,4,12,0.02145999999999999
2022-02-02,Materials,0.08218,5,3,5,0.14368
2022-02-02,RealEstate,0.09114,5,4,7,0.11438
2022-02-02,Tech,0.76764,5,5,102,0.55484
2022-02-02,Utilities,0.26604,5,3,5,0.45248
2022-02-03,Comm,0.43235999999999997,5,5,24,0.35114
2022-02-03,Consumer,0.32994,5,5,11,0.012359999999999972
2022-02-03,Energy,0.06358000000000001,5,5,28,0.5088
2022-02-03,Financials,0.28764,5,5,12,0.58022
2022-02-03,Healthcare,0.17846,5,5,17,0.11850000000000001
2022-02-03,Industrials,0.17712,5,4,9,0.2578
2022-02-03,Materials,-0.08808,5,3,3,0.08218
2022-02-03,RealEstate,0.10533999999999999,5,2,3,0.09114
2022-02-03,Tech,0.26748000000000005,5,5,37,0.76764
2022-02-03,Utilities,0.43479999999999996,5,4,6,0.26604
2022-02-04,Comm,0.14792,5,5,13,0.43235999999999997
2022-02-04,Consumer,0.2992,5,5,15,0.32994
2022-02-04,Energy,0.19202,5,5,11,0.06358000000000001
2022-02-04,Financials,0.3732,5,4,17,0.28764
2022-02-04,Healthcare,-0.16110000000000002,5,5,10,0.17846
2022-02-04,Industrials,0.32430000000000003,5,3,5,0.17712
2022-02-04,Materials,0.068,5,2,4,-0.08808
2022-02-04,RealEstate,0.0,5,1,1,0.10533999999999999
2022-02-04,Tech,0.2494,5,4,18,0.26748000000000005
2022-02-04,Utilities,0.42426,5,4,10,0.43479999999999996
2022-02-07,Comm,0.5707800000000001,5,5,23,0.14792
2022-02-07,Consumer,0.38764,5,5,43,0.2992
2022-02-07,Energy,0.45334,5,5,24,0.19202
2022-02-07,Financials,-0.03369999999999999,5,4,16,0.3732
2022-02-07,Healthcare,0.5909,5,4,21,-0.16110000000000002
2022-02-07,Industrials,0.26682,5,4,12,0.32430000000000003
2022-02-07,Materials,0.06364,5,2,3,0.068
2022-02-07,RealEstate,0.12498000000000001,5,4,6,0.0
2022-02-07,Tech,0.24011999999999997,5,5,29,0.2494
2022-02-07,Utilities,0.31548,5,5,11,0.42426
2022-02-08,Comm,0.1877,5,5,14,0.5707800000000001
2022-02-08,Consumer,0.69406,5,5,31,0.38764
2022-02-08,Energy,0.69546,5,4,30,0.45334
2022-02-08,Financials,0.50012,5,5,17,-0.03369999999999999
2022-02-08,Healthcare,0.40806000000000003,5,4,22,0.5909
2022-02-08,Industrials,0.12368000000000001,5,4,19,0.26682
2022-02-08,Materials,0.21322000000000002,5,4,15,0.06364
2022-02-08,RealEstate,0.16678,5,3,5,0.12498000000000001
2022-02-08,Tech,0.78122,5,5,51,0.24011999999999997
2022-02-08,Utilities,0.32968000000000003,5,3,7,0.31548
2022-02-09,Comm,0.28868,5,5,10,0.1877
2022-02-09,Consumer,0.25092,5,5,34,0.69406
2022-02-09,Energy,0.51204,5,5,17,0.69546
2022-02-09,Financials,0.37808,5,4,14,0.50012
2022-02-09,Healthcare,0.5816399999999999,5,5,18,0.40806000000000003
2022-02-09,Industrials,0.04046,5,2,3,0.12368000000000001
2022-02-09,Materials,0.08038,5,2,2,0.21322000000000002
2022-02-09,RealEstate,0.22018,5,5,10,0.16678
2022-02-09,Tech,0.40271999999999997,5,5,25,0.78122
2022-02-09,Utilities,0.36048,5,3,6,0.32968000000000003
2022-02-10,Comm,0.5700999999999999,5,4,9,0.28868
2022-02-10,Consumer,0.5027999999999999,5,5,49,0.25092
2022-02-10,Energy,0.14216,5,5,15,0.51204
2022-02-10,Financials,0.08958,5,4,16,0.37808
2022-02-10,Healthcare,-0.04735999999999998,5,5,16,0.5816399999999999
2022-02-10,Industrials,0.014860000000000002,5,5,14,0.04046
2022-02-10,Materials,-0.07224,5,3,4,0.08038
2022-02-10,RealEstate,0.26671999999999996,5,4,7,0.22018
2022-02-10,Tech,0.34778000000000003,5,5,19,0.40271999999999997
2022-02-10,Utilities,0.44821999999999995,5,5,13,0.36048
2022-02-11,Comm,0.06476,5,5,12,0.5700999999999999
2022-02-11,Consumer,0.04246000000000001,5,5,28,0.5027999999999999
2022-02-11,Energy,0.36639999999999995,5,3,17,0.14216
2022-02-11,Financials,0.0073200000000000045,5,5,12,0.08958
2022-02-11,Healthcare,0.4146599999999999,5,5,10,-0.04735999999999998
2022-02-11,Industrials,0.20972,5,5,9,0.014860000000000002
2022-02-11,Materials,0.1915,5,2,3,-0.07224
2022-02-11,RealEstate,0.04046,5,2,3,0.26671999999999996
2022-02-11,Tech,0.11846000000000001,5,5,30,0.34778000000000003
2022-02-11,Utilities,0.25692,5,5,9,0.44821999999999995
2022-02-14,Comm,0.35853999999999997,5,5,14,0.06476
2022-02-14,Consumer,0.71976,5,5,49,0.04246000000000001
2022-02-14,Energy,0.52834,5,5,38,0.36639999999999995
2022-02-14,Financials,-0.08579999999999999,5,5,25,0.0073200000000000045
2022-02-14,Healthcare,-0.14656,5,5,16,0.4146599999999999
2022-02-14,Industrials,-0.33971999999999997,5,4,17,0.20972
2022-02-14,Materials,0.068,5,2,2,0.1915
2022-02-14,RealEstate,0.56048,5,4,7,0.04046
2022-02-14,Tech,0.22970000000000002,5,5,59,0.11846000000000001
2022-02-14,Utilities,0.4502,5,5,10,0.25692
2022-02-15,Comm,0.26844,5,4,10,0.35853999999999997
2022-02-15,Consumer,0.43382,5,5,22,0.71976
2022-02-15,Energy,0.29732,5,5,20,0.52834
2022-02-15,Financials,0.30908,5,5,15,-0.08579999999999999
2022-02-15,Healthcare,0.16877999999999999,5,4,10,-0.14656
2022-02-15,Industrials,0.08126,5,3,12,-0.33971999999999997
2022-02-15,Materials,0.0,5,2,3,0.068
2022-02-15,RealEstate,0.22126,5,3,4,0.56048
2022-02-15,Tech,0.57152,5,5,55,0.22970000000000002
2022-02-15,Utilities,0.35656,5,5,7,0.4502
2022-02-16,Comm,0.08092,5,3,4,0.26844
2022-02-16,Consumer,0.46452,5,5,24,0.43382
2022-02-16,Energy,0.5006,5,5,22,0.29732
2022-02-16,Financials,0.16642,5,3,21,0.30908
2022-02-16,Healthcare,0.42404000000000003,5,4,14,0.16877999999999999
2022-02-16,Industrials,0.00464,5,4,13,0.08126
2022-02-16,Materials,-0.003920000000000002,5,3,3,0.0
2022-02-16,RealEstate,0.24218,5,3,4,0.22126
2022-02-16,Tech,0.68772,5,5,34,0.57152
2022-02-16,Utilities,0.16226000000000002,5,4,6,0.35656
2022-02-17,Comm,0.30224,5,5,13,0.08092
2022-02-17,Consumer,0.23796,5,5,37,0.46452
2022-02-17,Energy,0.13068,5,4,18,0.5006
2022-02-17,Financials,-0.30834,5,5,28,0.16642
2022-02-17,Healthcare,0.23567999999999997,5,4,14,0.42404000000000003
2022-02-17,Industrials,0.24178000000000002,5,5,16,0.00464
2022-02-17,Materials,0.0,5,4,6,-0.003920000000000002
2022-02-17,RealEstate,0.12498000000000001,5,5,12,0.24218
2022-02-17,Tech,0.29232,5,5,44,0.68772
2022-02-17,Utilities,0.37176,5,5,12,0.16226000000000002
2022-02-18,Comm,0.0,5,3,4,0.30224
2022-02-18,Consumer,-0.0015199999999999992,5,5,21,0.23796
2022-02-18,Energy,-0.03740000000000001,5,4,11,0.13068
2022-02-18,Financials,0.24432,5,5,18,-0.30834
2022-02-18,Healthcare,0.38996000000000003,5,5,16,0.23567999999999997
2022-02-18,Industrials,0.058219999999999994,5,5,12,0.24178000000000002
2022-02-18,Materials,-0.23420000000000002,5,5,10,0.0
2022-02-18,RealEstate,-0.03558,5,3,4,0.12498000000000001
2022-02-18,Tech,0.42942,5,5,35,0.29232
2022-02-18,Utilities,0.043359999999999996,5,4,8,0.37176
2022-02-22,Comm,-0.048339999999999994,5,3,12,0.0
2022-02-22,Consumer,0.4025,5,5,26,-0.0015199999999999992
2022-02-22,Energy,0.32520000000000004,5,4,31,-0.03740000000000001
2022-02-22,Financials,-0.13377999999999998,5,4,18,0.24432
2022-02-22,Healthcare,0.29266000000000003,5,5,21,0.38996000000000003
2022-02-22,Industrials,0.28666,5,4,15,0.058219999999999994
2022-02-22,Materials,0.45948,5,4,10,-0.23420000000000002
2022-02-22,RealEstate,0.33340000000000003,5,4,12,-0.03558
2022-02-22,Tech,0.6633,5,5,40,0.42942
2022-02-22,Utilities,0.24525999999999998,5,5,19,0.043359999999999996
2022-02-23,Comm,-0.13194,5,4,4,-0.048339999999999994
2022-02-23,Consumer,0.07642000000000002,5,5,11,0.4025
2022-02-23,Energy,0.38100000000000006,5,5,23,0.32520000000000004
2022-02-23,Financials,0.026260000000000006,5,4,17,-0.13377999999999998
2022-02-23,Healthcare,0.05464,5,4,6,0.29266000000000003
2022-02-23,Industrials,0.05766,5,4,9,0.28666
2022-02-23,Materials,0.13616,5,4,4,0.45948
2022-02-23,RealEstate,0.20424000000000003,5,5,11,0.33340000000000003
2022-02-23,Tech,0.5481,5,5,22,0.6633
2022-02-23,Utilities,0.16932,5,3,10,0.24525999999999998
2022-02-24,Comm,-0.026839999999999996,5,3,5,-0.13194
2022-02-24,Consumer,0.08792000000000001,5,5,23,0.07642000000000002
2022-02-24,Energy,-0.28765999999999997,5,5,27,0.38100000000000006
2022-02-24,Financials,0.06577999999999998,5,5,19,0.026260000000000006
2022-02-24,Healthcare,0.25346,5,3,6,0.05464
2022-02-24,Industrials,0.12968,5,4,11,0.05766
2022-02-24,Materials,-0.059199999999999996,5,1,4,0.13616
2022-02-24,RealEstate,0.31911999999999996,5,3,8,0.20424000000000003
2022-02-24,Tech,0.32508,5,5,19,0.5481
2022-02-24,Utilities,0.10674000000000002,5,4,8,0.16932
2022-02-25,Comm,0.08038,5,4,7,-0.026839999999999996
2022-02-25,Consumer,0.19664,5,5,14,0.08792000000000001
2022-02-25,Energy,0.36832000000000004,5,4,35,-0.28765999999999997
2022-02-25,Financials,-0.09218000000000001,5,4,16,0.06577999999999998
2022-02-25,Healthcare,-0.06364,5,5,10,0.25346
2022-02-25,Industrials,0.09608000000000001,5,5,14,0.12968
2022-02-25,Materials,0.0,5,3,4,-0.059199999999999996
2022-02-25,RealEstate,0.1383,5,4,7,0.31911999999999996
2022-02-25,Tech,0.07508000000000001,5,4,16,0.32508
2022-02-25,Utilities,0.06364,5,2,2,0.10674000000000002
2022-02-28,Comm,0.32916,5,4,16,0.08038
2022-02-28,Consumer,0.7180799999999999,5,5,34,0.19664
2022-02-28,Energy,0.40498,5,5,38,0.36832000000000004
2022-02-28,Financials,-0.12123999999999999,5,4,35,-0.09218000000000001
2022-02-28,Healthcare,0.40978000000000003,5,3,14,-0.06364
2022-02-28,Industrials,0.12624,5,4,10,0.09608000000000001
2022-02-28,Materials,0.0,5,3,3,0.0
2022-02-28,RealEstate,0.03026,5,3,5,0.1383
2022-02-28,Tech,0.54264,5,5,24,0.07508000000000001
2022-02-28,Utilities,0.28252,5,3,8,0.06364
2022-03-01,Comm,0.09728,5,4,5,0.32916
2022-03-01,Consumer,-0.029059999999999996,5,5,22,0.7180799999999999
2022-03-01,Energy,-0.03312,5,5,49,0.40498
2022-03-01,Financials,-0.13723999999999997,5,4,29,-0.12123999999999999
2022-03-01,Healthcare,0.026640000000000014,5,5,11,0.40978000000000003
2022-03-01,Industrials,0.16548000000000002,5,4,16,0.12624
2022-03-01,Materials,0.10212000000000002,5,3,3,0.0
2022-03-01,RealEstate,0.04046,5,4,5,0.03026
2022-03-01,Tech,0.19139999999999996,5,5,13,0.54264
2022-03-01,Utilities,0.20476,5,4,7,0.28252
2022-03-02,Comm,0.20564,5,2,6,0.09728
2022-03-02,Consumer,0.52064,5,5,22,-0.029059999999999996
2022-03-02,Energy,0.60854,5,5,42,-0.03312
2022-03-02,Financials,0.3338,5,4,13,-0.13723999999999997
2022-03-02,Healthcare,0.19390000000000002,5,4,10,0.026640000000000014
2022-03-02,Industrials,0.17650000000000002,5,4,21,0.16548000000000002
2022-03-02,Materials,0.1341,5,1,2,0.10212000000000002
2022-03-02,RealEstate,0.35682,5,5,7,0.04046
2022-03-02,Tech,0.30648,5,4,21,0.19139999999999996
2022-03-02,Utilities,0.0,5,2,2,0.20476
2022-03-03,Comm,0.08782000000000001,5,5,11,0.20564
2022-03-03,Consumer,0.35312,5,5,17,0.52064
2022-03-03,Energy,0.45192,5,5,31,0.60854
2022-03-03,Financials,0.36754,5,4,11,0.3338
2022-03-03,Healthcare,-0.08444000000000003,5,4,10,0.19390000000000002
2022-03-03,Industrials,0.45214,5,4,20,0.17650000000000002
2022-03-03,Materials,0.0,5,1,1,0.1341
2022-03-03,RealEstate,0.24420000000000003,5,4,8,0.35682
2022-03-03,Tech,0.07626000000000001,5,5,27,0.30648
2022-03-03,Utilities,-0.06364,5,2,2,0.0
2022-03-04,Comm,0.11148,5,4,11,0.08782000000000001
2022-03-04,Consumer,0.38204000000000005,5,5,26,0.35312
2022-03-04,Energy,0.3219,5,4,26,0.45192
2022-03-04,Financials,0.21911999999999998,5,4,14,0.36754
2022-03-04,Healthcare,0.21231999999999998,5,5,8,-0.08444000000000003
2022-03-04,Industrials,0.28166,5,5,11,0.45214
2022-03-04,Materials,0.018980000000000007,5,4,6,0.0
2022-03-04,RealEstate,0.29708,5,2,5,0.24420000000000003
2022-03-04,Tech,0.17365999999999998,5,5,26,0.07626000000000001
2022-03-04,Utilities,0.22732000000000002,5,4,7,-0.06364
2022-03-07,Comm,0.09944000000000001,5,4,13,0.11148
2022-03-07,Consumer,0.47687999999999997,5,5,24,0.38204000000000005
2022-03-07,Energy,0.40359999999999996,5,5,52,0.3219
2022-03-07,Financials,-0.08168,5,4,30,0.21911999999999998
2022-03-07,Healthcare,0.37766,5,5,14,0.21231999999999998
2022-03-07,Industrials,0.28500000000000003,5,4,15,0.28166
2022-03-07,Materials,0.04526,5,4,4,0.018980000000000007
2022-03-07,RealEstate,0.15550000000000003,5,3,6,0.29708
2022-03-07,Tech,0.24016,5,5,37,0.17365999999999998
2022-03-07,Utilities,0.19358,5,3,6,0.22732000000000002
2022-03-08,Comm,0.12391999999999999,5,3,5,0.09944000000000001
2022-03-08,Consumer,0.56118,5,5,20,0.47687999999999997
2022-03-08,Energy,0.62316,5,5,39,0.40359999999999996
2022-03-08,Financials,0.22252,5,4,13,-0.08168
2022-03-08,Healthcare,-0.091,5,5,11,0.37766
2022-03-08,Industrials,-0.08394,5,5,13,0.28500000000000003
2022-03-08,Materials,0.18697999999999998,5,3,6,0.04526
2022-03-08,RealEstate,0.068,5,2,2,0.15550000000000003
2022-03-08,Tech,0.50162,5,4,29,0.24016
2022-03-08,Utilities,-0.013040000000000006,5,2,3,0.19358
2022-03-09,Comm,0.23521999999999998,5,5,13,0.12391999999999999
2022-03-09,Consumer,0.28186,5,5,32,0.56118
2022-03-09,Energy,0.44828,5,5,35,0.62316
2022-03-09,Financials,0.33921999999999997,5,5,16,0.22252
2022-03-09,Healthcare,0.22718,5,5,13,-0.091
2022-03-09,Industrials,0.27748,5,5,18,-0.08394
2022-03-09,Materials,0.05589999999999999,5,3,3,0.18697999999999998
2022-03-09,RealEstate,-0.033859999999999994,5,3,3,0.068
2022-03-09,Tech,0.50398,5,5,37,0.50162
2022-03-09,Utilities,0.01544,5,1,2,-0.013040000000000006
2022-03-10,Comm,0.22366000000000003,5,4,9,0.23521999999999998
2022-03-10,Consumer,0.31470000000000004,5,5,21,0.28186
2022-03-10,Energy,0.26636000000000004,5,5,30,0.44828
2022-03-10,Financials,0.04840000000000001,5,5,21,0.33921999999999997
2022-03-10,Healthcare,0.17378,5,3,15,0.22718
2022-03-10,Industrials,0.042720000000000015,5,5,19,0.27748
2022-03-10,Materials,0.13502,5,5,8,0.05589999999999999
2022-03-10,RealEstate,0.068,5,4,10,-0.033859999999999994
2022-03-10,Tech,0.86036,5,5,36,0.50398
2022-03-10,Utilities,0.07008,5,5,7,0.01544
2022-03-11,Comm,0.17250000000000001,5,3,11,0.22366000000000003
2022-03-11,Consumer,0.35438000000000003,5,5,23,0.31470000000000004
2022-03-11,Energy,0.5571200000000001,5,5,27,0.26636000000000004
2022-03-11,Financials,0.18933999999999998,5,4,11,0.04840000000000001
2022-03-11,Healthcare,0.33534,5,5,16,0.17378
2022-03-11,Industrials,0.17732,5,5,10,0.042720000000000015
2022-03-11,Materials,0.16678,5,3,5,0.13502
2022-03-11,RealEstate,0.22728,5,2,4,0.068
2022-03-11,Tech,0.2448,5,5,21,0.86036
2022-03-11,Utilities,0.11148,5,1,1,0.07008
2022-03-14,Comm,0.28218,5,3,13,0.17250000000000001
2022-03-14,Consumer,0.36352,5,5,28,0.35438000000000003
2022-03-14,Energy,0.67422,5,5,32,0.5571200000000001
2022-03-14,Financials,0.55888,5,5,23,0.18933999999999998
2022-03-14,Healthcare,0.28874,5,4,8,0.33534
2022-03-14,Industrials,0.40862,5,5,12,0.17732
2022-03-14,Materials,0.05,5,2,3,0.16678
2022-03-14,RealEstate,0.23288000000000003,5,5,8,0.22728
2022-03-14,Tech,0.73346,5,5,26,0.2448
2022-03-14,Utilities,0.15514,5,4,7,0.11148
2022-03-15,Comm,0.15872,5,4,9,0.28218
2022-03-15,Consumer,0.39202000000000004,5,5,28,0.36352
2022-03-15,Energy,0.50762,5,5,33,0.67422
2022-03-15,Financials,0.27996,5,5,20,0.55888
2022-03-15,Healthcare,-0.14706000000000002,5,5,10,0.28874
2022-03-15,Industrials,0.32282,5,4,12,0.40862
2022-03-15,Materials,0.15608,5,2,3,0.05
2022-03-15,RealEstate,0.5206999999999999,5,4,9,0.23288000000000003
2022-03-15,Tech,0.44079999999999997,5,5,36,0.73346
2022-03-15,Utilities,0.0951,5,2,2,0.15514
2022-03-16,Comm,0.05464,5,2,3,0.15872
2022-03-16,Consumer,0.30848,5,5,25,0.39202000000000004
2022-03-16,Energy,0.36022,5,5,29,0.50762
2022-03-16,Financials,0.39382,5,3,14,0.27996
2022-03-16,Healthcare,0.06652,5,5,16,-0.14706000000000002
2022-03-16,Industrials,0.0874,5,3,18,0.32282
2022-03-16,Materials,0.19868,5,2,3,0.15608
2022-03-16,RealEstate,0.13802,5,2,4,0.5206999999999999
2022-03-16,Tech,0.5656000000000001,5,4,31,0.44079999999999997
2022-03-16,Utilities,0.12218,5,4,6,0.0951
2022-03-17,Comm,-0.008419999999999997,5,4,6,0.05464
2022-03-17,Consumer,0.005159999999999998,5,5,25,0.30848
2022-03-17,Energy,0.6064,5,4,32,0.36022
2022-03-17,Financials,0.29202000000000006,5,4,16,0.39382
2022-03-17,Healthcare,-0.06661999999999998,5,3,13,0.06652
2022-03-17,Industrials,0.3678,5,4,18,0.0874
2022-03-17,Materials,0.068,5,2,6,0.19868
2022-03-17,RealEstate,0.0,5,1,1,0.13802
2022-03-17,Tech,0.36644,5,5,26,0.5656000000000001
2022-03-17,Utilities,0.10846,5,2,5,0.12218
2022-03-18,Comm,0.29354,5,5,7,-0.008419999999999997
2022-03-18,Consumer,0.32788,5,5,19,0.005159999999999998
2022-03-18,Energy,0.24834,5,5,11,0.6064
2022-03-18,Financials,0.1888,5,5,8,0.29202000000000006
2022-03-18,Healthcare,0.26254,5,3,6,-0.06661999999999998
2022-03-18,Industrials,-0.01937999999999999,5,3,18,0.3678
2022-03-18,Materials,0.10618000000000002,5,4,6,0.068
2022-03-18,RealEstate,0.14006000000000002,5,5,10,0.0
2022-03-18,Tech,0.48671999999999993,5,5,24,0.36644
2022-03-18,Utilities,0.08038,5,1,1,0.10846
2022-03-21,Comm,0.16536,5,4,9,0.29354
2022-03-21,Consumer,0.6035,5,5,36,0.32788
2022-03-21,Energy,0.21004,5,5,35,0.24834
2022-03-21,Financials,0.15164,5,5,17,0.1888
2022-03-21,Healthcare,0.49101999999999996,5,5,16,0.26254
2022-03-21,Industrials,-0.15208,5,5,42,-0.01937999999999999
2022-03-21,Materials,0.26338000000000006,5,4,10,0.10618000000000002
2022-03-21,RealEstate,0.19338,5,5,13,0.14006000000000002
2022-03-21,Tech,0.5353,5,5,31,0.48671999999999993
2022-03-21,Utilities,-0.01032,5,5,9,0.08038
2022-03-22,Comm,-0.061,5,3,9,0.16536
2022-03-22,Consumer,0.37645999999999996,5,4,25,0.6035
2022-03-22,Energy,0.67286,5,5,35,0.21004
2022-03-22,Financials,0.17234,5,2,8,0.15164
2022-03-22,Healthcare,-0.14317999999999997,5,5,11,0.49101999999999996
2022-03-22,Industrials,-0.24928,5,4,9,-0.15208
2022-03-22,Materials,0.0843,5,3,3,0.26338000000000006
2022-03-22,RealEstate,-0.006319999999999992,5,4,6,0.19338
2022-03-22,Tech,0.51142,5,5,25,0.5353
2022-03-22,Utilities,0.2385,5,2,3,-0.01032
2022-03-23,Comm,0.20573999999999998,5,4,8,-0.061
2022-03-23,Consumer,0.27254,5,4,15,0.37645999999999996
2022-03-23,Energy,0.11084000000000001,5,5,24,0.67286
2022-03-23,Financials,0.56248,5,4,9,0.17234
2022-03-23,Healthcare,0.13723999999999997,5,3,7,-0.14317999999999997
2022-03-23,Industrials,0.02074,5,3,10,-0.24928
2022-03-23,Materials,0.0,5,1,1,0.0843
2022-03-23,RealEstate,0.08808,5,1,1,-0.006319999999999992
2022-03-23,Tech,0.35645999999999994,5,5,50,0.51142
2022-03-23,Utilities,0.05464,5,1,1,0.2385
2022-03-24,Comm,0.23432,5,4,9,0.20573999999999998
2022-03-24,Consumer,-0.22034000000000004,5,5,21,0.27254
2022-03-24,Energy,0.62458,5,5,33,0.11084000000000001
2022-03-24,Financials,-0.06135999999999999,5,4,19,0.56248
2022-03-24,Healthcare,0.13216,5,4,10,0.13723999999999997
2022-03-24,Industrials,-0.07646,5,3,9,0.02074
2022-03-24,Materials,0.13274000000000002,5,2,4,0.0
2022-03-24,RealEstate,0.11148,5,3,5,0.08808
2022-03-24,Tech,0.74174,5,5,56,0.35645999999999994
2022-03-24,Utilities,0.10928,5,2,2,0.05464
2022-03-25,Comm,-0.0843,5,1,1,0.23432
2022-03-25,Consumer,0.34264,5,5,22,-0.22034000000000004
2022-03-25,Energy,0.7395799999999999,5,5,31,0.62458
2022-03-25,Financials,0.33849999999999997,5,5,16,-0.06135999999999999
2022-03-25,Healthcare,0.0032599999999999964,5,3,7,0.13216
2022-03-25,Industrials,0.40092,5,4,17,-0.07646
2022-03-25,Materials,0.21338,5,2,4,0.13274000000000002
2022-03-25,RealEstate,0.1262,5,3,5,0.11148
2022-03-25,Tech,0.50674,5,5,33,0.74174
2022-03-25,Utilities,-0.01032,5,1,2,0.10928
2022-03-28,Comm,0.32564000000000004,5,4,14,-0.0843
2022-03-28,Consumer,0.64562,5,5,37,0.34264
2022-03-28,Energy,0.73724,5,5,29,0.7395799999999999
2022-03-28,Financials,0.03493999999999999,5,5,25,0.33849999999999997
2022-03-28,Healthcare,-0.03734,5,4,12,0.0032599999999999964
2022-03-28,Industrials,0.3711,5,4,16,0.40092
2022-03-28,Materials,0.09878,5,1,3,0.21338
2022-03-28,RealEstate,0.14632,5,3,8,0.1262
2022-03-28,Tech,0.8902599999999999,5,5,35,0.50674
2022-03-28,Utilities,0.33802000000000004,5,3,7,-0.01032
2022-03-29,Comm,0.18834,5,4,11,0.32564000000000004
2022-03-29,Consumer,0.45352000000000003,5,5,24,0.64562
2022-03-29,Energy,0.33136,5,5,28,0.73724
2022-03-29,Financials,-0.0108,5,5,15,0.03493999999999999
2022-03-29,Healthcare,0.23302,5,5,10,-0.03734
2022-03-29,Industrials,0.2606,5,5,14,0.3711
2022-03-29,Materials,-0.07432,5,3,4,0.09878
2022-03-29,RealEstate,0.27172,5,4,6,0.14632
2022-03-29,Tech,0.38044,5,4,28,0.8902599999999999
2022-03-29,Utilities,0.14538,5,3,7,0.33802000000000004
2022-03-30,Comm,0.12248,5,3,5,0.18834
2022-03-30,Consumer,0.20112000000000002,5,4,12,0.45352000000000003
2022-03-30,Energy,0.5523,5,4,13,0.33136
2022-03-30,Financials,0.26004,5,3,12,-0.0108
2022-03-30,Healthcare,0.12238,5,4,8,0.23302
2022-03-30,Industrials,0.5664,5,4,16,0.2606
2022-03-30,Materials,0.068,5,3,4,-0.07432
2022-03-30,RealEstate,0.38258000000000003,5,3,6,0.27172
2022-03-30,Tech,0.4704,5,5,22,0.38044
2022-03-30,Utilities,0.40847999999999995,5,3,4,0.14538
2022-03-31,Comm,0.35964,5,4,10,0.12248
2022-03-31,Consumer,0.22113999999999998,5,5,26,0.20112000000000002
2022-03-31,Energy,-0.07776000000000001,5,5,23,0.5523
2022-03-31,Financials,0.0038599999999999967,5,4,15,0.26004
2022-03-31,Healthcare,0.08326,5,4,9,0.12238
2022-03-31,Industrials,0.3225,5,5,9,0.5664
2022-03-31,Materials,0.29492,5,3,4,0.068
2022-03-31,RealEstate,-0.027339999999999996,5,4,6,0.38258000000000003
2022-03-31,Tech,0.5136000000000001,5,5,35,0.4704
2022-03-31,Utilities,0.3202,5,4,6,0.40847999999999995
2022-04-01,Comm,0.04784000000000001,5,3,5,0.35964
2022-04-01,Consumer,0.11308000000000003,5,4,23,0.22113999999999998
2022-04-01,Energy,0.373,5,5,14,-0.07776000000000001
2022-04-01,Financials,0.32216,5,4,29,0.0038599999999999967
2022-04-01,Healthcare,0.37898,5,4,6,0.08326
2022-04-01,Industrials,0.09174000000000002,5,4,11,0.3225
2022-04-01,Materials,0.19083999999999998,5,3,3,0.29492
2022-04-01,RealEstate,0.16784000000000002,5,2,3,-0.027339999999999996
2022-04-01,Tech,0.50652,5,5,42,0.5136000000000001
2022-04-01,Utilities,0.15811999999999998,5,1,3,0.3202
2022-04-04,Comm,0.38514,5,4,16,0.04784000000000001
2022-04-04,Consumer,0.45888,5,5,39,0.11308000000000003
2022-04-04,Energy,0.4236,5,5,26,0.373
2022-04-04,Financials,-0.06198,5,4,24,0.32216
2022-04-04,Healthcare,0.18696000000000002,5,5,20,0.37898
2022-04-04,Industrials,0.37286,5,5,15,0.09174000000000002
2022-04-04,Materials,-0.009839999999999998,5,3,4,0.19083999999999998
2022-04-04,RealEstate,0.20698,5,4,7,0.16784000000000002
2022-04-04,Tech,0.5968600000000001,5,5,57,0.50652
2022-04-04,Utilities,0.11148,5,3,3,0.15811999999999998
2022-04-05,Comm,-0.06336,5,5,12,0.38514
2022-04-05,Consumer,0.07510000000000001,5,5,17,0.45888
2022-04-05,Energy,0.02903999999999999,5,5,16,0.4236
2022-04-05,Financials,0.47750000000000004,5,5,18,-0.06198
2022-04-05,Healthcare,0.4326,5,5,13,0.18696000000000002
2022-04-05,Industrials,0.14548,5,5,17,0.37286
2022-04-05,Materials,0.23388,5,4,8,-0.009839999999999998
2022-04-05,RealEstate,0.30022000000000004,5,4,10,0.20698
2022-04-05,Tech,0.23377999999999996,5,4,37,0.5968600000000001
2022-04-05,Utilities,0.10846,5,2,2,0.11148
2022-04-06,Comm,0.0256,5,2,4,-0.06336
2022-04-06,Consumer,0.27318,5,5,15,0.07510000000000001
2022-04-06,Energy,0.32774000000000003,5,4,11,0.02903999999999999
2022-04-06,Financials,0.32930000000000004,5,4,13,0.47750000000000004
2022-04-06,Healthcare,0.08092,5,3,7,0.4326
2022-04-06,Industrials,0.41966000000000003,5,4,19,0.14548
2022-04-06,Materials,0.25888,5,4,7,0.23388
2022-04-06,RealEstate,0.18169999999999997,5,3,6,0.30022000000000004
2022-04-06,Tech,0.6594800000000001,5,5,33,0.23377999999999996
2022-04-06,Utilities,0.29504,5,3,4,0.10846
2022-04-07,Comm,-0.014080000000000004,5,4,12,0.0256
2022-04-07,Consumer,0.14423999999999998,5,5,29,0.27318
2022-04-07,Energy,0.4326,5,4,17,0.32774000000000003
2022-04-07,Financials,0.21012,5,5,22,0.32930000000000004
2022-04-07,Healthcare,0.15566,5,4,5,0.08092
2022-04-07,Industrials,0.12344,5,4,11,0.41966000000000003
2022-04-07,Materials,0.059199999999999996,5,2,2,0.25888
2022-04-07,RealEstate,0.09008,5,5,6,0.18169999999999997
2022-04-07,Tech,0.58364,5,4,22,0.6594800000000001
2022-04-07,Utilities,0.021799999999999996,5,3,5,0.29504
2022-04-08,Comm,0.17614000000000002,5,2,9,-0.014080000000000004
2022-04-08,Consumer,0.37421999999999994,5,5,17,0.14423999999999998
2022-04-08,Energy,0.58824,5,4,20,0.4326
2022-04-08,Financials,0.3419,5,5,31,0.21012
2022-04-08,Healthcare,0.57184,5,5,14,0.15566
2022-04-08,Industrials,0.19214,5,3,8,0.12344
2022-04-08,Materials,0.03558,5,3,5,0.059199999999999996
2022-04-08,RealEstate,0.059199999999999996,5,3,3,0.09008
2022-04-08,Tech,0.7488,5,5,25,0.58364
2022-04-08,Utilities,0.0,5,0,0,0.021799999999999996
2022-04-11,Comm,0.18575999999999998,5,3,20,0.17614000000000002
2022-04-11,Consumer,0.67348,5,5,33,0.37421999999999994
2022-04-11,Energy,0.67958,5,4,20,0.58824
2022-04-11,Financials,-0.03512,5,5,40,0.3419
2022-04-11,Healthcare,0.33592,5,5,14,0.57184
2022-04-11,Industrials,0.10546000000000003,5,4,17,0.19214
2022-04-11,Materials,0.25354,5,2,4,0.03558
2022-04-11,RealEstate,-0.051000000000000004,5,4,9,0.059199999999999996
2022-04-11,Tech,0.85584,5,5,55,0.7488
2022-04-11,Utilities,0.20424000000000003,5,3,4,0.0
2022-04-12,Comm,0.34072,5,3,9,0.18575999999999998
2022-04-12,Consumer,0.18517999999999998,5,3,13,0.67348
2022-04-12,Energy,0.53104,5,5,21,0.67958
2022-04-12,Financials,0.24623999999999996,5,4,26,-0.03512
2022-04-12,Healthcare,0.32708000000000004,5,5,16,0.33592
2022-04-12,Industrials,0.015500000000000014,5,4,10,0.10546000000000003
2022-04-12,Materials,0.36592,5,4,14,0.25354
2022-04-12,RealEstate,0.42694,5,5,9,-0.051000000000000004
2022-04-12,Tech,0.22354000000000002,5,5,15,0.85584
2022-04-12,Utilities,0.2279,5,4,4,0.20424000000000003
2022-04-13,Comm,0.41340000000000005,5,4,10,0.34072
2022-04-13,Consumer,0.12320000000000002,5,5,16,0.18517999999999998
2022-04-13,Energy,0.65988,5,4,28,0.53104
2022-04-13,Financials,0.59404,5,5,36,0.24623999999999996
2022-04-13,Healthcare,0.12390000000000001,5,5,12,0.32708000000000004
2022-04-13,Industrials,0.05498000000000001,5,3,5,0.015500000000000014
2022-04-13,Materials,0.41100000000000003,5,4,9,0.36592
2022-04-13,RealEstate,-0.0036799999999999945,5,2,5,0.42694
2022-04-13,Tech,0.50726,5,5,26,0.22354000000000002
2022-04-13,Utilities,0.0,5,1,1,0.2279
2022-04-14,Comm,0.024440000000000007,5,4,10,0.41340000000000005
2022-04-14,Consumer,0.21422,5,5,21,0.12320000000000002
2022-04-14,Energy,0.35884,5,4,8,0.65988
2022-04-14,Financials,0.75816,5,5,83,0.59404
2022-04-14,Healthcare,0.023239999999999993,5,4,15,0.12390000000000001
2022-04-14,Industrials,0.11438,5,3,4,0.05498000000000001
2022-04-14,Materials,0.2271,5,5,11,0.41100000000000003
2022-04-14,RealEstate,0.38812,5,3,8,-0.0036799999999999945
2022-04-14,Tech,0.004959999999999997,5,5,25,0.50726
2022-04-14,Utilities,0.09022,5,2,2,0.0
2022-04-18,Comm,-0.041739999999999985,5,5,17,0.024440000000000007
2022-04-18,Consumer,0.38366,5,5,30,0.21422
2022-04-18,Energy,0.51546,5,4,15,0.35884
2022-04-18,Financials,0.62074,5,5,27,0.75816
2022-04-18,Healthcare,0.08092,5,3,9,0.023239999999999993
2022-04-18,Industrials,0.06669999999999998,5,4,8,0.11438
2022-04-18,Materials,0.22313999999999998,5,5,8,0.2271
2022-04-18,RealEstate,0.15722,5,3,6,0.38812
2022-04-18,Tech,0.31526,5,5,24,0.004959999999999997
2022-04-18,Utilities,0.18436,5,2,5,0.09022
2022-04-19,Comm,0.09706,5,5,16,-0.041739999999999985
2022-04-19,Consumer,0.35136,5,5,25,0.38366
2022-04-19,Energy,0.43364,5,5,13,0.51546
2022-04-19,Financials,0.45587999999999995,5,5,23,0.62074
2022-04-19,Healthcare,0.03952,5,5,19,0.08092
2022-04-19,Industrials,0.17608000000000001,5,4,10,0.06669999999999998
2022-04-19,Materials,0.21833999999999998,5,4,12,0.22313999999999998
2022-04-19,RealEstate,-0.06055999999999999,5,5,11,0.15722
2022-04-19,Tech,0.56152,5,5,24,0.31526
2022-04-19,Utilities,0.15676,5,3,3,0.18436
2022-04-20,Comm,0.25261999999999996,5,3,12,0.09706
2022-04-20,Consumer,0.10762000000000001,5,5,28,0.35136
2022-04-20,Energy,0.33766,5,5,10,0.43364
2022-04-20,Financials,0.14186,5,5,11,0.45587999999999995
2022-04-20,Healthcare,0.57642,5,4,16,0.03952
2022-04-20,Industrials,0.15902,5,5,14,0.17608000000000001
2022-04-20,Materials,0.3446,5,3,15,0.21833999999999998
2022-04-20,RealEstate,0.00746,5,3,7,-0.06055999999999999
2022-04-20,Tech,0.46542000000000006,5,4,17,0.56152
2022-04-20,Utilities,0.00516,5,2,2,0.15676
2022-04-21,Comm,0.43666,5,4,27,0.25261999999999996
2022-04-21,Consumer,0.57942,5,5,25,0.10762000000000001
2022-04-21,Energy,0.5426,5,4,23,0.33766
2022-04-21,Financials,-0.2278,5,5,14,0.14186
2022-04-21,Healthcare,0.36678,5,5,17,0.57642
2022-04-21,Industrials,0.384,5,5,12,0.15902
2022-04-21,Materials,0.30541999999999997,5,5,20,0.3446
2022-04-21,RealEstate,0.20470000000000002,5,5,11,0.00746
2022-04-21,Tech,0.21955999999999998,5,5,23,0.46542000000000006
2022-04-21,Utilities,0.35044,5,5,18,0.00516
2022-04-22,Comm,0.1635,5,4,12,0.43666
2022-04-22,Consumer,0.52016,5,5,24,0.57942
2022-04-22,Energy,0.05668000000000001,5,5,28,0.5426
2022-04-22,Financials,0.34158,5,5,19,-0.2278
2022-04-22,Healthcare,0.21400000000000002,5,4,9,0.36678
2022-04-22,Industrials,-0.15676,5,5,11,0.384
2022-04-22,Materials,0.0738,5,4,20,0.30541999999999997
2022-04-22,RealEstate,0.04046,5,2,3,0.20470000000000002
2022-04-22,Tech,0.12364,5,5,9,0.21955999999999998
2022-04-22,Utilities,0.32712,5,5,13,0.35044
2022-04-25,Comm,0.21703999999999998,5,3,17,0.1635
2022-04-25,Consumer,0.35006,5,5,58,0.52016
2022-04-25,Energy,0.58216,5,5,48,0.05668000000000001
2022-04-25,Financials,0.46086,5,5,30,0.34158
2022-04-25,Healthcare,0.78508,5,5,26,0.21400000000000002
2022-04-25,Industrials,0.45418000000000003,5,5,24,-0.15676
2022-04-25,Materials,0.3932,5,5,15,0.0738
2022-04-25,RealEstate,0.19712000000000002,5,5,7,0.04046
2022-04-25,Tech,0.62184,5,5,39,0.12364
2022-04-25,Utilities,0.43118,5,4,13,0.32712
2022-04-26,Comm,0.43504000000000004,5,4,13,0.21703999999999998
2022-04-26,Consumer,0.2894,5,5,17,0.35006
2022-04-26,Energy,0.4457,5,4,25,0.58216
2022-04-26,Financials,0.59164,5,5,28,0.46086
2022-04-26,Healthcare,-0.09694000000000003,5,5,25,0.78508
2022-04-26,Industrials,-0.06871999999999998,5,5,60,0.45418000000000003
2022-04-26,Materials,0.3118,5,4,13,0.3932
2022-04-26,RealEstate,0.0,5,4,5,0.19712000000000002
2022-04-26,Tech,0.5072,5,5,22,0.62184
2022-04-26,Utilities,0.28776,5,4,4,0.43118
2022-04-27,Comm,0.15728,5,4,18,0.43504000000000004
2022-04-27,Consumer,0.26182000000000005,5,5,28,0.2894
2022-04-27,Energy,0.77756,5,5,28,0.4457
2022-04-27,Financials,0.22583999999999999,5,4,26,0.59164
2022-04-27,Healthcare,0.34336,5,5,20,-0.09694000000000003
2022-04-27,Industrials,0.26392,5,5,31,-0.06871999999999998
2022-04-27,Materials,0.0,5,2,3,0.3118
2022-04-27,RealEstate,0.18717999999999999,5,4,15,0.0
2022-04-27,Tech,0.49097999999999997,5,5,32,0.5072
2022-04-27,Utilities,0.022899999999999997,5,3,6,0.28776
2022-04-28,Comm,0.23556,5,5,14,0.15728
2022-04-28,Consumer,0.31852,5,5,13,0.26182000000000005
2022-04-28,Energy,0.74254,5,5,33,0.77756
2022-04-28,Financials,0.09034,5,5,18,0.22583999999999999
2022-04-28,Healthcare,0.35578000000000004,5,5,31,0.34336
2022-04-28,Industrials,-0.044700000000000004,5,5,23,0.26392
2022-04-28,Materials,-0.05464,5,3,6,0.0
2022-04-28,RealEstate,0.22944,5,2,4,0.18717999999999999
2022-04-28,Tech,0.2766,5,4,46,0.49097999999999997
2022-04-28,Utilities,0.44252,5,5,23,0.022899999999999997
2022-04-29,Comm,0.2584,5,4,12,0.23556
2022-04-29,Consumer,0.4615,5,5,32,0.31852
2022-04-29,Energy,0.11538,5,5,58,0.74254
2022-04-29,Financials,0.24164000000000002,5,3,5,0.09034
2022-04-29,Healthcare,0.29678,5,5,23,0.35578000000000004
2022-04-29,Industrials,0.54194,5,5,18,-0.044700000000000004
2022-04-29,Materials,0.0,5,1,1,-0.05464
2022-04-29,RealEstate,0.27603999999999995,5,4,9,0.22944
2022-04-29,Tech,0.050460000000000005,5,5,27,0.2766
2022-04-29,Utilities,0.3438,5,3,9,0.44252
2022-05-02,Comm,0.27376,5,5,12,0.2584
2022-05-02,Consumer,0.31504000000000004,5,5,25,0.4615
2022-05-02,Energy,0.6247,5,4,35,0.11538
2022-05-02,Financials,0.41302000000000005,5,4,14,0.24164000000000002
2022-05-02,Healthcare,0.4523400000000001,5,5,13,0.29678
2022-05-02,Industrials,0.13028,5,5,14,0.54194
2022-05-02,Materials,0.0,5,3,3,0.0
2022-05-02,RealEstate,0.10212000000000002,5,3,5,0.27603999999999995
2022-05-02,Tech,0.30857999999999997,5,5,33,0.050460000000000005
2022-05-02,Utilities,0.3694,5,3,12,0.3438
2022-05-03,Comm,-0.02981999999999998,5,3,7,0.27376
2022-05-03,Consumer,0.33212,5,5,25,0.31504000000000004
2022-05-03,Energy,0.59864,5,5,31,0.6247
2022-05-03,Financials,0.45546,5,5,13,0.41302000000000005
2022-05-03,Healthcare,-0.03062,5,2,3,0.4523400000000001
2022-05-03,Industrials,0.25076,5,4,7,0.13028
2022-05-03,Materials,-0.11717999999999999,5,1,9,0.0
2022-05-03,RealEstate,0.10212000000000002,5,2,4,0.10212000000000002
2022-05-03,Tech,0.252,5,5,41,0.30857999999999997
2022-05-03,Utilities,0.45242000000000004,5,5,10,0.3694
2022-05-04,Comm,0.024040000000000006,5,4,5,-0.02981999999999998
2022-05-04,Consumer,0.31286,5,5,31,0.33212
2022-05-04,Energy,0.15030000000000002,5,4,20,0.59864
2022-05-04,Financials,0.0,5,3,7,0.45546
2022-05-04,Healthcare,0.04046,5,4,6,-0.03062
2022-05-04,Industrials,0.0029800000000000048,5,5,8,0.25076
2022-05-04,Materials,0.1377,5,2,3,-0.11717999999999999
2022-05-04,RealEstate,0.11500000000000002,5,4,7,0.10212000000000002
2022-05-04,Tech,-0.3966,5,4,45,0.252
2022-05-04,Utilities,0.013800000000000002,5,3,11,0.45242000000000004
2022-05-05,Comm,-0.03798,5,4,9,0.024040000000000006
2022-05-05,Consumer,0.0017600000000000116,5,5,21,0.31286
2022-05-05,Energy,0.8295,5,5,40,0.15030000000000002
2022-05-05,Financials,0.21042,5,5,13,0.0
2022-05-05,Healthcare,0.19334,5,5,14,0.04046
2022-05-05,Industrials,-0.12794,5,5,18,0.0029800000000000048
2022-05-05,Materials,0.15453999999999998,5,2,3,0.1377
2022-05-05,RealEstate,0.07432,5,2,4,0.11500000000000002
2022-05-05,Tech,0.3858,5,5,25,-0.3966
2022-05-05,Utilities,0.16562000000000002,5,5,19,0.013800000000000002
2022-05-06,Comm,0.47194,5,5,14,-0.03798
2022-05-06,Consumer,0.25236000000000003,5,5,30,0.0017600000000000116
2022-05-06,Energy,0.63198,5,5,27,0.8295
2022-05-06,Financials,-0.23723999999999998,5,5,20,0.21042
2022-05-06,Healthcare,0.05464,5,4,8,0.19334
2022-05-06,Industrials,0.09739999999999999,5,3,3,-0.12794
2022-05-06,Materials,0.06608,5,3,5,0.15453999999999998
2022-05-06,RealEstate,0.05,5,3,6,0.07432
2022-05-06,Tech,0.19802000000000003,5,5,23,0.3858
2022-05-06,Utilities,0.21992000000000003,5,4,14,0.16562000000000002
2022-05-09,Comm,-0.14424,5,5,14,0.47194
2022-05-09,Consumer,0.48646,5,5,29,0.25236000000000003
2022-05-09,Energy,0.4584,5,4,34,0.63198
2022-05-09,Financials,0.08954000000000001,5,4,13,-0.23723999999999998
2022-05-09,Healthcare,0.10533999999999999,5,2,4,0.05464
2022-05-09,Industrials,0.19262,5,5,17,0.09739999999999999
2022-05-09,Materials,0.0,5,2,2,0.06608
2022-05-09,RealEstate,0.27106,5,5,7,0.05
2022-05-09,Tech,0.29434,5,5,33,0.19802000000000003
2022-05-09,Utilities,0.2403,5,4,12,0.21992000000000003
2022-05-10,Comm,0.03848,5,4,11,-0.14424
2022-05-10,Consumer,0.43066000000000004,5,5,24,0.48646
2022-05-10,Energy,0.31146,5,5,19,0.4584
2022-05-10,Financials,0.20415999999999998,5,4,13,0.08954000000000001
2022-05-10,Healthcare,0.27392000000000005,5,5,13,0.10533999999999999
2022-05-10,Industrials,0.19090000000000001,5,4,12,0.19262
2022-05-10,Materials,0.27372,5,4,8,0.0
2022-05-10,RealEstate,0.11896,5,5,15,0.27106
2022-05-10,Tech,0.58464,5,5,25,0.29434
2022-05-10,Utilities,0.0,5,1,1,0.2403
2022-05-11,Comm,0.20486,5,3,14,0.03848
2022-05-11,Consumer,0.14495999999999998,5,5,26,0.43066000000000004
2022-05-11,Energy,0.68078,5,4,23,0.31146
2022-05-11,Financials,0.21408,5,5,14,0.20415999999999998
2022-05-11,Healthcare,-0.12426000000000001,5,5,15,0.27392000000000005
2022-05-11,Industrials,0.08203999999999997,5,5,16,0.19090000000000001
2022-05-11,Materials,0.0,5,1,1,0.27372
2022-05-11,RealEstate,0.015439999999999999,5,3,5,0.11896
2022-05-11,Tech,0.40537999999999996,5,5,21,0.58464
2022-05-11,Utilities,0.10533999999999999,5,3,5,0.0
2022-05-12,Comm,0.027219999999999994,5,4,11,0.20486
2022-05-12,Consumer,-0.10552000000000002,5,5,33,0.14495999999999998
2022-05-12,Energy,0.45754,5,5,31,0.68078
2022-05-12,Financials,0.18504,5,4,11,0.21408
2022-05-12,Healthcare,0.06334,5,5,14,-0.12426000000000001
2022-05-12,Industrials,0.08071999999999999,5,4,11,0.08203999999999997
2022-05-12,Materials,0.4201,5,4,8,0.0
2022-05-12,RealEstate,0.23584,5,3,5,0.015439999999999999
2022-05-12,Tech,0.28890000000000005,5,5,34,0.40537999999999996
2022-05-12,Utilities,0.033600000000000005,5,3,6,0.10533999999999999
2022-05-13,Comm,0.19194000000000003,5,3,7,0.027219999999999994
2022-05-13,Consumer,0.11834,5,5,22,-0.10552000000000002
2022-05-13,Energy,0.4805,5,4,34,0.45754
2022-05-13,Financials,0.29142,5,5,21,0.18504
2022-05-13,Healthcare,-0.0607,5,4,12,0.06334
2022-05-13,Industrials,0.06764,5,4,11,0.08071999999999999
2022-05-13,Materials,0.12738,5,2,3,0.4201
2022-05-13,RealEstate,0.16184,5,4,5,0.23584
2022-05-13,Tech,0.40462,5,5,24,0.28890000000000005
2022-05-13,Utilities,0.23564,5,2,4,0.033600000000000005
2022-05-16,Comm,-0.0023399999999999866,5,3,10,0.19194000000000003
2022-05-16,Consumer,0.29506,5,5,60,0.11834
2022-05-16,Energy,0.59874,5,5,48,0.4805
2022-05-16,Financials,0.23876,5,5,22,0.29142
2022-05-16,Healthcare,0.26882,5,5,20,-0.0607
2022-05-16,Industrials,0.16784000000000002,5,5,9,0.06764
2022-05-16,Materials,0.07224,5,1,4,0.12738
2022-05-16,RealEstate,0.27378,5,4,9,0.16184
2022-05-16,Tech,0.03956,5,5,22,0.40462
2022-05-16,Utilities,0.10928,5,2,2,0.23564
2022-05-17,Comm,0.17334,5,5,22,-0.0023399999999999866
2022-05-17,Consumer,0.4530200000000001,5,4,47,0.29506
2022-05-17,Energy,0.44742,5,4,24,0.59874
2022-05-17,Financials,0.19543999999999997,5,5,19,0.23876
2022-05-17,Healthcare,-0.11565999999999999,5,4,14,0.26882
2022-05-17,Industrials,0.12982,5,5,14,0.16784000000000002
2022-05-17,Materials,0.17474,5,4,10,0.07224
2022-05-17,RealEstate,0.4718,5,4,9,0.27378
2022-05-17,Tech,0.52168,5,5,35,0.03956
2022-05-17,Utilities,0.30966,5,5,5,0.10928
2022-05-18,Comm,-0.0843,5,5,11,0.17334
2022-05-18,Consumer,0.20682,5,5,41,0.4530200000000001
2022-05-18,Energy,0.50332,5,5,29,0.44742
2022-05-18,Financials,0.2016,5,5,12,0.19543999999999997
2022-05-18,Healthcare,0.3528,5,5,11,-0.11565999999999999
2022-05-18,Industrials,-0.09946,5,5,16,0.12982
2022-05-18,Materials,0.059199999999999996,5,1,1,0.17474
2022-05-18,RealEstate,-0.07396,5,3,5,0.4718
2022-05-18,Tech,0.5677,5,5,20,0.52168
2022-05-18,Utilities,0.0,5,2,2,0.30966
2022-05-19,Comm,0.04363999999999999,5,3,10,-0.0843
2022-05-19,Consumer,0.31062,5,5,39,0.20682
2022-05-19,Energy,0.50694,5,4,21,0.50332
2022-05-19,Financials,0.39448,5,5,18,0.2016
2022-05-19,Healthcare,0.36356,5,4,11,0.3528
2022-05-19,Industrials,0.22102,5,3,9,-0.09946
2022-05-19,Materials,0.19354,5,3,5,0.059199999999999996
2022-05-19,RealEstate,0.11417999999999999,5,4,8,-0.07396
2022-05-19,Tech,0.58572,5,4,25,0.5677
2022-05-19,Utilities,0.16040000000000001,5,2,3,0.0
2022-05-20,Comm,0.18572000000000002,5,5,7,0.04363999999999999
2022-05-20,Consumer,0.54284,5,5,43,0.31062
2022-05-20,Energy,0.51766,5,4,19,0.50694
2022-05-20,Financials,0.2915,5,4,10,0.39448
2022-05-20,Healthcare,-0.08038,5,5,13,0.36356
2022-05-20,Industrials,0.35818,5,3,16,0.22102
2022-05-20,Materials,0.15674,5,3,4,0.19354
2022-05-20,RealEstate,-0.00608,5,5,11,0.11417999999999999
2022-05-20,Tech,0.68282,5,5,21,0.58572
2022-05-20,Utilities,0.16863999999999998,5,3,9,0.16040000000000001
2022-05-23,Comm,0.13670000000000002,5,4,9,0.18572000000000002
2022-05-23,Consumer,0.16092,5,5,45,0.54284
2022-05-23,Energy,0.37336,5,5,19,0.51766
2022-05-23,Financials,0.015539999999999998,5,5,21,0.2915
2022-05-23,Healthcare,0.40646000000000004,5,5,17,-0.08038
2022-05-23,Industrials,0.16964,5,4,10,0.35818
2022-05-23,Materials,0.2407,5,3,6,0.15674
2022-05-23,RealEstate,0.35338,5,5,14,-0.00608
2022-05-23,Tech,0.6256,5,5,37,0.68282
2022-05-23,Utilities,0.2881,5,4,8,0.16863999999999998
2022-05-24,Comm,0.2192,5,5,11,0.13670000000000002
2022-05-24,Consumer,0.51144,5,5,28,0.16092
2022-05-24,Energy,0.58472,5,5,22,0.37336
2022-05-24,Financials,0.53906,5,5,13,0.015539999999999998
2022-05-24,Healthcare,0.04418,5,4,12,0.40646000000000004
2022-05-24,Industrials,0.35092,5,3,7,0.16964
2022-05-24,Materials,-0.0568,5,2,2,0.2407
2022-05-24,RealEstate,0.23970000000000002,5,3,4,0.35338
2022-05-24,Tech,0.4561,5,5,14,0.6256
2022-05-24,Utilities,0.1782,5,2,5,0.2881
2022-05-25,Comm,0.32788,5,5,11,0.2192
2022-05-25,Consumer,0.11764000000000001,5,5,28,0.51144
2022-05-25,Energy,0.59992,5,4,26,0.58472
2022-05-25,Financials,0.13879999999999998,5,3,5,0.53906
2022-05-25,Healthcare,-0.38689999999999997,5,4,16,0.04418
2022-05-25,Industrials,0.34804,5,4,11,0.35092
2022-05-25,Materials,0.07496,5,3,5,-0.0568
2022-05-25,RealEstate,0.267,5,4,5,0.23970000000000002
2022-05-25,Tech,0.2556999999999999,5,5,36,0.4561
2022-05-25,Utilities,0.15342,5,3,4,0.1782
2022-05-26,Comm,0.44720000000000004,5,5,11,0.32788
2022-05-26,Consumer,0.40348000000000006,5,5,28,0.11764000000000001
2022-05-26,Energy,0.5661799999999999,5,5,23,0.59992
2022-05-26,Financials,0.53788,5,5,17,0.13879999999999998
2022-05-26,Healthcare,0.4471200000000001,5,5,24,-0.38689999999999997
2022-05-26,Industrials,0.22261999999999998,5,4,14,0.34804
2022-05-26,Materials,0.12498000000000001,5,4,7,0.07496
2022-05-26,RealEstate,0.10846,5,3,4,0.267
2022-05-26,Tech,0.53706,5,5,31,0.2556999999999999
2022-05-26,Utilities,0.0951,5,2,3,0.15342
2022-05-27,Comm,0.18352,5,4,9,0.44720000000000004
2022-05-27,Consumer,0.22485999999999998,5,5,17,0.40348000000000006
2022-05-27,Energy,0.5718,5,5,20,0.5661799999999999
2022-05-27,Financials,0.13572,5,5,7,0.53788
2022-05-27,Healthcare,-0.09679999999999998,5,4,14,0.4471200000000001
2022-05-27,Industrials,0.26866,5,5,9,0.22261999999999998
2022-05-27,Materials,-0.07432,5,2,2,0.12498000000000001
2022-05-27,RealEstate,0.17312,5,4,5,0.10846
2022-05-27,Tech,0.11715999999999997,5,5,17,0.53706
2022-05-27,Utilities,0.07636,5,1,1,0.0951
2022-05-31,Comm,0.24091999999999997,5,3,10,0.18352
2022-05-31,Consumer,0.4394600000000001,5,5,26,0.22485999999999998
2022-05-31,Energy,0.6949799999999999,5,5,31,0.5718
2022-05-31,Financials,0.2326,5,5,17,0.13572
2022-05-31,Healthcare,0.6886,5,5,18,-0.09679999999999998
2022-05-31,Industrials,0.43637999999999993,5,4,11,0.26866
2022-05-31,Materials,0.05006000000000001,5,3,4,-0.07432
2022-05-31,RealEstate,0.16678,5,3,6,0.17312
2022-05-31,Tech,0.6256999999999999,5,5,27,0.11715999999999997
2022-05-31,Utilities,0.32892,5,5,10,0.07636
2022-06-01,Comm,0.1511,5,2,5,0.24091999999999997
2022-06-01,Consumer,-0.06593999999999998,5,5,28,0.4394600000000001
2022-06-01,Energy,0.44279999999999997,5,5,21,0.6949799999999999
2022-06-01,Financials,0.27416,5,4,15,0.2326
2022-06-01,Healthcare,0.18660000000000002,5,4,9,0.6886
2022-06-01,Industrials,0.5045200000000001,5,5,13,0.43637999999999993
2022-06-01,Materials,0.1711,5,4,8,0.05006000000000001
2022-06-01,RealEstate,0.09534000000000001,5,2,3,0.16678
2022-06-01,Tech,0.45898000000000005,5,4,19,0.6256999999999999
2022-06-01,Utilities,0.42160000000000003,5,4,6,0.32892
2022-06-02,Comm,-0.02918000000000002,5,5,8,0.1511
2022-06-02,Consumer,0.16124000000000002,5,5,16,-0.06593999999999998
2022-06-02,Energy,0.7706,5,5,21,0.44279999999999997
2022-06-02,Financials,0.022739999999999982,5,4,11,0.27416
2022-06-02,Healthcare,0.0502,5,5,11,0.18660000000000002
2022-06-02,Industrials,0.24945999999999996,5,4,14,0.5045200000000001
2022-06-02,Materials,0.00516,5,3,3,0.1711
2022-06-02,RealEstate,0.1933,5,4,6,0.09534000000000001
2022-06-02,Tech,0.49783999999999995,5,5,27,0.45898000000000005
2022-06-02,Utilities,0.26314000000000004,5,2,3,0.42160000000000003
2022-06-03,Comm,0.16987999999999998,5,4,13,-0.02918000000000002
2022-06-03,Consumer,0.0836,5,4,14,0.16124000000000002
2022-06-03,Energy,0.58348,5,5,18,0.7706
2022-06-03,Financials,-0.17424,5,4,9,0.022739999999999982
2022-06-03,Healthcare,0.21913999999999997,5,4,10,0.0502
2022-06-03,Industrials,0.08516,5,3,8,0.24945999999999996
2022-06-03,Materials,0.04046,5,2,2,0.00516
2022-06-03,RealEstate,0.31364000000000003,5,4,8,0.1933
2022-06-03,Tech,0.50552,5,5,23,0.49783999999999995
2022-06-03,Utilities,0.21774,5,3,6,0.26314000000000004
2022-06-06,Comm,-0.05969999999999999,5,5,8,0.16987999999999998
2022-06-06,Consumer,0.55214,5,4,36,0.0836
2022-06-06,Energy,0.44832,5,4,24,0.58348
2022-06-06,Financials,0.55602,5,5,14,-0.17424
2022-06-06,Healthcare,0.30206,5,5,22,0.21913999999999997
2022-06-06,Industrials,0.24514,5,4,12,0.08516
2022-06-06,Materials,0.11316,5,4,5,0.04046
2022-06-06,RealEstate,0.22972,5,3,9,0.31364000000000003
2022-06-06,Tech,0.25482,5,5,17,0.50552
2022-06-06,Utilities,0.1196,5,3,6,0.21774
2022-06-07,Comm,0.11438,5,2,6,-0.05969999999999999
2022-06-07,Consumer,0.5464,5,5,30,0.55214
2022-06-07,Energy,0.1216,5,5,23,0.44832
2022-06-07,Financials,0.31242000000000003,5,5,13,0.55602
2022-06-07,Healthcare,0.28137999999999996,5,2,5,0.30206
2022-06-07,Industrials,0.32036000000000003,5,5,8,0.24514
2022-06-07,Materials,0.031019999999999992,5,4,5,0.11316
2022-06-07,RealEstate,0.03414000000000001,5,5,8,0.22972
2022-06-07,Tech,0.23074000000000003,5,5,22,0.25482
2022-06-07,Utilities,0.18816,5,4,5,0.1196
2022-06-08,Comm,0.30284,5,3,9,0.11438
2022-06-08,Consumer,0.40242000000000006,5,4,18,0.5464
2022-06-08,Energy,0.60734,5,5,27,0.1216
2022-06-08,Financials,0.029459999999999997,5,3,10,0.31242000000000003
2022-06-08,Healthcare,0.37489999999999996,5,4,6,0.28137999999999996
2022-06-08,Industrials,0.016139999999999998,5,4,7,0.32036000000000003
2022-06-08,Materials,0.09878,5,2,3,0.031019999999999992
2022-06-08,RealEstate,0.19476,5,2,7,0.03414000000000001
2022-06-08,Tech,0.35518,5,4,27,0.23074000000000003
2022-06-08,Utilities,0.19480000000000003,5,3,3,0.18816
2022-06-09,Comm,0.30406,5,5,14,0.30284
2022-06-09,Consumer,-0.05822000000000001,5,5,23,0.40242000000000006
2022-06-09,Energy,0.31708,5,4,10,0.60734
2022-06-09,Financials,-0.008160000000000011,5,3,11,0.029459999999999997
2022-06-09,Healthcare,0.04046,5,4,7,0.37489999999999996
2022-06-09,Industrials,0.59022,5,4,19,0.016139999999999998
2022-06-09,Materials,0.07286,5,4,5,0.09878
2022-06-09,RealEstate,0.18941999999999998,5,2,4,0.19476
2022-06-09,Tech,0.19434,5,5,15,0.35518
2022-06-09,Utilities,0.2569,5,5,11,0.19480000000000003
2022-06-10,Comm,-0.13026,5,5,10,0.30406
2022-06-10,Consumer,0.18653999999999998,5,5,24,-0.05822000000000001
2022-06-10,Energy,0.24066,5,5,19,0.31708
2022-06-10,Financials,0.27232,5,4,14,-0.008160000000000011
2022-06-10,Healthcare,-0.005840000000000017,5,4,12,0.04046
2022-06-10,Industrials,0.11166000000000001,5,3,10,0.59022
2022-06-10,Materials,-0.09534000000000001,5,3,5,0.07286
2022-06-10,RealEstate,0.34722,5,4,9,0.18941999999999998
2022-06-10,Tech,0.16768,5,5,18,0.19434
2022-06-10,Utilities,0.35228000000000004,5,4,8,0.2569
2022-06-13,Comm,0.23359999999999997,5,5,10,-0.13026
2022-06-13,Consumer,0.3693,5,5,42,0.18653999999999998
2022-06-13,Energy,0.56434,5,4,28,0.24066
2022-06-13,Financials,0.15224000000000001,5,5,14,0.27232
2022-06-13,Healthcare,0.59062,5,4,15,-0.005840000000000017
2022-06-13,Industrials,0.16818,5,5,20,0.11166000000000001
2022-06-13,Materials,0.12248,5,3,10,-0.09534000000000001
2022-06-13,RealEstate,0.24539999999999998,5,4,12,0.34722
2022-06-13,Tech,0.63272,5,5,36,0.16768
2022-06-13,Utilities,0.1707,5,5,11,0.35228000000000004
2022-06-14,Comm,0.34502,5,4,11,0.23359999999999997
2022-06-14,Consumer,0.08055999999999999,5,4,20,0.3693
2022-06-14,Energy,0.52974,5,4,19,0.56434
2022-06-14,Financials,-0.37670000000000003,5,5,23,0.15224000000000001
2022-06-14,Healthcare,-0.061660000000000006,5,5,11,0.59062
2022-06-14,Industrials,0.38106,5,5,14,0.16818
2022-06-14,Materials,0.15676,5,4,7,0.12248
2022-06-14,RealEstate,0.17357999999999998,5,5,8,0.24539999999999998
2022-06-14,Tech,0.45309999999999995,5,5,19,0.63272
2022-06-14,Utilities,0.21254,5,3,8,0.1707
2022-06-15,Comm,0.22742,5,5,10,0.34502
2022-06-15,Consumer,-0.11910000000000001,5,5,22,0.08055999999999999
2022-06-15,Energy,0.5031800000000001,5,5,16,0.52974
2022-06-15,Financials,0.13044000000000003,5,5,15,-0.37670000000000003
2022-06-15,Healthcare,0.06898000000000001,5,5,15,-0.061660000000000006
2022-06-15,Industrials,0.43599999999999994,5,5,18,0.38106
2022-06-15,Materials,0.31246,5,4,10,0.15676
2022-06-15,RealEstate,0.04164,5,3,9,0.17357999999999998
2022-06-15,Tech,0.68096,5,5,20,0.45309999999999995
2022-06-15,Utilities,0.0,5,3,4,0.21254
2022-06-16,Comm,-0.01694,5,5,13,0.22742
2022-06-16,Consumer,0.32138,5,5,22,-0.11910000000000001
2022-06-16,Energy,0.13502,5,5,10,0.5031800000000001
2022-06-16,Financials,0.09975999999999997,5,5,18,0.13044000000000003
2022-06-16,Healthcare,0.24372,5,4,4,0.06898000000000001
2022-06-16,Industrials,0.22814,5,5,17,0.43599999999999994
2022-06-16,Materials,0.18826,5,2,6,0.31246
2022-06-16,RealEstate,0.17038,5,4,5,0.04164
2022-06-16,Tech,0.30332,5,5,30,0.68096
2022-06-16,Utilities,0.15078,5,5,9,0.0
2022-06-17,Comm,0.23368000000000003,5,4,9,-0.01694
2022-06-17,Consumer,0.48941999999999997,5,5,17,0.32138
2022-06-17,Energy,0.429,5,5,24,0.13502
2022-06-17,Financials,-0.04079999999999998,5,5,13,0.09975999999999997
2022-06-17,Healthcare,0.36341999999999997,5,4,11,0.24372
2022-06-17,Industrials,0.32238,5,3,9,0.22814
2022-06-17,Materials,-0.020079999999999997,5,2,6,0.18826
2022-06-17,RealEstate,0.38446,5,3,8,0.17038
2022-06-17,Tech,0.28858,5,4,19,0.30332
2022-06-17,Utilities,0.19654,5,5,6,0.15078
2022-06-21,Comm,0.24784,5,4,12,0.23368000000000003
2022-06-21,Consumer,0.09487999999999999,5,5,48,0.48941999999999997
2022-06-21,Energy,0.40546,5,4,39,0.429
2022-06-21,Financials,-0.019399999999999994,5,5,26,-0.04079999999999998
2022-06-21,Healthcare,0.48924,5,4,18,0.36341999999999997
2022-06-21,Industrials,0.36902,5,5,18,0.32238
2022-06-21,Materials,0.14736000000000002,5,4,5,-0.020079999999999997
2022-06-21,RealEstate,0.47709999999999997,5,4,11,0.38446
2022-06-21,Tech,0.5163,5,5,33,0.28858
2022-06-21,Utilities,0.23167999999999997,5,3,7,0.19654
2022-06-22,Comm,0.21802000000000002,5,3,8,0.24784
2022-06-22,Consumer,0.32802,5,5,23,0.09487999999999999
2022-06-22,Energy,-0.020520000000000004,5,5,38,0.40546
2022-06-22,Financials,0.22846000000000002,5,3,8,-0.019399999999999994
2022-06-22,Healthcare,0.20232,5,5,20,0.48924
2022-06-22,Industrials,-0.1457,5,5,19,0.36902
2022-06-22,Materials,0.18481999999999998,5,3,9,0.14736000000000002
2022-06-22,RealEstate,0.23346,5,2,4,0.47709999999999997
2022-06-22,Tech,0.48436,5,5,20,0.5163
2022-06-22,Utilities,0.6358,5,5,11,0.23167999999999997
2022-06-23,Comm,-0.04638000000000001,5,3,9,0.21802000000000002
2022-06-23,Consumer,0.43957999999999997,5,5,29,0.32802
2022-06-23,Energy,0.4585,5,5,40,-0.020520000000000004
2022-06-23,Financials,0.17917999999999998,5,5,25,0.22846000000000002
2022-06-23,Healthcare,-0.19139999999999996,5,5,15,0.20232
2022-06-23,Industrials,0.45006,5,5,17,-0.1457
2022-06-23,Materials,0.1635,5,5,12,0.18481999999999998
2022-06-23,RealEstate,0.2813,5,4,6,0.23346
2022-06-23,Tech,0.53198,5,5,22,0.48436
2022-06-23,Utilities,0.153,5,3,6,0.6358
2022-06-24,Comm,-0.07432,5,2,6,-0.04638000000000001
2022-06-24,Consumer,0.05622000000000003,5,5,24,0.43957999999999997
2022-06-24,Energy,-0.11410000000000001,5,5,18,0.4585
2022-06-24,Financials,0.6486799999999999,5,5,22,0.17917999999999998
2022-06-24,Healthcare,0.44958,5,4,11,-0.19139999999999996
2022-06-24,Industrials,0.09844,5,3,6,0.45006
2022-06-24,Materials,0.059199999999999996,5,2,2,0.1635
2022-06-24,RealEstate,-0.14864,5,3,4,0.2813
2022-06-24,Tech,0.20914000000000002,5,5,24,0.53198
2022-06-24,Utilities,0.06364,5,2,2,0.153
2022-06-27,Comm,0.29932,5,4,11,-0.07432
2022-06-27,Consumer,0.7702600000000001,5,5,51,0.05622000000000003
2022-06-27,Energy,0.40512,5,5,26,-0.11410000000000001
2022-06-27,Financials,0.12286,5,5,27,0.6486799999999999
2022-06-27,Healthcare,0.35512,5,4,22,0.44958
2022-06-27,Industrials,0.51868,5,5,24,0.09844
2022-06-27,Materials,0.39278,5,4,10,0.059199999999999996
2022-06-27,RealEstate,0.17662,5,5,8,-0.14864
2022-06-27,Tech,0.6643399999999999,5,5,37,0.20914000000000002
2022-06-27,Utilities,0.19772,5,2,9,0.06364
2022-06-28,Comm,0.16333999999999999,5,4,5,0.29932
2022-06-28,Consumer,-0.0012399999999999967,5,5,37,0.7702600000000001
2022-06-28,Energy,0.6403000000000001,5,5,32,0.40512
2022-06-28,Financials,0.5609,5,4,26,0.12286
2022-06-28,Healthcare,-0.12558,5,3,7,0.35512
2022-06-28,Industrials,0.18403999999999998,5,5,13,0.51868
2022-06-28,Materials,0.3062,5,3,4,0.39278
2022-06-28,RealEstate,0.15478,5,5,8,0.17662
2022-06-28,Tech,0.30052,5,5,27,0.6643399999999999
2022-06-28,Utilities,0.23982,5,4,7,0.19772
2022-06-29,Comm,0.02978,5,2,7,0.16333999999999999
2022-06-29,Consumer,0.15340000000000004,5,5,31,-0.0012399999999999967
2022-06-29,Energy,0.52544,5,4,27,0.6403000000000001
2022-06-29,Financials,0.12586,5,4,15,0.5609
2022-06-29,Healthcare,0.5444,5,4,16,-0.12558
2022-06-29,Industrials,0.36278,5,5,13,0.18403999999999998
2022-06-29,Materials,0.068,5,2,3,0.3062
2022-06-29,RealEstate,0.29036,5,4,7,0.15478
2022-06-29,Tech,0.6588200000000001,5,5,29,0.30052
2022-06-29,Utilities,0.21875999999999998,5,4,8,0.23982
2022-06-30,Comm,0.45474,5,5,14,0.02978
2022-06-30,Consumer,0.52328,5,5,30,0.15340000000000004
2022-06-30,Energy,0.1826,5,5,20,0.52544
2022-06-30,Financials,0.39846,5,5,18,0.12586
2022-06-30,Healthcare,0.1335,5,3,8,0.5444
2022-06-30,Industrials,0.37774,5,4,10,0.36278
2022-06-30,Materials,0.09852,5,2,3,0.068
2022-06-30,RealEstate,0.068,5,2,3,0.29036
2022-06-30,Tech,0.5772,5,5,31,0.6588200000000001
2022-06-30,Utilities,0.17646,5,5,6,0.21875999999999998
2022-07-01,Comm,0.47162000000000004,5,4,8,0.45474
2022-07-01,Consumer,0.30078,5,4,18,0.52328
2022-07-01,Energy,0.4488,5,5,21,0.1826
2022-07-01,Financials,0.10167999999999999,5,5,10,0.39846
2022-07-01,Healthcare,0.12438,5,4,12,0.1335
2022-07-01,Industrials,0.13770000000000002,5,3,8,0.37774
2022-07-01,Materials,0.08038,5,2,2,0.09852
2022-07-01,RealEstate,0.14252,5,5,6,0.068
2022-07-01,Tech,0.18384,5,5,23,0.5772
2022-07-01,Utilities,0.05203999999999999,5,3,4,0.17646
2022-07-05,Comm,0.48946000000000006,5,4,17,0.47162000000000004
2022-07-05,Consumer,0.5917399999999999,5,5,40,0.30078
2022-07-05,Energy,0.662,5,5,55,0.4488
2022-07-05,Financials,0.31464,5,4,16,0.10167999999999999
2022-07-05,Healthcare,0.57894,5,5,24,0.12438
2022-07-05,Industrials,0.4768800000000001,5,4,17,0.13770000000000002
2022-07-05,Materials,0.35412,5,4,11,0.08038
2022-07-05,RealEstate,0.28437999999999997,5,4,9,0.14252
2022-07-05,Tech,0.55328,5,4,32,0.18384
2022-07-05,Utilities,0.28978000000000004,5,3,7,0.05203999999999999
2022-07-06,Comm,0.005379999999999996,5,3,8,0.48946000000000006
2022-07-06,Consumer,0.3071,5,5,23,0.5917399999999999
2022-07-06,Energy,0.80446,5,5,28,0.662
2022-07-06,Financials,0.1224,5,5,11,0.31464
2022-07-06,Healthcare,0.16398000000000001,5,5,13,0.57894
2022-07-06,Industrials,0.36978,5,5,11,0.4768800000000001
2022-07-06,Materials,0.18658000000000002,5,4,4,0.35412
2022-07-06,RealEstate,-0.025539999999999997,5,4,6,0.28437999999999997
2022-07-06,Tech,0.49643999999999994,5,5,18,0.55328
2022-07-06,Utilities,0.26692,5,3,4,0.28978000000000004
2022-07-07,Comm,0.0,5,1,1,0.005379999999999996
2022-07-07,Consumer,0.40184,5,5,17,0.3071
2022-07-07,Energy,0.64134,5,5,21,0.80446
2022-07-07,Financials,0.37934,5,5,17,0.1224
2022-07-07,Healthcare,0.2048,5,4,13,0.16398000000000001
2022-07-07,Industrials,0.05882,5,5,18,0.36978
2022-07-07,Materials,-0.006319999999999992,5,4,6,0.18658000000000002
2022-07-07,RealEstate,0.22018,5,4,8,-0.025539999999999997
2022-07-07,Tech,0.39455999999999997,5,5,37,0.49643999999999994
2022-07-07,Utilities,0.31402,5,3,4,0.26692
2022-07-08,Comm,0.14701999999999998,5,2,8,0.0
2022-07-08,Consumer,-0.05833999999999998,5,4,12,0.40184
2022-07-08,Energy,0.35700000000000004,5,4,17,0.64134
2022-07-08,Financials,-0.11785999999999999,5,5,13,0.37934
2022-07-08,Healthcare,0.4095000000000001,5,5,9,0.2048
2022-07-08,Industrials,0.25476,5,4,10,0.05882
2022-07-08,Materials,0.13194,5,2,3,-0.006319999999999992
2022-07-08,RealEstate,0.20373999999999998,5,3,4,0.22018
2022-07-08,Tech,0.2142,5,5,13,0.39455999999999997
2022-07-08,Utilities,0.27296,5,4,7,0.31402
2022-07-11,Comm,0.49736,5,5,19,0.14701999999999998
2022-07-11,Consumer,0.4361,5,4,27,-0.05833999999999998
2022-07-11,Energy,0.43876,5,4,30,0.35700000000000004
2022-07-11,Financials,0.34028,5,5,36,-0.11785999999999999
2022-07-11,Healthcare,0.21574,5,5,25,0.4095000000000001
2022-07-11,Industrials,0.23882000000000003,5,4,10,0.25476
2022-07-11,Materials,0.05246000000000001,5,5,6,0.13194
2022-07-11,RealEstate,0.41986,5,5,8,0.20373999999999998
2022-07-11,Tech,0.68782,5,5,21,0.2142
2022-07-11,Utilities,0.21874000000000002,5,4,7,0.27296
2022-07-12,Comm,0.28532,5,5,9,0.49736
2022-07-12,Consumer,0.47590000000000005,5,5,31,0.4361
2022-07-12,Energy,0.5684400000000001,5,5,20,0.43876
2022-07-12,Financials,-0.08470000000000003,5,4,22,0.34028
2022-07-12,Healthcare,0.12766000000000002,5,5,17,0.21574
2022-07-12,Industrials,-0.043179999999999996,5,4,14,0.23882000000000003
2022-07-12,Materials,0.0,5,1,1,0.05246000000000001
2022-07-12,RealEstate,-0.00516,5,4,4,0.41986
2022-07-12,Tech,0.36391999999999997,5,5,22,0.68782
2022-07-12,Utilities,0.0,5,0,0,0.21874000000000002
2022-07-13,Comm,-0.018980000000000007,5,4,7,0.28532
2022-07-13,Consumer,0.42092,5,5,19,0.47590000000000005
2022-07-13,Energy,0.4622400000000001,5,5,23,0.5684400000000001
2022-07-13,Financials,-0.14034,5,5,23,-0.08470000000000003
2022-07-13,Healthcare,0.19116000000000002,5,5,25,0.12766000000000002
2022-07-13,Industrials,0.3576,5,5,14,-0.043179999999999996
2022-07-13,Materials,0.07316,5,2,4,0.0
2022-07-13,RealEstate,0.18686,5,3,5,-0.00516
2022-07-13,Tech,0.18688,5,5,22,0.36391999999999997
2022-07-13,Utilities,0.08038,5,3,3,0.0
2022-07-14,Comm,0.1624,5,3,8,-0.018980000000000007
2022-07-14,Consumer,0.54878,5,5,23,0.42092
2022-07-14,Energy,0.60656,5,5,31,0.4622400000000001
2022-07-14,Financials,-0.38351999999999997,5,4,50,-0.14034
2022-07-14,Healthcare,-0.08335999999999999,5,4,13,0.19116000000000002
2022-07-14,Industrials,0.24102,5,5,9,0.3576
2022-07-14,Materials,0.20026000000000002,5,4,7,0.07316
2022-07-14,RealEstate,0.15811999999999998,5,3,5,0.18686
2022-07-14,Tech,0.38195999999999997,5,5,28,0.18688
2022-07-14,Utilities,0.11294,5,3,6,0.08038
2022-07-15,Comm,-0.07432,5,3,4,0.1624
2022-07-15,Consumer,0.22854000000000002,5,5,24,0.54878
2022-07-15,Energy,0.77188,5,5,19,0.60656
2022-07-15,Financials,0.35575999999999997,5,5,55,-0.38351999999999997
2022-07-15,Healthcare,0.18906,5,5,17,-0.08335999999999999
2022-07-15,Industrials,0.05556,5,4,13,0.24102
2022-07-15,Materials,-0.0843,5,1,1,0.20026000000000002
2022-07-15,RealEstate,-0.14168,5,4,9,0.15811999999999998
2022-07-15,Tech,0.44711999999999996,5,5,17,0.38195999999999997
2022-07-15,Utilities,0.24054000000000003,5,3,8,0.11294
2022-07-18,Comm,0.2742,5,4,18,-0.07432
2022-07-18,Consumer,0.6338,5,5,31,0.22854000000000002
2022-07-18,Energy,0.81946,5,5,25,0.77188
2022-07-18,Financials,0.28106,5,5,55,0.35575999999999997
2022-07-18,Healthcare,0.27362000000000003,5,5,21,0.18906
2022-07-18,Industrials,0.39796,5,3,28,0.05556
2022-07-18,Materials,0.16352,5,2,5,-0.0843
2022-07-18,RealEstate,0.15932,5,4,13,-0.14168
2022-07-18,Tech,0.58014,5,5,28,0.44711999999999996
2022-07-18,Utilities,0.42332000000000003,5,5,13,0.24054000000000003
2022-07-19,Comm,0.35414,5,4,8,0.2742
2022-07-19,Consumer,0.22549999999999998,5,5,24,0.6338
2022-07-19,Energy,0.7337,5,5,17,0.81946
2022-07-19,Financials,0.030860000000000044,5,5,16,0.28106
2022-07-19,Healthcare,0.01749999999999998,5,5,20,0.27362000000000003
2022-07-19,Industrials,0.12666,5,4,9,0.39796
2022-07-19,Materials,0.1464,5,4,6,0.16352
2022-07-19,RealEstate,-0.034199999999999994,5,3,4,0.15932
2022-07-19,Tech,0.09038,5,5,20,0.58014
2022-07-19,Utilities,0.3,5,4,7,0.42332000000000003
2022-07-20,Comm,-0.046919999999999996,5,4,10,0.35414
2022-07-20,Consumer,0.028219999999999988,5,5,22,0.22549999999999998
2022-07-20,Energy,0.5878,5,5,23,0.7337
2022-07-20,Financials,0.1905,5,5,10,0.030860000000000044
2022-07-20,Healthcare,0.72058,5,5,32,0.01749999999999998
2022-07-20,Industrials,0.1115,5,4,12,0.12666
2022-07-20,Materials,0.16444,5,4,11,0.1464
2022-07-20,RealEstate,0.23636,5,5,7,-0.034199999999999994
2022-07-20,Tech,0.66362,5,5,31,0.09038
2022-07-20,Utilities,0.0903,5,4,6,0.3
2022-07-21,Comm,0.3769,5,5,33,-0.046919999999999996
2022-07-21,Consumer,0.13835999999999998,5,5,19,0.028219999999999988
2022-07-21,Energy,0.33304,5,5,21,0.5878
2022-07-21,Financials,0.14336,5,4,8,0.1905
2022-07-21,Healthcare,-0.2052,5,3,14,0.72058
2022-07-21,Industrials,0.030739999999999996,5,3,7,0.1115
2022-07-21,Materials,0.19974,5,4,15,0.16444
2022-07-21,RealEstate,0.26298,5,3,7,0.23636
2022-07-21,Tech,0.42416,5,4,19,0.66362
2022-07-21,Utilities,0.11392,5,4,5,0.0903
2022-07-22,Comm,0.41098,5,4,19,0.3769
2022-07-22,Consumer,0.34032,5,5,22,0.13835999999999998
2022-07-22,Energy,0.5736800000000001,5,5,22,0.33304
2022-07-22,Financials,0.0015399999999999915,5,5,16,0.14336
2022-07-22,Healthcare,0.5249,5,5,13,-0.2052
2022-07-22,Industrials,0.0009199999999999986,5,4,7,0.030739999999999996
2022-07-22,Materials,-0.020139999999999998,5,3,5,0.19974
2022-07-22,RealEstate,0.30062,5,3,4,0.26298
2022-07-22,Tech,0.66634,5,5,23,0.42416
2022-07-22,Utilities,0.19876,5,5,13,0.11392
2022-07-25,Comm,-0.1389,5,5,18,0.41098
2022-07-25,Consumer,0.32918,5,5,43,0.34032
2022-07-25,Energy,0.92472,5,5,35,0.5736800000000001
2022-07-25,Financials,0.29366000000000003,5,5,18,0.0015399999999999915
2022-07-25,Healthcare,0.123,5,5,15,0.5249
2022-07-25,Industrials,0.14298,5,3,16,0.0009199999999999986
2022-07-25,Materials,0.34336,5,5,25,-0.020139999999999998
2022-07-25,RealEstate,0.4282,5,5,12,0.30062
2022-07-25,Tech,0.41109999999999997,5,5,33,0.66634
2022-07-25,Utilities,0.29888000000000003,5,3,8,0.19876
2022-07-26,Comm,0.0,5,2,4,-0.1389
2022-07-26,Consumer,-0.2351,5,5,83,0.32918
2022-07-26,Energy,0.17494,5,5,16,0.92472
2022-07-26,Financials,-0.018359999999999998,5,3,10,0.29366000000000003
2022-07-26,Healthcare,0.32036000000000003,5,5,10,0.123
2022-07-26,Industrials,0.1986,5,4,44,0.14298
2022-07-26,Materials,-0.06364,5,4,7,0.34336
2022-07-26,RealEstate,0.21168,5,4,5,0.4282
2022-07-26,Tech,0.07862,5,3,12,0.41109999999999997
2022-07-26,Utilities,0.39228,5,5,12,0.29888000000000003
2022-07-27,Comm,0.29028,5,5,29,0.0
2022-07-27,Consumer,0.31108,5,4,30,-0.2351
2022-07-27,Energy,0.42428,5,5,27,0.17494
2022-07-27,Financials,0.3814,5,5,10,-0.018359999999999998
2022-07-27,Healthcare,0.1928,5,5,22,0.32036000000000003
2022-07-27,Industrials,0.0,5,2,2,0.1986
2022-07-27,Materials,0.0,5,2,8,-0.06364
2022-07-27,RealEstate,0.5427,5,5,16,0.21168
2022-07-27,Tech,0.37774,5,5,28,0.07862
2022-07-27,Utilities,0.32142,5,5,10,0.39228
2022-07-28,Comm,0.2392,5,3,15,0.29028
2022-07-28,Consumer,-0.06626,5,5,24,0.31108
2022-07-28,Energy,0.66842,5,5,34,0.42428
2022-07-28,Financials,-0.23776000000000003,5,5,22,0.3814
2022-07-28,Healthcare,0.34662000000000004,5,5,23,0.1928
2022-07-28,Industrials,0.18666,5,3,11,0.0
2022-07-28,Materials,0.18658,5,3,5,0.0
2022-07-28,RealEstate,0.15236,5,4,16,0.5427
2022-07-28,Tech,0.14526,5,4,40,0.37774
2022-07-28,Utilities,0.42514,5,5,18,0.32142
2022-07-29,Comm,0.09152,5,4,5,0.2392
2022-07-29,Consumer,0.30044,5,5,18,-0.06626
2022-07-29,Energy,0.80168,5,5,61,0.66842
2022-07-29,Financials,0.20526,5,5,11,-0.23776000000000003
2022-07-29,Healthcare,0.18794,5,4,15,0.34662000000000004
2022-07-29,Industrials,0.08038,5,2,3,0.18666
2022-07-29,Materials,0.0,5,1,2,0.18658
2022-07-29,RealEstate,0.26866,5,5,7,0.15236
2022-07-29,Tech,0.74264,5,5,37,0.14526
2022-07-29,Utilities,0.51476,5,5,12,0.42514
2022-08-01,Comm,0.26626,5,4,22,0.09152
2022-08-01,Consumer,0.46205999999999997,5,5,36,0.30044
2022-08-01,Energy,0.48588000000000003,5,5,35,0.80168
2022-08-01,Financials,0.29416000000000003,5,5,9,0.20526
2022-08-01,Healthcare,0.36728,5,5,18,0.18794
2022-08-01,Industrials,0.5643800000000001,5,4,15,0.08038
2022-08-01,Materials,0.0,5,1,1,0.0
2022-08-01,RealEstate,0.5123800000000001,5,4,12,0.26866
2022-08-01,Tech,0.64168,5,5,24,0.74264
2022-08-01,Utilities,0.22978,5,3,8,0.51476
2022-08-02,Comm,-0.03745999999999999,5,4,14,0.26626
2022-08-02,Consumer,0.032380000000000006,5,5,21,0.46205999999999997
2022-08-02,Energy,0.52938,5,4,31,0.48588000000000003
2022-08-02,Financials,0.24409999999999998,5,4,12,0.29416000000000003
2022-08-02,Healthcare,0.40359999999999996,5,5,16,0.36728
2022-08-02,Industrials,-0.11118000000000001,5,4,19,0.5643800000000001
2022-08-02,Materials,0.25198,5,3,13,0.0
2022-08-02,RealEstate,0.17276,5,2,8,0.5123800000000001
2022-08-02,Tech,-0.23944000000000001,5,5,44,0.64168
2022-08-02,Utilities,0.23680000000000004,5,2,6,0.22978
2022-08-03,Comm,0.17035999999999998,5,5,12,-0.03745999999999999
2022-08-03,Consumer,0.31828,5,4,28,0.032380000000000006
2022-08-03,Energy,0.60316,5,5,39,0.52938
2022-08-03,Financials,0.20928,5,4,8,0.24409999999999998
2022-08-03,Healthcare,0.29934,5,5,18,0.40359999999999996
2022-08-03,Industrials,0.1092,5,2,4,-0.11118000000000001
2022-08-03,Materials,0.10557999999999998,5,3,3,0.25198
2022-08-03,RealEstate,-0.02536,5,4,8,0.17276
2022-08-03,Tech,0.43494,5,4,32,-0.23944000000000001
2022-08-03,Utilities,0.31073999999999996,5,5,17,0.23680000000000004
2022-08-04,Comm,0.1021,5,4,11,0.17035999999999998
2022-08-04,Consumer,0.27016,5,4,18,0.31828
2022-08-04,Energy,0.49286,5,5,27,0.60316
2022-08-04,Financials,0.08588,5,2,9,0.20928
2022-08-04,Healthcare,-0.047639999999999995,5,4,17,0.29934
2022-08-04,Industrials,0.0,5,2,4,0.1092
2022-08-04,Materials,0.10977999999999999,5,5,6,0.10557999999999998
2022-08-04,RealEstate,0.19192,5,4,8,-0.02536
2022-08-04,Tech,0.23895999999999998,5,5,24,0.43494
2022-08-04,Utilities,0.64968,5,5,19,0.31073999999999996
2022-08-05,Comm,0.2699,5,4,7,0.1021
2022-08-05,Consumer,0.11952,5,4,10,0.27016
2022-08-05,Energy,0.47387999999999997,5,4,21,0.49286
2022-08-05,Financials,0.2544,5,3,6,0.08588
2022-08-05,Healthcare,0.29118,5,4,10,-0.047639999999999995
2022-08-05,Industrials,0.13324,5,3,6,0.0
2022-08-05,Materials,0.09534000000000001,5,2,2,0.10977999999999999
2022-08-05,RealEstate,0.2806,5,3,5,0.19192
2022-08-05,Tech,0.29856000000000005,5,4,12,0.23895999999999998
2022-08-05,Utilities,0.20026000000000002,5,4,16,0.64968
2022-08-08,Comm,-0.22816,5,5,16,0.2699
2022-08-08,Consumer,0.44568,5,5,35,0.11952
2022-08-08,Energy,0.41303999999999996,5,3,29,0.47387999999999997
2022-08-08,Financials,0.28236,5,5,16,0.2544
2022-08-08,Healthcare,-0.15866,5,3,9,0.29118
2022-08-08,Industrials,0.15455999999999998,5,3,8,0.13324
2022-08-08,Materials,0.16576000000000002,5,2,2,0.09534000000000001
2022-08-08,RealEstate,0.25494000000000006,5,4,10,0.2806
2022-08-08,Tech,0.43664,5,4,44,0.29856000000000005
2022-08-08,Utilities,0.16551999999999997,5,4,14,0.20026000000000002
2022-08-09,Comm,0.07252,5,4,6,-0.22816
2022-08-09,Consumer,0.27912,5,5,21,0.44568
2022-08-09,Energy,0.12318,5,3,21,0.41303999999999996
2022-08-09,Financials,0.17436000000000001,5,3,6,0.28236
2022-08-09,Healthcare,0.20787999999999998,5,3,10,-0.15866
2022-08-09,Industrials,0.07002,5,4,7,0.15455999999999998
2022-08-09,Materials,0.0,5,1,1,0.16576000000000002
2022-08-09,RealEstate,0.3291,5,4,6,0.25494000000000006
2022-08-09,Tech,0.27749999999999997,5,5,44,0.43664
2022-08-09,Utilities,0.21810000000000002,5,4,9,0.16551999999999997
2022-08-10,Comm,0.36454,5,5,13,0.07252
2022-08-10,Consumer,0.43364,5,4,22,0.27912
2022-08-10,Energy,0.41972,5,5,23,0.12318
2022-08-10,Financials,0.17534,5,4,16,0.17436000000000001
2022-08-10,Healthcare,-0.007619999999999983,5,3,6,0.20787999999999998
2022-08-10,Industrials,0.19612000000000002,5,3,8,0.07002
2022-08-10,Materials,0.08038,5,2,2,0.0
2022-08-10,RealEstate,0.07224,5,3,3,0.3291
2022-08-10,Tech,0.585,5,5,26,0.27749999999999997
2022-08-10,Utilities,0.44626,5,5,10,0.21810000000000002
2022-08-11,Comm,0.14116,5,5,18,0.36454
2022-08-11,Consumer,0.31118,5,5,41,0.43364
2022-08-11,Energy,0.38868,5,5,15,0.41972
2022-08-11,Financials,0.08084000000000002,5,4,8,0.17534
2022-08-11,Healthcare,-0.06417999999999999,5,5,14,-0.007619999999999983
2022-08-11,Industrials,0.07722000000000001,5,3,6,0.19612000000000002
2022-08-11,Materials,0.0,5,0,0,0.08038
2022-08-11,RealEstate,0.45414000000000004,5,4,9,0.07224
2022-08-11,Tech,0.36574,5,5,27,0.585
2022-08-11,Utilities,-0.025760000000000005,5,2,5,0.44626
2022-08-12,Comm,-0.015080000000000005,5,3,6,0.14116
2022-08-12,Consumer,0.42824,5,5,20,0.31118
2022-08-12,Energy,0.44353999999999993,5,4,15,0.38868
2022-08-12,Financials,0.38883999999999996,5,4,10,0.08084000000000002
2022-08-12,Healthcare,-0.10533999999999999,5,3,10,-0.06417999999999999
2022-08-12,Industrials,0.29968000000000006,5,3,7,0.07722000000000001
2022-08-12,Materials,0.0,5,0,0,0.0
2022-08-12,RealEstate,0.07224,5,4,8,0.45414000000000004
2022-08-12,Tech,0.6822999999999999,5,5,21,0.36574
2022-08-12,Utilities,0.14192,5,1,2,-0.025760000000000005
2022-08-15,Comm,0.24846,5,5,18,-0.015080000000000005
2022-08-15,Consumer,0.30032000000000003,5,5,62,0.42824
2022-08-15,Energy,0.39542,5,5,44,0.44353999999999993
2022-08-15,Financials,0.16872,5,5,11,0.38883999999999996
2022-08-15,Healthcare,0.056979999999999996,5,3,12,-0.10533999999999999
2022-08-15,Industrials,0.38878,5,4,6,0.29968000000000006
2022-08-15,Materials,0.09878,5,2,4,0.0
2022-08-15,RealEstate,0.024439999999999996,5,4,6,0.07224
2022-08-15,Tech,0.5126799999999999,5,5,23,0.6822999999999999
2022-08-15,Utilities,0.28542,5,4,7,0.14192
2022-08-16,Comm,0.23254000000000002,5,3,9,0.24846
2022-08-16,Consumer,0.43899999999999995,5,5,55,0.30032000000000003
2022-08-16,Energy,0.54984,5,4,18,0.39542
2022-08-16,Financials,0.04046,5,3,6,0.16872
2022-08-16,Healthcare,0.15786,5,4,10,0.056979999999999996
2022-08-16,Industrials,-0.0688,5,4,4,0.38878
2022-08-16,Materials,0.07224,5,4,5,0.09878
2022-08-16,RealEstate,0.26616,5,3,5,0.024439999999999996
2022-08-16,Tech,0.46676,5,5,16,0.5126799999999999
2022-08-16,Utilities,0.29104,5,4,11,0.28542
2022-08-17,Comm,-0.06606000000000001,5,4,6,0.23254000000000002
2022-08-17,Consumer,0.26492,5,5,42,0.43899999999999995
2022-08-17,Energy,0.62294,5,4,15,0.54984
2022-08-17,Financials,0.01996,5,4,9,0.04046
2022-08-17,Healthcare,0.07636,5,3,6,0.15786
2022-08-17,Industrials,0.04526,5,3,5,-0.0688
2022-08-17,Materials,0.08808,5,2,3,0.07224
2022-08-17,RealEstate,0.3601,5,4,11,0.26616
2022-08-17,Tech,0.15777999999999998,5,4,14,0.46676
2022-08-17,Utilities,0.23064,5,3,3,0.29104
2022-08-18,Comm,0.03865999999999999,5,4,8,-0.06606000000000001
2022-08-18,Consumer,0.32716,5,5,24,0.26492
2022-08-18,Energy,-0.10714000000000001,5,5,22,0.62294
2022-08-18,Financials,0.51174,5,5,14,0.01996
2022-08-18,Healthcare,0.15272,5,5,12,0.07636
2022-08-18,Industrials,0.10028000000000001,5,4,6,0.04526
2022-08-18,Materials,0.04526,5,4,6,0.08808
2022-08-18,RealEstate,0.02054,5,2,2,0.3601
2022-08-18,Tech,0.20918,5,5,12,0.15777999999999998
2022-08-18,Utilities,0.33575999999999995,5,3,6,0.23064
2022-08-19,Comm,-0.1213,5,4,7,0.03865999999999999
2022-08-19,Consumer,0.52542,5,5,31,0.32716
2022-08-19,Energy,0.43488,5,3,16,-0.10714000000000001
2022-08-19,Financials,0.02524000000000002,5,4,10,0.51174
2022-08-19,Healthcare,-0.008320000000000017,5,5,9,0.15272
2022-08-19,Industrials,0.07636,5,3,7,0.10028000000000001
2022-08-19,Materials,0.0,5,0,0,0.04526
2022-08-19,RealEstate,0.3604,5,4,5,0.02054
2022-08-19,Tech,0.22002000000000002,5,5,12,0.20918
2022-08-19,Utilities,0.14272,5,3,6,0.33575999999999995
2022-08-22,Comm,0.47265999999999997,5,5,11,-0.1213
2022-08-22,Consumer,0.46821999999999997,5,5,29,0.52542
2022-08-22,Energy,0.53114,5,5,23,0.43488
2022-08-22,Financials,0.13744,5,5,16,0.02524000000000002
2022-08-22,Healthcare,0.41788,5,5,12,-0.008320000000000017
2022-08-22,Industrials,0.36002,5,4,13,0.07636
2022-08-22,Materials,0.09878,5,4,5,0.0
2022-08-22,RealEstate,0.47404,5,4,11,0.3604
2022-08-22,Tech,0.8080399999999999,5,5,37,0.22002000000000002
2022-08-22,Utilities,0.32126,5,4,6,0.14272
2022-08-23,Comm,0.21638000000000002,5,4,8,0.47265999999999997
2022-08-23,Consumer,0.33574000000000004,5,5,17,0.46821999999999997
2022-08-23,Energy,0.36197999999999997,5,5,25,0.53114
2022-08-23,Financials,0.31532,5,3,7,0.13744
2022-08-23,Healthcare,0.37986,5,5,12,0.41788
2022-08-23,Industrials,0.10846,5,3,3,0.36002
2022-08-23,Materials,0.01992,5,3,7,0.09878
2022-08-23,RealEstate,0.08038,5,3,4,0.47404
2022-08-23,Tech,-0.025780000000000004,5,5,14,0.8080399999999999
2022-08-23,Utilities,0.10194,5,4,5,0.32126
2022-08-24,Comm,0.19585999999999998,5,5,15,0.21638000000000002
2022-08-24,Consumer,0.15312,5,5,19,0.33574000000000004
2022-08-24,Energy,0.10352000000000001,5,5,26,0.36197999999999997
2022-08-24,Financials,0.13767999999999997,5,5,10,0.31532
2022-08-24,Healthcare,0.24212000000000003,5,4,8,0.37986
2022-08-24,Industrials,0.23557999999999998,5,4,7,0.10846
2022-08-24,Materials,0.0,5,2,2,0.01992
2022-08-24,RealEstate,0.20986000000000002,5,5,9,0.08038
2022-08-24,Tech,0.2363,5,5,30,-0.025780000000000004
2022-08-24,Utilities,0.20526,5,2,3,0.10194
2022-08-25,Comm,0.10369999999999999,5,3,9,0.19585999999999998
2022-08-25,Consumer,0.07924,5,5,13,0.15312
2022-08-25,Energy,0.42466,5,5,25,0.10352000000000001
2022-08-25,Financials,0.21875999999999998,5,5,14,0.13767999999999997
2022-08-25,Healthcare,0.06790000000000003,5,4,15,0.24212000000000003
2022-08-25,Industrials,0.1981,5,3,5,0.23557999999999998
2022-08-25,Materials,0.00516,5,4,5,0.0
2022-08-25,RealEstate,0.28346,5,4,6,0.20986000000000002
2022-08-25,Tech,0.52584,5,4,27,0.2363
2022-08-25,Utilities,0.21154,5,2,6,0.20526
2022-08-26,Comm,-0.2697,5,5,22,0.10369999999999999
2022-08-26,Consumer,-0.25529999999999997,5,5,16,0.07924
2022-08-26,Energy,0.30010000000000003,5,3,10,0.42466
2022-08-26,Financials,0.07465999999999998,5,4,9,0.21875999999999998
2022-08-26,Healthcare,0.3074,5,4,10,0.06790000000000003
2022-08-26,Industrials,-0.1099,5,3,7,0.1981
2022-08-26,Materials,0.04746,5,3,4,0.00516
2022-08-26,RealEstate,0.1406,5,2,2,0.28346
2022-08-26,Tech,0.5804600000000001,5,5,26,0.52584
2022-08-26,Utilities,0.10928,5,2,3,0.21154
2022-08-29,Comm,0.49702,5,5,16,-0.2697
2022-08-29,Consumer,0.45366,5,4,27,-0.25529999999999997
2022-08-29,Energy,0.59746,5,4,21,0.30010000000000003
2022-08-29,Financials,0.17106,5,4,13,0.07465999999999998
2022-08-29,Healthcare,0.45104,5,5,11,0.3074
2022-08-29,Industrials,0.13802,5,4,11,-0.1099
2022-08-29,Materials,-0.05352,5,3,7,0.04746
2022-08-29,RealEstate,0.21854,5,4,9,0.1406
2022-08-29,Tech,0.21378,5,5,32,0.5804600000000001
2022-08-29,Utilities,0.31562,5,4,5,0.10928
2022-08-30,Comm,-0.10533999999999999,5,2,2,0.49702
2022-08-30,Consumer,0.46731999999999996,5,5,20,0.45366
2022-08-30,Energy,0.33934000000000003,5,5,24,0.59746
2022-08-30,Financials,0.07146000000000001,5,4,10,0.17106
2022-08-30,Healthcare,0.14976,5,4,6,0.45104
2022-08-30,Industrials,0.39632,5,4,11,0.13802
2022-08-30,Materials,0.04556,5,3,4,-0.05352
2022-08-30,RealEstate,0.2209,5,2,3,0.21854
2022-08-30,Tech,0.22968000000000002,5,5,20,0.21378
2022-08-30,Utilities,0.13198,5,4,7,0.31562
2022-08-31,Comm,0.46534,5,5,17,-0.10533999999999999
2022-08-31,Consumer,-0.12594,5,5,23,0.46731999999999996
2022-08-31,Energy,0.51842,5,4,19,0.33934000000000003
2022-08-31,Financials,0.13191999999999998,5,5,13,0.07146000000000001
2022-08-31,Healthcare,-0.35974,5,5,11,0.14976
2022-08-31,Industrials,0.17582,5,3,6,0.39632
2022-08-31,Materials,0.00516,5,3,4,0.04556
2022-08-31,RealEstate,0.329,5,5,7,0.2209
2022-08-31,Tech,0.37822,5,4,19,0.22968000000000002
2022-08-31,Utilities,0.19058000000000003,5,3,5,0.13198
2022-09-01,Comm,0.11438,5,4,6,0.46534
2022-09-01,Consumer,0.53484,5,5,18,-0.12594
2022-09-01,Energy,0.39464,5,5,21,0.51842
2022-09-01,Financials,0.5107,5,5,13,0.13191999999999998
2022-09-01,Healthcare,0.28172,5,5,14,-0.35974
2022-09-01,Industrials,0.18912,5,4,11,0.17582
2022-09-01,Materials,0.13802,5,2,3,0.00516
2022-09-01,RealEstate,0.068,5,1,1,0.329
2022-09-01,Tech,-0.11024,5,5,78,0.37822
2022-09-01,Utilities,0.11444000000000001,5,5,8,0.19058000000000003
2022-09-02,Comm,0.12738,5,2,3,0.11438
2022-09-02,Consumer,0.07949999999999999,5,5,20,0.53484
2022-09-02,Energy,0.6606799999999999,5,5,29,0.39464
2022-09-02,Financials,0.11672000000000002,5,5,15,0.5107
2022-09-02,Healthcare,0.18328,5,2,5,0.28172
2022-09-02,Industrials,0.23076,5,4,8,0.18912
2022-09-02,Materials,0.09152,5,2,2,0.13802
2022-09-02,RealEstate,0.11322000000000002,5,2,4,0.068
2022-09-02,Tech,0.67168,5,5,26,-0.11024
2022-09-02,Utilities,0.13702,5,3,5,0.11444000000000001
2022-09-06,Comm,0.28724,5,4,9,0.12738
2022-09-06,Consumer,0.48247999999999996,5,5,35,0.07949999999999999
2022-09-06,Energy,0.48768,5,4,23,0.6606799999999999
2022-09-06,Financials,0.33608000000000005,5,5,19,0.11672000000000002
2022-09-06,Healthcare,0.48516000000000004,5,4,13,0.18328
2022-09-06,Industrials,0.54818,5,4,16,0.23076
2022-09-06,Materials,0.0,5,3,3,0.09152
2022-09-06,RealEstate,0.35688,5,4,7,0.11322000000000002
2022-09-06,Tech,0.41506,5,5,49,0.67168
2022-09-06,Utilities,0.31407999999999997,5,4,7,0.13702
2022-09-07,Comm,0.09910000000000001,5,4,13,0.28724
2022-09-07,Consumer,0.46382,5,4,31,0.48247999999999996
2022-09-07,Energy,0.59928,5,5,22,0.48768
2022-09-07,Financials,0.00998,5,5,9,0.33608000000000005
2022-09-07,Healthcare,0.03180000000000001,5,4,13,0.48516000000000004
2022-09-07,Industrials,0.2476,5,4,9,0.54818
2022-09-07,Materials,0.05306000000000001,5,2,4,0.0
2022-09-07,RealEstate,0.14436,5,4,9,0.35688
2022-09-07,Tech,0.3262,5,5,18,0.41506
2022-09-07,Utilities,0.37236,5,5,9,0.31407999999999997
2022-09-08,Comm,0.6170599999999999,5,5,19,0.09910000000000001
2022-09-08,Consumer,0.40131999999999995,5,5,18,0.46382
2022-09-08,Energy,0.5215,5,5,16,0.59928
2022-09-08,Financials,0.26286,5,4,8,0.00998
2022-09-08,Healthcare,0.76234,5,5,22,0.03180000000000001
2022-09-08,Industrials,0.13110000000000002,5,4,12,0.2476
2022-09-08,Materials,0.16902,5,4,6,0.05306000000000001
2022-09-08,RealEstate,0.28254,5,3,4,0.14436
2022-09-08,Tech,0.29214,5,5,19,0.3262
2022-09-08,Utilities,0.2697,5,5,9,0.37236
2022-09-09,Comm,0.14494,5,5,10,0.6170599999999999
2022-09-09,Consumer,0.53404,5,5,18,0.40131999999999995
2022-09-09,Energy,0.32586,5,5,15,0.5215
2022-09-09,Financials,0.24626,5,3,10,0.26286
2022-09-09,Healthcare,0.17386,5,5,11,0.76234
2022-09-09,Industrials,0.028800000000000013,5,3,7,0.13110000000000002
2022-09-09,Materials,0.10533999999999999,5,2,2,0.16902
2022-09-09,RealEstate,0.45736,5,4,5,0.28254
2022-09-09,Tech,0.44964000000000004,5,5,17,0.29214
2022-09-09,Utilities,0.28490000000000004,5,4,8,0.2697
2022-09-12,Comm,0.29894,5,4,17,0.14494
2022-09-12,Consumer,0.52566,5,5,27,0.53404
2022-09-12,Energy,0.49482,5,4,21,0.32586
2022-09-12,Financials,0.09429999999999998,5,4,16,0.24626
2022-09-12,Healthcare,0.8856999999999999,5,5,33,0.17386
2022-09-12,Industrials,0.22275999999999999,5,2,9,0.028800000000000013
2022-09-12,Materials,-0.033859999999999994,5,4,6,0.10533999999999999
2022-09-12,RealEstate,0.43757999999999997,5,3,10,0.45736
2022-09-12,Tech,0.20958000000000002,5,5,26,0.44964000000000004
2022-09-12,Utilities,0.42783999999999994,5,4,11,0.28490000000000004
2022-09-13,Comm,0.1746,5,4,11,0.29894
2022-09-13,Consumer,0.57392,5,5,19,0.52566
2022-09-13,Energy,0.63106,5,5,20,0.49482
2022-09-13,Financials,0.29436,5,4,11,0.09429999999999998
2022-09-13,Healthcare,0.19388,5,5,13,0.8856999999999999
2022-09-13,Industrials,0.4378,5,4,10,0.22275999999999999
2022-09-13,Materials,0.0256,5,1,1,-0.033859999999999994
2022-09-13,RealEstate,0.23148,5,4,8,0.43757999999999997
2022-09-13,Tech,0.20776000000000003,5,5,26,0.20958000000000002
2022-09-13,Utilities,0.00516,5,3,3,0.42783999999999994
2022-09-14,Comm,0.21856,5,4,11,0.1746
2022-09-14,Consumer,0.65408,5,5,32,0.57392
2022-09-14,Energy,0.35872000000000004,5,4,26,0.63106
2022-09-14,Financials,-0.08148,5,5,21,0.29436
2022-09-14,Healthcare,0.08508,5,4,8,0.19388
2022-09-14,Industrials,0.23725999999999997,5,4,14,0.4378
2022-09-14,Materials,0.22254000000000002,5,3,12,0.0256
2022-09-14,RealEstate,0.26746,5,3,7,0.23148
2022-09-14,Tech,0.37256,5,5,24,0.20776000000000003
2022-09-14,Utilities,0.24988000000000002,5,3,4,0.00516
2022-09-15,Comm,0.31487999999999994,5,5,14,0.21856
2022-09-15,Consumer,0.12214,5,4,15,0.65408
2022-09-15,Energy,0.6401,5,5,24,0.35872000000000004
2022-09-15,Financials,0.26402000000000003,5,4,14,-0.08148
2022-09-15,Healthcare,6.00000000000038e-05,5,5,15,0.08508
2022-09-15,Industrials,-0.03062,5,4,8,0.23725999999999997
2022-09-15,Materials,0.03232,5,3,6,0.22254000000000002
2022-09-15,RealEstate,0.32622,5,4,6,0.26746
2022-09-15,Tech,-0.19278,5,5,41,0.37256
2022-09-15,Utilities,0.50704,5,5,14,0.24988000000000002
2022-09-16,Comm,0.2831,5,3,9,0.31487999999999994
2022-09-16,Consumer,0.39382,5,5,12,0.12214
2022-09-16,Energy,0.68272,5,5,15,0.6401
2022-09-16,Financials,0.12490000000000001,5,5,13,0.26402000000000003
2022-09-16,Healthcare,0.18009999999999998,5,4,13,6.00000000000038e-05
2022-09-16,Industrials,-0.06600000000000002,5,2,18,-0.03062
2022-09-16,Materials,0.0,5,2,2,0.03232
2022-09-16,RealEstate,0.45614,5,4,10,0.32622
2022-09-16,Tech,0.021320000000000006,5,5,20,-0.19278
2022-09-16,Utilities,0.41634000000000004,5,5,8,0.50704
2022-09-19,Comm,0.019979999999999977,5,4,20,0.2831
2022-09-19,Consumer,0.72172,5,5,33,0.39382
2022-09-19,Energy,0.29674,5,5,22,0.68272
2022-09-19,Financials,0.19498,5,5,14,0.12490000000000001
2022-09-19,Healthcare,0.05062000000000001,5,5,21,0.18009999999999998
2022-09-19,Industrials,0.48694,5,3,14,-0.06600000000000002
2022-09-19,Materials,0.017100000000000004,5,4,6,0.0
2022-09-19,RealEstate,0.27036000000000004,5,3,7,0.45614
2022-09-19,Tech,0.4163,5,5,27,0.021320000000000006
2022-09-19,Utilities,0.24236,5,3,8,0.41634000000000004
2022-09-20,Comm,0.15764,5,4,7,0.019979999999999977
2022-09-20,Consumer,0.012039999999999985,5,5,19,0.72172
2022-09-20,Energy,0.34836,5,5,9,0.29674
2022-09-20,Financials,0.014140000000000008,5,4,14,0.19498
2022-09-20,Healthcare,-0.08324000000000001,5,4,12,0.05062000000000001
2022-09-20,Industrials,0.27732,5,4,10,0.48694
2022-09-20,Materials,0.0,5,0,0,0.017100000000000004
2022-09-20,RealEstate,0.27518000000000004,5,2,7,0.27036000000000004
2022-09-20,Tech,0.39224000000000003,5,4,21,0.4163
2022-09-20,Utilities,0.13502,5,4,6,0.24236
2022-09-21,Comm,0.4016,5,5,13,0.15764
2022-09-21,Consumer,0.33214,5,4,16,0.012039999999999985
2022-09-21,Energy,0.5225,5,4,14,0.34836
2022-09-21,Financials,-0.07044,5,5,10,0.014140000000000008
2022-09-21,Healthcare,-0.11324000000000001,5,5,7,-0.08324000000000001
2022-09-21,Industrials,0.1103,5,3,7,0.27732
2022-09-21,Materials,0.068,5,4,6,0.0
2022-09-21,RealEstate,0.14794000000000002,5,4,8,0.27518000000000004
2022-09-21,Tech,0.17444,5,5,23,0.39224000000000003
2022-09-21,Utilities,0.15608,5,2,2,0.13502
2022-09-22,Comm,0.21634000000000003,5,5,9,0.4016
2022-09-22,Consumer,0.39912000000000003,5,5,25,0.33214
2022-09-22,Energy,0.29960000000000003,5,4,10,0.5225
2022-09-22,Financials,-0.13484,5,5,15,-0.07044
2022-09-22,Healthcare,0.43079999999999996,5,5,15,-0.11324000000000001
2022-09-22,Industrials,0.04808000000000001,5,4,12,0.1103
2022-09-22,Materials,0.31239999999999996,5,4,7,0.068
2022-09-22,RealEstate,0.008939999999999998,5,5,6,0.14794000000000002
2022-09-22,Tech,0.49028,5,5,22,0.17444
2022-09-22,Utilities,0.24160000000000004,5,4,14,0.15608
2022-09-23,Comm,0.35004,5,4,13,0.21634000000000003
2022-09-23,Consumer,-0.10208000000000002,5,5,19,0.39912000000000003
2022-09-23,Energy,-0.3174,5,4,18,0.29960000000000003
2022-09-23,Financials,0.25602,5,5,12,-0.13484
2022-09-23,Healthcare,0.24722,5,4,11,0.43079999999999996
2022-09-23,Industrials,0.17082,5,3,7,0.04808000000000001
2022-09-23,Materials,0.31352,5,4,8,0.31239999999999996
2022-09-23,RealEstate,0.11988000000000001,5,3,5,0.008939999999999998
2022-09-23,Tech,0.14576000000000003,5,5,20,0.49028
2022-09-23,Utilities,0.21056,5,3,5,0.24160000000000004
2022-09-26,Comm,0.28628,5,5,14,0.35004
2022-09-26,Consumer,0.7632,5,5,27,-0.10208000000000002
2022-09-26,Energy,0.2137,5,4,17,-0.3174
2022-09-26,Financials,0.46836,5,5,16,0.25602
2022-09-26,Healthcare,0.09736,5,5,13,0.24722
2022-09-26,Industrials,-0.052680000000000005,5,4,10,0.17082
2022-09-26,Materials,0.15975999999999999,5,3,5,0.31352
2022-09-26,RealEstate,0.32984,5,5,15,0.11988000000000001
2022-09-26,Tech,0.23204000000000002,5,5,26,0.14576000000000003
2022-09-26,Utilities,0.736,5,5,11,0.21056
2022-09-27,Comm,0.44795999999999997,5,4,13,0.28628
2022-09-27,Consumer,0.08479999999999999,5,5,12,0.7632
2022-09-27,Energy,-0.1645,5,3,10,0.2137
2022-09-27,Financials,0.01966000000000001,5,4,20,0.46836
2022-09-27,Healthcare,0.32334,5,5,11,0.09736
2022-09-27,Industrials,0.009839999999999998,5,3,6,-0.052680000000000005
2022-09-27,Materials,0.0,5,1,2,0.15975999999999999
2022-09-27,RealEstate,0.24968000000000004,5,3,4,0.32984
2022-09-27,Tech,0.5905,5,5,29,0.23204000000000002
2022-09-27,Utilities,0.0951,5,3,6,0.736
2022-09-28,Comm,0.3868,5,4,15,0.44795999999999997
2022-09-28,Consumer,0.027440000000000003,5,5,21,0.08479999999999999
2022-09-28,Energy,0.46566,5,4,20,-0.1645
2022-09-28,Financials,0.29218,5,5,17,0.01966000000000001
2022-09-28,Healthcare,0.28204,5,5,11,0.32334
2022-09-28,Industrials,0.08724000000000001,5,3,5,0.009839999999999998
2022-09-28,Materials,0.09803999999999999,5,4,6,0.0
2022-09-28,RealEstate,-0.030439999999999995,5,4,7,0.24968000000000004
2022-09-28,Tech,0.08121999999999999,5,5,38,0.5905
2022-09-28,Utilities,-0.17562,5,5,10,0.0951
2022-09-29,Comm,0.22477999999999998,5,4,11,0.3868
2022-09-29,Consumer,0.55946,5,5,36,0.027440000000000003
2022-09-29,Energy,0.45704,5,4,16,0.46566
2022-09-29,Financials,0.17634,5,5,23,0.29218
2022-09-29,Healthcare,0.16065999999999997,5,4,5,0.28204
2022-09-29,Industrials,0.09152,5,4,6,0.08724000000000001
2022-09-29,Materials,0.0,5,1,1,0.09803999999999999
2022-09-29,RealEstate,0.0,5,1,1,-0.030439999999999995
2022-09-29,Tech,0.2762,5,5,38,0.08121999999999999
2022-09-29,Utilities,0.07636,5,1,1,-0.17562
2022-09-30,Comm,0.059199999999999996,5,3,6,0.22477999999999998
2022-09-30,Consumer,0.45964,5,5,37,0.55946
2022-09-30,Energy,0.41112000000000004,5,3,12,0.45704
2022-09-30,Financials,0.3196,5,3,7,0.17634
2022-09-30,Healthcare,0.0,5,3,6,0.16065999999999997
2022-09-30,Industrials,0.08808,5,3,3,0.09152
2022-09-30,Materials,0.0,5,3,6,0.0
2022-09-30,RealEstate,0.19538000000000003,5,2,3,0.0
2022-09-30,Tech,-0.29812000000000005,5,5,11,0.2762
2022-09-30,Utilities,0.03558,5,1,3,0.07636
2022-10-03,Comm,0.5507799999999999,5,5,13,0.059199999999999996
2022-10-03,Consumer,0.43738,5,5,30,0.45964
2022-10-03,Energy,0.44596,5,5,33,0.41112000000000004
2022-10-03,Financials,0.35832,5,4,12,0.3196
2022-10-03,Healthcare,0.17250000000000001,5,5,16,0.0
2022-10-03,Industrials,0.25968,5,3,8,0.08808
2022-10-03,Materials,0.09022,5,3,5,0.0
2022-10-03,RealEstate,0.26517999999999997,5,2,4,0.19538000000000003
2022-10-03,Tech,0.73252,5,4,27,-0.29812000000000005
2022-10-03,Utilities,0.16988,5,4,7,0.03558
2022-10-04,Comm,0.07668,5,5,6,0.5507799999999999
2022-10-04,Consumer,-0.06222000000000001,5,5,15,0.43738
2022-10-04,Energy,0.30012,5,4,14,0.44596
2022-10-04,Financials,0.6152,5,4,21,0.35832
2022-10-04,Healthcare,-0.09486,5,5,6,0.17250000000000001
2022-10-04,Industrials,0.05452000000000001,5,4,5,0.25968
2022-10-04,Materials,0.153,5,2,2,0.09022
2022-10-04,RealEstate,0.36162,5,5,8,0.26517999999999997
2022-10-04,Tech,0.3938,5,5,25,0.73252
2022-10-04,Utilities,0.2182,5,4,10,0.16988
2022-10-05,Comm,0.23368000000000003,5,3,5,0.07668
2022-10-05,Consumer,0.07375999999999999,5,5,16,-0.06222000000000001
2022-10-05,Energy,0.69402,5,5,29,0.30012
2022-10-05,Financials,0.30526,5,4,11,0.6152
2022-10-05,Healthcare,0.14436,5,3,7,-0.09486
2022-10-05,Industrials,0.30296,5,3,7,0.05452000000000001
2022-10-05,Materials,0.055900000000000005,5,3,4,0.153
2022-10-05,RealEstate,0.32961999999999997,5,4,10,0.36162
2022-10-05,Tech,0.42211999999999994,5,5,27,0.3938
2022-10-05,Utilities,0.30532000000000004,5,5,7,0.2182
2022-10-06,Comm,0.23148,5,4,11,0.23368000000000003
2022-10-06,Consumer,0.50968,5,5,24,0.07375999999999999
2022-10-06,Energy,0.52722,5,5,28,0.69402
2022-10-06,Financials,0.27627999999999997,5,5,19,0.30526
2022-10-06,Healthcare,-0.21056,5,2,4,0.14436
2022-10-06,Industrials,0.13502,5,3,5,0.30296
2022-10-06,Materials,-0.15272,5,3,5,0.055900000000000005
2022-10-06,RealEstate,0.0,5,4,4,0.32961999999999997
2022-10-06,Tech,-0.34482,5,4,24,0.42211999999999994
2022-10-06,Utilities,0.19926000000000002,5,4,7,0.30532000000000004
2022-10-07,Comm,0.17106,5,3,7,0.23148
2022-10-07,Consumer,0.06155999999999998,5,5,21,0.50968
2022-10-07,Energy,0.6574199999999999,5,5,20,0.52722
2022-10-07,Financials,0.34806,5,5,15,0.27627999999999997
2022-10-07,Healthcare,0.04046,5,4,6,-0.21056
2022-10-07,Industrials,0.12086000000000001,5,4,9,0.13502
2022-10-07,Materials,-0.04526,5,2,2,-0.15272
2022-10-07,RealEstate,0.21388,5,4,10,0.0
2022-10-07,Tech,0.47587999999999997,5,5,65,-0.34482
2022-10-07,Utilities,0.39237999999999995,5,5,8,0.19926000000000002
2022-10-10,Comm,0.0,5,4,5,0.17106
2022-10-10,Consumer,0.49526000000000003,5,5,29,0.06155999999999998
2022-10-10,Energy,0.36978,5,5,26,0.6574199999999999
2022-10-10,Financials,0.21949999999999997,5,5,26,0.34806
2022-10-10,Healthcare,0.72824,5,5,18,0.04046
2022-10-10,Industrials,0.19538000000000003,5,4,6,0.12086000000000001
2022-10-10,Materials,0.13924,5,5,6,-0.04526
2022-10-10,RealEstate,0.22518000000000002,5,5,13,0.21388
2022-10-10,Tech,0.29456,5,5,38,0.47587999999999997
2022-10-10,Utilities,0.23818,5,2,3,0.39237999999999995
2022-10-11,Comm,0.19354,5,3,10,0.0
2022-10-11,Consumer,0.3767,5,3,9,0.49526000000000003
2022-10-11,Energy,0.12487999999999999,5,3,11,0.36978
2022-10-11,Financials,-0.6683600000000001,5,5,21,0.21949999999999997
2022-10-11,Healthcare,0.48362,5,5,26,0.72824
2022-10-11,Industrials,0.24976000000000004,5,3,5,0.19538000000000003
2022-10-11,Materials,0.0,5,3,4,0.13924
2022-10-11,RealEstate,-0.007940000000000003,5,3,3,0.22518000000000002
2022-10-11,Tech,-0.02452,5,4,20,0.29456
2022-10-11,Utilities,0.16333999999999999,5,3,3,0.23818
2022-10-12,Comm,0.22111999999999998,5,5,8,0.19354
2022-10-12,Consumer,0.5886199999999999,5,5,20,0.3767
2022-10-12,Energy,0.24242,5,4,20,0.12487999999999999
2022-10-12,Financials,-0.11878,5,4,12,-0.6683600000000001
2022-10-12,Healthcare,0.42114,5,4,21,0.48362
2022-10-12,Industrials,0.26004,5,3,3,0.24976000000000004
2022-10-12,Materials,0.068,5,1,1,0.0
2022-10-12,RealEstate,0.12498000000000001,5,2,3,-0.007940000000000003
2022-10-12,Tech,-0.40176,5,5,34,-0.02452
2022-10-12,Utilities,0.05464,5,3,6,0.16333999999999999
2022-10-13,Comm,-0.2392,5,4,8,0.22111999999999998
2022-10-13,Consumer,0.31986,5,5,18,0.5886199999999999
2022-10-13,Energy,0.1376,5,5,19,0.24242
2022-10-13,Financials,0.12247999999999999,5,5,17,-0.11878
2022-10-13,Healthcare,-0.26864,5,4,9,0.42114
2022-10-13,Industrials,0.1341,5,4,6,0.26004
2022-10-13,Materials,0.08038,5,4,5,0.068
2022-10-13,RealEstate,0.0,5,1,1,0.12498000000000001
2022-10-13,Tech,-0.025659999999999995,5,5,29,-0.40176
2022-10-13,Utilities,0.05464,5,2,2,0.05464
2022-10-14,Comm,0.0,5,2,4,-0.2392
2022-10-14,Consumer,0.08688,5,5,19,0.31986
2022-10-14,Energy,0.5111399999999999,5,5,28,0.1376
2022-10-14,Financials,0.6864,5,5,66,0.12247999999999999
2022-10-14,Healthcare,0.32558,5,5,11,-0.26864
2022-10-14,Industrials,0.14350000000000002,5,3,8,0.1341
2022-10-14,Materials,0.0,5,2,2,0.08038
2022-10-14,RealEstate,-0.008359999999999989,5,2,2,0.0
2022-10-14,Tech,0.22754000000000002,5,5,17,-0.025659999999999995
2022-10-14,Utilities,0.23079999999999998,5,4,6,0.05464
2022-10-17,Comm,0.43335999999999997,5,4,10,0.0
2022-10-17,Consumer,0.32628,5,5,24,0.08688
2022-10-17,Energy,0.31311999999999995,5,5,20,0.5111399999999999
2022-10-17,Financials,0.55038,5,5,33,0.6864
2022-10-17,Healthcare,0.28537999999999997,5,5,13,0.32558
2022-10-17,Industrials,-0.07432,5,4,6,0.14350000000000002
2022-10-17,Materials,0.013760000000000005,5,2,5,0.0
2022-10-17,RealEstate,0.28634,5,4,9,-0.008359999999999989
2022-10-17,Tech,0.26512,5,5,24,0.22754000000000002
2022-10-17,Utilities,-0.09018,5,5,9,0.23079999999999998
2022-10-18,Comm,0.39122,5,5,15,0.43335999999999997
2022-10-18,Consumer,0.37464,5,5,19,0.32628
2022-10-18,Energy,-0.025059999999999992,5,4,17,0.31311999999999995
2022-10-18,Financials,0.32194,5,5,40,0.55038
2022-10-18,Healthcare,0.07874,5,5,13,0.28537999999999997
2022-10-18,Industrials,0.22413999999999995,5,4,12,-0.07432
2022-10-18,Materials,0.16192,5,3,6,0.013760000000000005
2022-10-18,RealEstate,0.04046,5,3,7,0.28634
2022-10-18,Tech,0.5282,5,5,32,0.26512
2022-10-18,Utilities,0.25529999999999997,5,3,3,-0.09018
2022-10-19,Comm,0.09372,5,4,13,0.39122
2022-10-19,Consumer,0.43948,5,5,19,0.37464
2022-10-19,Energy,0.20646,5,5,16,-0.025059999999999992
2022-10-19,Financials,0.289,5,5,27,0.32194
2022-10-19,Healthcare,0.19724,5,5,22,0.07874
2022-10-19,Industrials,-0.07224,5,2,4,0.22413999999999995
2022-10-19,Materials,0.0,5,3,4,0.16192
2022-10-19,RealEstate,0.24914,5,4,12,0.04046
2022-10-19,Tech,-0.22959999999999997,5,5,17,0.5282
2022-10-19,Utilities,0.05832,5,4,6,0.25529999999999997
2022-10-20,Comm,0.10434000000000002,5,3,24,0.09372
2022-10-20,Consumer,0.6323000000000001,5,5,20,0.43948
2022-10-20,Energy,0.12722000000000003,5,5,19,0.20646
2022-10-20,Financials,0.12489999999999998,5,4,11,0.289
2022-10-20,Healthcare,0.21976,5,5,16,0.19724
2022-10-20,Industrials,0.29218,5,4,9,-0.07224
2022-10-20,Materials,0.12513999999999997,5,5,14,0.0
2022-10-20,RealEstate,0.16076,5,4,6,0.24914
2022-10-20,Tech,0.40884,5,5,16,-0.22959999999999997
2022-10-20,Utilities,0.19722,5,5,8,0.05832
2022-10-21,Comm,0.19828,5,4,13,0.10434000000000002
2022-10-21,Consumer,0.005099999999999999,5,3,15,0.6323000000000001
2022-10-21,Energy,0.43445999999999996,5,5,33,0.12722000000000003
2022-10-21,Financials,-0.11735999999999999,5,4,14,0.12489999999999998
2022-10-21,Healthcare,0.26878,5,5,11,0.21976
2022-10-21,Industrials,0.2672,5,2,6,0.29218
2022-10-21,Materials,0.08782,5,2,3,0.12513999999999997
2022-10-21,RealEstate,0.50184,5,5,10,0.16076
2022-10-21,Tech,0.15974000000000002,5,5,21,0.40884
2022-10-21,Utilities,0.22728,5,5,12,0.19722
2022-10-24,Comm,0.3998,5,4,14,0.19828
2022-10-24,Consumer,0.57864,5,5,28,0.005099999999999999
2022-10-24,Energy,0.4283,5,5,32,0.43445999999999996
2022-10-24,Financials,0.045179999999999984,5,4,14,-0.11735999999999999
2022-10-24,Healthcare,0.10894,5,5,11,0.26878
2022-10-24,Industrials,0.37160000000000004,5,4,20,0.2672
2022-10-24,Materials,0.17646,5,4,8,0.08782
2022-10-24,RealEstate,0.49172000000000005,5,5,12,0.50184
2022-10-24,Tech,-0.06317999999999999,5,5,22,0.15974000000000002
2022-10-24,Utilities,0.24062,5,5,8,0.22728
2022-10-25,Comm,0.27952,5,5,19,0.3998
2022-10-25,Consumer,0.3418,5,5,33,0.57864
2022-10-25,Energy,0.08534,5,4,9,0.4283
2022-10-25,Financials,0.52054,5,4,18,0.045179999999999984
2022-10-25,Healthcare,0.09963999999999999,5,5,14,0.10894
2022-10-25,Industrials,0.03124,5,4,37,0.37160000000000004
2022-10-25,Materials,0.14258,5,3,5,0.17646
2022-10-25,RealEstate,0.09152,5,5,7,0.49172000000000005
2022-10-25,Tech,-0.08480000000000001,5,4,17,-0.06317999999999999
2022-10-25,Utilities,0.18306000000000003,5,4,10,0.24062
2022-10-26,Comm,0.05706,5,2,6,0.27952
2022-10-26,Consumer,0.28593999999999997,5,5,18,0.3418
2022-10-26,Energy,0.16876,5,4,16,0.08534
2022-10-26,Financials,0.2239,5,3,17,0.52054
2022-10-26,Healthcare,0.20304000000000003,5,3,12,0.09963999999999999
2022-10-26,Industrials,0.12519999999999998,5,4,13,0.03124
2022-10-26,Materials,0.0,5,2,2,0.14258
2022-10-26,RealEstate,0.19534,5,4,10,0.09152
2022-10-26,Tech,0.45220000000000005,5,5,13,-0.08480000000000001
2022-10-26,Utilities,0.24934000000000003,5,4,7,0.18306000000000003
2022-10-27,Comm,0.50286,5,4,20,0.05706
2022-10-27,Consumer,0.34314,5,5,20,0.28593999999999997
2022-10-27,Energy,0.52514,5,5,26,0.16876
2022-10-27,Financials,0.41494,5,5,17,0.2239
2022-10-27,Healthcare,0.54504,5,4,23,0.20304000000000003
2022-10-27,Industrials,0.41306000000000004,5,4,22,0.12519999999999998
2022-10-27,Materials,0.08038,5,3,5,0.0
2022-10-27,RealEstate,-0.0010000000000000009,5,5,13,0.19534
2022-10-27,Tech,0.21841999999999998,5,5,36,0.45220000000000005
2022-10-27,Utilities,0.23803999999999997,5,4,15,0.24934000000000003
2022-10-28,Comm,0.18328,5,4,11,0.50286
2022-10-28,Consumer,0.26794,5,5,18,0.34314
2022-10-28,Energy,0.51574,5,5,47,0.52514
2022-10-28,Financials,0.006500000000000006,5,5,9,0.41494
2022-10-28,Healthcare,0.28925999999999996,5,5,24,0.54504
2022-10-28,Industrials,0.19186,5,4,5,0.41306000000000004
2022-10-28,Materials,0.0,5,2,2,0.08038
2022-10-28,RealEstate,0.0,5,1,3,-0.0010000000000000009
2022-10-28,Tech,0.35004,5,4,33,0.21841999999999998
2022-10-28,Utilities,0.27122,5,4,12,0.23803999999999997
2022-10-31,Comm,0.33730000000000004,5,4,8,0.18328
2022-10-31,Consumer,0.43895999999999996,5,5,30,0.26794
2022-10-31,Energy,0.64856,5,5,40,0.51574
2022-10-31,Financials,0.45042,5,5,15,0.006500000000000006
2022-10-31,Healthcare,0.0,5,3,5,0.28925999999999996
2022-10-31,Industrials,0.2807,5,3,8,0.19186
2022-10-31,Materials,0.0,5,1,1,0.0
2022-10-31,RealEstate,0.45762,5,5,13,0.0
2022-10-31,Tech,0.36676000000000003,5,5,25,0.35004
2022-10-31,Utilities,0.53006,5,5,8,0.27122
2022-11-01,Comm,0.16183999999999998,5,4,13,0.33730000000000004
2022-11-01,Consumer,0.32806,5,5,17,0.43895999999999996
2022-11-01,Energy,0.33098,5,4,21,0.64856
2022-11-01,Financials,0.17028000000000001,5,4,9,0.45042
2022-11-01,Healthcare,0.33754,5,5,13,0.0
2022-11-01,Industrials,0.068,5,3,3,0.2807
2022-11-01,Materials,-0.06364,5,2,6,0.0
2022-11-01,RealEstate,0.08092,5,4,7,0.45762
2022-11-01,Tech,0.36588000000000004,5,5,29,0.36676000000000003
2022-11-01,Utilities,0.16612,5,2,2,0.53006
2022-11-02,Comm,-0.09434000000000001,5,4,7,0.16183999999999998
2022-11-02,Consumer,0.73498,5,5,19,0.32806
2022-11-02,Energy,0.6838,5,5,24,0.33098
2022-11-02,Financials,0.27914,5,4,11,0.17028000000000001
2022-11-02,Healthcare,0.07126000000000002,5,5,13,0.33754
2022-11-02,Industrials,0.07636,5,2,2,0.068
2022-11-02,Materials,-0.09878,5,2,4,-0.06364
2022-11-02,RealEstate,0.11682,5,3,10,0.08092
2022-11-02,Tech,0.5056,5,5,38,0.36588000000000004
2022-11-02,Utilities,0.21139999999999998,5,4,6,0.16612
2022-11-03,Comm,0.23651999999999998,5,5,14,-0.09434000000000001
2022-11-03,Consumer,0.07562000000000002,5,5,19,0.73498
2022-11-03,Energy,0.73136,5,5,20,0.6838
2022-11-03,Financials,-0.03865999999999999,5,4,9,0.27914
2022-11-03,Healthcare,-0.15566,5,4,11,0.07126000000000002
2022-11-03,Industrials,0.08602000000000001,5,4,12,0.07636
2022-11-03,Materials,0.07118,5,3,4,-0.09878
2022-11-03,RealEstate,-0.035899999999999994,5,3,9,0.11682
2022-11-03,Tech,0.11276,5,4,30,0.5056
2022-11-03,Utilities,0.27402,5,4,11,0.21139999999999998
2022-11-04,Comm,-0.02028000000000001,5,4,8,0.23651999999999998
2022-11-04,Consumer,0.13591999999999999,5,5,31,0.07562000000000002
2022-11-04,Energy,0.29312,5,5,14,0.73136
2022-11-04,Financials,0.16572,5,4,7,-0.03865999999999999
2022-11-04,Healthcare,0.17592000000000002,5,5,15,-0.15566
2022-11-04,Industrials,0.158,5,4,4,0.08602000000000001
2022-11-04,Materials,0.0,5,0,0,0.07118
2022-11-04,RealEstate,-0.05464,5,1,1,-0.035899999999999994
2022-11-04,Tech,0.09502,5,4,9,0.11276
2022-11-04,Utilities,0.37382,5,4,16,0.27402
2022-11-07,Comm,-0.16621999999999998,5,5,17,-0.02028000000000001
2022-11-07,Consumer,0.33914,5,5,35,0.13591999999999999
2022-11-07,Energy,0.4053,5,5,34,0.29312
2022-11-07,Financials,-0.07483999999999999,5,5,10,0.16572
2022-11-07,Healthcare,0.06238000000000001,5,5,16,0.17592000000000002
2022-11-07,Industrials,0.0,5,4,7,0.158
2022-11-07,Materials,0.0,5,4,5,0.0
2022-11-07,RealEstate,0.24847999999999998,5,4,13,-0.05464
2022-11-07,Tech,0.49085999999999996,5,5,27,0.09502
2022-11-07,Utilities,0.017759999999999995,5,5,12,0.37382
2022-11-08,Comm,0.14558,5,4,17,-0.16621999999999998
2022-11-08,Consumer,0.20641999999999996,5,5,31,0.33914
2022-11-08,Energy,0.44594000000000006,5,4,21,0.4053
2022-11-08,Financials,0.05464000000000001,5,3,7,-0.07483999999999999
2022-11-08,Healthcare,0.27536,5,5,20,0.06238000000000001
2022-11-08,Industrials,0.09462,5,4,5,0.0
2022-11-08,Materials,0.16436,5,4,12,0.0
2022-11-08,RealEstate,0.12476000000000001,5,2,2,0.24847999999999998
2022-11-08,Tech,0.24672,5,5,23,0.49085999999999996
2022-11-08,Utilities,0.11383999999999998,5,3,3,0.017759999999999995
2022-11-09,Comm,0.05464,5,3,6,0.14558
2022-11-09,Consumer,0.2589,5,4,33,0.20641999999999996
2022-11-09,Energy,-0.11318000000000002,5,4,14,0.44594000000000006
2022-11-09,Financials,0.15608,5,4,6,0.05464000000000001
2022-11-09,Healthcare,0.23544,5,4,17,0.27536
2022-11-09,Industrials,0.0843,5,3,4,0.09462
2022-11-09,Materials,0.0,5,2,3,0.16436
2022-11-09,RealEstate,0.04046,5,2,3,0.12476000000000001
2022-11-09,Tech,0.14278000000000002,5,4,13,0.24672
2022-11-09,Utilities,0.030880000000000008,5,4,5,0.11383999999999998
2022-11-10,Comm,0.04046,5,5,6,0.05464
2022-11-10,Consumer,-0.07933999999999997,5,5,23,0.2589
2022-11-10,Energy,0.36372,5,5,15,-0.11318000000000002
2022-11-10,Financials,0.0256,5,5,9,0.15608
2022-11-10,Healthcare,0.20111999999999997,5,5,8,0.23544
2022-11-10,Industrials,0.052180000000000004,5,3,6,0.0843
2022-11-10,Materials,0.0,5,2,3,0.0
2022-11-10,RealEstate,0.18044,5,4,7,0.04046
2022-11-10,Tech,0.35862,5,5,28,0.14278000000000002
2022-11-10,Utilities,0.25568,5,2,4,0.030880000000000008
2022-11-11,Comm,0.0,5,5,7,0.04046
2022-11-11,Consumer,0.36532,5,5,19,-0.07933999999999997
2022-11-11,Energy,0.29544000000000004,5,5,16,0.36372
2022-11-11,Financials,0.08049999999999999,5,5,8,0.0256
2022-11-11,Healthcare,0.31602,5,3,5,0.20111999999999997
2022-11-11,Industrials,0.26058000000000003,5,2,5,0.052180000000000004
2022-11-11,Materials,0.153,5,2,5,0.0
2022-11-11,RealEstate,0.31967999999999996,5,3,3,0.18044
2022-11-11,Tech,0.36029999999999995,5,5,14,0.35862
2022-11-11,Utilities,0.1711,5,5,6,0.25568
2022-11-14,Comm,0.6261599999999999,5,5,17,0.0
2022-11-14,Consumer,0.6124400000000001,5,5,37,0.36532
2022-11-14,Energy,0.58418,5,5,36,0.29544000000000004
2022-11-14,Financials,0.46486,5,5,16,0.08049999999999999
2022-11-14,Healthcare,0.41773999999999994,5,5,18,0.31602
2022-11-14,Industrials,0.01541999999999999,5,4,11,0.26058000000000003
2022-11-14,Materials,0.029880000000000007,5,3,4,0.153
2022-11-14,RealEstate,0.17798,5,3,5,0.31967999999999996
2022-11-14,Tech,0.49354,5,5,32,0.36029999999999995
2022-11-14,Utilities,0.15016000000000002,5,5,12,0.1711
2022-11-15,Comm,-0.06178,5,4,7,0.6261599999999999
2022-11-15,Consumer,0.34887999999999997,5,5,49,0.6124400000000001
2022-11-15,Energy,0.61308,5,5,16,0.58418
2022-11-15,Financials,0.12902,5,3,7,0.46486
2022-11-15,Healthcare,0.43323999999999996,5,5,15,0.41773999999999994
2022-11-15,Industrials,0.09966,5,3,4,0.01541999999999999
2022-11-15,Materials,0.25054,5,4,5,0.029880000000000007
2022-11-15,RealEstate,0.09878,5,1,1,0.17798
2022-11-15,Tech,0.46471999999999997,5,4,21,0.49354
2022-11-15,Utilities,0.0551,5,1,1,0.15016000000000002
2022-11-16,Comm,0.21424000000000004,5,3,5,-0.06178
2022-11-16,Consumer,0.36356,5,5,36,0.34887999999999997
2022-11-16,Energy,0.42772,5,5,12,0.61308
2022-11-16,Financials,0.11224,5,5,15,0.12902
2022-11-16,Healthcare,0.17996,5,4,8,0.43323999999999996
2022-11-16,Industrials,0.023960000000000002,5,4,8,0.09966
2022-11-16,Materials,0.0,5,0,0,0.25054
2022-11-16,RealEstate,0.24478,5,3,5,0.09878
2022-11-16,Tech,-0.044700000000000004,5,5,40,0.46471999999999997
2022-11-16,Utilities,0.22481999999999996,5,4,6,0.0551
2022-11-17,Comm,-0.03062,5,4,7,0.21424000000000004
2022-11-17,Consumer,0.65772,5,5,23,0.36356
2022-11-17,Energy,0.20661999999999997,5,4,19,0.42772
2022-11-17,Financials,0.42076,5,5,13,0.11224
2022-11-17,Healthcare,0.06626,5,5,10,0.17996
2022-11-17,Industrials,0.23864000000000002,5,3,7,0.023960000000000002
2022-11-17,Materials,0.14192,5,1,1,0.0
2022-11-17,RealEstate,0.0,5,0,0,0.24478
2022-11-17,Tech,0.37262,5,5,27,-0.044700000000000004
2022-11-17,Utilities,0.0,5,0,0,0.22481999999999996
2022-11-18,Comm,0.0,5,1,2,-0.03062
2022-11-18,Consumer,0.16770000000000002,5,5,17,0.65772
2022-11-18,Energy,0.21448,5,3,12,0.20661999999999997
2022-11-18,Financials,0.21544,5,3,8,0.42076
2022-11-18,Healthcare,0.25994,5,5,13,0.06626
2022-11-18,Industrials,-0.0256,5,1,3,0.23864000000000002
2022-11-18,Materials,0.20068000000000003,5,3,5,0.14192
2022-11-18,RealEstate,-0.08092,5,3,3,0.0
2022-11-18,Tech,0.45008,5,4,10,0.37262
2022-11-18,Utilities,0.16040000000000001,5,4,7,0.0
2022-11-21,Comm,0.27938,5,4,7,0.0
2022-11-21,Consumer,0.85154,5,5,48,0.16770000000000002
2022-11-21,Energy,0.51946,5,5,25,0.21448
2022-11-21,Financials,0.17316,5,4,19,0.21544
2022-11-21,Healthcare,0.49348000000000003,5,4,17,0.25994
2022-11-21,Industrials,0.18724000000000002,5,3,7,-0.0256
2022-11-21,Materials,0.14258,5,3,6,0.20068000000000003
2022-11-21,RealEstate,0.19841999999999999,5,4,9,-0.08092
2022-11-21,Tech,0.62684,5,5,19,0.45008
2022-11-21,Utilities,0.18874,5,4,9,0.16040000000000001
2022-11-22,Comm,0.15689999999999998,5,1,3,0.27938
2022-11-22,Consumer,0.36326,5,5,24,0.85154
2022-11-22,Energy,-0.06174,5,4,12,0.51946
2022-11-22,Financials,0.13816,5,4,10,0.17316
2022-11-22,Healthcare,0.5621799999999999,5,5,26,0.49348000000000003
2022-11-22,Industrials,0.40756,5,4,11,0.18724000000000002
2022-11-22,Materials,0.0,5,1,1,0.14258
2022-11-22,RealEstate,-0.16468,5,2,2,0.19841999999999999
2022-11-22,Tech,-0.10972,5,5,12,0.62684
2022-11-22,Utilities,0.0,5,3,5,0.18874
2022-11-23,Comm,0.00516,5,2,4,0.15689999999999998
2022-11-23,Consumer,0.55098,5,4,26,0.36326
2022-11-23,Energy,0.6613399999999999,5,5,23,-0.06174
2022-11-23,Financials,0.11194,5,3,7,0.13816
2022-11-23,Healthcare,0.27186,5,4,16,0.5621799999999999
2022-11-23,Industrials,0.0,5,2,2,0.40756
2022-11-23,Materials,0.059199999999999996,5,1,2,0.0
2022-11-23,RealEstate,0.17616,5,3,4,-0.16468
2022-11-23,Tech,0.36212,5,4,14,-0.10972
2022-11-23,Utilities,0.25002,5,4,5,0.0
2022-11-25,Comm,0.37844,5,3,6,0.00516
2022-11-25,Consumer,0.6540600000000001,5,5,37,0.55098
2022-11-25,Energy,0.383,5,5,13,0.6613399999999999
2022-11-25,Financials,0.24516,5,5,13,0.11194
2022-11-25,Healthcare,0.2851,5,4,15,0.27186
2022-11-25,Industrials,0.0,5,3,3,0.0
2022-11-25,Materials,0.0,5,2,2,0.059199999999999996
2022-11-25,RealEstate,0.25868,5,3,4,0.17616
2022-11-25,Tech,-0.14601999999999998,5,4,10,0.36212
2022-11-25,Utilities,0.24664000000000003,5,4,5,0.25002
2022-11-28,Comm,0.23693999999999998,5,2,4,0.37844
2022-11-28,Consumer,0.35716000000000003,5,4,27,0.6540600000000001
2022-11-28,Energy,-0.03676,5,5,32,0.383
2022-11-28,Financials,0.14228000000000002,5,4,12,0.24516
2022-11-28,Healthcare,0.71472,5,5,24,0.2851
2022-11-28,Industrials,0.041580000000000006,5,4,11,0.0
2022-11-28,Materials,0.04046,5,1,1,0.0
2022-11-28,RealEstate,0.27715999999999996,5,2,3,0.25868
2022-11-28,Tech,0.52976,5,5,33,-0.14601999999999998
2022-11-28,Utilities,0.10212000000000002,5,2,2,0.24664000000000003
2022-11-29,Comm,0.25534,5,3,7,0.23693999999999998
2022-11-29,Consumer,0.4202199999999999,5,4,23,0.35716000000000003
2022-11-29,Energy,0.23792,5,5,29,-0.03676
2022-11-29,Financials,0.4827,5,3,8,0.14228000000000002
2022-11-29,Healthcare,0.53156,5,5,13,0.71472
2022-11-29,Industrials,0.11987999999999999,5,4,5,0.041580000000000006
2022-11-29,Materials,0.0,5,3,7,0.04046
2022-11-29,RealEstate,0.0,5,0,0,0.27715999999999996
2022-11-29,Tech,-0.10976,5,5,15,0.52976
2022-11-29,Utilities,0.13528,5,3,5,0.10212000000000002
2022-11-30,Comm,0.09152,5,3,4,0.25534
2022-11-30,Consumer,0.39754,5,4,20,0.4202199999999999
2022-11-30,Energy,0.51022,5,4,19,0.23792
2022-11-30,Financials,0.0909,5,3,10,0.4827
2022-11-30,Healthcare,0.53476,5,5,17,0.53156
2022-11-30,Industrials,0.11673999999999998,5,4,14,0.11987999999999999
2022-11-30,Materials,0.2464,5,5,5,0.0
2022-11-30,RealEstate,0.1387,5,3,4,0.0
2022-11-30,Tech,0.2938,5,5,16,-0.10976
2022-11-30,Utilities,0.14892,5,3,4,0.13528
2022-12-01,Comm,0.14838,5,5,7,0.09152
2022-12-01,Consumer,0.38114,5,5,18,0.39754
2022-12-01,Energy,0.37956,5,5,12,0.51022
2022-12-01,Financials,-0.15016000000000002,5,5,16,0.0909
2022-12-01,Healthcare,0.31474,5,5,15,0.53476
2022-12-01,Industrials,0.32524,5,4,7,0.11673999999999998
2022-12-01,Materials,0.06604,5,4,7,0.2464
2022-12-01,RealEstate,0.34474,5,4,9,0.1387
2022-12-01,Tech,0.55682,5,5,22,0.2938
2022-12-01,Utilities,0.22686,5,4,5,0.14892
2022-12-02,Comm,0.42926000000000003,5,5,10,0.14838
2022-12-02,Consumer,0.45458,5,4,24,0.38114
2022-12-02,Energy,0.52064,5,4,8,0.37956
2022-12-02,Financials,0.38,5,4,16,-0.15016000000000002
2022-12-02,Healthcare,-0.25186,5,5,10,0.31474
2022-12-02,Industrials,0.06609999999999999,5,3,7,0.32524
2022-12-02,Materials,-0.068,5,2,2,0.06604
2022-12-02,RealEstate,0.09966,5,3,4,0.34474
2022-12-02,Tech,0.3266,5,5,27,0.55682
2022-12-02,Utilities,0.17018,5,2,2,0.22686
2022-12-05,Comm,0.27136,5,4,15,0.42926000000000003
2022-12-05,Consumer,0.13988,5,5,39,0.45458
2022-12-05,Energy,0.52234,5,4,21,0.52064
2022-12-05,Financials,0.36567999999999995,5,4,11,0.38
2022-12-05,Healthcare,0.12228000000000001,5,4,16,-0.25186
2022-12-05,Industrials,0.15468,5,4,10,0.06609999999999999
2022-12-05,Materials,0.0,5,2,2,-0.068
2022-12-05,RealEstate,0.12738,5,2,3,0.09966
2022-12-05,Tech,0.30878,5,5,18,0.3266
2022-12-05,Utilities,0.24548,5,4,8,0.17018
2022-12-06,Comm,0.28803999999999996,5,4,10,0.27136
2022-12-06,Consumer,0.4412,5,5,19,0.13988
2022-12-06,Energy,0.472,5,5,14,0.52234
2022-12-06,Financials,-0.27477999999999997,5,3,18,0.36567999999999995
2022-12-06,Healthcare,0.036720000000000017,5,5,15,0.12228000000000001
2022-12-06,Industrials,-0.20134,5,3,5,0.15468
2022-12-06,Materials,0.16804,5,2,4,0.0
2022-12-06,RealEstate,0.15926,5,2,3,0.12738
2022-12-06,Tech,0.12090000000000001,5,5,15,0.30878
2022-12-06,Utilities,-0.03062,5,2,3,0.24548
2022-12-07,Comm,0.07108,5,4,7,0.28803999999999996
2022-12-07,Consumer,0.36804,5,5,14,0.4412
2022-12-07,Energy,0.31904000000000005,5,5,19,0.472
2022-12-07,Financials,-0.25483999999999996,5,5,28,-0.27477999999999997
2022-12-07,Healthcare,0.05808000000000001,5,4,16,0.036720000000000017
2022-12-07,Industrials,0.09176,5,1,2,-0.20134
2022-12-07,Materials,0.0,5,0,0,0.16804
2022-12-07,RealEstate,0.3896,5,4,5,0.15926
2022-12-07,Tech,0.73056,5,5,25,0.12090000000000001
2022-12-07,Utilities,0.21692,5,3,3,-0.03062
2022-12-08,Comm,0.23061999999999996,5,3,11,0.07108
2022-12-08,Consumer,0.47948,5,5,28,0.36804
2022-12-08,Energy,0.44016,5,5,28,0.31904000000000005
2022-12-08,Financials,0.08606,5,5,13,-0.25483999999999996
2022-12-08,Healthcare,0.07948000000000002,5,5,12,0.05808000000000001
2022-12-08,Industrials,0.3199,5,4,10,0.09176
2022-12-08,Materials,0.068,5,2,2,0.0
2022-12-08,RealEstate,0.0,5,2,3,0.3896
2022-12-08,Tech,0.31596,5,3,15,0.73056
2022-12-08,Utilities,-0.04526,5,2,2,0.21692
2022-12-09,Comm,-0.03557999999999999,5,5,9,0.23061999999999996
2022-12-09,Consumer,0.66006,5,5,24,0.47948
2022-12-09,Energy,0.24104,5,5,24,0.44016
2022-12-09,Financials,0.0,5,5,11,0.08606
2022-12-09,Healthcare,0.34204,5,4,17,0.07948000000000002
2022-12-09,Industrials,0.14728,5,4,5,0.3199
2022-12-09,Materials,0.12738,5,2,3,0.068
2022-12-09,RealEstate,0.29122,5,3,4,0.0
2022-12-09,Tech,0.33348000000000005,5,4,13,0.31596
2022-12-09,Utilities,0.15928,5,4,7,-0.04526
2022-12-12,Comm,0.1514,5,3,6,-0.03557999999999999
2022-12-12,Consumer,0.41262,5,5,20,0.66006
2022-12-12,Energy,0.58114,5,5,19,0.24104
2022-12-12,Financials,0.11400000000000002,5,5,23,0.0
2022-12-12,Healthcare,0.18764,5,5,33,0.34204
2022-12-12,Industrials,0.042859999999999995,5,3,5,0.14728
2022-12-12,Materials,-0.07432,5,2,2,0.12738
2022-12-12,RealEstate,0.04046,5,3,3,0.29122
2022-12-12,Tech,0.46026,5,5,24,0.33348000000000005
2022-12-12,Utilities,0.31174,5,4,6,0.15928
2022-12-13,Comm,-0.014759999999999995,5,3,7,0.1514
2022-12-13,Consumer,0.24328,5,5,24,0.41262
2022-12-13,Energy,0.33548,5,5,12,0.58114
2022-12-13,Financials,0.15528,5,4,8,0.11400000000000002
2022-12-13,Healthcare,0.05706000000000002,5,5,28,0.18764
2022-12-13,Industrials,0.52984,5,4,14,0.042859999999999995
2022-12-13,Materials,0.1358,5,2,3,-0.07432
2022-12-13,RealEstate,-0.06364,5,2,2,0.04046
2022-12-13,Tech,0.6572199999999999,5,4,27,0.46026
2022-12-13,Utilities,0.25568,5,4,7,0.31174
2022-12-14,Comm,0.11427999999999998,5,3,8,-0.014759999999999995
2022-12-14,Consumer,0.19522,5,4,17,0.24328
2022-12-14,Energy,-0.03645999999999998,5,5,17,0.33548
2022-12-14,Financials,0.020079999999999987,5,4,11,0.15528
2022-12-14,Healthcare,0.136,5,4,10,0.05706000000000002
2022-12-14,Industrials,0.24986000000000003,5,4,5,0.52984
2022-12-14,Materials,0.07636,5,3,4,0.1358
2022-12-14,RealEstate,0.068,5,3,7,-0.06364
2022-12-14,Tech,0.028579999999999994,5,5,11,0.6572199999999999
2022-12-14,Utilities,0.0,5,1,1,0.25568
2022-12-15,Comm,0.25736,5,5,12,0.11427999999999998
2022-12-15,Consumer,0.35032,5,4,19,0.19522
2022-12-15,Energy,0.1804,5,5,20,-0.03645999999999998
2022-12-15,Financials,0.48608,5,4,14,0.020079999999999987
2022-12-15,Healthcare,0.45128,5,5,19,0.136
2022-12-15,Industrials,0.36063999999999996,5,3,14,0.24986000000000003
2022-12-15,Materials,0.0,5,2,3,0.07636
2022-12-15,RealEstate,0.09534000000000001,5,2,4,0.068
2022-12-15,Tech,-0.31151999999999996,5,5,30,0.028579999999999994
2022-12-15,Utilities,0.37502,5,4,5,0.0
2022-12-16,Comm,-0.11909999999999998,5,5,11,0.25736
2022-12-16,Consumer,0.44936,5,5,21,0.35032
2022-12-16,Energy,0.2869,5,4,9,0.1804
2022-12-16,Financials,-0.25630000000000003,5,4,8,0.48608
2022-12-16,Healthcare,0.15950000000000003,5,5,15,0.45128
2022-12-16,Industrials,0.10840000000000001,5,3,8,0.36063999999999996
2022-12-16,Materials,-0.12498000000000001,5,1,1,0.0
2022-12-16,RealEstate,0.20776,5,2,2,0.09534000000000001
2022-12-16,Tech,0.17082,5,4,27,-0.31151999999999996
2022-12-16,Utilities,0.28426,5,2,6,0.37502
2022-12-19,Comm,0.278,5,4,11,-0.11909999999999998
2022-12-19,Consumer,0.48228,5,5,29,0.44936
2022-12-19,Energy,0.33187999999999995,5,5,21,0.2869
2022-12-19,Financials,0.12892,5,5,20,-0.25630000000000003
2022-12-19,Healthcare,0.14542000000000002,5,5,20,0.15950000000000003
2022-12-19,Industrials,0.39264,5,4,11,0.10840000000000001
2022-12-19,Materials,0.09878,5,2,4,-0.12498000000000001
2022-12-19,RealEstate,0.39288,5,5,14,0.20776
2022-12-19,Tech,0.10768,5,5,24,0.17082
2022-12-19,Utilities,0.27888,5,3,6,0.28426
2022-12-20,Comm,0.21830000000000002,5,3,4,0.278
2022-12-20,Consumer,0.36156,5,4,22,0.48228
2022-12-20,Energy,0.5565599999999999,5,5,17,0.33187999999999995
2022-12-20,Financials,0.42466,5,5,17,0.12892
2022-12-20,Healthcare,0.50612,5,5,18,0.14542000000000002
2022-12-20,Industrials,0.24237999999999998,5,4,13,0.39264
2022-12-20,Materials,0.24744000000000002,5,4,7,0.09878
2022-12-20,RealEstate,0.07636,5,2,5,0.39288
2022-12-20,Tech,0.46698000000000006,5,4,15,0.10768
2022-12-20,Utilities,0.44517999999999996,5,4,8,0.27888
2022-12-21,Comm,0.06848,5,3,8,0.21830000000000002
2022-12-21,Consumer,0.19549999999999998,5,5,46,0.36156
2022-12-21,Energy,0.10846,5,4,10,0.5565599999999999
2022-12-21,Financials,0.12518,5,4,14,0.42466
2022-12-21,Healthcare,0.46376,5,5,16,0.50612
2022-12-21,Industrials,0.64062,5,4,14,0.24237999999999998
2022-12-21,Materials,0.10184,5,3,3,0.24744000000000002
2022-12-21,RealEstate,0.05228000000000001,5,3,5,0.07636
2022-12-21,Tech,0.5127200000000001,5,5,20,0.46698000000000006
2022-12-21,Utilities,0.18202000000000002,5,2,2,0.44517999999999996
2022-12-22,Comm,0.11782,5,3,9,0.06848
2022-12-22,Consumer,0.26986,5,4,23,0.19549999999999998
2022-12-22,Energy,0.63728,5,5,12,0.10846
2022-12-22,Financials,0.46626,5,5,12,0.12518
2022-12-22,Healthcare,0.09896,5,4,13,0.46376
2022-12-22,Industrials,0.20692,5,4,16,0.64062
2022-12-22,Materials,0.0,5,2,2,0.10184
2022-12-22,RealEstate,0.0,5,0,0,0.05228000000000001
2022-12-22,Tech,-0.50512,5,5,30,0.5127200000000001
2022-12-22,Utilities,0.0,5,2,2,0.18202000000000002
2022-12-23,Comm,0.18686,5,2,4,0.11782
2022-12-23,Consumer,0.23336,5,4,13,0.26986
2022-12-23,Energy,0.10212000000000002,5,4,9,0.63728
2022-12-23,Financials,0.24064000000000002,5,4,10,0.46626
2022-12-23,Healthcare,0.021060000000000013,5,3,7,0.09896
2022-12-23,Industrials,0.060499999999999984,5,4,7,0.20692
2022-12-23,Materials,0.0,5,1,1,0.0
2022-12-23,RealEstate,0.0,5,0,0,0.0
2022-12-23,Tech,0.29234,5,3,17,-0.50512
2022-12-23,Utilities,0.24496,5,2,3,0.0
2022-12-27,Comm,0.41956,5,3,11,0.18686
2022-12-27,Consumer,0.77268,5,5,35,0.23336
2022-12-27,Energy,0.59884,5,5,37,0.10212000000000002
2022-12-27,Financials,0.30624,5,5,12,0.24064000000000002
2022-12-27,Healthcare,0.38272,5,5,20,0.021060000000000013
2022-12-27,Industrials,0.45708000000000004,5,4,20,0.060499999999999984
2022-12-27,Materials,0.17012000000000002,5,2,2,0.0
2022-12-27,RealEstate,0.45782,5,5,10,0.0
2022-12-27,Tech,0.0388,5,5,28,0.29234
2022-12-27,Utilities,0.125,5,3,9,0.24496
2022-12-28,Comm,0.27076,5,3,10,0.41956
2022-12-28,Consumer,0.10464,5,4,8,0.77268
2022-12-28,Energy,0.26954,5,3,13,0.59884
2022-12-28,Financials,0.17456,5,3,11,0.30624
2022-12-28,Healthcare,0.28932,5,5,12,0.38272
2022-12-28,Industrials,0.14012,5,3,9,0.45708000000000004
2022-12-28,Materials,0.05464,5,3,4,0.17012000000000002
2022-12-28,RealEstate,0.24964,5,2,4,0.45782
2022-12-28,Tech,0.19578,5,4,14,0.0388
2022-12-28,Utilities,0.10928,5,3,4,0.125
2022-12-29,Comm,0.04556000000000001,5,3,4,0.27076
2022-12-29,Consumer,0.55294,5,5,22,0.10464
2022-12-29,Energy,0.21076,5,4,16,0.26954
2022-12-29,Financials,0.08714,5,5,12,0.17456
2022-12-29,Healthcare,0.32971999999999996,5,4,12,0.28932
2022-12-29,Industrials,0.18866,5,4,10,0.14012
2022-12-29,Materials,0.004880000000000001,5,2,4,0.05464
2022-12-29,RealEstate,0.12138,5,4,6,0.24964
2022-12-29,Tech,0.49646,5,5,13,0.19578
2022-12-29,Utilities,0.0060599999999999985,5,2,2,0.10928
2022-12-30,Comm,0.07602,5,3,8,0.04556000000000001
2022-12-30,Consumer,0.50252,5,5,25,0.55294
2022-12-30,Energy,0.38102,5,5,14,0.21076
2022-12-30,Financials,0.10212000000000002,5,2,3,0.08714
2022-12-30,Healthcare,0.18956,5,3,7,0.32971999999999996
2022-12-30,Industrials,0.18642,5,3,5,0.18866
2022-12-30,Materials,-0.06364,5,1,2,0.004880000000000001
2022-12-30,RealEstate,0.06364,5,2,3,0.12138
2022-12-30,Tech,0.14574,5,5,22,0.49646
2022-12-30,Utilities,0.07731999999999999,5,5,5,0.0060599999999999985
2023-01-03,Comm,-0.009340000000000005,5,3,16,0.07602
2023-01-03,Consumer,0.50644,5,5,34,0.50252
2023-01-03,Energy,0.8832800000000001,5,5,32,0.38102
2023-01-03,Financials,0.19126,5,5,18,0.10212000000000002
2023-01-03,Healthcare,0.37248000000000003,5,5,14,0.18956
2023-01-03,Industrials,0.23612000000000002,5,4,13,0.18642
2023-01-03,Materials,0.10212000000000002,5,4,4,-0.06364
2023-01-03,RealEstate,0.28708,5,4,9,0.06364
2023-01-03,Tech,0.6150599999999999,5,5,51,0.14574
2023-01-03,Utilities,0.10846,5,4,4,0.07731999999999999
2023-01-04,Comm,0.06208000000000001,5,3,6,-0.009340000000000005
2023-01-04,Consumer,0.49654,5,5,24,0.50644
2023-01-04,Energy,0.74276,5,5,27,0.8832800000000001
2023-01-04,Financials,0.43426,5,4,14,0.19126
2023-01-04,Healthcare,0.32292,5,4,13,0.37248000000000003
2023-01-04,Industrials,0.23271999999999998,5,3,13,0.23612000000000002
2023-01-04,Materials,0.08808,5,2,4,0.10212000000000002
2023-01-04,RealEstate,0.07224,5,2,2,0.28708
2023-01-04,Tech,0.09468,5,5,26,0.6150599999999999
2023-01-04,Utilities,0.31476000000000004,5,4,8,0.10846
2023-01-05,Comm,0.23676,5,3,8,0.06208000000000001
2023-01-05,Consumer,0.5427,5,5,21,0.49654
2023-01-05,Energy,0.6465799999999999,5,5,22,0.74276
2023-01-05,Financials,0.32337999999999995,5,5,15,0.43426
2023-01-05,Healthcare,0.32616,5,5,12,0.32292
2023-01-05,Industrials,0.17844,5,4,6,0.23271999999999998
2023-01-05,Materials,0.2156,5,5,7,0.08808
2023-01-05,RealEstate,0.14892,5,2,4,0.07224
2023-01-05,Tech,0.69552,5,5,27,0.09468
2023-01-05,Utilities,0.26246,5,4,8,0.31476000000000004
2023-01-06,Comm,0.4345800000000001,5,5,9,0.23676
2023-01-06,Consumer,0.32672,5,4,10,0.5427
2023-01-06,Energy,0.5673999999999999,5,5,22,0.6465799999999999
2023-01-06,Financials,0.21508000000000002,5,4,13,0.32337999999999995
2023-01-06,Healthcare,0.16534,5,5,9,0.32616
2023-01-06,Industrials,0.04046,5,2,6,0.17844
2023-01-06,Materials,0.0,5,2,5,0.2156
2023-01-06,RealEstate,0.12498000000000001,5,1,4,0.14892
2023-01-06,Tech,0.6157600000000001,5,5,21,0.69552
2023-01-06,Utilities,-0.01544,5,1,2,0.26246
2023-01-09,Comm,0.41563999999999995,5,4,9,0.4345800000000001
2023-01-09,Consumer,0.5714,5,4,25,0.32672
2023-01-09,Energy,0.55632,5,5,22,0.5673999999999999
2023-01-09,Financials,0.39958,5,5,25,0.21508000000000002
2023-01-09,Healthcare,0.4008,5,4,14,0.16534
2023-01-09,Industrials,0.42800000000000005,5,4,11,0.04046
2023-01-09,Materials,0.08038,5,5,10,0.0
2023-01-09,RealEstate,0.07569999999999999,5,3,9,0.12498000000000001
2023-01-09,Tech,0.06107999999999999,5,5,24,0.6157600000000001
2023-01-09,Utilities,0.19048000000000004,5,5,8,-0.01544
2023-01-10,Comm,0.43972,5,3,7,0.41563999999999995
2023-01-10,Consumer,0.32972,5,5,13,0.5714
2023-01-10,Energy,0.17334,5,5,16,0.55632
2023-01-10,Financials,0.38732,5,4,25,0.39958
2023-01-10,Healthcare,0.19058000000000003,5,4,13,0.4008
2023-01-10,Industrials,0.27598,5,4,11,0.42800000000000005
2023-01-10,Materials,0.08038,5,3,3,0.08038
2023-01-10,RealEstate,0.068,5,4,5,0.07569999999999999
2023-01-10,Tech,0.49668,5,5,21,0.06107999999999999
2023-01-10,Utilities,-0.05,5,1,2,0.19048000000000004
2023-01-11,Comm,0.22728,5,4,8,0.43972
2023-01-11,Consumer,0.28744,5,5,21,0.32972
2023-01-11,Energy,0.29614,5,3,9,0.17334
2023-01-11,Financials,0.09203999999999998,5,4,24,0.38732
2023-01-11,Healthcare,0.1387,5,5,13,0.19058000000000003
2023-01-11,Industrials,-0.033859999999999994,5,3,4,0.27598
2023-01-11,Materials,0.30864,5,4,10,0.08038
2023-01-11,RealEstate,0.07636,5,3,5,0.068
2023-01-11,Tech,0.23654000000000003,5,5,17,0.49668
2023-01-11,Utilities,0.12400000000000003,5,3,4,-0.05
2023-01-12,Comm,0.2857,5,4,14,0.22728
2023-01-12,Consumer,0.31842000000000004,5,5,28,0.28744
2023-01-12,Energy,0.20346000000000003,5,4,20,0.29614
2023-01-12,Financials,0.29276,5,5,23,0.09203999999999998
2023-01-12,Healthcare,0.13462000000000002,5,4,7,0.1387
2023-01-12,Industrials,0.35860000000000003,5,4,14,-0.033859999999999994
2023-01-12,Materials,0.15642,5,4,5,0.30864
2023-01-12,RealEstate,0.08414000000000002,5,4,5,0.07636
2023-01-12,Tech,0.18624000000000002,5,5,13,0.23654000000000003
2023-01-12,Utilities,0.24642,5,4,7,0.12400000000000003
2023-01-13,Comm,0.13994,5,1,2,0.2857
2023-01-13,Consumer,0.42989999999999995,5,5,17,0.31842000000000004
2023-01-13,Energy,0.42838000000000004,5,4,14,0.20346000000000003
2023-01-13,Financials,0.29422,5,5,48,0.29276
2023-01-13,Healthcare,0.37188,5,4,8,0.13462000000000002
2023-01-13,Industrials,0.022300000000000007,5,4,11,0.35860000000000003
2023-01-13,Materials,0.50588,5,5,10,0.15642
2023-01-13,RealEstate,0.04046,5,3,4,0.08414000000000002
2023-01-13,Tech,0.18446,5,5,14,0.18624000000000002
2023-01-13,Utilities,0.2311,5,3,4,0.24642
2023-01-17,Comm,0.39292000000000005,5,4,13,0.13994
2023-01-17,Consumer,0.8804399999999999,5,5,51,0.42989999999999995
2023-01-17,Energy,0.4263,5,5,40,0.42838000000000004
2023-01-17,Financials,0.7605999999999999,5,5,100,0.29422
2023-01-17,Healthcare,0.7995599999999999,5,5,33,0.37188
2023-01-17,Industrials,0.4828,5,4,13,0.022300000000000007
2023-01-17,Materials,0.22240000000000001,5,3,7,0.50588
2023-01-17,RealEstate,0.25486,5,4,8,0.04046
2023-01-17,Tech,0.7001999999999999,5,5,46,0.18446
2023-01-17,Utilities,0.33252,5,4,8,0.2311
2023-01-18,Comm,0.0,5,3,3,0.39292000000000005
2023-01-18,Consumer,0.64836,5,5,27,0.8804399999999999
2023-01-18,Energy,0.6480400000000001,5,5,21,0.4263
2023-01-18,Financials,0.6291,5,5,26,0.7605999999999999
2023-01-18,Healthcare,0.16682,5,4,10,0.7995599999999999
2023-01-18,Industrials,-0.04514,5,4,8,0.4828
2023-01-18,Materials,0.16076,5,3,7,0.22240000000000001
2023-01-18,RealEstate,-0.02054,5,3,8,0.25486
2023-01-18,Tech,0.46302000000000004,5,5,18,0.7001999999999999
2023-01-18,Utilities,0.16392,5,3,3,0.33252
2023-01-19,Comm,0.12231999999999998,5,3,11,0.0
2023-01-19,Consumer,-0.11168,5,5,24,0.64836
2023-01-19,Energy,0.14892,5,4,14,0.6480400000000001
2023-01-19,Financials,0.28296,5,5,22,0.6291
2023-01-19,Healthcare,-0.14006000000000002,5,4,10,0.16682
2023-01-19,Industrials,0.10146,5,4,7,-0.04514
2023-01-19,Materials,0.22936,5,4,11,0.16076
2023-01-19,RealEstate,0.17082,5,4,10,-0.02054
2023-01-19,Tech,0.1619,5,3,12,0.46302000000000004
2023-01-19,Utilities,0.16392,5,5,5,0.16392
2023-01-20,Comm,-0.2091,5,3,11,0.12231999999999998
2023-01-20,Consumer,0.06244000000000001,5,5,18,-0.11168
2023-01-20,Energy,0.61516,5,4,31,0.14892
2023-01-20,Financials,0.30579999999999996,5,5,24,0.28296
2023-01-20,Healthcare,0.04352,5,5,14,-0.14006000000000002
2023-01-20,Industrials,-0.006319999999999992,5,3,5,0.10146
2023-01-20,Materials,0.19034,5,3,5,0.22936
2023-01-20,RealEstate,0.15194000000000002,5,3,8,0.17082
2023-01-20,Tech,0.08928,5,5,26,0.1619
2023-01-20,Utilities,0.21692,5,3,7,0.16392
2023-01-23,Comm,0.24367999999999998,5,3,10,-0.2091
2023-01-23,Consumer,0.6442599999999999,5,5,31,0.06244000000000001
2023-01-23,Energy,0.29375999999999997,5,5,31,0.61516
2023-01-23,Financials,0.06664,5,5,21,0.30579999999999996
2023-01-23,Healthcare,0.71984,5,5,18,0.04352
2023-01-23,Industrials,0.5295799999999999,5,4,23,-0.006319999999999992
2023-01-23,Materials,0.15874,5,3,9,0.19034
2023-01-23,RealEstate,0.31688,5,5,13,0.15194000000000002
2023-01-23,Tech,0.6386200000000001,5,5,54,0.08928
2023-01-23,Utilities,0.39974,5,5,12,0.21692
2023-01-24,Comm,0.03014,5,5,9,0.24367999999999998
2023-01-24,Consumer,0.51356,5,5,33,0.6442599999999999
2023-01-24,Energy,0.55152,5,5,21,0.29375999999999997
2023-01-24,Financials,0.25608,5,5,10,0.06664
2023-01-24,Healthcare,0.1287,5,4,8,0.71984
2023-01-24,Industrials,0.027879999999999995,5,4,52,0.5295799999999999
2023-01-24,Materials,0.17931999999999998,5,3,7,0.15874
2023-01-24,RealEstate,0.32632,5,4,5,0.31688
2023-01-24,Tech,0.57508,5,4,32,0.6386200000000001
2023-01-24,Utilities,0.46028,5,4,12,0.39974
2023-01-25,Comm,-0.10166,5,5,27,0.03014
2023-01-25,Consumer,0.45405999999999996,5,5,21,0.51356
2023-01-25,Energy,0.7620199999999999,5,5,29,0.55152
2023-01-25,Financials,0.13379999999999997,5,4,22,0.25608
2023-01-25,Healthcare,-0.2813,5,4,29,0.1287
2023-01-25,Industrials,0.059199999999999996,5,3,6,0.027879999999999995
2023-01-25,Materials,-0.033099999999999984,5,5,11,0.17931999999999998
2023-01-25,RealEstate,0.14279999999999998,5,3,5,0.32632
2023-01-25,Tech,0.28864,5,5,29,0.57508
2023-01-25,Utilities,0.33184,5,4,14,0.46028
2023-01-26,Comm,0.54558,5,4,20,-0.10166
2023-01-26,Consumer,0.43714,5,5,19,0.45405999999999996
2023-01-26,Energy,0.51298,5,3,39,0.7620199999999999
2023-01-26,Financials,0.66268,5,5,35,0.13379999999999997
2023-01-26,Healthcare,0.32211999999999996,5,5,18,-0.2813
2023-01-26,Industrials,0.005039999999999989,5,4,19,0.059199999999999996
2023-01-26,Materials,0.2136,5,5,26,-0.033099999999999984
2023-01-26,RealEstate,0.08553999999999999,5,3,6,0.14279999999999998
2023-01-26,Tech,-0.008299999999999974,5,5,37,0.28864
2023-01-26,Utilities,0.45637999999999995,5,5,14,0.33184
2023-01-27,Comm,0.2634,5,5,13,0.54558
2023-01-27,Consumer,0.33693999999999996,5,5,19,0.43714
2023-01-27,Energy,0.53282,5,5,46,0.51298
2023-01-27,Financials,0.56562,5,4,29,0.66268
2023-01-27,Healthcare,0.005399999999999993,5,4,8,0.32211999999999996
2023-01-27,Industrials,0.29172000000000003,5,3,8,0.005039999999999989
2023-01-27,Materials,0.059199999999999996,5,2,3,0.2136
2023-01-27,RealEstate,0.12264,5,2,2,0.08553999999999999
2023-01-27,Tech,-0.29184,5,4,51,-0.008299999999999974
2023-01-27,Utilities,0.21596,5,4,6,0.45637999999999995
2023-01-30,Comm,0.08168,5,3,7,0.2634
2023-01-30,Consumer,0.20826000000000003,5,5,30,0.33693999999999996
2023-01-30,Energy,0.57152,5,5,29,0.53282
2023-01-30,Financials,0.3484,5,5,20,0.56562
2023-01-30,Healthcare,0.24596,5,5,19,0.005399999999999993
2023-01-30,Industrials,-0.025019999999999997,5,4,17,0.29172000000000003
2023-01-30,Materials,0.23728,5,2,6,0.059199999999999996
2023-01-30,RealEstate,0.4314,5,4,10,0.12264
2023-01-30,Tech,0.51084,5,5,31,-0.29184
2023-01-30,Utilities,0.17637999999999998,5,3,6,0.21596
2023-01-31,Comm,-0.10407999999999999,5,5,16,0.08168
2023-01-31,Consumer,0.2808,5,5,21,0.20826000000000003
2023-01-31,Energy,0.4556,5,5,36,0.57152
2023-01-31,Financials,0.16587999999999997,5,4,12,0.3484
2023-01-31,Healthcare,0.07568,5,5,23,0.24596
2023-01-31,Industrials,0.45133999999999996,5,3,39,-0.025019999999999997
2023-01-31,Materials,0.08782,5,3,4,0.23728
2023-01-31,RealEstate,0.27694,5,4,8,0.4314
2023-01-31,Tech,-0.06712,5,4,50,0.51084
2023-01-31,Utilities,0.3397,5,4,8,0.17637999999999998
2023-02-01,Comm,0.15149999999999997,5,5,24,-0.10407999999999999
2023-02-01,Consumer,0.43726000000000004,5,5,22,0.2808
2023-02-01,Energy,-0.32961999999999997,5,5,22,0.4556
2023-02-01,Financials,0.0,5,3,6,0.16587999999999997
2023-02-01,Healthcare,0.25795999999999997,5,5,26,0.07568
2023-02-01,Industrials,0.12816,5,4,8,0.45133999999999996
2023-02-01,Materials,0.0,5,1,1,0.08782
2023-02-01,RealEstate,0.32204,5,4,6,0.27694
2023-02-01,Tech,0.051019999999999996,5,5,50,-0.06712
2023-02-01,Utilities,0.08302,5,5,7,0.3397
2023-02-02,Comm,0.31268,5,5,15,0.15149999999999997
2023-02-02,Consumer,0.43738,5,5,20,0.43726000000000004
2023-02-02,Energy,0.54504,5,5,23,-0.32961999999999997
2023-02-02,Financials,0.5643,5,5,21,0.0
2023-02-02,Healthcare,0.59766,5,4,29,0.25795999999999997
2023-02-02,Industrials,0.22897999999999996,5,4,5,0.12816
2023-02-02,Materials,0.068,5,3,6,0.0
2023-02-02,RealEstate,0.21548000000000003,5,4,5,0.32204
2023-02-02,Tech,0.59632,5,5,31,0.051019999999999996
2023-02-02,Utilities,0.4016,5,4,8,0.08302
2023-02-03,Comm,0.23820000000000002,5,5,6,0.31268
2023-02-03,Consumer,0.2844,5,5,19,0.43738
2023-02-03,Energy,0.20712000000000003,5,5,13,0.54504
2023-02-03,Financials,0.2612,5,4,15,0.5643
2023-02-03,Healthcare,-0.18209999999999998,5,3,17,0.59766
2023-02-03,Industrials,0.33099999999999996,5,4,8,0.22897999999999996
2023-02-03,Materials,0.16956,5,4,9,0.068
2023-02-03,RealEstate,0.15484,5,3,6,0.21548000000000003
2023-02-03,Tech,-0.21505999999999997,5,5,25,0.59632
2023-02-03,Utilities,0.48804,5,4,9,0.4016
2023-02-06,Comm,-0.21014,5,5,20,0.23820000000000002
2023-02-06,Consumer,0.18005999999999997,5,5,38,0.2844
2023-02-06,Energy,0.25382000000000005,5,5,22,0.20712000000000003
2023-02-06,Financials,-0.07420000000000002,5,4,19,0.2612
2023-02-06,Healthcare,0.07232000000000001,5,5,22,-0.18209999999999998
2023-02-06,Industrials,0.20178000000000001,5,3,12,0.33099999999999996
2023-02-06,Materials,-0.08646000000000001,5,4,17,0.16956
2023-02-06,RealEstate,0.27864,5,5,19,0.15484
2023-02-06,Tech,0.6819,5,5,31,-0.21505999999999997
2023-02-06,Utilities,0.29626,5,5,15,0.48804
2023-02-07,Comm,0.0769,5,5,13,-0.21014
2023-02-07,Consumer,0.38986,5,4,14,0.18005999999999997
2023-02-07,Energy,0.23842,5,5,17,0.25382000000000005
2023-02-07,Financials,0.55338,5,5,19,-0.07420000000000002
2023-02-07,Healthcare,0.34236,5,5,13,0.07232000000000001
2023-02-07,Industrials,0.0,5,2,6,0.20178000000000001
2023-02-07,Materials,-0.19828,5,5,19,-0.08646000000000001
2023-02-07,RealEstate,0.09238,5,3,6,0.27864
2023-02-07,Tech,0.44908000000000003,5,5,17,0.6819
2023-02-07,Utilities,0.4386,5,4,10,0.29626
2023-02-08,Comm,0.14368,5,4,5,0.0769
2023-02-08,Consumer,0.37878,5,5,39,0.38986
2023-02-08,Energy,0.31858,5,5,19,0.23842
2023-02-08,Financials,0.056400000000000006,5,5,16,0.55338
2023-02-08,Healthcare,0.27233999999999997,5,5,15,0.34236
2023-02-08,Industrials,0.21853999999999996,5,2,4,0.0
2023-02-08,Materials,0.08038,5,3,3,-0.19828
2023-02-08,RealEstate,0.0,5,4,5,0.09238
2023-02-08,Tech,0.02534000000000001,5,4,17,0.44908000000000003
2023-02-08,Utilities,0.46285999999999994,5,3,18,0.4386
2023-02-09,Comm,0.07224,5,3,6,0.14368
2023-02-09,Consumer,0.31688,5,5,43,0.37878
2023-02-09,Energy,0.30629999999999996,5,5,23,0.31858
2023-02-09,Financials,-0.31856,5,5,15,0.056400000000000006
2023-02-09,Healthcare,0.38492000000000004,5,5,29,0.27233999999999997
2023-02-09,Industrials,0.25334,5,3,9,0.21853999999999996
2023-02-09,Materials,0.03915999999999999,5,4,8,0.08038
2023-02-09,RealEstate,0.13224,5,4,8,0.0
2023-02-09,Tech,0.55784,5,5,19,0.02534000000000001
2023-02-09,Utilities,0.43844000000000005,5,5,15,0.46285999999999994
2023-02-10,Comm,0.1061,5,4,5,0.07224
2023-02-10,Consumer,0.42102000000000006,5,5,18,0.31688
2023-02-10,Energy,0.45602,5,4,24,0.30629999999999996
2023-02-10,Financials,0.17316,5,2,6,-0.31856
2023-02-10,Healthcare,0.11148,5,3,5,0.38492000000000004
2023-02-10,Industrials,0.0,5,3,5,0.25334
2023-02-10,Materials,0.08808,5,2,3,0.03915999999999999
2023-02-10,RealEstate,0.30696,5,3,4,0.13224
2023-02-10,Tech,0.0997,5,4,18,0.55784
2023-02-10,Utilities,0.05464,5,3,4,0.43844000000000005
2023-02-13,Comm,0.0675,5,4,9,0.1061
2023-02-13,Consumer,0.6471199999999999,5,5,41,0.42102000000000006
2023-02-13,Energy,0.76738,5,5,31,0.45602
2023-02-13,Financials,0.23965999999999998,5,4,9,0.17316
2023-02-13,Healthcare,0.26554,5,5,12,0.11148
2023-02-13,Industrials,0.21894,5,4,8,0.0
2023-02-13,Materials,-0.00516,5,4,8,0.08808
2023-02-13,RealEstate,0.5503,5,4,10,0.30696
2023-02-13,Tech,0.8513999999999999,5,5,39,0.0997
2023-02-13,Utilities,0.20802,5,4,9,0.05464
2023-02-14,Comm,0.0,5,3,4,0.0675
2023-02-14,Consumer,0.71966,5,5,37,0.6471199999999999
2023-02-14,Energy,-0.17506,5,5,12,0.76738
2023-02-14,Financials,0.07719999999999998,5,5,20,0.23965999999999998
2023-02-14,Healthcare,0.46880000000000005,5,4,12,0.26554
2023-02-14,Industrials,0.21867999999999999,5,3,9,0.21894
2023-02-14,Materials,0.04526,5,3,3,-0.00516
2023-02-14,RealEstate,0.25061999999999995,5,5,8,0.5503
2023-02-14,Tech,0.57836,5,5,21,0.8513999999999999
2023-02-14,Utilities,0.21094,5,5,11,0.20802
2023-02-15,Comm,0.24186000000000002,5,5,9,0.0
2023-02-15,Consumer,0.06402000000000004,5,4,16,0.71966
2023-02-15,Energy,-0.04414,5,3,10,-0.17506
2023-02-15,Financials,-0.06326000000000001,5,4,15,0.07719999999999998
2023-02-15,Healthcare,0.08502,5,3,7,0.46880000000000005
2023-02-15,Industrials,0.013759999999999994,5,3,6,0.21867999999999999
2023-02-15,Materials,0.15434,5,2,10,0.04526
2023-02-15,RealEstate,0.01544,5,3,5,0.25061999999999995
2023-02-15,Tech,0.12191999999999999,5,5,11,0.57836
2023-02-15,Utilities,0.22361999999999999,5,4,5,0.21094
2023-02-16,Comm,0.07608000000000001,5,5,7,0.24186000000000002
2023-02-16,Consumer,0.05450000000000001,5,5,24,0.06402000000000004
2023-02-16,Energy,0.45885999999999993,5,5,21,-0.04414
2023-02-16,Financials,0.19988,5,5,15,-0.06326000000000001
2023-02-16,Healthcare,0.43166000000000004,5,5,22,0.08502
2023-02-16,Industrials,0.35663999999999996,5,4,12,0.013759999999999994
2023-02-16,Materials,0.15502,5,4,7,0.15434
2023-02-16,RealEstate,0.01392000000000001,5,3,6,0.01544
2023-02-16,Tech,0.6328199999999999,5,5,27,0.12191999999999999
2023-02-16,Utilities,0.34619999999999995,5,4,16,0.22361999999999999
2023-02-17,Comm,0.31106,5,3,4,0.07608000000000001
2023-02-17,Consumer,0.29318,5,4,14,0.05450000000000001
2023-02-17,Energy,0.0341,5,4,14,0.45885999999999993
2023-02-17,Financials,0.30284,5,5,14,0.19988
2023-02-17,Healthcare,0.30654000000000003,5,5,14,0.43166000000000004
2023-02-17,Industrials,0.05576,5,4,9,0.35663999999999996
2023-02-17,Materials,-0.059199999999999996,5,3,6,0.15502
2023-02-17,RealEstate,0.0,5,2,5,0.01392000000000001
2023-02-17,Tech,0.40024,5,5,23,0.6328199999999999
2023-02-17,Utilities,0.10138,5,4,10,0.34619999999999995
2023-02-21,Comm,0.23738,5,5,20,0.31106
2023-02-21,Consumer,0.37834,5,5,91,0.29318
2023-02-21,Energy,0.36936,5,5,34,0.0341
2023-02-21,Financials,-0.06068000000000001,5,5,18,0.30284
2023-02-21,Healthcare,0.08739999999999999,5,5,26,0.30654000000000003
2023-02-21,Industrials,0.53774,5,4,15,0.05576
2023-02-21,Materials,-0.12108,5,3,10,-0.059199999999999996
2023-02-21,RealEstate,0.23184,5,4,18,0.0
2023-02-21,Tech,0.5354,5,5,39,0.40024
2023-02-21,Utilities,0.17875999999999997,5,5,18,0.10138
2023-02-22,Comm,0.29664,5,3,9,0.23738
2023-02-22,Consumer,0.49539999999999995,5,5,29,0.37834
2023-02-22,Energy,0.38812,5,5,17,0.36936
2023-02-22,Financials,0.12016,5,4,16,-0.06068000000000001
2023-02-22,Healthcare,0.33321999999999996,5,5,20,0.08739999999999999
2023-02-22,Industrials,0.0,5,4,5,0.53774
2023-02-22,Materials,0.10381999999999998,5,3,8,-0.12108
2023-02-22,RealEstate,0.25749999999999995,5,4,11,0.23184
2023-02-22,Tech,0.5874,5,5,41,0.5354
2023-02-22,Utilities,0.2165,5,3,7,0.17875999999999997
2023-02-23,Comm,0.23325999999999997,5,5,9,0.29664
2023-02-23,Consumer,0.32278,5,5,21,0.49539999999999995
2023-02-23,Energy,0.4875,5,4,19,0.38812
2023-02-23,Financials,0.571,5,5,14,0.12016
2023-02-23,Healthcare,0.07508,5,3,5,0.33321999999999996
2023-02-23,Industrials,0.08452,5,4,7,0.0
2023-02-23,Materials,-0.005120000000000001,5,4,13,0.10381999999999998
2023-02-23,RealEstate,0.22244000000000003,5,5,20,0.25749999999999995
2023-02-23,Tech,0.33498,5,5,82,0.5874
2023-02-23,Utilities,0.21197999999999997,5,4,12,0.2165
2023-02-24,Comm,-0.0373,5,3,7,0.23325999999999997
2023-02-24,Consumer,0.06992,5,4,14,0.32278
2023-02-24,Energy,0.18994,5,5,10,0.4875
2023-02-24,Financials,0.12029999999999999,5,5,15,0.571
2023-02-24,Healthcare,0.27176,5,3,9,0.07508
2023-02-24,Industrials,0.00998,5,3,6,0.08452
2023-02-24,Materials,0.13926,5,4,7,-0.005120000000000001
2023-02-24,RealEstate,0.0,5,4,8,0.22244000000000003
2023-02-24,Tech,-0.1197,5,5,31,0.33498
2023-02-24,Utilities,0.20272,5,4,10,0.21197999999999997
2023-02-27,Comm,0.23078000000000004,5,3,9,-0.0373
2023-02-27,Consumer,0.35316000000000003,5,5,28,0.06992
2023-02-27,Energy,-0.10917999999999999,5,5,28,0.18994
2023-02-27,Financials,0.1648,5,5,21,0.12029999999999999
2023-02-27,Healthcare,0.31424,5,5,23,0.27176
2023-02-27,Industrials,0.22004,5,4,10,0.00998
2023-02-27,Materials,0.35044000000000003,5,4,6,0.13926
2023-02-27,RealEstate,0.24108000000000002,5,5,12,0.0
2023-02-27,Tech,0.30038,5,5,42,-0.1197
2023-02-27,Utilities,0.39102000000000003,5,5,12,0.20272
2023-02-28,Comm,0.19685999999999998,5,4,6,0.23078000000000004
2023-02-28,Consumer,0.30946,5,4,13,0.35316000000000003
2023-02-28,Energy,0.35024,5,3,18,-0.10917999999999999
2023-02-28,Financials,0.12190000000000001,5,3,16,0.1648
2023-02-28,Healthcare,0.25692,5,3,11,0.31424
2023-02-28,Industrials,0.37032,5,3,10,0.22004
2023-02-28,Materials,0.10212000000000002,5,1,1,0.35044000000000003
2023-02-28,RealEstate,0.11438,5,2,3,0.24108000000000002
2023-02-28,Tech,0.53538,5,4,20,0.30038
2023-02-28,Utilities,0.22616,5,4,5,0.39102000000000003
2023-03-01,Comm,0.1507,5,5,14,0.19685999999999998
2023-03-01,Consumer,0.39778,5,5,28,0.30946
2023-03-01,Energy,0.24387999999999996,5,4,14,0.35024
2023-03-01,Financials,0.17748000000000003,5,5,19,0.12190000000000001
2023-03-01,Healthcare,0.09852000000000001,5,5,15,0.25692
2023-03-01,Industrials,0.03308,5,4,19,0.37032
2023-03-01,Materials,0.24012000000000003,5,3,8,0.10212000000000002
2023-03-01,RealEstate,0.02278,5,4,5,0.11438
2023-03-01,Tech,0.61802,5,5,26,0.53538
2023-03-01,Utilities,0.2122,5,3,4,0.22616
2023-03-02,Comm,0.50958,5,5,13,0.1507
2023-03-02,Consumer,0.60196,5,5,26,0.39778
2023-03-02,Energy,0.57748,5,5,17,0.24387999999999996
2023-03-02,Financials,0.31926,5,5,14,0.17748000000000003
2023-03-02,Healthcare,0.19698000000000002,5,5,13,0.09852000000000001
2023-03-02,Industrials,0.24228,5,3,4,0.03308
2023-03-02,Materials,-0.10493999999999999,5,4,8,0.24012000000000003
2023-03-02,RealEstate,0.22432000000000002,5,3,6,0.02278
2023-03-02,Tech,0.465,5,5,30,0.61802
2023-03-02,Utilities,0.05464,5,3,3,0.2122
2023-03-03,Comm,-0.07432,5,2,2,0.50958
2023-03-03,Consumer,0.10177999999999998,5,3,9,0.60196
2023-03-03,Energy,0.33904,5,4,11,0.57748
2023-03-03,Financials,0.08628,5,5,15,0.31926
2023-03-03,Healthcare,0.31852,5,3,6,0.19698000000000002
2023-03-03,Industrials,0.10876000000000001,5,4,8,0.24228
2023-03-03,Materials,-0.013059999999999999,5,4,8,-0.10493999999999999
2023-03-03,RealEstate,0.01032,5,1,4,0.22432000000000002
2023-03-03,Tech,0.53772,5,5,24,0.465
2023-03-03,Utilities,0.020780000000000003,5,3,3,0.05464
2023-03-06,Comm,0.04046,5,5,7,-0.07432
2023-03-06,Consumer,0.020520000000000004,5,5,28,0.10177999999999998
2023-03-06,Energy,0.32524000000000003,5,5,40,0.33904
2023-03-06,Financials,0.26104,5,3,17,0.08628
2023-03-06,Healthcare,0.29394,5,5,23,0.31852
2023-03-06,Industrials,0.37156,5,4,12,0.10876000000000001
2023-03-06,Materials,0.068,5,4,6,-0.013059999999999999
2023-03-06,RealEstate,0.05504000000000001,5,5,11,0.01032
2023-03-06,Tech,0.23442,5,5,33,0.53772
2023-03-06,Utilities,0.15682000000000001,5,4,9,0.020780000000000003
2023-03-07,Comm,0.15453999999999998,5,4,5,0.04046
2023-03-07,Consumer,0.50614,5,5,21,0.020520000000000004
2023-03-07,Energy,0.47048000000000006,5,5,25,0.32524000000000003
2023-03-07,Financials,0.61344,5,5,15,0.26104
2023-03-07,Healthcare,0.24488,5,4,8,0.29394
2023-03-07,Industrials,0.21345999999999998,5,2,5,0.37156
2023-03-07,Materials,0.09534000000000001,5,4,6,0.068
2023-03-07,RealEstate,0.08808,5,2,3,0.05504000000000001
2023-03-07,Tech,0.33898,5,5,28,0.23442
2023-03-07,Utilities,0.25072,5,5,13,0.15682000000000001
2023-03-08,Comm,0.021039999999999993,5,2,3,0.15453999999999998
2023-03-08,Consumer,0.37652,5,5,11,0.50614
2023-03-08,Energy,0.63092,5,5,31,0.47048000000000006
2023-03-08,Financials,0.28844000000000003,5,5,23,0.61344
2023-03-08,Healthcare,0.25648,5,5,17,0.24488
2023-03-08,Industrials,0.34937999999999997,5,4,10,0.21345999999999998
2023-03-08,Materials,0.21692,5,4,7,0.09534000000000001
2023-03-08,RealEstate,0.19782,5,4,5,0.08808
2023-03-08,Tech,0.41414,5,5,23,0.33898
2023-03-08,Utilities,0.07486,5,2,5,0.25072
2023-03-09,Comm,-0.06386,5,4,8,0.021039999999999993
2023-03-09,Consumer,0.34598,5,5,21,0.37652
2023-03-09,Energy,0.66496,5,5,21,0.63092
2023-03-09,Financials,0.14101999999999998,5,5,15,0.28844000000000003
2023-03-09,Healthcare,0.34436,5,5,17,0.25648
2023-03-09,Industrials,0.25878,5,4,16,0.34937999999999997
2023-03-09,Materials,-0.03062,5,3,7,0.21692
2023-03-09,RealEstate,0.10034000000000001,5,4,9,0.19782
2023-03-09,Tech,0.53952,5,5,29,0.41414
2023-03-09,Utilities,0.10298,5,2,3,0.07486
2023-03-10,Comm,0.11438,5,3,8,-0.06386
2023-03-10,Consumer,0.41790000000000005,5,5,21,0.34598
2023-03-10,Energy,0.21103999999999998,5,4,18,0.66496
2023-03-10,Financials,0.11947999999999999,5,5,23,0.14101999999999998
2023-03-10,Healthcare,0.26609999999999995,5,4,9,0.34436
2023-03-10,Industrials,0.30976,5,4,14,0.25878
2023-03-10,Materials,0.11800000000000002,5,4,5,-0.03062
2023-03-10,RealEstate,0.26661999999999997,5,5,9,0.10034000000000001
2023-03-10,Tech,0.29328,5,4,25,0.53952
2023-03-10,Utilities,0.24731999999999998,5,4,7,0.10298
2023-03-13,Comm,0.19592,5,3,10,0.11438
2023-03-13,Consumer,0.19374000000000002,5,5,41,0.41790000000000005
2023-03-13,Energy,0.63222,5,5,30,0.21103999999999998
2023-03-13,Financials,-0.29766,5,5,45,0.11947999999999999
2023-03-13,Healthcare,0.45294,5,5,18,0.26609999999999995
2023-03-13,Industrials,0.49642,5,4,18,0.30976
2023-03-13,Materials,0.1782,5,5,8,0.11800000000000002
2023-03-13,RealEstate,0.09658,5,5,11,0.26661999999999997
2023-03-13,Tech,0.36682000000000003,5,5,28,0.29328
2023-03-13,Utilities,0.23152,5,2,5,0.24731999999999998
2023-03-14,Comm,0.0,5,1,3,0.19592
2023-03-14,Consumer,0.095,5,5,19,0.19374000000000002
2023-03-14,Energy,0.71806,5,5,24,0.63222
2023-03-14,Financials,0.21378000000000003,5,5,27,-0.29766
2023-03-14,Healthcare,0.04111999999999999,5,5,15,0.45294
2023-03-14,Industrials,0.25778,5,2,7,0.49642
2023-03-14,Materials,0.18589999999999998,5,4,13,0.1782
2023-03-14,RealEstate,0.20270000000000002,5,5,7,0.09658
2023-03-14,Tech,0.49914000000000003,5,4,18,0.36682000000000003
2023-03-14,Utilities,0.07248000000000002,5,3,5,0.23152
2023-03-15,Comm,0.35466000000000003,5,3,9,0.0
2023-03-15,Consumer,0.21724000000000002,5,5,20,0.095
2023-03-15,Energy,0.5937,5,5,28,0.71806
2023-03-15,Financials,-0.12158000000000002,5,5,26,0.21378000000000003
2023-03-15,Healthcare,0.15889999999999999,5,5,14,0.04111999999999999
2023-03-15,Industrials,0.12212,5,4,9,0.25778
2023-03-15,Materials,0.22957999999999998,5,5,15,0.18589999999999998
2023-03-15,RealEstate,0.28536,5,4,10,0.20270000000000002
2023-03-15,Tech,0.09992000000000001,5,5,19,0.49914000000000003
2023-03-15,Utilities,0.35775999999999997,5,4,9,0.07248000000000002
2023-03-16,Comm,0.313,5,4,14,0.35466000000000003
2023-03-16,Consumer,0.05232000000000001,5,5,15,0.21724000000000002
2023-03-16,Energy,-0.18734,5,5,15,0.5937
2023-03-16,Financials,-0.24984,5,5,26,-0.12158000000000002
2023-03-16,Healthcare,-0.021160000000000005,5,5,9,0.15889999999999999
2023-03-16,Industrials,0.22271999999999997,5,3,6,0.12212
2023-03-16,Materials,0.09580000000000002,5,3,7,0.22957999999999998
2023-03-16,RealEstate,0.31442000000000003,5,4,8,0.28536
2023-03-16,Tech,0.55432,5,5,49,0.09992000000000001
2023-03-16,Utilities,0.24702000000000002,5,5,9,0.35775999999999997
2023-03-17,Comm,0.04046,5,2,4,0.313
2023-03-17,Consumer,0.06552000000000001,5,5,17,0.05232000000000001
2023-03-17,Energy,0.12223999999999999,5,4,11,-0.18734
2023-03-17,Financials,-0.12339999999999998,5,5,28,-0.24984
2023-03-17,Healthcare,0.0393,5,3,8,-0.021160000000000005
2023-03-17,Industrials,0.09478,5,3,6,0.22271999999999997
2023-03-17,Materials,0.09348,5,3,12,0.09580000000000002
2023-03-17,RealEstate,0.27358000000000005,5,4,6,0.31442000000000003
2023-03-17,Tech,0.35482,5,5,37,0.55432
2023-03-17,Utilities,0.42829999999999996,5,4,11,0.24702000000000002
2023-03-20,Comm,0.37302,5,5,11,0.04046
2023-03-20,Consumer,0.22254000000000002,5,5,26,0.06552000000000001
2023-03-20,Energy,0.73036,5,5,29,0.12223999999999999
2023-03-20,Financials,0.70122,5,5,40,-0.12339999999999998
2023-03-20,Healthcare,0.32764000000000004,5,5,20,0.0393
2023-03-20,Industrials,0.25692,5,4,11,0.09478
2023-03-20,Materials,0.35604,5,3,8,0.09348
2023-03-20,RealEstate,0.09046000000000001,5,4,8,0.27358000000000005
2023-03-20,Tech,0.701,5,5,44,0.35482
2023-03-20,Utilities,0.30457999999999996,5,4,10,0.42829999999999996
2023-03-21,Comm,0.26814,5,5,13,0.37302
2023-03-21,Consumer,0.42206,5,4,21,0.22254000000000002
2023-03-21,Energy,0.14954,5,4,16,0.73036
2023-03-21,Financials,0.31628,5,5,19,0.70122
2023-03-21,Healthcare,0.33204,5,5,13,0.32764000000000004
2023-03-21,Industrials,0.23534000000000002,5,3,5,0.25692
2023-03-21,Materials,0.12404,5,4,12,0.35604
2023-03-21,RealEstate,0.57552,5,4,8,0.09046000000000001
2023-03-21,Tech,0.029680000000000012,5,5,29,0.701
2023-03-21,Utilities,0.25,5,4,5,0.30457999999999996
2023-03-22,Comm,0.16606,5,3,6,0.26814
2023-03-22,Consumer,-0.16708,5,5,30,0.42206
2023-03-22,Energy,0.46871999999999997,5,5,22,0.14954
2023-03-22,Financials,0.23556,5,5,21,0.31628
2023-03-22,Healthcare,0.06364,5,5,20,0.33204
2023-03-22,Industrials,0.18238000000000001,5,3,5,0.23534000000000002
2023-03-22,Materials,0.09862000000000001,5,4,6,0.12404
2023-03-22,RealEstate,0.13924,5,3,3,0.57552
2023-03-22,Tech,0.37207999999999997,5,5,39,0.029680000000000012
2023-03-22,Utilities,0.10928,5,4,8,0.25
2023-03-23,Comm,0.37245999999999996,5,4,9,0.16606
2023-03-23,Consumer,0.2539,5,5,20,-0.16708
2023-03-23,Energy,0.47122,5,5,17,0.46871999999999997
2023-03-23,Financials,-0.0024800000000000156,5,5,21,0.23556
2023-03-23,Healthcare,0.39024000000000003,5,3,11,0.06364
2023-03-23,Industrials,0.12972,5,3,4,0.18238000000000001
2023-03-23,Materials,0.15566,5,4,9,0.09862000000000001
2023-03-23,RealEstate,0.1092,5,4,4,0.13924
2023-03-23,Tech,0.58038,5,5,35,0.37207999999999997
2023-03-23,Utilities,0.136,5,4,7,0.10928
2023-03-24,Comm,0.12738,5,2,2,0.37245999999999996
2023-03-24,Consumer,0.44448,5,5,15,0.2539
2023-03-24,Energy,0.35084,5,5,11,0.47122
2023-03-24,Financials,-0.2677,5,5,24,-0.0024800000000000156
2023-03-24,Healthcare,0.09828,5,4,11,0.39024000000000003
2023-03-24,Industrials,0.23376000000000002,5,4,8,0.12972
2023-03-24,Materials,0.0,5,1,1,0.15566
2023-03-24,RealEstate,0.068,5,2,2,0.1092
2023-03-24,Tech,0.22304,5,5,29,0.58038
2023-03-24,Utilities,0.14006000000000002,5,2,2,0.136
2023-03-27,Comm,0.23900000000000002,5,3,13,0.12738
2023-03-27,Consumer,0.37864,5,5,29,0.44448
2023-03-27,Energy,0.05068000000000002,5,5,25,0.35084
2023-03-27,Financials,0.43878000000000006,5,5,29,-0.2677
2023-03-27,Healthcare,0.5838599999999999,5,5,22,0.09828
2023-03-27,Industrials,0.43826,5,4,17,0.23376000000000002
2023-03-27,Materials,0.05464,5,2,5,0.0
2023-03-27,RealEstate,0.1421,5,3,8,0.068
2023-03-27,Tech,0.68316,5,5,48,0.22304
2023-03-27,Utilities,0.13502,5,4,7,0.14006000000000002
2023-03-28,Comm,0.25578,5,4,7,0.23900000000000002
2023-03-28,Consumer,0.46820000000000006,5,5,22,0.37864
2023-03-28,Energy,0.08542000000000001,5,5,15,0.05068000000000002
2023-03-28,Financials,0.53124,5,5,16,0.43878000000000006
2023-03-28,Healthcare,0.45382,5,5,13,0.5838599999999999
2023-03-28,Industrials,0.11135999999999999,5,2,6,0.43826
2023-03-28,Materials,0.2811,5,2,4,0.05464
2023-03-28,RealEstate,0.059199999999999996,5,2,2,0.1421
2023-03-28,Tech,0.31132,5,5,20,0.68316
2023-03-28,Utilities,0.40618,5,4,7,0.13502
2023-03-29,Comm,0.19332000000000002,5,4,7,0.25578
2023-03-29,Consumer,0.31088,5,5,24,0.46820000000000006
2023-03-29,Energy,0.42432,5,5,29,0.08542000000000001
2023-03-29,Financials,-0.0588,5,5,20,0.53124
2023-03-29,Healthcare,0.13986,5,5,12,0.45382
2023-03-29,Industrials,0.07877999999999999,5,4,12,0.11135999999999999
2023-03-29,Materials,0.1956,5,3,8,0.2811
2023-03-29,RealEstate,0.18394000000000002,5,3,5,0.059199999999999996
2023-03-29,Tech,0.29142,5,5,26,0.31132
2023-03-29,Utilities,0.22952000000000003,5,4,8,0.40618
2023-03-30,Comm,0.2325,5,4,6,0.19332000000000002
2023-03-30,Consumer,0.41112000000000004,5,5,26,0.31088
2023-03-30,Energy,0.27894,5,5,16,0.42432
2023-03-30,Financials,0.56322,5,4,17,-0.0588
2023-03-30,Healthcare,-0.004320000000000013,5,4,13,0.13986
2023-03-30,Industrials,0.31366,5,3,6,0.07877999999999999
2023-03-30,Materials,0.1065,5,3,6,0.1956
2023-03-30,RealEstate,0.17214000000000002,5,3,7,0.18394000000000002
2023-03-30,Tech,0.6712,5,5,31,0.29142
2023-03-30,Utilities,0.21912000000000004,5,4,5,0.22952000000000003
2023-03-31,Comm,0.38174,5,3,9,0.2325
2023-03-31,Consumer,0.29776,5,4,24,0.41112000000000004
2023-03-31,Energy,0.32460000000000006,5,5,14,0.27894
2023-03-31,Financials,0.34598,5,5,13,0.56322
2023-03-31,Healthcare,0.33872,5,4,11,-0.004320000000000013
2023-03-31,Industrials,-0.05256000000000001,5,3,6,0.31366
2023-03-31,Materials,0.018120000000000004,5,3,5,0.1065
2023-03-31,RealEstate,0.18070000000000003,5,3,4,0.17214000000000002
2023-03-31,Tech,0.5075999999999999,5,5,22,0.6712
2023-03-31,Utilities,0.26155999999999996,5,3,8,0.21912000000000004
2023-04-03,Comm,0.48918,5,4,18,0.38174
2023-04-03,Consumer,0.54356,5,5,47,0.29776
2023-04-03,Energy,-0.4736000000000001,5,5,64,0.32460000000000006
2023-04-03,Financials,0.40164,5,5,28,0.34598
2023-04-03,Healthcare,-0.06720000000000001,5,5,16,0.33872
2023-04-03,Industrials,0.2744,5,4,10,-0.05256000000000001
2023-04-03,Materials,-0.10533999999999999,5,4,5,0.018120000000000004
2023-04-03,RealEstate,0.14252,5,4,9,0.18070000000000003
2023-04-03,Tech,0.62602,5,5,64,0.5075999999999999
2023-04-03,Utilities,0.39186,5,4,8,0.26155999999999996
2023-04-04,Comm,0.18596,5,5,12,0.48918
2023-04-04,Consumer,0.21546000000000004,5,5,13,0.54356
2023-04-04,Energy,0.67272,5,5,33,-0.4736000000000001
2023-04-04,Financials,-0.10228000000000001,5,5,29,0.40164
2023-04-04,Healthcare,0.33762,5,4,15,-0.06720000000000001
2023-04-04,Industrials,0.0859,5,4,16,0.2744
2023-04-04,Materials,0.0999,5,3,6,-0.10533999999999999
2023-04-04,RealEstate,0.2352,5,4,7,0.14252
2023-04-04,Tech,0.47042,5,5,33,0.62602
2023-04-04,Utilities,0.24446000000000004,5,4,7,0.39186
2023-04-05,Comm,0.13334000000000001,5,2,8,0.18596
2023-04-05,Consumer,0.31886000000000003,5,5,20,0.21546000000000004
2023-04-05,Energy,0.23168000000000002,5,5,28,0.67272
2023-04-05,Financials,-0.16919999999999996,5,5,19,-0.10228000000000001
2023-04-05,Healthcare,0.10866000000000002,5,5,15,0.33762
2023-04-05,Industrials,-0.054220000000000004,5,3,11,0.0859
2023-04-05,Materials,0.24546,5,3,4,0.0999
2023-04-05,RealEstate,0.15488,5,1,7,0.2352
2023-04-05,Tech,0.03876000000000002,5,4,31,0.47042
2023-04-05,Utilities,0.10846,5,2,5,0.24446000000000004
2023-04-06,Comm,0.31052,5,5,12,0.13334000000000001
2023-04-06,Consumer,0.40456000000000003,5,5,26,0.31886000000000003
2023-04-06,Energy,0.36826,5,4,20,0.23168000000000002
2023-04-06,Financials,0.22150000000000003,5,5,15,-0.16919999999999996
2023-04-06,Healthcare,0.0905,5,5,18,0.10866000000000002
2023-04-06,Industrials,0.17718,5,4,15,-0.054220000000000004
2023-04-06,Materials,0.25076,5,4,6,0.24546
2023-04-06,RealEstate,0.17970000000000003,5,4,8,0.15488
2023-04-06,Tech,0.49524,5,5,19,0.03876000000000002
2023-04-06,Utilities,0.35486,5,4,6,0.10846
2023-04-10,Comm,0.12134,5,5,10,0.31052
2023-04-10,Consumer,0.47800000000000004,5,5,35,0.40456000000000003
2023-04-10,Energy,0.49368,5,5,49,0.36826
2023-04-10,Financials,0.23026,5,4,43,0.22150000000000003
2023-04-10,Healthcare,0.3318,5,5,28,0.0905
2023-04-10,Industrials,0.50184,5,4,21,0.17718
2023-04-10,Materials,0.33264,5,4,11,0.25076
2023-04-10,RealEstate,0.3224,5,5,16,0.17970000000000003
2023-04-10,Tech,0.85544,5,5,56,0.49524
2023-04-10,Utilities,0.29634,5,3,7,0.35486
2023-04-11,Comm,0.09278,5,4,9,0.12134
2023-04-11,Consumer,0.24333999999999997,5,4,18,0.47800000000000004
2023-04-11,Energy,0.40418000000000004,5,4,18,0.49368
2023-04-11,Financials,0.26023999999999997,5,5,28,0.23026
2023-04-11,Healthcare,0.09448000000000001,5,5,13,0.3318
2023-04-11,Industrials,0.059739999999999994,5,4,9,0.50184
2023-04-11,Materials,0.17864,5,4,12,0.33264
2023-04-11,RealEstate,0.40776,5,4,5,0.3224
2023-04-11,Tech,0.305,5,5,21,0.85544
2023-04-11,Utilities,0.15342,5,5,7,0.29634
2023-04-12,Comm,0.36108,5,5,13,0.09278
2023-04-12,Consumer,0.18525999999999998,5,5,20,0.24333999999999997
2023-04-12,Energy,0.14606,5,5,19,0.40418000000000004
2023-04-12,Financials,0.3141,5,5,29,0.26023999999999997
2023-04-12,Healthcare,0.25372,5,5,20,0.09448000000000001
2023-04-12,Industrials,0.18256,5,4,16,0.059739999999999994
2023-04-12,Materials,0.0,5,1,2,0.17864
2023-04-12,RealEstate,0.23432000000000003,5,2,5,0.40776
2023-04-12,Tech,0.47442,5,5,27,0.305
2023-04-12,Utilities,0.26542,5,3,5,0.15342
2023-04-13,Comm,-0.019379999999999998,5,5,13,0.36108
2023-04-13,Consumer,0.08574000000000001,5,5,23,0.18525999999999998
2023-04-13,Energy,0.38449999999999995,5,4,20,0.14606
2023-04-13,Financials,0.38761999999999996,5,5,36,0.3141
2023-04-13,Healthcare,-0.11753999999999998,5,4,11,0.25372
2023-04-13,Industrials,0.26306,5,3,6,0.18256
2023-04-13,Materials,-0.02054,5,4,5,0.0
2023-04-13,RealEstate,-0.02054,5,2,3,0.23432000000000003
2023-04-13,Tech,0.4662,5,5,45,0.47442
2023-04-13,Utilities,0.30642,5,4,9,0.26542
2023-04-14,Comm,0.09006,5,2,7,-0.019379999999999998
2023-04-14,Consumer,0.26326,5,5,16,0.08574000000000001
2023-04-14,Energy,0.64406,5,5,24,0.38449999999999995
2023-04-14,Financials,-0.004959999999999987,5,5,55,0.38761999999999996
2023-04-14,Healthcare,0.05696000000000001,5,5,17,-0.11753999999999998
2023-04-14,Industrials,0.1042,5,4,10,0.26306
2023-04-14,Materials,0.06364,5,1,4,-0.02054
2023-04-14,RealEstate,0.14728,5,3,6,-0.02054
2023-04-14,Tech,0.6826399999999999,5,5,36,0.4662
2023-04-14,Utilities,0.23435999999999998,5,5,8,0.30642
2023-04-17,Comm,0.15478,5,5,15,0.09006
2023-04-17,Consumer,0.22515999999999997,5,5,39,0.26326
2023-04-17,Energy,0.50546,5,5,28,0.64406
2023-04-17,Financials,0.74514,5,5,71,-0.004959999999999987
2023-04-17,Healthcare,0.5141,5,5,30,0.05696000000000001
2023-04-17,Industrials,0.32846,5,4,17,0.1042
2023-04-17,Materials,0.10533999999999999,5,2,2,0.06364
2023-04-17,RealEstate,0.021179999999999997,5,4,8,0.14728
2023-04-17,Tech,0.55118,5,5,37,0.6826399999999999
2023-04-17,Utilities,0.13598000000000002,5,4,10,0.23435999999999998
2023-04-18,Comm,0.12982,5,4,13,0.15478
2023-04-18,Consumer,-0.19522,5,5,21,0.22515999999999997
2023-04-18,Energy,0.18626,5,5,28,0.50546
2023-04-18,Financials,0.55806,5,5,46,0.74514
2023-04-18,Healthcare,0.29744000000000004,5,5,13,0.5141
2023-04-18,Industrials,0.178,5,4,11,0.32846
2023-04-18,Materials,0.28052,5,4,8,0.10533999999999999
2023-04-18,RealEstate,0.35065999999999997,5,5,20,0.021179999999999997
2023-04-18,Tech,0.7811999999999999,5,5,42,0.55118
2023-04-18,Utilities,0.26568,5,5,14,0.13598000000000002
2023-04-19,Comm,0.29856,5,3,12,0.12982
2023-04-19,Consumer,0.33330000000000004,5,5,28,-0.19522
2023-04-19,Energy,0.6225400000000001,5,5,25,0.18626
2023-04-19,Financials,0.7840999999999999,5,5,62,0.55806
2023-04-19,Healthcare,0.37256,5,5,33,0.29744000000000004
2023-04-19,Industrials,0.37004000000000004,5,4,15,0.178
2023-04-19,Materials,0.013360000000000006,5,3,8,0.28052
2023-04-19,RealEstate,0.14014,5,4,11,0.35065999999999997
2023-04-19,Tech,0.53494,5,5,24,0.7811999999999999
2023-04-19,Utilities,0.37818,5,5,8,0.26568
2023-04-20,Comm,0.030559999999999997,5,3,32,0.29856
2023-04-20,Consumer,0.52152,5,5,22,0.33330000000000004
2023-04-20,Energy,0.37566,5,5,20,0.6225400000000001
2023-04-20,Financials,0.29135999999999995,5,5,43,0.7840999999999999
2023-04-20,Healthcare,0.27644,5,4,14,0.37256
2023-04-20,Industrials,0.2645,5,4,14,0.37004000000000004
2023-04-20,Materials,0.41556,5,5,20,0.013360000000000006
2023-04-20,RealEstate,0.13552,5,4,9,0.14014
2023-04-20,Tech,0.41798,5,5,36,0.53494
2023-04-20,Utilities,0.27904,5,5,12,0.37818
2023-04-21,Comm,0.37076,5,5,20,0.030559999999999997
2023-04-21,Consumer,0.61654,5,5,22,0.52152
2023-04-21,Energy,0.47090000000000004,5,5,30,0.37566
2023-04-21,Financials,0.18476,5,4,8,0.29135999999999995
2023-04-21,Healthcare,0.19586,5,5,12,0.27644
2023-04-21,Industrials,0.26652,5,3,8,0.2645
2023-04-21,Materials,0.05464,5,4,8,0.41556
2023-04-21,RealEstate,0.15811999999999998,5,3,7,0.13552
2023-04-21,Tech,0.51574,5,5,30,0.41798
2023-04-21,Utilities,0.0,5,3,5,0.27904
2023-04-24,Comm,-0.03504000000000003,5,4,27,0.37076
2023-04-24,Consumer,0.48919999999999997,5,5,46,0.61654
2023-04-24,Energy,0.491,5,5,31,0.47090000000000004
2023-04-24,Financials,0.47478,5,5,34,0.18476
2023-04-24,Healthcare,0.54936,5,5,25,0.19586
2023-04-24,Industrials,0.2213,5,4,16,0.26652
2023-04-24,Materials,0.08092,5,5,6,0.05464
2023-04-24,RealEstate,0.08168,5,5,14,0.15811999999999998
2023-04-24,Tech,0.72988,5,5,35,0.51574
2023-04-24,Utilities,0.1977,5,4,18,0.0
2023-04-25,Comm,0.08121999999999999,5,4,11,-0.03504000000000003
2023-04-25,Consumer,0.32142,5,5,30,0.48919999999999997
2023-04-25,Energy,0.35276,5,4,16,0.491
2023-04-25,Financials,-0.016780000000000017,5,5,27,0.47478
2023-04-25,Healthcare,0.66686,5,5,24,0.54936
2023-04-25,Industrials,0.0022400000000000198,5,4,47,0.2213
2023-04-25,Materials,0.15626,5,5,16,0.08092
2023-04-25,RealEstate,0.21417999999999998,5,5,15,0.08168
2023-04-25,Tech,0.4993600000000001,5,5,36,0.72988
2023-04-25,Utilities,0.30984,5,5,13,0.1977
2023-04-26,Comm,0.18106,5,5,19,0.08121999999999999
2023-04-26,Consumer,0.4321,5,5,38,0.32142
2023-04-26,Energy,0.33818000000000004,5,4,16,0.35276
2023-04-26,Financials,0.63932,5,5,33,-0.016780000000000017
2023-04-26,Healthcare,0.05,5,5,17,0.66686
2023-04-26,Industrials,0.22196,5,4,28,0.0022400000000000198
2023-04-26,Materials,0.05162000000000001,5,4,13,0.15626
2023-04-26,RealEstate,-0.25556,5,3,11,0.21417999999999998
2023-04-26,Tech,0.4918,5,5,25,0.4993600000000001
2023-04-26,Utilities,0.28806000000000004,5,4,13,0.30984
2023-04-27,Comm,0.35366,5,5,34,0.18106
2023-04-27,Consumer,0.16344,5,5,25,0.4321
2023-04-27,Energy,0.45922,5,5,27,0.33818000000000004
2023-04-27,Financials,0.56712,5,4,18,0.63932
2023-04-27,Healthcare,0.57218,5,5,46,0.05
2023-04-27,Industrials,0.12662,5,4,21,0.22196
2023-04-27,Materials,0.20542,5,5,12,0.05162000000000001
2023-04-27,RealEstate,0.05,5,2,5,-0.25556
2023-04-27,Tech,0.35692,5,5,49,0.4918
2023-04-27,Utilities,0.24808000000000002,5,5,13,0.28806000000000004
2023-04-28,Comm,-0.10834000000000002,5,3,18,0.35366
2023-04-28,Consumer,0.37256,5,5,28,0.16344
2023-04-28,Energy,0.6298199999999999,5,4,57,0.45922
2023-04-28,Financials,0.012659999999999982,5,5,17,0.56712
2023-04-28,Healthcare,-0.24731999999999998,5,5,21,0.57218
2023-04-28,Industrials,0.11261999999999998,5,4,13,0.12662
2023-04-28,Materials,0.18658000000000002,5,4,8,0.20542
2023-04-28,RealEstate,0.12728,5,3,3,0.05
2023-04-28,Tech,0.488,5,5,45,0.35692
2023-04-28,Utilities,0.2385,5,5,14,0.24808000000000002
2023-05-01,Comm,-0.041639999999999996,5,5,17,-0.10834000000000002
2023-05-01,Consumer,0.28352000000000005,5,5,34,0.37256
2023-05-01,Energy,0.33518,5,5,44,0.6298199999999999
2023-05-01,Financials,-0.42428,5,5,25,0.012659999999999982
2023-05-01,Healthcare,0.3548,5,5,21,-0.24731999999999998
2023-05-01,Industrials,0.42382,5,4,21,0.11261999999999998
2023-05-01,Materials,0.15230000000000002,5,3,6,0.18658000000000002
2023-05-01,RealEstate,0.16114,5,3,5,0.12728
2023-05-01,Tech,0.64586,5,5,49,0.488
2023-05-01,Utilities,0.1467,5,5,13,0.2385
2023-05-02,Comm,0.055459999999999995,5,5,18,-0.041639999999999996
2023-05-02,Consumer,0.27104,5,5,26,0.28352000000000005
2023-05-02,Energy,0.10108000000000002,5,4,25,0.33518
2023-05-02,Financials,0.21742,5,5,22,-0.42428
2023-05-02,Healthcare,-0.031079999999999997,5,5,14,0.3548
2023-05-02,Industrials,0.19908,5,4,14,0.42382
2023-05-02,Materials,0.0,5,3,7,0.15230000000000002
2023-05-02,RealEstate,0.19442,5,5,12,0.16114
2023-05-02,Tech,0.44088000000000005,5,5,36,0.64586
2023-05-02,Utilities,0.32249999999999995,5,4,9,0.1467
2023-05-03,Comm,0.19726000000000002,5,4,7,0.055459999999999995
2023-05-03,Consumer,0.42984,5,4,25,0.27104
2023-05-03,Energy,0.23845999999999998,5,4,18,0.10108000000000002
2023-05-03,Financials,0.2514,5,5,14,0.21742
2023-05-03,Healthcare,0.010080000000000006,5,4,9,-0.031079999999999997
2023-05-03,Industrials,0.24176000000000003,5,4,9,0.19908
2023-05-03,Materials,-0.15058,5,2,6,0.0
2023-05-03,RealEstate,0.011000000000000005,5,3,9,0.19442
2023-05-03,Tech,0.48946000000000006,5,5,73,0.44088000000000005
2023-05-03,Utilities,0.23079999999999998,5,5,10,0.32249999999999995
2023-05-04,Comm,-0.028979999999999995,5,5,9,0.19726000000000002
2023-05-04,Consumer,-0.035440000000000006,5,5,24,0.42984
2023-05-04,Energy,0.47058,5,4,21,0.23845999999999998
2023-05-04,Financials,0.1486,5,5,22,0.2514
2023-05-04,Healthcare,0.18932000000000002,5,5,13,0.010080000000000006
2023-05-04,Industrials,0.47722,5,4,9,0.24176000000000003
2023-05-04,Materials,-0.04526,5,4,11,-0.15058
2023-05-04,RealEstate,0.17204000000000003,5,4,14,0.011000000000000005
2023-05-04,Tech,0.09590000000000001,5,5,61,0.48946000000000006
2023-05-04,Utilities,0.12806,5,3,13,0.23079999999999998
2023-05-05,Comm,0.24741999999999997,5,3,4,-0.028979999999999995
2023-05-05,Consumer,0.22237999999999997,5,5,14,-0.035440000000000006
2023-05-05,Energy,0.21848,5,4,19,0.47058
2023-05-05,Financials,0.49635999999999997,5,4,11,0.1486
2023-05-05,Healthcare,0.16848000000000002,5,5,7,0.18932000000000002
2023-05-05,Industrials,-0.17014,5,4,4,0.47722
2023-05-05,Materials,0.0,5,2,2,-0.04526
2023-05-05,RealEstate,0.28606000000000004,5,5,8,0.17204000000000003
2023-05-05,Tech,0.13092,5,5,18,0.09590000000000001
2023-05-05,Utilities,0.23925999999999997,5,4,11,0.12806
2023-05-08,Comm,0.19805999999999999,5,5,15,0.24741999999999997
2023-05-08,Consumer,0.26184,5,5,31,0.22237999999999997
2023-05-08,Energy,0.5914200000000001,5,5,41,0.21848
2023-05-08,Financials,0.23384,5,5,18,0.49635999999999997
2023-05-08,Healthcare,0.32462,5,4,14,0.16848000000000002
2023-05-08,Industrials,0.20484,5,4,10,-0.17014
2023-05-08,Materials,0.1871,5,2,5,0.0
2023-05-08,RealEstate,0.21870000000000003,5,5,9,0.28606000000000004
2023-05-08,Tech,0.73988,5,5,38,0.13092
2023-05-08,Utilities,0.22410000000000002,5,4,7,0.23925999999999997
2023-05-09,Comm,-0.056400000000000006,5,5,14,0.19805999999999999
2023-05-09,Consumer,0.39658,5,5,26,0.26184
2023-05-09,Energy,0.57112,5,5,20,0.5914200000000001
2023-05-09,Financials,-0.26752000000000004,5,5,18,0.23384
2023-05-09,Healthcare,0.26818,5,4,7,0.32462
2023-05-09,Industrials,0.3215,5,3,8,0.20484
2023-05-09,Materials,0.0,5,1,1,0.1871
2023-05-09,RealEstate,0.04046,5,1,1,0.21870000000000003
2023-05-09,Tech,0.06732,5,4,35,0.73988
2023-05-09,Utilities,0.33146000000000003,5,4,13,0.22410000000000002
2023-05-10,Comm,0.40062,5,5,18,-0.056400000000000006
2023-05-10,Consumer,0.17712,5,5,25,0.39658
2023-05-10,Energy,0.27542,5,4,26,0.57112
2023-05-10,Financials,0.10497999999999999,5,5,15,-0.26752000000000004
2023-05-10,Healthcare,0.14526,5,5,18,0.26818
2023-05-10,Industrials,0.12589999999999998,5,3,7,0.3215
2023-05-10,Materials,0.04046,5,1,1,0.0
2023-05-10,RealEstate,-0.03062,5,4,6,0.04046
2023-05-10,Tech,0.36454,5,4,20,0.06732
2023-05-10,Utilities,0.29218,5,5,9,0.33146000000000003
2023-05-11,Comm,0.53904,5,5,14,0.40062
2023-05-11,Consumer,0.45852000000000004,5,4,38,0.17712
2023-05-11,Energy,0.6523,5,5,19,0.27542
2023-05-11,Financials,-0.04246,5,5,11,0.10497999999999999
2023-05-11,Healthcare,0.35886,5,3,6,0.14526
2023-05-11,Industrials,0.0,5,3,7,0.12589999999999998
2023-05-11,Materials,0.3169,5,5,11,0.04046
2023-05-11,RealEstate,0.08808,5,5,8,-0.03062
2023-05-11,Tech,0.23651999999999998,5,4,36,0.36454
2023-05-11,Utilities,0.43818,5,4,9,0.29218
2023-05-12,Comm,0.24736000000000002,5,4,8,0.53904
2023-05-12,Consumer,0.1935,5,5,30,0.45852000000000004
2023-05-12,Energy,0.21698,5,4,19,0.6523
2023-05-12,Financials,0.05989999999999999,5,5,15,-0.04246
2023-05-12,Healthcare,0.10212000000000002,5,3,9,0.35886
2023-05-12,Industrials,0.16632,5,3,5,0.0
2023-05-12,Materials,0.11839999999999999,5,3,4,0.3169
2023-05-12,RealEstate,0.13534,5,1,2,0.08808
2023-05-12,Tech,0.34199999999999997,5,4,20,0.23651999999999998
2023-05-12,Utilities,0.21154,5,4,7,0.43818
2023-05-15,Comm,0.07972,5,5,17,0.24736000000000002
2023-05-15,Consumer,0.5665,5,5,40,0.1935
2023-05-15,Energy,0.56016,5,5,35,0.21698
2023-05-15,Financials,-0.30884,5,5,28,0.05989999999999999
2023-05-15,Healthcare,0.15224000000000001,5,5,17,0.10212000000000002
2023-05-15,Industrials,0.42252,5,4,16,0.16632
2023-05-15,Materials,0.17568,5,4,12,0.11839999999999999
2023-05-15,RealEstate,0.26842,5,4,7,0.13534
2023-05-15,Tech,0.6761,5,5,31,0.34199999999999997
2023-05-15,Utilities,0.31252,5,4,6,0.21154
2023-05-16,Comm,0.14767999999999998,5,4,17,0.07972
2023-05-16,Consumer,0.030420000000000003,5,5,26,0.5665
2023-05-16,Energy,0.16392,5,4,12,0.56016
2023-05-16,Financials,0.16391999999999998,5,5,24,-0.30884
2023-05-16,Healthcare,-0.13328,5,5,25,0.15224000000000001
2023-05-16,Industrials,0.09534000000000001,5,3,5,0.42252
2023-05-16,Materials,0.15342,5,3,5,0.17568
2023-05-16,RealEstate,0.0843,5,1,4,0.26842
2023-05-16,Tech,0.38128,5,5,38,0.6761
2023-05-16,Utilities,0.24108000000000002,5,4,5,0.31252
2023-05-17,Comm,0.02054,5,4,15,0.14767999999999998
2023-05-17,Consumer,0.26526,5,4,31,0.030420000000000003
2023-05-17,Energy,0.14554,5,5,19,0.16392
2023-05-17,Financials,0.25132,5,5,21,0.16391999999999998
2023-05-17,Healthcare,-0.42844,5,5,18,-0.13328
2023-05-17,Industrials,0.13488,5,4,7,0.09534000000000001
2023-05-17,Materials,0.059199999999999996,5,1,2,0.15342
2023-05-17,RealEstate,0.068,5,3,3,0.0843
2023-05-17,Tech,0.56404,5,5,28,0.38128
2023-05-17,Utilities,0.14638,5,2,5,0.24108000000000002
2023-05-18,Comm,0.20876,5,5,30,0.02054
2023-05-18,Consumer,0.42474,5,5,45,0.26526
2023-05-18,Energy,0.06268000000000001,5,4,17,0.14554
2023-05-18,Financials,0.2611,5,5,12,0.25132
2023-05-18,Healthcare,0.26258,5,5,19,-0.42844
2023-05-18,Industrials,0.059199999999999996,5,3,10,0.13488
2023-05-18,Materials,0.11438,5,4,11,0.059199999999999996
2023-05-18,RealEstate,0.25176,5,4,9,0.068
2023-05-18,Tech,0.42254,5,4,28,0.56404
2023-05-18,Utilities,0.10533999999999999,5,3,3,0.14638
2023-05-19,Comm,0.44934,5,5,12,0.20876
2023-05-19,Consumer,0.0859,5,5,43,0.42474
2023-05-19,Energy,0.25768,5,5,18,0.06268000000000001
2023-05-19,Financials,0.18178,5,5,24,0.2611
2023-05-19,Healthcare,0.004760000000000009,5,5,15,0.26258
2023-05-19,Industrials,0.09084,5,4,6,0.059199999999999996
2023-05-19,Materials,0.0,5,1,3,0.11438
2023-05-19,RealEstate,0.0,5,3,3,0.25176
2023-05-19,Tech,0.6106,5,5,32,0.42254
2023-05-19,Utilities,0.1248,5,2,3,0.10533999999999999
2023-05-22,Comm,-0.041179999999999994,5,4,19,0.44934
2023-05-22,Consumer,0.40747999999999995,5,5,46,0.0859
2023-05-22,Energy,0.6526400000000001,5,4,38,0.25768
2023-05-22,Financials,0.26142000000000004,5,5,23,0.18178
2023-05-22,Healthcare,0.25706,5,5,19,0.004760000000000009
2023-05-22,Industrials,0.48238000000000003,5,4,16,0.09084
2023-05-22,Materials,0.21223999999999998,5,3,8,0.0
2023-05-22,RealEstate,0.27924,5,4,9,0.0
2023-05-22,Tech,0.2414,5,5,56,0.6106
2023-05-22,Utilities,0.31324,5,5,11,0.1248
2023-05-23,Comm,0.12248,5,4,9,-0.041179999999999994
2023-05-23,Consumer,-0.031240000000000025,5,5,19,0.40747999999999995
2023-05-23,Energy,0.1353,5,4,17,0.6526400000000001
2023-05-23,Financials,0.3487,5,5,14,0.26142000000000004
2023-05-23,Healthcare,0.23914,5,4,11,0.25706
2023-05-23,Industrials,0.0843,5,2,3,0.48238000000000003
2023-05-23,Materials,0.20992000000000002,5,3,7,0.21223999999999998
2023-05-23,RealEstate,0.06436,5,4,4,0.27924
2023-05-23,Tech,0.6736800000000001,5,5,25,0.2414
2023-05-23,Utilities,-0.07224,5,1,1,0.31324
2023-05-24,Comm,0.14850000000000002,5,4,7,0.12248
2023-05-24,Consumer,0.24216,5,5,22,-0.031240000000000025
2023-05-24,Energy,-0.047660000000000015,5,4,16,0.1353
2023-05-24,Financials,0.08757999999999999,5,5,16,0.3487
2023-05-24,Healthcare,-0.14566,5,5,14,0.23914
2023-05-24,Industrials,0.13376,5,3,12,0.0843
2023-05-24,Materials,-0.059199999999999996,5,4,4,0.20992000000000002
2023-05-24,RealEstate,0.11588000000000001,5,2,2,0.06436
2023-05-24,Tech,0.14777999999999997,5,5,54,0.6736800000000001
2023-05-24,Utilities,0.17436000000000001,5,4,5,-0.07224
2023-05-25,Comm,0.16798,5,1,5,0.14850000000000002
2023-05-25,Consumer,0.17408,5,4,14,0.24216
2023-05-25,Energy,0.19448000000000001,5,5,30,-0.047660000000000015
2023-05-25,Financials,0.2472,5,5,15,0.08757999999999999
2023-05-25,Healthcare,0.11144000000000001,5,5,10,-0.14566
2023-05-25,Industrials,0.28524000000000005,5,4,12,0.13376
2023-05-25,Materials,0.19298,5,5,13,-0.059199999999999996
2023-05-25,RealEstate,0.136,5,4,9,0.11588000000000001
2023-05-25,Tech,0.67784,5,5,132,0.14777999999999997
2023-05-25,Utilities,0.059199999999999996,5,3,5,0.17436000000000001
2023-05-26,Comm,0.46152,5,5,10,0.16798
2023-05-26,Consumer,0.2539,5,4,16,0.17408
2023-05-26,Energy,0.53304,5,5,24,0.19448000000000001
2023-05-26,Financials,0.19108,5,5,13,0.2472
2023-05-26,Healthcare,0.26964,5,5,14,0.11144000000000001
2023-05-26,Industrials,0.12498000000000001,5,2,5,0.28524000000000005
2023-05-26,Materials,0.16636,5,3,8,0.19298
2023-05-26,RealEstate,0.0,5,1,2,0.136
2023-05-26,Tech,0.5471199999999999,5,5,55,0.67784
2023-05-26,Utilities,0.13502,5,3,4,0.059199999999999996
2023-05-30,Comm,-0.008359999999999989,5,4,10,0.46152
2023-05-30,Consumer,0.46448,5,5,41,0.2539
2023-05-30,Energy,0.5248,5,5,31,0.53304
2023-05-30,Financials,-0.034440000000000026,5,5,32,0.19108
2023-05-30,Healthcare,0.64058,5,5,18,0.26964
2023-05-30,Industrials,0.32439999999999997,5,4,18,0.12498000000000001
2023-05-30,Materials,0.23066000000000003,5,3,9,0.16636
2023-05-30,RealEstate,0.2958,5,5,8,0.0
2023-05-30,Tech,0.64524,5,5,150,0.5471199999999999
2023-05-30,Utilities,0.29984,5,4,12,0.13502
2023-05-31,Comm,0.12722,5,4,9,-0.008359999999999989
2023-05-31,Consumer,0.43924,5,5,24,0.46448
2023-05-31,Energy,0.34946,5,4,12,0.5248
2023-05-31,Financials,0.2767,5,5,24,-0.034440000000000026
2023-05-31,Healthcare,0.38778,5,5,16,0.64058
2023-05-31,Industrials,0.23702,5,4,13,0.32439999999999997
2023-05-31,Materials,0.131,5,3,5,0.23066000000000003
2023-05-31,RealEstate,0.22030000000000002,5,4,5,0.2958
2023-05-31,Tech,0.67192,5,5,80,0.64524
2023-05-31,Utilities,0.16804,5,1,3,0.29984
2023-06-01,Comm,0.24862,5,4,10,0.12722
2023-06-01,Consumer,0.41956,5,5,25,0.43924
2023-06-01,Energy,0.54528,5,5,22,0.34946
2023-06-01,Financials,0.3482,5,5,22,0.2767
2023-06-01,Healthcare,0.054220000000000004,5,5,18,0.38778
2023-06-01,Industrials,0.17002,5,4,12,0.23702
2023-06-01,Materials,0.12582,5,5,14,0.131
2023-06-01,RealEstate,0.15846,5,4,7,0.22030000000000002
2023-06-01,Tech,0.6478400000000001,5,5,62,0.67192
2023-06-01,Utilities,0.34240000000000004,5,5,11,0.16804
2023-06-02,Comm,0.00424000000000001,5,4,28,0.24862
2023-06-02,Consumer,-0.10122,5,4,17,0.41956
2023-06-02,Energy,-0.06096,5,4,24,0.54528
2023-06-02,Financials,-0.11552,5,5,22,0.3482
2023-06-02,Healthcare,0.12854000000000002,5,4,10,0.054220000000000004
2023-06-02,Industrials,0.32992,5,3,16,0.17002
2023-06-02,Materials,0.30060000000000003,5,2,9,0.12582
2023-06-02,RealEstate,0.04128,5,4,5,0.15846
2023-06-02,Tech,0.5793999999999999,5,5,59,0.6478400000000001
2023-06-02,Utilities,0.14616,5,3,3,0.34240000000000004
2023-06-05,Comm,0.32526,5,4,15,0.00424000000000001
2023-06-05,Consumer,-0.08226,5,5,37,-0.10122
2023-06-05,Energy,0.44206,5,5,31,-0.06096
2023-06-05,Financials,0.26676,5,5,29,-0.11552
2023-06-05,Healthcare,0.13006,5,5,16,0.12854000000000002
2023-06-05,Industrials,0.32232000000000005,5,4,19,0.32992
2023-06-05,Materials,0.23035999999999998,5,3,6,0.30060000000000003
2023-06-05,RealEstate,0.17662,5,3,7,0.04128
2023-06-05,Tech,0.5816,5,5,75,0.5793999999999999
2023-06-05,Utilities,0.15342,5,5,11,0.14616
2023-06-06,Comm,0.25804,5,2,9,0.32526
2023-06-06,Consumer,0.41032,5,5,17,-0.08226
2023-06-06,Energy,-0.15104,5,5,25,0.44206
2023-06-06,Financials,0.42386,5,5,18,0.26676
2023-06-06,Healthcare,0.37532,5,5,14,0.13006
2023-06-06,Industrials,0.25882,5,3,5,0.32232000000000005
2023-06-06,Materials,0.048160000000000015,5,3,4,0.23035999999999998
2023-06-06,RealEstate,0.0784,5,3,3,0.17662
2023-06-06,Tech,0.11261999999999998,5,5,31,0.5816
2023-06-06,Utilities,0.0,5,0,0,0.15342
2023-06-07,Comm,0.4263,5,4,11,0.25804
2023-06-07,Consumer,0.41874,5,5,28,0.41032
2023-06-07,Energy,0.19114,5,4,10,-0.15104
2023-06-07,Financials,0.4226,5,5,20,0.42386
2023-06-07,Healthcare,0.59654,5,5,14,0.37532
2023-06-07,Industrials,0.13012,5,4,10,0.25882
2023-06-07,Materials,0.06437999999999999,5,2,2,0.048160000000000015
2023-06-07,RealEstate,0.0843,5,1,1,0.0784
2023-06-07,Tech,0.6828200000000001,5,5,36,0.11261999999999998
2023-06-07,Utilities,0.30460000000000004,5,3,4,0.0
2023-06-08,Comm,-0.04460000000000001,5,3,9,0.4263
2023-06-08,Consumer,0.44348,5,5,23,0.41874
2023-06-08,Energy,0.20380000000000004,5,5,17,0.19114
2023-06-08,Financials,0.19964,5,5,21,0.4226
2023-06-08,Healthcare,0.57008,5,5,15,0.59654
2023-06-08,Industrials,0.11688000000000001,5,4,8,0.13012
2023-06-08,Materials,0.068,5,3,10,0.06437999999999999
2023-06-08,RealEstate,0.15164,5,5,10,0.0843
2023-06-08,Tech,0.61344,5,5,62,0.6828200000000001
2023-06-08,Utilities,0.2915,5,4,11,0.30460000000000004
2023-06-09,Comm,0.43238000000000004,5,4,12,-0.04460000000000001
2023-06-09,Consumer,0.31814,5,5,20,0.44348
2023-06-09,Energy,0.34812000000000004,5,4,18,0.20380000000000004
2023-06-09,Financials,-0.023600000000000003,5,4,21,0.19964
2023-06-09,Healthcare,0.031000000000000028,5,5,13,0.57008
2023-06-09,Industrials,0.10935999999999998,5,3,11,0.11688000000000001
2023-06-09,Materials,0.068,5,2,2,0.068
2023-06-09,RealEstate,0.17038,5,3,5,0.15164
2023-06-09,Tech,0.39364,5,5,52,0.61344
2023-06-09,Utilities,0.22748,5,4,10,0.2915
2023-06-12,Comm,0.07636,5,3,9,0.43238000000000004
2023-06-12,Consumer,0.40414000000000005,5,5,32,0.31814
2023-06-12,Energy,0.35618,5,5,23,0.34812000000000004
2023-06-12,Financials,0.47134,5,5,36,-0.023600000000000003
2023-06-12,Healthcare,0.45987999999999996,5,5,20,0.031000000000000028
2023-06-12,Industrials,0.33992,5,4,11,0.10935999999999998
2023-06-12,Materials,0.01544,5,2,4,0.068
2023-06-12,RealEstate,0.26871999999999996,5,4,7,0.17038
2023-06-12,Tech,0.81532,5,5,75,0.39364
2023-06-12,Utilities,0.21678000000000003,5,4,7,0.22748
2023-06-13,Comm,0.29368,5,4,12,0.07636
2023-06-13,Consumer,0.13224,5,5,15,0.40414000000000005
2023-06-13,Energy,0.28978000000000004,5,5,16,0.35618
2023-06-13,Financials,0.62804,5,5,27,0.47134
2023-06-13,Healthcare,0.0809,5,4,8,0.45987999999999996
2023-06-13,Industrials,0.16352,5,4,11,0.33992
2023-06-13,Materials,0.35546,5,4,8,0.01544
2023-06-13,RealEstate,0.0,5,3,4,0.26871999999999996
2023-06-13,Tech,0.7538,5,5,72,0.81532
2023-06-13,Utilities,0.07264000000000001,5,4,10,0.21678000000000003
2023-06-14,Comm,0.32944,5,3,8,0.29368
2023-06-14,Consumer,0.19532000000000002,5,5,30,0.13224
2023-06-14,Energy,0.19616,5,5,14,0.28978000000000004
2023-06-14,Financials,0.44632000000000005,5,5,25,0.62804
2023-06-14,Healthcare,0.26254,5,3,5,0.0809
2023-06-14,Industrials,0.38906,5,3,13,0.16352
2023-06-14,Materials,0.22366000000000003,5,3,3,0.35546
2023-06-14,RealEstate,0.1341,5,1,4,0.0
2023-06-14,Tech,0.82514,5,5,52,0.7538
2023-06-14,Utilities,0.33072,5,2,7,0.07264000000000001
2023-06-15,Comm,0.24416000000000002,5,3,10,0.32944
2023-06-15,Consumer,0.41822,5,5,25,0.19532000000000002
2023-06-15,Energy,0.26,5,5,16,0.19616
2023-06-15,Financials,0.33246,5,5,15,0.44632000000000005
2023-06-15,Healthcare,-0.08668,5,3,7,0.26254
2023-06-15,Industrials,0.039479999999999994,5,4,10,0.38906
2023-06-15,Materials,0.21306000000000003,5,5,11,0.22366000000000003
2023-06-15,RealEstate,0.13666,5,4,5,0.1341
2023-06-15,Tech,0.75956,5,5,61,0.82514
2023-06-15,Utilities,-0.05,5,3,4,0.33072
2023-06-16,Comm,0.37154,5,5,15,0.24416000000000002
2023-06-16,Consumer,0.01544,5,5,14,0.41822
2023-06-16,Energy,0.12433999999999998,5,5,12,0.26
2023-06-16,Financials,0.25342000000000003,5,5,20,0.33246
2023-06-16,Healthcare,0.13763999999999998,5,3,13,-0.08668
2023-06-16,Industrials,0.371,5,4,12,0.039479999999999994
2023-06-16,Materials,0.17958000000000002,5,3,4,0.21306000000000003
2023-06-16,RealEstate,-0.11735999999999999,5,2,4,0.13666
2023-06-16,Tech,0.48602,5,5,53,0.75956
2023-06-16,Utilities,0.23714,5,3,4,-0.05
2023-06-20,Comm,0.42042,5,5,21,0.37154
2023-06-20,Consumer,0.14479999999999998,5,5,42,0.01544
2023-06-20,Energy,0.52554,5,5,30,0.12433999999999998
2023-06-20,Financials,0.51768,5,5,34,0.25342000000000003
2023-06-20,Healthcare,0.26759999999999995,5,5,21,0.13763999999999998
2023-06-20,Industrials,0.51976,5,4,32,0.371
2023-06-20,Materials,0.11194,5,3,6,0.17958000000000002
2023-06-20,RealEstate,0.0,5,3,5,-0.11735999999999999
2023-06-20,Tech,0.5036,5,5,109,0.48602
2023-06-20,Utilities,-0.018379999999999997,5,2,5,0.23714
2023-06-21,Comm,0.20402000000000003,5,3,5,0.42042
2023-06-21,Consumer,0.45827999999999997,5,5,26,0.14479999999999998
2023-06-21,Energy,0.11213999999999999,5,5,20,0.52554
2023-06-21,Financials,0.01824,5,4,25,0.51768
2023-06-21,Healthcare,0.31036,5,5,17,0.26759999999999995
2023-06-21,Industrials,-0.22302,5,4,17,0.51976
2023-06-21,Materials,0.23693999999999998,5,4,6,0.11194
2023-06-21,RealEstate,0.0,5,1,1,0.0
2023-06-21,Tech,0.29164,5,5,58,0.5036
2023-06-21,Utilities,0.25908,5,3,8,-0.018379999999999997
2023-06-22,Comm,0.39198,5,5,8,0.20402000000000003
2023-06-22,Consumer,0.30535999999999996,5,5,33,0.45827999999999997
2023-06-22,Energy,0.16578,5,5,29,0.11213999999999999
2023-06-22,Financials,0.28869999999999996,5,4,15,0.01824
2023-06-22,Healthcare,0.11896,5,5,13,0.31036
2023-06-22,Industrials,0.08808,5,4,10,-0.22302
2023-06-22,Materials,0.08808,5,3,4,0.23693999999999998
2023-06-22,RealEstate,0.14734,5,5,11,0.0
2023-06-22,Tech,0.63158,5,5,44,0.29164
2023-06-22,Utilities,0.4314,5,4,8,0.25908
2023-06-23,Comm,0.12958,5,2,5,0.39198
2023-06-23,Consumer,0.1486,5,5,33,0.30535999999999996
2023-06-23,Energy,0.30988000000000004,5,5,16,0.16578
2023-06-23,Financials,-0.04562,5,5,13,0.28869999999999996
2023-06-23,Healthcare,0.4282,5,5,11,0.11896
2023-06-23,Industrials,0.08669999999999999,5,4,20,0.08808
2023-06-23,Materials,0.059199999999999996,5,3,7,0.08808
2023-06-23,RealEstate,0.16208,5,5,9,0.14734
2023-06-23,Tech,0.6538999999999999,5,5,44,0.63158
2023-06-23,Utilities,0.20412,5,2,5,0.4314
2023-06-26,Comm,0.33449999999999996,5,5,23,0.12958
2023-06-26,Consumer,0.6694,5,5,35,0.1486
2023-06-26,Energy,0.28008,5,5,18,0.30988000000000004
2023-06-26,Financials,0.51532,5,5,37,-0.04562
2023-06-26,Healthcare,0.48914,5,5,26,0.4282
2023-06-26,Industrials,0.34731999999999996,5,3,11,0.08669999999999999
2023-06-26,Materials,0.07224,5,2,3,0.059199999999999996
2023-06-26,RealEstate,0.28765999999999997,5,4,9,0.16208
2023-06-26,Tech,0.7240599999999999,5,5,49,0.6538999999999999
2023-06-26,Utilities,0.37954,5,3,9,0.20412
2023-06-27,Comm,0.28776,5,5,10,0.33449999999999996
2023-06-27,Consumer,0.4288,5,5,19,0.6694
2023-06-27,Energy,0.24934000000000003,5,5,17,0.28008
2023-06-27,Financials,0.52968,5,4,18,0.51532
2023-06-27,Healthcare,0.36014,5,4,14,0.48914
2023-06-27,Industrials,0.10290000000000002,5,3,9,0.34731999999999996
2023-06-27,Materials,0.12264,5,5,7,0.07224
2023-06-27,RealEstate,0.41825999999999997,5,4,8,0.28765999999999997
2023-06-27,Tech,0.66952,5,5,52,0.7240599999999999
2023-06-27,Utilities,0.40536000000000005,5,5,12,0.37954
2023-06-28,Comm,0.15326,5,4,11,0.28776
2023-06-28,Consumer,0.31850000000000006,5,5,18,0.4288
2023-06-28,Energy,0.19078,5,4,14,0.24934000000000003
2023-06-28,Financials,-0.20318,5,5,25,0.52968
2023-06-28,Healthcare,0.12248,5,5,8,0.36014
2023-06-28,Industrials,0.10212000000000002,5,3,5,0.10290000000000002
2023-06-28,Materials,0.29298,5,4,6,0.12264
2023-06-28,RealEstate,0.29004,5,3,10,0.41825999999999997
2023-06-28,Tech,0.60764,5,5,86,0.66952
2023-06-28,Utilities,0.05464,5,1,3,0.40536000000000005
2023-06-29,Comm,0.17572000000000002,5,4,12,0.15326
2023-06-29,Consumer,0.009079999999999987,5,5,32,0.31850000000000006
2023-06-29,Energy,0.002619999999999989,5,4,21,0.19078
2023-06-29,Financials,0.35846,5,5,46,-0.20318
2023-06-29,Healthcare,0.44394,5,4,17,0.12248
2023-06-29,Industrials,0.09534000000000001,5,4,8,0.10212000000000002
2023-06-29,Materials,-0.030779999999999995,5,5,10,0.29298
2023-06-29,RealEstate,0.23002000000000003,5,4,10,0.29004
2023-06-29,Tech,0.53054,5,5,58,0.60764
2023-06-29,Utilities,0.22602000000000003,5,4,7,0.05464
2023-06-30,Comm,-0.10196000000000001,5,3,7,0.17572000000000002
2023-06-30,Consumer,0.5385800000000001,5,5,49,0.009079999999999987
2023-06-30,Energy,0.15806,5,5,16,0.002619999999999989
2023-06-30,Financials,0.01826,5,5,21,0.35846
2023-06-30,Healthcare,0.11954000000000001,5,5,18,0.44394
2023-06-30,Industrials,0.126,5,4,7,0.09534000000000001
2023-06-30,Materials,-0.07432,5,2,2,-0.030779999999999995
2023-06-30,RealEstate,0.01544,5,2,4,0.23002000000000003
2023-06-30,Tech,0.38073999999999997,5,5,52,0.53054
2023-06-30,Utilities,0.34585999999999995,5,5,9,0.22602000000000003
2023-07-03,Comm,0.34722,5,3,14,-0.10196000000000001
2023-07-03,Consumer,0.29768,5,5,30,0.5385800000000001
2023-07-03,Energy,0.56186,5,5,32,0.15806
2023-07-03,Financials,0.48052,5,5,34,0.01826
2023-07-03,Healthcare,0.54152,5,5,25,0.11954000000000001
2023-07-03,Industrials,0.31808,5,4,15,0.126
2023-07-03,Materials,0.068,5,3,7,-0.07432
2023-07-03,RealEstate,0.34334,5,5,9,0.01544
2023-07-03,Tech,0.87682,5,5,46,0.38073999999999997
2023-07-03,Utilities,0.11364,5,3,6,0.34585999999999995
2023-07-05,Comm,0.4258,5,4,13,0.34722
2023-07-05,Consumer,0.2862,5,5,29,0.29768
2023-07-05,Energy,0.3566,5,4,29,0.56186
2023-07-05,Financials,0.65748,5,5,36,0.48052
2023-07-05,Healthcare,0.52394,5,5,16,0.54152
2023-07-05,Industrials,0.36970000000000003,5,4,24,0.31808
2023-07-05,Materials,0.16962,5,3,5,0.068
2023-07-05,RealEstate,0.30794,5,3,6,0.34334
2023-07-05,Tech,0.44436,5,5,63,0.87682
2023-07-05,Utilities,0.21546000000000004,5,2,4,0.11364
2023-07-06,Comm,0.244,5,5,12,0.4258
2023-07-06,Consumer,0.23658,5,5,20,0.2862
2023-07-06,Energy,0.25915999999999995,5,5,27,0.3566
2023-07-06,Financials,0.42162,5,5,26,0.65748
2023-07-06,Healthcare,0.46807999999999994,5,3,13,0.52394
2023-07-06,Industrials,0.16252,5,4,10,0.36970000000000003
2023-07-06,Materials,0.11839999999999999,5,4,9,0.16962
2023-07-06,RealEstate,0.2652,5,5,11,0.30794
2023-07-06,Tech,0.09790000000000001,5,5,56,0.44436
2023-07-06,Utilities,0.37592,5,5,13,0.21546000000000004
2023-07-07,Comm,0.2699,5,4,11,0.244
2023-07-07,Consumer,0.23216,5,4,17,0.23658
2023-07-07,Energy,0.08008,5,5,22,0.25915999999999995
2023-07-07,Financials,0.27998,5,5,29,0.42162
2023-07-07,Healthcare,0.24964000000000003,5,5,12,0.46807999999999994
2023-07-07,Industrials,-0.019319999999999993,5,4,9,0.16252
2023-07-07,Materials,0.16252,5,3,7,0.11839999999999999
2023-07-07,RealEstate,0.04046,5,4,5,0.2652
2023-07-07,Tech,0.10752000000000002,5,5,40,0.09790000000000001
2023-07-07,Utilities,0.25220000000000004,5,3,6,0.37592
2023-07-10,Comm,0.12738,5,4,10,0.2699
2023-07-10,Consumer,0.11866000000000003,5,5,27,0.23216
2023-07-10,Energy,0.15318,5,5,21,0.08008
2023-07-10,Financials,-0.10175999999999999,5,5,43,0.27998
2023-07-10,Healthcare,0.33776,5,5,20,0.24964000000000003
2023-07-10,Industrials,0.2673,5,4,17,-0.019319999999999993
2023-07-10,Materials,0.19685999999999998,5,3,3,0.16252
2023-07-10,RealEstate,0.23258,5,3,5,0.04046
2023-07-10,Tech,0.5442199999999999,5,5,53,0.10752000000000002
2023-07-10,Utilities,0.22645999999999997,5,3,7,0.25220000000000004
2023-07-11,Comm,0.29504,5,5,12,0.12738
2023-07-11,Consumer,0.49298000000000003,5,5,29,0.11866000000000003
2023-07-11,Energy,-0.18203999999999998,5,5,20,0.15318
2023-07-11,Financials,0.46769999999999995,5,5,31,-0.10175999999999999
2023-07-11,Healthcare,-0.11627999999999998,5,5,15,0.33776
2023-07-11,Industrials,0.2264,5,4,9,0.2673
2023-07-11,Materials,0.11488000000000001,5,5,9,0.19685999999999998
2023-07-11,RealEstate,0.07636,5,1,2,0.23258
2023-07-11,Tech,0.66288,5,5,52,0.5442199999999999
2023-07-11,Utilities,0.34792,5,4,11,0.22645999999999997
2023-07-12,Comm,0.465,5,5,24,0.29504
2023-07-12,Consumer,0.36194000000000004,5,4,29,0.49298000000000003
2023-07-12,Energy,0.29766000000000004,5,5,27,-0.18203999999999998
2023-07-12,Financials,0.16628000000000004,5,5,29,0.46769999999999995
2023-07-12,Healthcare,0.6088199999999999,5,5,14,-0.11627999999999998
2023-07-12,Industrials,0.10846,5,2,4,0.2264
2023-07-12,Materials,0.16760000000000003,5,5,8,0.11488000000000001
2023-07-12,RealEstate,0.27827999999999997,5,4,8,0.07636
2023-07-12,Tech,0.61244,5,5,46,0.66288
2023-07-12,Utilities,0.10928,5,3,5,0.34792
2023-07-13,Comm,0.13698,5,3,14,0.465
2023-07-13,Consumer,0.66532,5,5,31,0.36194000000000004
2023-07-13,Energy,0.5605,5,5,25,0.29766000000000004
2023-07-13,Financials,0.07110000000000001,5,5,33,0.16628000000000004
2023-07-13,Healthcare,0.0338,5,5,14,0.6088199999999999
2023-07-13,Industrials,0.19994,5,4,9,0.10846
2023-07-13,Materials,0.0,5,4,6,0.16760000000000003
2023-07-13,RealEstate,0.2973,5,4,13,0.27827999999999997
2023-07-13,Tech,0.70552,5,5,40,0.61244
2023-07-13,Utilities,0.13932,5,4,8,0.10928
2023-07-14,Comm,0.17208,5,4,22,0.13698
2023-07-14,Consumer,0.5313800000000001,5,5,23,0.66532
2023-07-14,Energy,0.49268,5,5,27,0.5605
2023-07-14,Financials,0.15878,5,5,60,0.07110000000000001
2023-07-14,Healthcare,0.25251999999999997,5,5,14,0.0338
2023-07-14,Industrials,0.05532,5,3,7,0.19994
2023-07-14,Materials,0.0,5,1,1,0.0
2023-07-14,RealEstate,0.06670000000000001,5,4,5,0.2973
2023-07-14,Tech,0.63598,5,5,50,0.70552
2023-07-14,Utilities,0.252,5,3,8,0.13932
2023-07-17,Comm,0.21032,5,5,39,0.17208
2023-07-17,Consumer,0.24139999999999998,5,5,32,0.5313800000000001
2023-07-17,Energy,0.67382,5,5,25,0.49268
2023-07-17,Financials,0.21027999999999997,5,5,66,0.15878
2023-07-17,Healthcare,0.30508,5,5,15,0.25251999999999997
2023-07-17,Industrials,0.05464,5,4,16,0.05532
2023-07-17,Materials,0.06376000000000001,5,4,5,0.0
2023-07-17,RealEstate,0.5997399999999999,5,5,18,0.06670000000000001
2023-07-17,Tech,0.6658000000000001,5,5,56,0.63598
2023-07-17,Utilities,0.12738,5,2,5,0.252
2023-07-18,Comm,0.17436,5,5,24,0.21032
2023-07-18,Consumer,0.13155999999999998,5,5,30,0.24139999999999998
2023-07-18,Energy,-0.11164,5,5,20,0.67382
2023-07-18,Financials,0.83476,5,5,72,0.21027999999999997
2023-07-18,Healthcare,0.22254000000000002,5,5,13,0.30508
2023-07-18,Industrials,0.43316,5,4,9,0.05464
2023-07-18,Materials,0.07652,5,5,7,0.06376000000000001
2023-07-18,RealEstate,0.21164,5,4,16,0.5997399999999999
2023-07-18,Tech,0.83898,5,5,44,0.6658000000000001
2023-07-18,Utilities,0.25476,5,3,7,0.12738
2023-07-19,Comm,0.4734,5,4,25,0.17436
2023-07-19,Consumer,0.51106,5,5,20,0.13155999999999998
2023-07-19,Energy,0.0936,5,5,13,-0.11164
2023-07-19,Financials,0.8704599999999999,5,5,71,0.83476
2023-07-19,Healthcare,0.017140000000000023,5,5,12,0.22254000000000002
2023-07-19,Industrials,0.45682,5,4,19,0.43316
2023-07-19,Materials,0.0,5,4,6,0.07652
2023-07-19,RealEstate,0.32276000000000005,5,4,11,0.21164
2023-07-19,Tech,0.55952,5,5,29,0.83898
2023-07-19,Utilities,0.08158000000000001,5,2,5,0.25476
2023-07-20,Comm,0.015559999999999996,5,5,21,0.4734
2023-07-20,Consumer,0.44719999999999993,5,5,22,0.51106
2023-07-20,Energy,0.43965999999999994,5,5,20,0.0936
2023-07-20,Financials,0.52486,5,5,37,0.8704599999999999
2023-07-20,Healthcare,0.37708,5,5,29,0.017140000000000023
2023-07-20,Industrials,0.028979999999999995,5,3,4,0.45682
2023-07-20,Materials,0.18522,5,3,11,0.0
2023-07-20,RealEstate,-0.08412,5,5,23,0.32276000000000005
2023-07-20,Tech,0.38617999999999997,5,5,53,0.55952
2023-07-20,Utilities,0.32238,5,3,5,0.08158000000000001
2023-07-21,Comm,0.16155999999999998,5,4,17,0.015559999999999996
2023-07-21,Consumer,0.1343,5,5,19,0.44719999999999993
2023-07-21,Energy,0.24210000000000004,5,5,38,0.43965999999999994
2023-07-21,Financials,0.39492,5,5,24,0.52486
2023-07-21,Healthcare,0.05007999999999999,5,5,20,0.37708
2023-07-21,Industrials,0.2189,5,4,10,0.028979999999999995
2023-07-21,Materials,-0.08808,5,5,7,0.18522
2023-07-21,RealEstate,0.12854000000000002,5,3,5,-0.08412
2023-07-21,Tech,0.4359,5,5,47,0.38617999999999997
2023-07-21,Utilities,0.1903,5,4,8,0.32238
2023-07-24,Comm,0.37005999999999994,5,5,29,0.16155999999999998
2023-07-24,Consumer,0.42324,5,5,34,0.1343
2023-07-24,Energy,0.78522,5,5,50,0.24210000000000004
2023-07-24,Financials,0.48924,5,5,30,0.39492
2023-07-24,Healthcare,0.26578,5,5,28,0.05007999999999999
2023-07-24,Industrials,0.51742,5,4,19,0.2189
2023-07-24,Materials,0.35624,5,5,15,-0.08808
2023-07-24,RealEstate,0.44482,5,5,15,0.12854000000000002
2023-07-24,Tech,0.8976200000000001,5,5,61,0.4359
2023-07-24,Utilities,0.09868,5,4,11,0.1903
2023-07-25,Comm,-0.04672,5,5,18,0.37005999999999994
2023-07-25,Consumer,0.37776,5,5,26,0.42324
2023-07-25,Energy,0.17674,5,5,26,0.78522
2023-07-25,Financials,0.3136,5,5,31,0.48924
2023-07-25,Healthcare,0.15592,5,5,21,0.26578
2023-07-25,Industrials,0.27668,5,4,56,0.51742
2023-07-25,Materials,0.2358,5,4,23,0.35624
2023-07-25,RealEstate,0.14909999999999998,5,5,8,0.44482
2023-07-25,Tech,-0.001100000000000012,5,5,45,0.8976200000000001
2023-07-25,Utilities,0.39126000000000005,5,5,22,0.09868
2023-07-26,Comm,0.66496,5,5,31,-0.04672
2023-07-26,Consumer,0.4716,5,5,36,0.37776
2023-07-26,Energy,0.19368000000000002,5,5,13,0.17674
2023-07-26,Financials,0.28468,5,5,40,0.3136
2023-07-26,Healthcare,-0.13767999999999997,5,5,24,0.15592
2023-07-26,Industrials,-0.23168000000000002,5,4,24,0.27668
2023-07-26,Materials,0.09688000000000001,5,4,16,0.2358
2023-07-26,RealEstate,0.12286000000000001,5,2,8,0.14909999999999998
2023-07-26,Tech,0.54338,5,5,58,-0.001100000000000012
2023-07-26,Utilities,0.28086,5,3,4,0.39126000000000005
2023-07-27,Comm,0.18996,5,5,36,0.66496
2023-07-27,Consumer,0.5140399999999999,5,4,22,0.4716
2023-07-27,Energy,0.0481,5,4,22,0.19368000000000002
2023-07-27,Financials,0.40506000000000003,5,5,26,0.28468
2023-07-27,Healthcare,0.48034,5,4,30,-0.13767999999999997
2023-07-27,Industrials,0.41314,5,4,15,-0.23168000000000002
2023-07-27,Materials,0.08038,5,4,10,0.09688000000000001
2023-07-27,RealEstate,0.3761,5,5,13,0.12286000000000001
2023-07-27,Tech,0.57758,5,5,76,0.54338
2023-07-27,Utilities,0.24138,5,5,20,0.28086
2023-07-28,Comm,0.39532,5,4,14,0.18996
2023-07-28,Consumer,0.28384,5,4,17,0.5140399999999999
2023-07-28,Energy,0.61926,5,4,63,0.0481
2023-07-28,Financials,0.25092,5,4,18,0.40506000000000003
2023-07-28,Healthcare,-0.13644,5,5,20,0.48034
2023-07-28,Industrials,0.06889999999999999,5,4,15,0.41314
2023-07-28,Materials,0.05464,5,1,1,0.08038
2023-07-28,RealEstate,0.33568000000000003,5,5,9,0.3761
2023-07-28,Tech,0.8584799999999999,5,5,98,0.57758
2023-07-28,Utilities,0.07636,5,4,7,0.24138
2023-07-31,Comm,0.567,5,4,27,0.39532
2023-07-31,Consumer,0.73036,5,5,50,0.28384
2023-07-31,Energy,0.9275,5,5,45,0.61926
2023-07-31,Financials,0.46548,5,5,30,0.25092
2023-07-31,Healthcare,0.4154,5,5,26,-0.13644
2023-07-31,Industrials,0.36154000000000003,5,4,32,0.06889999999999999
2023-07-31,Materials,0.0,5,0,0,0.05464
2023-07-31,RealEstate,0.24134000000000003,5,4,8,0.33568000000000003
2023-07-31,Tech,0.95778,5,5,117,0.8584799999999999
2023-07-31,Utilities,0.38952,5,4,7,0.07636
2023-08-01,Comm,0.59398,5,5,21,0.567
2023-08-01,Consumer,0.39816,5,5,27,0.73036
2023-08-01,Energy,0.5481199999999999,5,5,20,0.9275
2023-08-01,Financials,0.20015999999999998,5,5,22,0.46548
2023-08-01,Healthcare,0.34517999999999993,5,4,30,0.4154
2023-08-01,Industrials,0.08439999999999999,5,4,35,0.36154000000000003
2023-08-01,Materials,0.21261999999999998,5,4,5,0.0
2023-08-01,RealEstate,0.29894,5,5,9,0.24134000000000003
2023-08-01,Tech,0.8895799999999999,5,5,59,0.95778
2023-08-01,Utilities,0.16182000000000002,5,2,6,0.38952
2023-08-02,Comm,0.16006,5,5,20,0.59398
2023-08-02,Consumer,0.011159999999999998,5,5,31,0.39816
2023-08-02,Energy,0.18907999999999997,5,5,15,0.5481199999999999
2023-08-02,Financials,0.0032400000000000094,5,5,16,0.20015999999999998
2023-08-02,Healthcare,0.36976,5,4,16,0.34517999999999993
2023-08-02,Industrials,0.34312,5,3,26,0.08439999999999999
2023-08-02,Materials,-0.0003199999999999981,5,4,15,0.21261999999999998
2023-08-02,RealEstate,0.25398,5,4,10,0.29894
2023-08-02,Tech,0.20924,5,5,82,0.8895799999999999
2023-08-02,Utilities,0.0256,5,5,7,0.16182000000000002
2023-08-03,Comm,0.18929999999999997,5,5,17,0.16006
2023-08-03,Consumer,0.044399999999999995,5,5,21,0.011159999999999998
2023-08-03,Energy,0.11168000000000003,5,5,33,0.18907999999999997
2023-08-03,Financials,0.22514000000000003,5,5,13,0.0032400000000000094
2023-08-03,Healthcare,0.49413999999999997,5,5,37,0.36976
2023-08-03,Industrials,0.11440000000000002,5,3,8,0.34312
2023-08-03,Materials,0.03558,5,4,7,-0.0003199999999999981
2023-08-03,RealEstate,0.19054,5,5,15,0.25398
2023-08-03,Tech,0.61946,5,5,78,0.20924
2023-08-03,Utilities,0.314,5,5,19,0.0256
2023-08-04,Comm,-0.008380000000000009,5,5,13,0.18929999999999997
2023-08-04,Consumer,0.30352,5,5,22,0.044399999999999995
2023-08-04,Energy,0.06732000000000002,5,4,13,0.11168000000000003
2023-08-04,Financials,0.15316000000000002,5,5,12,0.22514000000000003
2023-08-04,Healthcare,-0.060860000000000004,5,5,31,0.49413999999999997
2023-08-04,Industrials,0.27359999999999995,5,4,13,0.11440000000000002
2023-08-04,Materials,0.0,5,0,0,0.03558
2023-08-04,RealEstate,-0.007060000000000022,5,5,10,0.19054
2023-08-04,Tech,0.46559999999999996,5,5,41,0.61946
2023-08-04,Utilities,0.39906,5,5,22,0.314
2023-08-07,Comm,0.23746,5,5,14,-0.008380000000000009
2023-08-07,Consumer,0.3295,5,5,30,0.30352
2023-08-07,Energy,0.45506,5,5,26,0.06732000000000002
2023-08-07,Financials,-0.014639999999999986,5,5,25,0.15316000000000002
2023-08-07,Healthcare,0.31682,5,5,13,-0.060860000000000004
2023-08-07,Industrials,0.10969999999999999,5,4,15,0.27359999999999995
2023-08-07,Materials,0.0,5,1,1,0.0
2023-08-07,RealEstate,0.039639999999999995,5,4,7,-0.007060000000000022
2023-08-07,Tech,0.51372,5,5,52,0.46559999999999996
2023-08-07,Utilities,0.17962,5,5,8,0.39906
2023-08-08,Comm,0.1635,5,3,11,0.23746
2023-08-08,Consumer,0.57792,5,5,29,0.3295
2023-08-08,Energy,0.3668,5,4,9,0.45506
2023-08-08,Financials,-0.34744,5,5,38,-0.014639999999999986
2023-08-08,Healthcare,0.39211999999999997,5,4,13,0.31682
2023-08-08,Industrials,0.18694,5,2,17,0.10969999999999999
2023-08-08,Materials,0.01032,5,2,3,0.0
2023-08-08,RealEstate,0.0,5,1,3,0.039639999999999995
2023-08-08,Tech,0.6104,5,5,39,0.51372
2023-08-08,Utilities,0.06606000000000001,5,2,11,0.17962
2023-08-09,Comm,-0.16787999999999997,5,4,16,0.1635
2023-08-09,Consumer,0.024419999999999997,5,5,54,0.57792
2023-08-09,Energy,0.05103999999999999,5,5,21,0.3668
2023-08-09,Financials,0.18962,5,5,19,-0.34744
2023-08-09,Healthcare,0.61298,5,5,18,0.39211999999999997
2023-08-09,Industrials,0.2779,5,3,15,0.18694
2023-08-09,Materials,0.21246,5,3,4,0.01032
2023-08-09,RealEstate,-0.03062,5,5,8,0.0
2023-08-09,Tech,0.38476,5,5,39,0.6104
2023-08-09,Utilities,0.131,5,2,3,0.06606000000000001
2023-08-10,Comm,-0.004239999999999999,5,4,9,-0.16787999999999997
2023-08-10,Consumer,0.34744,5,5,38,0.024419999999999997
2023-08-10,Energy,0.46288,5,4,18,0.05103999999999999
2023-08-10,Financials,0.24162,5,5,14,0.18962
2023-08-10,Healthcare,0.36151999999999995,5,4,10,0.61298
2023-08-10,Industrials,-0.07224,5,3,7,0.2779
2023-08-10,Materials,0.08808,5,5,6,0.21246
2023-08-10,RealEstate,0.49238,5,5,9,-0.03062
2023-08-10,Tech,0.23546000000000006,5,5,47,0.38476
2023-08-10,Utilities,0.20898000000000003,5,5,10,0.131
2023-08-11,Comm,0.41045999999999994,5,4,11,-0.004239999999999999
2023-08-11,Consumer,0.44472000000000006,5,5,34,0.34744
2023-08-11,Energy,0.68872,5,5,36,0.46288
2023-08-11,Financials,0.3421,5,4,10,0.24162
2023-08-11,Healthcare,0.15298,5,5,13,0.36151999999999995
2023-08-11,Industrials,0.20901999999999998,5,4,11,-0.07224
2023-08-11,Materials,0.14192,5,1,3,0.08808
2023-08-11,RealEstate,0.07432,5,2,4,0.49238
2023-08-11,Tech,0.58708,5,5,39,0.23546000000000006
2023-08-11,Utilities,0.17182,5,3,4,0.20898000000000003
2023-08-14,Comm,0.13538,5,4,10,0.41045999999999994
2023-08-14,Consumer,0.3945,5,5,52,0.44472000000000006
2023-08-14,Energy,0.6885,5,5,29,0.68872
2023-08-14,Financials,0.23689999999999997,5,5,27,0.3421
2023-08-14,Healthcare,0.52942,5,4,20,0.15298
2023-08-14,Industrials,0.0951,5,3,5,0.20901999999999998
2023-08-14,Materials,0.2532,5,3,6,0.14192
2023-08-14,RealEstate,0.16392,5,2,7,0.07432
2023-08-14,Tech,0.69242,5,5,63,0.58708
2023-08-14,Utilities,0.20324,5,2,4,0.17182
2023-08-15,Comm,0.12214,5,4,12,0.13538
2023-08-15,Consumer,0.4497,5,5,32,0.3945
2023-08-15,Energy,0.33712,5,5,20,0.6885
2023-08-15,Financials,-0.32852,5,5,27,0.23689999999999997
2023-08-15,Healthcare,0.13626,5,5,15,0.52942
2023-08-15,Industrials,0.24579999999999996,5,4,8,0.0951
2023-08-15,Materials,0.08446000000000001,5,5,10,0.2532
2023-08-15,RealEstate,0.07116,5,4,4,0.16392
2023-08-15,Tech,0.67964,5,5,60,0.69242
2023-08-15,Utilities,0.05464,5,3,8,0.20324
2023-08-16,Comm,0.16048,5,5,9,0.12214
2023-08-16,Consumer,0.5182599999999999,5,5,35,0.4497
2023-08-16,Energy,0.24176000000000003,5,4,28,0.33712
2023-08-16,Financials,0.13448,5,5,16,-0.32852
2023-08-16,Healthcare,-0.02045999999999999,5,4,7,0.13626
2023-08-16,Industrials,0.36772,5,4,9,0.24579999999999996
2023-08-16,Materials,0.0,5,0,0,0.08446000000000001
2023-08-16,RealEstate,0.24378000000000002,5,4,5,0.07116
2023-08-16,Tech,0.64202,5,5,52,0.67964
2023-08-16,Utilities,0.07636,5,2,3,0.05464
2023-08-17,Comm,0.19104000000000002,5,5,11,0.16048
2023-08-17,Consumer,0.1807,5,5,51,0.5182599999999999
2023-08-17,Energy,0.30948000000000003,5,5,36,0.24176000000000003
2023-08-17,Financials,0.24003999999999998,5,5,18,0.13448
2023-08-17,Healthcare,0.11554,5,5,9,-0.02045999999999999
2023-08-17,Industrials,0.12248,5,3,10,0.36772
2023-08-17,Materials,0.30028,5,5,9,0.0
2023-08-17,RealEstate,0.22576000000000002,5,5,14,0.24378000000000002
2023-08-17,Tech,0.31676000000000004,5,5,54,0.64202
2023-08-17,Utilities,0.40936000000000006,5,4,7,0.07636
2023-08-18,Comm,0.30110000000000003,5,4,10,0.19104000000000002
2023-08-18,Consumer,-0.1058,5,5,40,0.1807
2023-08-18,Energy,0.67056,5,5,28,0.30948000000000003
2023-08-18,Financials,0.34686,5,5,20,0.24003999999999998
2023-08-18,Healthcare,0.25154,5,2,7,0.11554
2023-08-18,Industrials,-0.056220000000000006,5,4,8,0.12248
2023-08-18,Materials,0.05228000000000001,5,2,4,0.30028
2023-08-18,RealEstate,0.2271,5,3,7,0.22576000000000002
2023-08-18,Tech,0.6303,5,4,46,0.31676000000000004
2023-08-18,Utilities,0.15794000000000002,5,4,6,0.40936000000000006
2023-08-21,Comm,0.15244,5,5,18,0.30110000000000003
2023-08-21,Consumer,0.5102800000000001,5,5,40,-0.1058
2023-08-21,Energy,0.25082,5,4,27,0.67056
2023-08-21,Financials,0.61048,5,5,32,0.34686
2023-08-21,Healthcare,0.24318,5,5,25,0.25154
2023-08-21,Industrials,0.22264,5,3,9,-0.056220000000000006
2023-08-21,Materials,-0.032179999999999986,5,4,13,0.05228000000000001
2023-08-21,RealEstate,0.2122,5,4,6,0.2271
2023-08-21,Tech,0.3153,5,4,82,0.6303
2023-08-21,Utilities,-0.08688,5,5,10,0.15794000000000002
2023-08-22,Comm,-0.11122000000000001,5,4,9,0.15244
2023-08-22,Consumer,0.15758,5,5,24,0.5102800000000001
2023-08-22,Energy,0.0506,5,4,23,0.25082
2023-08-22,Financials,0.03998,5,5,18,0.61048
2023-08-22,Healthcare,-0.06628,5,4,8,0.24318
2023-08-22,Industrials,0.41096000000000005,5,4,13,0.22264
2023-08-22,Materials,0.04526,5,4,8,-0.032179999999999986
2023-08-22,RealEstate,0.21452,5,3,4,0.2122
2023-08-22,Tech,0.57958,5,5,84,0.3153
2023-08-22,Utilities,0.0,5,4,4,-0.08688
2023-08-23,Comm,0.396,5,3,19,-0.11122000000000001
2023-08-23,Consumer,0.48022,5,5,35,0.15758
2023-08-23,Energy,0.5416000000000001,5,4,23,0.0506
2023-08-23,Financials,0.42034000000000005,5,5,31,0.03998
2023-08-23,Healthcare,0.49190000000000006,5,5,24,-0.06628
2023-08-23,Industrials,0.20207999999999998,5,4,12,0.41096000000000005
2023-08-23,Materials,0.0,5,2,2,0.04526
2023-08-23,RealEstate,0.0,5,1,2,0.21452
2023-08-23,Tech,0.7163,5,5,86,0.57958
2023-08-23,Utilities,0.13035999999999998,5,5,14,0.0
2023-08-24,Comm,0.3444,5,3,15,0.396
2023-08-24,Consumer,0.12273999999999999,5,5,42,0.48022
2023-08-24,Energy,0.28866,5,5,14,0.5416000000000001
2023-08-24,Financials,-0.05848,5,5,15,0.42034000000000005
2023-08-24,Healthcare,0.12374,5,5,9,0.49190000000000006
2023-08-24,Industrials,0.27674,5,4,9,0.20207999999999998
2023-08-24,Materials,0.07636,5,4,5,0.0
2023-08-24,RealEstate,0.13808,5,5,8,0.0
2023-08-24,Tech,0.7996000000000001,5,5,141,0.7163
2023-08-24,Utilities,0.25684,5,4,11,0.13035999999999998
2023-08-25,Comm,-0.1341,5,4,12,0.3444
2023-08-25,Consumer,0.5655,5,5,29,0.12273999999999999
2023-08-25,Energy,-0.03648,5,4,12,0.28866
2023-08-25,Financials,0.03979999999999999,5,5,18,-0.05848
2023-08-25,Healthcare,0.09508000000000001,5,5,15,0.12374
2023-08-25,Industrials,0.1486,5,4,11,0.27674
2023-08-25,Materials,0.30412,5,3,5,0.07636
2023-08-25,RealEstate,0.13424,5,4,9,0.13808
2023-08-25,Tech,0.28334000000000004,5,5,65,0.7996000000000001
2023-08-25,Utilities,0.25451999999999997,5,3,7,0.25684
2023-08-28,Comm,0.3373,5,3,12,-0.1341
2023-08-28,Consumer,0.16520000000000004,5,5,27,0.5655
2023-08-28,Energy,0.5159,5,5,25,-0.03648
2023-08-28,Financials,0.28758,5,5,34,0.03979999999999999
2023-08-28,Healthcare,0.14412,5,4,23,0.09508000000000001
2023-08-28,Industrials,0.1082,5,4,25,0.1486
2023-08-28,Materials,0.22218,5,3,4,0.30412
2023-08-28,RealEstate,0.2935,5,4,10,0.13424
2023-08-28,Tech,0.80654,5,5,73,0.28334000000000004
2023-08-28,Utilities,0.15012,5,4,11,0.25451999999999997
2023-08-29,Comm,0.30832,5,3,19,0.3373
2023-08-29,Consumer,0.62226,5,4,26,0.16520000000000004
2023-08-29,Energy,-0.06824000000000001,5,5,19,0.5159
2023-08-29,Financials,-0.12553999999999998,5,5,13,0.28758
2023-08-29,Healthcare,0.3942,5,5,25,0.14412
2023-08-29,Industrials,0.18520000000000003,5,4,20,0.1082
2023-08-29,Materials,0.0,5,1,1,0.22218
2023-08-29,RealEstate,0.17602,5,3,7,0.2935
2023-08-29,Tech,0.58002,5,5,56,0.80654
2023-08-29,Utilities,0.31978,5,4,7,0.15012
2023-08-30,Comm,0.19363999999999998,5,3,10,0.30832
2023-08-30,Consumer,0.28552,5,5,25,0.62226
2023-08-30,Energy,0.25248,5,3,17,-0.06824000000000001
2023-08-30,Financials,0.06468,5,5,17,-0.12553999999999998
2023-08-30,Healthcare,0.10484,5,4,10,0.3942
2023-08-30,Industrials,0.25667999999999996,5,3,11,0.18520000000000003
2023-08-30,Materials,0.33456,5,3,6,0.0
2023-08-30,RealEstate,0.24052,5,4,6,0.17602
2023-08-30,Tech,0.67108,5,5,55,0.58002
2023-08-30,Utilities,0.2037,5,3,6,0.31978
2023-08-31,Comm,0.41274,5,5,18,0.19363999999999998
2023-08-31,Consumer,0.7249,5,5,24,0.28552
2023-08-31,Energy,0.24499999999999997,5,4,13,0.25248
2023-08-31,Financials,0.41286000000000006,5,5,20,0.06468
2023-08-31,Healthcare,0.39688,5,4,13,0.10484
2023-08-31,Industrials,0.15656000000000003,5,4,20,0.25667999999999996
2023-08-31,Materials,0.34659999999999996,5,4,8,0.33456
2023-08-31,RealEstate,0.41326,5,4,9,0.24052
2023-08-31,Tech,0.23914,5,5,55,0.67108
2023-08-31,Utilities,0.25536,5,5,9,0.2037
2023-09-01,Comm,-0.01227999999999999,5,4,9,0.41274
2023-09-01,Consumer,0.46218000000000004,5,5,23,0.7249
2023-09-01,Energy,0.09800000000000002,5,3,8,0.24499999999999997
2023-09-01,Financials,0.08286,5,4,13,0.41286000000000006
2023-09-01,Healthcare,0.029800000000000004,5,5,19,0.39688
2023-09-01,Industrials,0.42366000000000004,5,4,16,0.15656000000000003
2023-09-01,Materials,0.26754,5,4,5,0.34659999999999996
2023-09-01,RealEstate,0.50464,5,5,9,0.41326
2023-09-01,Tech,0.53996,5,5,46,0.23914
2023-09-01,Utilities,0.27872,5,4,5,0.25536
2023-09-05,Comm,0.5887800000000001,5,5,11,-0.01227999999999999
2023-09-05,Consumer,0.37198000000000003,5,5,38,0.46218000000000004
2023-09-05,Energy,-0.0803,5,5,36,0.09800000000000002
2023-09-05,Financials,0.49338,5,4,37,0.08286
2023-09-05,Healthcare,0.011580000000000002,5,5,26,0.029800000000000004
2023-09-05,Industrials,0.4513,5,4,17,0.42366000000000004
2023-09-05,Materials,0.16132,5,4,8,0.26754
2023-09-05,RealEstate,0.26349999999999996,5,4,13,0.50464
2023-09-05,Tech,0.94648,5,5,103,0.53996
2023-09-05,Utilities,0.2778,5,3,8,0.27872
2023-09-06,Comm,0.294,5,5,12,0.5887800000000001
2023-09-06,Consumer,0.29156000000000004,5,5,27,0.37198000000000003
2023-09-06,Energy,0.37174,5,5,15,-0.0803
2023-09-06,Financials,0.68514,5,4,16,0.49338
2023-09-06,Healthcare,0.33765999999999996,5,5,10,0.011580000000000002
2023-09-06,Industrials,0.29508,5,4,14,0.4513
2023-09-06,Materials,0.16096,5,5,6,0.16132
2023-09-06,RealEstate,0.19218000000000002,5,3,3,0.26349999999999996
2023-09-06,Tech,0.648,5,5,51,0.94648
2023-09-06,Utilities,0.22096,5,5,15,0.2778
2023-09-07,Comm,0.14629999999999996,5,4,13,0.294
2023-09-07,Consumer,0.34143999999999997,5,4,26,0.29156000000000004
2023-09-07,Energy,0.21374000000000004,5,4,16,0.37174
2023-09-07,Financials,0.68628,5,5,25,0.68514
2023-09-07,Healthcare,-0.10747999999999999,5,5,7,0.33765999999999996
2023-09-07,Industrials,0.34703999999999996,5,4,11,0.29508
2023-09-07,Materials,0.04110000000000001,5,4,8,0.16096
2023-09-07,RealEstate,0.068,5,5,8,0.19218000000000002
2023-09-07,Tech,0.55904,5,5,65,0.648
2023-09-07,Utilities,0.45906,5,5,11,0.22096
2023-09-08,Comm,0.34436,5,5,13,0.14629999999999996
2023-09-08,Consumer,0.4462,5,5,26,0.34143999999999997
2023-09-08,Energy,0.48735999999999996,5,5,27,0.21374000000000004
2023-09-08,Financials,0.27447999999999995,5,5,22,0.68628
2023-09-08,Healthcare,0.5283599999999999,5,5,18,-0.10747999999999999
2023-09-08,Industrials,0.1778,5,3,9,0.34703999999999996
2023-09-08,Materials,0.0736,5,4,7,0.04110000000000001
2023-09-08,RealEstate,0.20400000000000001,5,4,5,0.068
2023-09-08,Tech,0.59192,5,5,53,0.55904
2023-09-08,Utilities,0.37142,5,5,11,0.45906
2023-09-11,Comm,0.2742,5,4,13,0.34436
2023-09-11,Consumer,0.42712000000000006,5,5,38,0.4462
2023-09-11,Energy,0.34252,5,5,29,0.48735999999999996
2023-09-11,Financials,0.46787999999999996,5,5,32,0.27447999999999995
2023-09-11,Healthcare,0.40318000000000004,5,5,19,0.5283599999999999
2023-09-11,Industrials,0.28525999999999996,5,4,16,0.1778
2023-09-11,Materials,0.16076,5,5,6,0.0736
2023-09-11,RealEstate,0.46146000000000004,5,5,11,0.20400000000000001
2023-09-11,Tech,0.9712,5,5,100,0.59192
2023-09-11,Utilities,-0.031699999999999985,5,5,13,0.37142
2023-09-12,Comm,0.153,5,4,12,0.2742
2023-09-12,Consumer,0.20356000000000002,5,4,25,0.42712000000000006
2023-09-12,Energy,0.5581799999999999,5,5,35,0.34252
2023-09-12,Financials,0.52124,5,5,20,0.46787999999999996
2023-09-12,Healthcare,0.10244,5,5,13,0.40318000000000004
2023-09-12,Industrials,0.42922000000000005,5,4,20,0.28525999999999996
2023-09-12,Materials,0.08038,5,4,5,0.16076
2023-09-12,RealEstate,-0.11438,5,3,4,0.46146000000000004
2023-09-12,Tech,0.54604,5,5,56,0.9712
2023-09-12,Utilities,-0.04948,5,3,4,-0.031699999999999985
2023-09-13,Comm,0.08553999999999999,5,4,12,0.153
2023-09-13,Consumer,0.25844,5,4,22,0.20356000000000002
2023-09-13,Energy,0.2511,5,5,23,0.5581799999999999
2023-09-13,Financials,0.22573999999999997,5,5,21,0.52124
2023-09-13,Healthcare,0.22834000000000004,5,3,8,0.10244
2023-09-13,Industrials,0.27565999999999996,5,4,15,0.42922000000000005
2023-09-13,Materials,0.03558,5,2,3,0.08038
2023-09-13,RealEstate,0.13194,5,4,6,-0.11438
2023-09-13,Tech,0.88604,5,5,40,0.54604
2023-09-13,Utilities,0.26644,5,5,9,-0.04948
2023-09-14,Comm,0.3347,5,3,11,0.08553999999999999
2023-09-14,Consumer,0.14876,5,5,24,0.25844
2023-09-14,Energy,0.38889999999999997,5,5,16,0.2511
2023-09-14,Financials,0.68716,5,4,41,0.22573999999999997
2023-09-14,Healthcare,0.162,5,5,12,0.22834000000000004
2023-09-14,Industrials,0.28872,5,4,13,0.27565999999999996
2023-09-14,Materials,0.054779999999999995,5,4,4,0.03558
2023-09-14,RealEstate,0.08038,5,4,8,0.13194
2023-09-14,Tech,0.90138,5,5,66,0.88604
2023-09-14,Utilities,0.24211999999999997,5,5,7,0.26644
2023-09-15,Comm,-0.028579999999999994,5,2,7,0.3347
2023-09-15,Consumer,0.78802,5,5,30,0.14876
2023-09-15,Energy,-0.04258000000000002,5,4,16,0.38889999999999997
2023-09-15,Financials,0.21768,5,5,21,0.68716
2023-09-15,Healthcare,0.016079999999999994,5,4,16,0.162
2023-09-15,Industrials,0.30328,5,4,13,0.28872
2023-09-15,Materials,-0.17558,5,2,10,0.054779999999999995
2023-09-15,RealEstate,0.43308,5,5,8,0.08038
2023-09-15,Tech,0.0226,5,5,84,0.90138
2023-09-15,Utilities,0.26836000000000004,5,3,5,0.24211999999999997
2023-09-18,Comm,0.29490000000000005,5,4,13,-0.028579999999999994
2023-09-18,Consumer,0.32294,5,5,31,0.78802
2023-09-18,Energy,-0.10482,5,5,38,-0.04258000000000002
2023-09-18,Financials,0.6580600000000001,5,5,21,0.21768
2023-09-18,Healthcare,0.1578,5,5,14,0.016079999999999994
2023-09-18,Industrials,0.38466,5,4,21,0.30328
2023-09-18,Materials,0.23686,5,4,13,-0.17558
2023-09-18,RealEstate,0.21338,5,3,6,0.43308
2023-09-18,Tech,0.81036,5,5,64,0.0226
2023-09-18,Utilities,0.12774000000000002,5,3,5,0.26836000000000004
2023-09-19,Comm,0.11438,5,2,5,0.29490000000000005
2023-09-19,Consumer,0.44692,5,5,36,0.32294
2023-09-19,Energy,-0.022559999999999993,5,5,29,-0.10482
2023-09-19,Financials,0.13835999999999998,5,4,16,0.6580600000000001
2023-09-19,Healthcare,0.055940000000000004,5,5,8,0.1578
2023-09-19,Industrials,0.31056,5,4,13,0.38466
2023-09-19,Materials,0.0,5,3,4,0.23686
2023-09-19,RealEstate,0.25722,5,4,5,0.21338
2023-09-19,Tech,0.63792,5,5,57,0.81036
2023-09-19,Utilities,0.27524000000000004,5,3,4,0.12774000000000002
2023-09-20,Comm,0.16065999999999997,5,3,4,0.11438
2023-09-20,Consumer,-0.44420000000000004,5,5,31,0.44692
2023-09-20,Energy,-0.03208,5,4,21,-0.022559999999999993
2023-09-20,Financials,0.2343,5,5,18,0.13835999999999998
2023-09-20,Healthcare,-0.329,5,5,14,0.055940000000000004
2023-09-20,Industrials,0.1981,5,4,13,0.31056
2023-09-20,Materials,0.04046,5,3,4,0.0
2023-09-20,RealEstate,0.41251999999999994,5,4,5,0.25722
2023-09-20,Tech,0.5109199999999999,5,5,65,0.63792
2023-09-20,Utilities,0.15372,5,2,5,0.27524000000000004
2023-09-21,Comm,0.15811999999999998,5,5,12,0.16065999999999997
2023-09-21,Consumer,0.10338,5,5,31,-0.44420000000000004
2023-09-21,Energy,0.5258,5,4,25,-0.03208
2023-09-21,Financials,0.04897999999999999,5,5,21,0.2343
2023-09-21,Healthcare,0.28738,5,5,10,-0.329
2023-09-21,Industrials,0.32618,5,4,22,0.1981
2023-09-21,Materials,0.16468,5,4,8,0.04046
2023-09-21,RealEstate,0.42424,5,4,13,0.41251999999999994
2023-09-21,Tech,0.68474,5,5,48,0.5109199999999999
2023-09-21,Utilities,0.19119999999999998,5,5,12,0.15372
2023-09-22,Comm,0.08465999999999999,5,4,11,0.15811999999999998
2023-09-22,Consumer,0.32761999999999997,5,5,23,0.10338
2023-09-22,Energy,0.5684400000000001,5,5,24,0.5258
2023-09-22,Financials,-0.02734000000000001,5,5,14,0.04897999999999999
2023-09-22,Healthcare,-0.25348000000000004,5,4,12,0.28738
2023-09-22,Industrials,0.2883,5,4,7,0.32618
2023-09-22,Materials,0.10212000000000002,5,2,3,0.16468
2023-09-22,RealEstate,0.09368000000000001,5,2,5,0.42424
2023-09-22,Tech,0.49244000000000004,5,5,48,0.68474
2023-09-22,Utilities,-0.02054,5,2,3,0.19119999999999998
2023-09-25,Comm,0.20134,5,4,15,0.08465999999999999
2023-09-25,Consumer,0.56064,5,5,60,0.32761999999999997
2023-09-25,Energy,0.43976000000000004,5,4,32,0.5684400000000001
2023-09-25,Financials,0.29602000000000006,5,5,21,-0.02734000000000001
2023-09-25,Healthcare,0.20476,5,4,15,-0.25348000000000004
2023-09-25,Industrials,0.34312,5,4,17,0.2883
2023-09-25,Materials,-0.08259999999999999,5,3,10,0.10212000000000002
2023-09-25,RealEstate,0.18532,5,5,11,0.09368000000000001
2023-09-25,Tech,0.40835999999999995,5,5,62,0.49244000000000004
2023-09-25,Utilities,0.25982000000000005,5,3,8,-0.02054
2023-09-26,Comm,0.2902,5,5,13,0.20134
2023-09-26,Consumer,0.60418,5,5,34,0.56064
2023-09-26,Energy,0.42085999999999996,5,5,19,0.43976000000000004
2023-09-26,Financials,0.26544,5,5,27,0.29602000000000006
2023-09-26,Healthcare,0.29476,5,4,14,0.20476
2023-09-26,Industrials,0.3943,5,4,11,0.34312
2023-09-26,Materials,0.05464,5,1,2,-0.08259999999999999
2023-09-26,RealEstate,0.24718,5,3,5,0.18532
2023-09-26,Tech,0.37752,5,5,37,0.40835999999999995
2023-09-26,Utilities,0.36124,5,4,8,0.25982000000000005
2023-09-27,Comm,0.06364,5,3,4,0.2902
2023-09-27,Consumer,-0.018440000000000005,5,5,22,0.60418
2023-09-27,Energy,0.35453999999999997,5,5,19,0.42085999999999996
2023-09-27,Financials,0.3344,5,5,19,0.26544
2023-09-27,Healthcare,0.29872,5,3,7,0.29476
2023-09-27,Industrials,0.44588,5,4,14,0.3943
2023-09-27,Materials,0.049819999999999996,5,5,7,0.05464
2023-09-27,RealEstate,0.27027999999999996,5,4,11,0.24718
2023-09-27,Tech,0.62554,5,5,43,0.37752
2023-09-27,Utilities,0.21176,5,5,18,0.36124
2023-09-28,Comm,0.22344,5,4,15,0.06364
2023-09-28,Consumer,0.18274,5,4,31,-0.018440000000000005
2023-09-28,Energy,0.4226,5,5,21,0.35453999999999997
2023-09-28,Financials,0.5073000000000001,5,5,21,0.3344
2023-09-28,Healthcare,0.21883999999999998,5,5,11,0.29872
2023-09-28,Industrials,0.19815999999999998,5,4,14,0.44588
2023-09-28,Materials,0.19824000000000003,5,4,6,0.049819999999999996
2023-09-28,RealEstate,0.42732000000000003,5,3,7,0.27027999999999996
2023-09-28,Tech,0.29374,5,5,40,0.62554
2023-09-28,Utilities,0.257,5,4,13,0.21176
2023-09-29,Comm,0.50414,5,4,10,0.22344
2023-09-29,Consumer,0.65084,5,5,57,0.18274
2023-09-29,Energy,0.59496,5,5,23,0.4226
2023-09-29,Financials,0.30992,5,5,12,0.5073000000000001
2023-09-29,Healthcare,0.08110000000000002,5,5,16,0.21883999999999998
2023-09-29,Industrials,0.21196,5,3,9,0.19815999999999998
2023-09-29,Materials,0.0,5,1,1,0.19824000000000003
2023-09-29,RealEstate,0.12738,5,3,4,0.42732000000000003
2023-09-29,Tech,0.4312,5,5,54,0.29374
2023-09-29,Utilities,0.6603600000000001,5,5,10,0.257
2023-10-02,Comm,0.45262,5,5,12,0.50414
2023-10-02,Consumer,0.6636,5,5,47,0.65084
2023-10-02,Energy,0.59346,5,5,27,0.59496
2023-10-02,Financials,0.42838000000000004,5,5,31,0.30992
2023-10-02,Healthcare,0.31168,5,5,28,0.08110000000000002
2023-10-02,Industrials,0.5483800000000001,5,4,22,0.21196
2023-10-02,Materials,0.2496,5,5,9,0.0
2023-10-02,RealEstate,0.41362000000000004,5,4,7,0.12738
2023-10-02,Tech,0.8652200000000001,5,5,74,0.4312
2023-10-02,Utilities,0.60366,5,5,25,0.6603600000000001
2023-10-03,Comm,0.0,5,3,4,0.45262
2023-10-03,Consumer,0.61692,5,5,16,0.6636
2023-10-03,Energy,0.4854,5,5,13,0.59346
2023-10-03,Financials,0.57984,5,4,25,0.42838000000000004
2023-10-03,Healthcare,0.25251999999999997,5,4,7,0.31168
2023-10-03,Industrials,0.47234,5,5,26,0.5483800000000001
2023-10-03,Materials,0.21223999999999998,5,4,11,0.2496
2023-10-03,RealEstate,0.28036,5,5,9,0.41362000000000004
2023-10-03,Tech,0.7212000000000001,5,5,45,0.8652200000000001
2023-10-03,Utilities,0.38346,5,5,10,0.60366
2023-10-04,Comm,0.2862,5,3,11,0.0
2023-10-04,Consumer,0.47981999999999997,5,5,23,0.61692
2023-10-04,Energy,0.67696,5,5,33,0.4854
2023-10-04,Financials,0.25808,5,3,10,0.57984
2023-10-04,Healthcare,0.32784,5,4,9,0.25251999999999997
2023-10-04,Industrials,0.10921999999999998,5,4,12,0.47234
2023-10-04,Materials,0.007399999999999995,5,3,6,0.21223999999999998
2023-10-04,RealEstate,0.21790000000000004,5,2,6,0.28036
2023-10-04,Tech,0.39208,5,5,43,0.7212000000000001
2023-10-04,Utilities,0.18436,5,5,8,0.38346
2023-10-05,Comm,0.09008,5,2,7,0.2862
2023-10-05,Consumer,0.40499999999999997,5,5,22,0.47981999999999997
2023-10-05,Energy,0.59596,5,5,39,0.67696
2023-10-05,Financials,0.19763999999999998,5,5,20,0.25808
2023-10-05,Healthcare,-0.05464,5,5,8,0.32784
2023-10-05,Industrials,0.15066000000000002,5,5,16,0.10921999999999998
2023-10-05,Materials,0.10478000000000001,5,4,8,0.007399999999999995
2023-10-05,RealEstate,0.21942,5,4,5,0.21790000000000004
2023-10-05,Tech,0.8085000000000001,5,5,52,0.39208
2023-10-05,Utilities,0.36686,5,5,15,0.18436
2023-10-06,Comm,0.18386,5,3,14,0.09008
2023-10-06,Consumer,0.29525999999999997,5,5,34,0.40499999999999997
2023-10-06,Energy,0.22498,5,4,42,0.59596
2023-10-06,Financials,0.37834,5,5,20,0.19763999999999998
2023-10-06,Healthcare,0.10788,5,4,12,-0.05464
2023-10-06,Industrials,0.07923999999999999,5,4,7,0.15066000000000002
2023-10-06,Materials,0.13144,5,2,3,0.10478000000000001
2023-10-06,RealEstate,0.20090000000000002,5,4,5,0.21942
2023-10-06,Tech,0.30672,5,5,39,0.8085000000000001
2023-10-06,Utilities,0.37706,5,4,13,0.36686
2023-10-09,Comm,0.5088,5,5,18,0.18386
2023-10-09,Consumer,0.31077999999999995,5,5,49,0.29525999999999997
2023-10-09,Energy,-0.6264000000000001,5,5,62,0.22498
2023-10-09,Financials,0.37464,5,5,28,0.37834
2023-10-09,Healthcare,0.6521,5,5,13,0.10788
2023-10-09,Industrials,0.015760000000000017,5,5,14,0.07923999999999999
2023-10-09,Materials,0.03062,5,2,3,0.13144
2023-10-09,RealEstate,0.01926000000000001,5,3,8,0.20090000000000002
2023-10-09,Tech,0.33843999999999996,5,5,65,0.30672
2023-10-09,Utilities,0.020300000000000002,5,3,8,0.37706
2023-10-10,Comm,0.29242,5,4,9,0.5088
2023-10-10,Consumer,0.7115,5,5,31,0.31077999999999995
2023-10-10,Energy,0.32088,5,5,32,-0.6264000000000001
2023-10-10,Financials,-0.06976,5,4,21,0.37464
2023-10-10,Healthcare,-0.052860000000000004,5,5,15,0.6521
2023-10-10,Industrials,0.47653999999999996,5,5,23,0.015760000000000017
2023-10-10,Materials,0.0,5,2,3,0.03062
2023-10-10,RealEstate,0.22096,5,4,6,0.01926000000000001
2023-10-10,Tech,0.5078199999999999,5,5,53,0.33843999999999996
2023-10-10,Utilities,0.20215999999999998,5,3,7,0.020300000000000002
2023-10-11,Comm,0.09176,5,2,5,0.29242
2023-10-11,Consumer,0.10252000000000003,5,5,29,0.7115
2023-10-11,Energy,0.31618,5,3,31,0.32088
2023-10-11,Financials,0.036619999999999986,5,5,21,-0.06976
2023-10-11,Healthcare,0.13134,5,5,19,-0.052860000000000004
2023-10-11,Industrials,0.40072,5,5,20,0.47653999999999996
2023-10-11,Materials,0.2681,5,3,7,0.0
2023-10-11,RealEstate,0.0,5,2,4,0.22096
2023-10-11,Tech,0.73614,5,5,58,0.5078199999999999
2023-10-11,Utilities,0.13735999999999998,5,3,5,0.20215999999999998
2023-10-12,Comm,0.28566,5,5,13,0.09176
2023-10-12,Consumer,0.35266,5,5,26,0.10252000000000003
2023-10-12,Energy,0.48832000000000003,5,5,21,0.31618
2023-10-12,Financials,0.43432000000000004,5,5,38,0.036619999999999986
2023-10-12,Healthcare,0.09860000000000002,5,4,13,0.13134
2023-10-12,Industrials,0.38896000000000003,5,4,19,0.40072
2023-10-12,Materials,0.2467,5,4,9,0.2681
2023-10-12,RealEstate,0.49734,5,5,9,0.0
2023-10-12,Tech,0.48278,5,4,42,0.73614
2023-10-12,Utilities,0.17486,5,4,7,0.13735999999999998
2023-10-13,Comm,0.05,5,4,11,0.28566
2023-10-13,Consumer,0.12028000000000001,5,5,17,0.35266
2023-10-13,Energy,-0.23118,5,4,26,0.48832000000000003
2023-10-13,Financials,0.009800000000000008,5,5,51,0.43432000000000004
2023-10-13,Healthcare,-0.0486,5,4,14,0.09860000000000002
2023-10-13,Industrials,0.20966,5,4,18,0.38896000000000003
2023-10-13,Materials,0.17476,5,3,6,0.2467
2023-10-13,RealEstate,0.10533999999999999,5,2,2,0.49734
2023-10-13,Tech,0.71804,5,5,45,0.48278
2023-10-13,Utilities,0.5574600000000001,5,5,8,0.17486
2023-10-16,Comm,-0.032400000000000005,5,4,11,0.05
2023-10-16,Consumer,0.6335,5,5,36,0.12028000000000001
2023-10-16,Energy,0.37404000000000004,5,3,12,-0.23118
2023-10-16,Financials,0.33455999999999997,5,5,54,0.009800000000000008
2023-10-16,Healthcare,0.06055999999999999,5,5,16,-0.0486
2023-10-16,Industrials,0.024660000000000005,5,5,18,0.20966
2023-10-16,Materials,0.19341999999999998,5,3,6,0.17476
2023-10-16,RealEstate,0.42838000000000004,5,4,17,0.10533999999999999
2023-10-16,Tech,0.64364,5,5,60,0.71804
2023-10-16,Utilities,0.22993999999999998,5,4,12,0.5574600000000001
2023-10-17,Comm,-0.0256,5,3,4,-0.032400000000000005
2023-10-17,Consumer,0.38892,5,5,24,0.6335
2023-10-17,Energy,0.46787999999999996,5,3,22,0.37404000000000004
2023-10-17,Financials,0.60466,5,5,45,0.33455999999999997
2023-10-17,Healthcare,0.5079,5,5,19,0.06055999999999999
2023-10-17,Industrials,0.00623999999999999,5,3,9,0.024660000000000005
2023-10-17,Materials,0.18208,5,4,8,0.19341999999999998
2023-10-17,RealEstate,-0.0013800000000000034,5,4,15,0.42838000000000004
2023-10-17,Tech,0.57552,5,5,89,0.64364
2023-10-17,Utilities,0.35364,5,4,9,0.22993999999999998
2023-10-18,Comm,0.19656,5,3,13,-0.0256
2023-10-18,Consumer,0.42554,5,5,26,0.38892
2023-10-18,Energy,-0.34608,5,5,39,0.46787999999999996
2023-10-18,Financials,0.08793999999999999,5,5,64,0.60466
2023-10-18,Healthcare,0.20299999999999999,5,5,33,0.5079
2023-10-18,Industrials,0.2468,5,5,22,0.00623999999999999
2023-10-18,Materials,-0.15762,5,5,11,0.18208
2023-10-18,RealEstate,0.31629999999999997,5,4,12,-0.0013800000000000034
2023-10-18,Tech,0.20007999999999998,5,5,75,0.57552
2023-10-18,Utilities,0.15318,5,2,6,0.35364
2023-10-19,Comm,0.49094,5,4,32,0.19656
2023-10-19,Consumer,0.3962,5,5,27,0.42554
2023-10-19,Energy,0.5308200000000001,5,5,27,-0.34608
2023-10-19,Financials,0.19998,5,5,33,0.08793999999999999
2023-10-19,Healthcare,0.56602,5,5,25,0.20299999999999999
2023-10-19,Industrials,0.41078000000000003,5,5,26,0.2468
2023-10-19,Materials,0.15484,5,5,9,-0.15762
2023-10-19,RealEstate,-0.004479999999999995,5,4,22,0.31629999999999997
2023-10-19,Tech,0.38914,5,5,30,0.20007999999999998
2023-10-19,Utilities,0.08502,5,3,3,0.15318
2023-10-20,Comm,0.04661999999999998,5,5,20,0.49094
2023-10-20,Consumer,0.24488,5,4,11,0.3962
2023-10-20,Energy,0.16558,5,4,36,0.5308200000000001
2023-10-20,Financials,0.28654,5,5,20,0.19998
2023-10-20,Healthcare,0.14312,5,5,18,0.56602
2023-10-20,Industrials,-0.1719,5,5,21,0.41078000000000003
2023-10-20,Materials,-0.08038,5,4,6,0.15484
2023-10-20,RealEstate,0.37234,5,5,10,-0.004479999999999995
2023-10-20,Tech,0.5210600000000001,5,5,49,0.38914
2023-10-20,Utilities,0.12738,5,2,3,0.08502
2023-10-23,Comm,0.11202000000000001,5,4,17,0.04661999999999998
2023-10-23,Consumer,0.63876,5,5,43,0.24488
2023-10-23,Energy,0.0824,5,5,67,0.16558
2023-10-23,Financials,0.16786,5,4,21,0.28654
2023-10-23,Healthcare,0.1306,5,5,24,0.14312
2023-10-23,Industrials,0.6373800000000001,5,5,27,-0.1719
2023-10-23,Materials,0.29901999999999995,5,5,20,-0.08038
2023-10-23,RealEstate,0.37732,5,3,9,0.37234
2023-10-23,Tech,0.5952999999999999,5,5,80,0.5210600000000001
2023-10-23,Utilities,-0.07396,5,4,8,0.12738
2023-10-24,Comm,0.2895,5,3,15,0.11202000000000001
2023-10-24,Consumer,0.42135999999999996,5,5,50,0.63876
2023-10-24,Energy,0.3397,5,5,37,0.0824
2023-10-24,Financials,0.11994,5,3,16,0.16786
2023-10-24,Healthcare,0.38546,5,5,17,0.1306
2023-10-24,Industrials,0.61152,5,5,51,0.6373800000000001
2023-10-24,Materials,0.31802,5,3,17,0.29901999999999995
2023-10-24,RealEstate,0.23471999999999998,5,5,7,0.37732
2023-10-24,Tech,0.8419000000000001,5,5,61,0.5952999999999999
2023-10-24,Utilities,0.01606000000000001,5,3,13,-0.07396
2023-10-25,Comm,0.41269999999999996,5,5,27,0.2895
2023-10-25,Consumer,0.11206,5,5,35,0.42135999999999996
2023-10-25,Energy,0.44938,5,3,25,0.3397
2023-10-25,Financials,0.55698,5,4,20,0.11994
2023-10-25,Healthcare,0.23071999999999998,5,5,22,0.38546
2023-10-25,Industrials,-0.013080000000000003,5,5,41,0.61152
2023-10-25,Materials,0.16065999999999997,5,4,8,0.31802
2023-10-25,RealEstate,0.36134000000000005,5,3,14,0.23471999999999998
2023-10-25,Tech,0.6336,5,5,45,0.8419000000000001
2023-10-25,Utilities,0.27598,5,3,11,0.01606000000000001
2023-10-26,Comm,0.51618,5,4,26,0.41269999999999996
2023-10-26,Consumer,0.22342,5,5,28,0.11206
2023-10-26,Energy,0.47938000000000003,5,5,41,0.44938
2023-10-26,Financials,0.43624,5,5,16,0.55698
2023-10-26,Healthcare,0.67342,5,5,25,0.23071999999999998
2023-10-26,Industrials,0.38614,5,5,42,-0.013080000000000003
2023-10-26,Materials,0.35209999999999997,5,5,17,0.16065999999999997
2023-10-26,RealEstate,0.08092,5,4,13,0.36134000000000005
2023-10-26,Tech,0.47990000000000005,5,5,46,0.6336
2023-10-26,Utilities,0.41581999999999997,5,5,18,0.27598
2023-10-27,Comm,-0.30388000000000004,5,3,12,0.51618
2023-10-27,Consumer,0.47656,5,5,27,0.22342
2023-10-27,Energy,0.4808199999999999,5,4,62,0.47938000000000003
2023-10-27,Financials,0.20114,5,4,13,0.43624
2023-10-27,Healthcare,0.48536,5,5,23,0.67342
2023-10-27,Industrials,-0.2824,5,5,14,0.38614
2023-10-27,Materials,0.01544,5,2,5,0.35209999999999997
2023-10-27,RealEstate,0.19746000000000002,5,3,8,0.08092
2023-10-27,Tech,0.67994,5,5,67,0.47990000000000005
2023-10-27,Utilities,0.38594,5,3,11,0.41581999999999997
2023-10-30,Comm,0.22812000000000002,5,5,13,-0.30388000000000004
2023-10-30,Consumer,0.55968,5,5,47,0.47656
2023-10-30,Energy,0.35898,5,4,33,0.4808199999999999
2023-10-30,Financials,0.24388,5,4,15,0.20114
2023-10-30,Healthcare,0.20111999999999997,5,5,21,0.48536
2023-10-30,Industrials,0.39304,5,4,21,-0.2824
2023-10-30,Materials,0.16892000000000001,5,5,5,0.01544
2023-10-30,RealEstate,0.48735999999999996,5,5,20,0.19746000000000002
2023-10-30,Tech,0.48040000000000005,5,5,76,0.67994
2023-10-30,Utilities,0.11717999999999999,5,1,4,0.38594
2023-10-31,Comm,0.19064,5,5,11,0.22812000000000002
2023-10-31,Consumer,0.41007999999999994,5,5,19,0.55968
2023-10-31,Energy,0.4744,5,5,22,0.35898
2023-10-31,Financials,0.26042,5,4,15,0.24388
2023-10-31,Healthcare,0.34836,5,5,38,0.20111999999999997
2023-10-31,Industrials,0.33378,5,5,28,0.39304
2023-10-31,Materials,0.0,5,3,3,0.16892000000000001
2023-10-31,RealEstate,0.22666,5,3,10,0.48735999999999996
2023-10-31,Tech,0.57742,5,5,61,0.48040000000000005
2023-10-31,Utilities,0.16626000000000002,5,4,9,0.11717999999999999
2023-11-01,Comm,0.30154,5,5,14,0.19064
2023-11-01,Consumer,0.66474,5,5,33,0.41007999999999994
2023-11-01,Energy,0.6672800000000001,5,5,27,0.4744
2023-11-01,Financials,0.2305,5,3,11,0.26042
2023-11-01,Healthcare,0.1528,5,3,10,0.34836
2023-11-01,Industrials,0.30585999999999997,5,5,14,0.33378
2023-11-01,Materials,0.36738,5,5,14,0.0
2023-11-01,RealEstate,0.13106,5,3,5,0.22666
2023-11-01,Tech,0.70924,5,5,67,0.57742
2023-11-01,Utilities,0.09614,5,5,12,0.16626000000000002
2023-11-02,Comm,0.13908,5,5,18,0.30154
2023-11-02,Consumer,0.52812,5,5,41,0.66474
2023-11-02,Energy,0.48922,5,5,40,0.6672800000000001
2023-11-02,Financials,0.4248200000000001,5,5,17,0.2305
2023-11-02,Healthcare,0.31406,5,4,25,0.1528
2023-11-02,Industrials,0.5081,5,5,19,0.30585999999999997
2023-11-02,Materials,0.15674,5,4,6,0.36738
2023-11-02,RealEstate,0.37708,5,4,14,0.13106
2023-11-02,Tech,0.84012,5,5,64,0.70924
2023-11-02,Utilities,0.6500600000000001,5,5,29,0.09614
2023-11-03,Comm,0.21752,5,3,9,0.13908
2023-11-03,Consumer,0.36166,5,5,24,0.52812
2023-11-03,Energy,0.37304,5,4,10,0.48922
2023-11-03,Financials,0.31538000000000005,5,5,9,0.4248200000000001
2023-11-03,Healthcare,0.21642,5,3,10,0.31406
2023-11-03,Industrials,-0.0996,5,3,6,0.5081
2023-11-03,Materials,0.16352,5,3,4,0.15674
2023-11-03,RealEstate,0.07150000000000001,5,5,7,0.37708
2023-11-03,Tech,0.58682,5,5,45,0.84012
2023-11-03,Utilities,0.28422000000000003,5,4,16,0.6500600000000001
2023-11-06,Comm,0.18404,5,5,17,0.21752
2023-11-06,Consumer,0.363,5,5,47,0.36166
2023-11-06,Energy,0.60426,5,5,27,0.37304
2023-11-06,Financials,0.13672,5,5,23,0.31538000000000005
2023-11-06,Healthcare,0.42126,5,5,21,0.21642
2023-11-06,Industrials,0.44256,5,5,28,-0.0996
2023-11-06,Materials,0.20737999999999998,5,3,4,0.16352
2023-11-06,RealEstate,0.33687999999999996,5,4,16,0.07150000000000001
2023-11-06,Tech,0.66118,5,5,43,0.58682
2023-11-06,Utilities,0.41156,5,4,14,0.28422000000000003
2023-11-07,Comm,0.37188,5,4,10,0.18404
2023-11-07,Consumer,0.73868,5,5,36,0.363
2023-11-07,Energy,0.6171200000000001,5,5,29,0.60426
2023-11-07,Financials,0.13642,5,3,8,0.13672
2023-11-07,Healthcare,0.39638,5,5,20,0.42126
2023-11-07,Industrials,0.09766,5,4,11,0.44256
2023-11-07,Materials,0.10189999999999999,5,4,10,0.20737999999999998
2023-11-07,RealEstate,0.17112,5,3,5,0.33687999999999996
2023-11-07,Tech,0.8859400000000001,5,5,47,0.66118
2023-11-07,Utilities,0.22798,5,4,5,0.41156
2023-11-08,Comm,0.31911999999999996,5,5,21,0.37188
2023-11-08,Consumer,0.030379999999999983,5,5,34,0.73868
2023-11-08,Energy,0.45404,5,4,22,0.6171200000000001
2023-11-08,Financials,0.08606,5,2,11,0.13642
2023-11-08,Healthcare,0.23432,5,5,17,0.39638
2023-11-08,Industrials,0.24299999999999997,5,5,13,0.09766
2023-11-08,Materials,0.00516,5,2,2,0.10189999999999999
2023-11-08,RealEstate,0.04213999999999999,5,3,7,0.17112
2023-11-08,Tech,0.32938,5,5,38,0.8859400000000001
2023-11-08,Utilities,0.1947,5,3,7,0.22798
2023-11-09,Comm,0.4647,5,5,17,0.31911999999999996
2023-11-09,Consumer,0.38916,5,5,38,0.030379999999999983
2023-11-09,Energy,0.39727999999999997,5,5,25,0.45404
2023-11-09,Financials,0.23688000000000003,5,5,24,0.08606
2023-11-09,Healthcare,0.45586000000000004,5,5,23,0.23432
2023-11-09,Industrials,0.2745,5,4,8,0.24299999999999997
2023-11-09,Materials,0.00516,5,4,10,0.00516
2023-11-09,RealEstate,0.22388,5,4,8,0.04213999999999999
2023-11-09,Tech,0.80806,5,5,39,0.32938
2023-11-09,Utilities,0.29208,5,3,6,0.1947
2023-11-10,Comm,0.22645999999999997,5,3,8,0.4647
2023-11-10,Consumer,0.43978,5,5,29,0.38916
2023-11-10,Energy,0.34936,5,5,19,0.39727999999999997
2023-11-10,Financials,0.17064,5,5,11,0.23688000000000003
2023-11-10,Healthcare,0.17812,5,4,13,0.45586000000000004
2023-11-10,Industrials,0.10596000000000001,5,4,14,0.2745
2023-11-10,Materials,-0.010600000000000009,5,3,4,0.00516
2023-11-10,RealEstate,-0.06604,5,3,5,0.22388
2023-11-10,Tech,0.7983800000000001,5,5,43,0.80806
2023-11-10,Utilities,0.1997,5,2,5,0.29208
2023-11-13,Comm,0.26786,5,4,10,0.22645999999999997
2023-11-13,Consumer,0.8569800000000001,5,5,54,0.43978
2023-11-13,Energy,0.7026,5,5,30,0.34936
2023-11-13,Financials,-0.11332,5,5,27,0.17064
2023-11-13,Healthcare,0.32542,5,5,19,0.17812
2023-11-13,Industrials,0.1255,5,5,37,0.10596000000000001
2023-11-13,Materials,0.09508,5,4,6,-0.010600000000000009
2023-11-13,RealEstate,0.25836,5,5,11,-0.06604
2023-11-13,Tech,0.5549999999999999,5,5,50,0.7983800000000001
2023-11-13,Utilities,0.20412,5,4,8,0.1997
2023-11-14,Comm,0.0,5,3,5,0.26786
2023-11-14,Consumer,0.46222,5,5,33,0.8569800000000001
2023-11-14,Energy,0.52758,5,4,27,0.7026
2023-11-14,Financials,0.5001,5,5,24,-0.11332
2023-11-14,Healthcare,0.20793999999999996,5,4,15,0.32542
2023-11-14,Industrials,0.31484,5,4,19,0.1255
2023-11-14,Materials,0.26983999999999997,5,3,7,0.09508
2023-11-14,RealEstate,0.14448,5,2,4,0.25836
2023-11-14,Tech,0.8715400000000001,5,5,61,0.5549999999999999
2023-11-14,Utilities,0.25918,5,2,5,0.20412
2023-11-15,Comm,0.20534,5,4,6,0.0
2023-11-15,Consumer,0.6393000000000001,5,5,44,0.46222
2023-11-15,Energy,0.24404000000000003,5,4,13,0.52758
2023-11-15,Financials,0.24918,5,3,9,0.5001
2023-11-15,Healthcare,0.24630000000000002,5,5,10,0.20793999999999996
2023-11-15,Industrials,0.33394,5,4,12,0.31484
2023-11-15,Materials,0.31988,5,3,6,0.26983999999999997
2023-11-15,RealEstate,0.1358,5,2,2,0.14448
2023-11-15,Tech,0.49788,5,5,45,0.8715400000000001
2023-11-15,Utilities,0.0,5,2,2,0.25918
2023-11-16,Comm,0.033600000000000005,5,3,6,0.20534
2023-11-16,Consumer,0.20961999999999997,5,5,50,0.6393000000000001
2023-11-16,Energy,0.006820000000000004,5,4,15,0.24404000000000003
2023-11-16,Financials,0.10324,5,5,14,0.24918
2023-11-16,Healthcare,0.008640000000000004,5,5,9,0.24630000000000002
2023-11-16,Industrials,0.3578,5,5,14,0.33394
2023-11-16,Materials,0.08038,5,4,6,0.31988
2023-11-16,RealEstate,0.187,5,2,6,0.1358
2023-11-16,Tech,0.6645200000000001,5,5,46,0.49788
2023-11-16,Utilities,0.38788,5,5,11,0.0
2023-11-17,Comm,0.0,5,2,3,0.033600000000000005
2023-11-17,Consumer,0.22944,5,5,21,0.20961999999999997
2023-11-17,Energy,0.36504,5,4,14,0.006820000000000004
2023-11-17,Financials,0.27522,5,5,13,0.10324
2023-11-17,Healthcare,0.251,5,4,13,0.008640000000000004
2023-11-17,Industrials,0.5119,5,5,23,0.3578
2023-11-17,Materials,0.19308,5,4,4,0.08038
2023-11-17,RealEstate,-0.01544,5,2,5,0.187
2023-11-17,Tech,0.52012,5,5,41,0.6645200000000001
2023-11-17,Utilities,0.18202,5,4,7,0.38788
2023-11-20,Comm,0.1597,5,5,12,0.0
2023-11-20,Consumer,0.07755999999999999,5,5,31,0.22944
2023-11-20,Energy,0.13106,5,4,11,0.36504
2023-11-20,Financials,0.15446,5,5,21,0.27522
2023-11-20,Healthcare,0.38542,5,5,13,0.251
2023-11-20,Industrials,0.12482000000000001,5,4,19,0.5119
2023-11-20,Materials,0.37995999999999996,5,3,5,0.19308
2023-11-20,RealEstate,0.23156,5,4,10,-0.01544
2023-11-20,Tech,0.74916,5,5,66,0.52012
2023-11-20,Utilities,0.05464,5,1,2,0.18202
2023-11-21,Comm,0.17648000000000003,5,3,8,0.1597
2023-11-21,Consumer,0.26378,5,4,25,0.07755999999999999
2023-11-21,Energy,0.5094799999999999,5,5,20,0.13106
2023-11-21,Financials,0.12955999999999998,5,4,12,0.15446
2023-11-21,Healthcare,0.08077999999999999,5,4,12,0.38542
2023-11-21,Industrials,0.32154,5,5,17,0.12482000000000001
2023-11-21,Materials,0.0,5,4,6,0.37995999999999996
2023-11-21,RealEstate,0.15144000000000002,5,3,5,0.23156
2023-11-21,Tech,0.74446,5,5,84,0.74916
2023-11-21,Utilities,0.044320000000000005,5,5,10,0.05464
2023-11-22,Comm,0.14352,5,4,11,0.17648000000000003
2023-11-22,Consumer,0.14606000000000002,5,5,23,0.26378
2023-11-22,Energy,0.21949999999999997,5,4,12,0.5094799999999999
2023-11-22,Financials,0.05704,5,5,19,0.12955999999999998
2023-11-22,Healthcare,0.25236000000000003,5,5,8,0.08077999999999999
2023-11-22,Industrials,0.6368,5,5,24,0.32154
2023-11-22,Materials,0.25027999999999995,5,2,5,0.0
2023-11-22,RealEstate,-0.05,5,3,5,0.15144000000000002
2023-11-22,Tech,0.5412,5,5,78,0.74446
2023-11-22,Utilities,0.21139999999999998,5,3,7,0.044320000000000005
2023-11-24,Comm,0.28822000000000003,5,5,17,0.14352
2023-11-24,Consumer,0.33462000000000003,5,5,34,0.14606000000000002
2023-11-24,Energy,0.42202,5,4,18,0.21949999999999997
2023-11-24,Financials,0.21399999999999997,5,4,25,0.05704
2023-11-24,Healthcare,0.16798,5,5,13,0.25236000000000003
2023-11-24,Industrials,0.44702000000000003,5,4,19,0.6368
2023-11-24,Materials,0.10533999999999999,5,4,8,0.25027999999999995
2023-11-24,RealEstate,0.04046,5,3,7,-0.05
2023-11-24,Tech,0.45848000000000005,5,5,86,0.5412
2023-11-24,Utilities,0.20268000000000003,5,4,10,0.21139999999999998
2023-11-27,Comm,0.03848,5,4,13,0.28822000000000003
2023-11-27,Consumer,0.70104,5,5,54,0.33462000000000003
2023-11-27,Energy,0.39592,5,4,15,0.42202
2023-11-27,Financials,0.47165999999999997,5,5,24,0.21399999999999997
2023-11-27,Healthcare,0.41108,5,5,11,0.16798
2023-11-27,Industrials,0.10832000000000001,5,5,19,0.44702000000000003
2023-11-27,Materials,0.06514,5,4,7,0.10533999999999999
2023-11-27,RealEstate,0.15492,5,4,23,0.04046
2023-11-27,Tech,0.79504,5,5,65,0.45848000000000005
2023-11-27,Utilities,0.24834,5,2,6,0.20268000000000003
2023-11-28,Comm,0.21854,5,3,8,0.03848
2023-11-28,Consumer,0.3659,5,5,19,0.70104
2023-11-28,Energy,-0.060540000000000004,5,5,18,0.39592
2023-11-28,Financials,0.29598,5,3,11,0.47165999999999997
2023-11-28,Healthcare,0.19634000000000001,5,4,9,0.41108
2023-11-28,Industrials,0.11301999999999998,5,4,20,0.10832000000000001
2023-11-28,Materials,0.20454,5,3,6,0.06514
2023-11-28,RealEstate,0.19185999999999998,5,2,5,0.15492
2023-11-28,Tech,0.49982000000000004,5,5,45,0.79504
2023-11-28,Utilities,0.05464,5,4,5,0.24834
2023-11-29,Comm,0.1572,5,5,13,0.21854
2023-11-29,Consumer,0.47546,5,5,28,0.3659
2023-11-29,Energy,0.24421999999999996,5,5,24,-0.060540000000000004
2023-11-29,Financials,0.10358,5,4,18,0.29598
2023-11-29,Healthcare,0.31986,5,5,15,0.19634000000000001
2023-11-29,Industrials,0.2632,5,5,21,0.11301999999999998
2023-11-29,Materials,0.15095999999999998,5,3,7,0.20454
2023-11-29,RealEstate,0.297,5,4,12,0.19185999999999998
2023-11-29,Tech,0.8015000000000001,5,5,50,0.49982000000000004
2023-11-29,Utilities,0.26588,5,3,7,0.05464
2023-11-30,Comm,0.50824,5,4,13,0.1572
2023-11-30,Consumer,0.2784,5,5,27,0.47546
2023-11-30,Energy,0.48019999999999996,5,4,18,0.24421999999999996
2023-11-30,Financials,0.43088,5,5,16,0.10358
2023-11-30,Healthcare,0.36866000000000004,5,5,22,0.31986
2023-11-30,Industrials,0.18348,5,5,14,0.2632
2023-11-30,Materials,0.08038,5,4,4,0.15095999999999998
2023-11-30,RealEstate,0.14068,5,4,6,0.297
2023-11-30,Tech,0.41528,5,5,49,0.8015000000000001
2023-11-30,Utilities,0.34604,5,3,7,0.26588
2023-12-01,Comm,0.18062,5,3,8,0.50824
2023-12-01,Consumer,0.2839,5,4,18,0.2784
2023-12-01,Energy,0.0,5,3,9,0.48019999999999996
2023-12-01,Financials,0.12161999999999998,5,4,18,0.43088
2023-12-01,Healthcare,0.0,5,5,8,0.36866000000000004
2023-12-01,Industrials,-0.005919999999999992,5,5,16,0.18348
2023-12-01,Materials,0.16884,5,4,6,0.08038
2023-12-01,RealEstate,0.2237,5,4,9,0.14068
2023-12-01,Tech,0.26846,5,5,32,0.41528
2023-12-01,Utilities,0.21558000000000002,5,3,5,0.34604
2023-12-04,Comm,0.20542000000000002,5,4,23,0.18062
2023-12-04,Consumer,0.32902,5,5,34,0.2839
2023-12-04,Energy,0.11183999999999998,5,5,17,0.0
2023-12-04,Financials,0.43452,5,4,28,0.12161999999999998
2023-12-04,Healthcare,0.22271999999999997,5,5,15,0.0
2023-12-04,Industrials,0.40404,5,5,18,-0.005919999999999992
2023-12-04,Materials,0.0,5,1,1,0.16884
2023-12-04,RealEstate,0.28412,5,4,10,0.2237
2023-12-04,Tech,0.81724,5,5,68,0.26846
2023-12-04,Utilities,0.33306,5,3,6,0.21558000000000002
2023-12-05,Comm,0.36341999999999997,5,4,33,0.20542000000000002
2023-12-05,Consumer,0.28772000000000003,5,5,16,0.32902
2023-12-05,Energy,0.02066,5,3,17,0.11183999999999998
2023-12-05,Financials,0.3415,5,4,20,0.43452
2023-12-05,Healthcare,0.16519999999999999,5,3,7,0.22271999999999997
2023-12-05,Industrials,-0.03260000000000003,5,5,11,0.40404
2023-12-05,Materials,0.0,5,1,1,0.0
2023-12-05,RealEstate,0.18924000000000002,5,4,6,0.28412
2023-12-05,Tech,0.5597399999999999,5,5,52,0.81724
2023-12-05,Utilities,0.12248,5,4,5,0.33306
2023-12-06,Comm,0.14426,5,5,16,0.36341999999999997
2023-12-06,Consumer,0.36456,5,5,26,0.28772000000000003
2023-12-06,Energy,0.53876,5,5,30,0.02066
2023-12-06,Financials,-0.07583999999999999,5,4,16,0.3415
2023-12-06,Healthcare,0.47384000000000004,5,4,15,0.16519999999999999
2023-12-06,Industrials,0.31104000000000004,5,4,24,-0.03260000000000003
2023-12-06,Materials,0.08038,5,4,4,0.0
2023-12-06,RealEstate,0.31117999999999996,5,4,12,0.18924000000000002
2023-12-06,Tech,0.7399,5,5,50,0.5597399999999999
2023-12-06,Utilities,0.20724,5,3,5,0.12248
2023-12-07,Comm,0.17862,5,5,12,0.14426
2023-12-07,Consumer,0.71802,5,5,19,0.36456
2023-12-07,Energy,0.10264000000000002,5,5,21,0.53876
2023-12-07,Financials,0.15374,5,3,10,-0.07583999999999999
2023-12-07,Healthcare,0.10006,5,4,27,0.47384000000000004
2023-12-07,Industrials,0.00010000000000001119,5,5,18,0.31104000000000004
2023-12-07,Materials,0.08606,5,5,14,0.08038
2023-12-07,RealEstate,0.22275999999999999,5,3,14,0.31117999999999996
2023-12-07,Tech,0.61954,5,5,61,0.7399
2023-12-07,Utilities,0.41624,5,5,14,0.20724
2023-12-08,Comm,0.19685999999999998,5,5,14,0.17862
2023-12-08,Consumer,-0.07746,5,5,23,0.71802
2023-12-08,Energy,0.46364,5,5,32,0.10264000000000002
2023-12-08,Financials,0.19466,5,5,12,0.15374
2023-12-08,Healthcare,-0.04794,5,5,16,0.10006
2023-12-08,Industrials,0.08038,5,4,12,0.00010000000000001119
2023-12-08,Materials,0.17374,5,3,4,0.08606
2023-12-08,RealEstate,0.059199999999999996,5,4,8,0.22275999999999999
2023-12-08,Tech,0.87672,5,5,67,0.61954
2023-12-08,Utilities,0.05464,5,4,5,0.41624
2023-12-11,Comm,0.35802,5,5,19,0.19685999999999998
2023-12-11,Consumer,0.69464,5,5,41,-0.07746
2023-12-11,Energy,0.74638,5,5,65,0.46364
2023-12-11,Financials,0.24728000000000003,5,5,42,0.19466
2023-12-11,Healthcare,0.6054999999999999,5,5,35,-0.04794
2023-12-11,Industrials,0.15606,5,5,33,0.08038
2023-12-11,Materials,0.2726,5,5,9,0.17374
2023-12-11,RealEstate,0.1352,5,5,11,0.059199999999999996
2023-12-11,Tech,0.9151999999999999,5,5,125,0.87672
2023-12-11,Utilities,0.312,5,5,14,0.05464
2023-12-12,Comm,0.50934,5,3,20,0.35802
2023-12-12,Consumer,0.24370000000000003,5,5,20,0.69464
2023-12-12,Energy,0.27444,5,4,40,0.74638
2023-12-12,Financials,0.6147,5,5,28,0.24728000000000003
2023-12-12,Healthcare,0.33378,5,5,22,0.6054999999999999
2023-12-12,Industrials,0.72118,5,5,27,0.15606
2023-12-12,Materials,-0.04887999999999999,5,3,3,0.2726
2023-12-12,RealEstate,0.36750000000000005,5,5,15,0.1352
2023-12-12,Tech,0.63308,5,5,81,0.9151999999999999
2023-12-12,Utilities,0.12143999999999999,5,5,8,0.312
2023-12-13,Comm,0.43954000000000004,5,4,13,0.50934
2023-12-13,Consumer,0.24528000000000003,5,5,24,0.24370000000000003
2023-12-13,Energy,0.56708,5,5,26,0.27444
2023-12-13,Financials,0.23020000000000002,5,5,22,0.6147
2023-12-13,Healthcare,0.15576,5,5,17,0.33378
2023-12-13,Industrials,0.5495599999999999,5,5,24,0.72118
2023-12-13,Materials,0.40092,5,4,10,-0.04887999999999999
2023-12-13,RealEstate,0.53288,5,5,15,0.36750000000000005
2023-12-13,Tech,0.72394,5,5,45,0.63308
2023-12-13,Utilities,0.18324000000000001,5,3,8,0.12143999999999999
2023-12-14,Comm,0.34362,5,3,9,0.43954000000000004
2023-12-14,Consumer,0.30824,5,5,22,0.24528000000000003
2023-12-14,Energy,0.31978,5,4,12,0.56708
2023-12-14,Financials,-0.0003199999999999981,5,3,9,0.23020000000000002
2023-12-14,Healthcare,0.11574,5,3,4,0.15576
2023-12-14,Industrials,0.12824,5,3,7,0.5495599999999999
2023-12-14,Materials,0.0,5,4,5,0.40092
2023-12-14,RealEstate,0.16449999999999998,5,4,8,0.53288
2023-12-14,Tech,0.46562000000000003,5,5,35,0.72394
2023-12-14,Utilities,0.34126,5,3,9,0.18324000000000001
2023-12-15,Comm,-0.03062,5,4,7,0.34362
2023-12-15,Consumer,0.34834,5,4,18,0.30824
2023-12-15,Energy,0.11894,5,5,18,0.31978
2023-12-15,Financials,0.46563999999999994,5,3,17,-0.0003199999999999981
2023-12-15,Healthcare,0.0,5,1,1,0.11574
2023-12-15,Industrials,0.059199999999999996,5,2,3,0.12824
2023-12-15,Materials,-0.05464,5,1,1,0.0
2023-12-15,RealEstate,0.11080000000000001,5,2,8,0.16449999999999998
2023-12-15,Tech,0.48334,5,5,30,0.46562000000000003
2023-12-15,Utilities,0.14368,5,3,5,0.34126
2023-12-18,Comm,0.58294,5,5,22,-0.03062
2023-12-18,Consumer,0.34358,5,5,22,0.34834
2023-12-18,Energy,0.50232,5,4,34,0.11894
2023-12-18,Financials,0.20858,5,4,25,0.46563999999999994
2023-12-18,Healthcare,0.692,5,5,34,0.0
2023-12-18,Industrials,0.66214,5,5,29,0.059199999999999996
2023-12-18,Materials,-0.07972,5,4,5,-0.05464
2023-12-18,RealEstate,0.3961,5,3,10,0.11080000000000001
2023-12-18,Tech,0.74776,5,5,102,0.48334
2023-12-18,Utilities,0.10928,5,4,5,0.14368
2023-12-19,Comm,0.0,5,0,0,0.58294
2023-12-19,Consumer,0.0,5,0,0,0.34358
2023-12-19,Energy,0.0,5,0,0,0.50232
2023-12-19,Financials,0.0,5,0,0,0.20858
2023-12-19,Healthcare,0.0,5,0,0,0.692
2023-12-19,Industrials,0.0,5,0,0,0.66214
2023-12-19,Materials,0.0,5,0,0,-0.07972
2023-12-19,RealEstate,0.0,5,0,0,0.3961
2023-12-19,Tech,0.15244,5,1,6,0.74776
2023-12-19,Utilities,0.0,5,0,0,0.10928
2023-12-20,Comm,0.0,5,0,0,0.0
2023-12-20,Consumer,0.0,5,0,0,0.0
2023-12-20,Energy,0.0,5,0,0,0.0
2023-12-20,Financials,0.0,5,0,0,0.0
2023-12-20,Healthcare,0.0,5,0,0,0.0
2023-12-20,Industrials,0.0,5,0,0,0.0
2023-12-20,Materials,0.0,5,0,0,0.0
2023-12-20,RealEstate,0.0,5,0,0,0.0
2023-12-20,Tech,0.07472,5,1,5,0.15244
2023-12-20,Utilities,0.0,5,0,0,0.0
2023-12-21,Comm,0.0,5,0,0,0.0
2023-12-21,Consumer,0.0,5,0,0,0.0
2023-12-21,Energy,0.0,5,0,0,0.0
2023-12-21,Financials,0.0,5,0,0,0.0
2023-12-21,Healthcare,0.0,5,0,0,0.0
2023-12-21,Industrials,0.0,5,0,0,0.0
2023-12-21,Materials,0.0,5,0,0,0.0
2023-12-21,RealEstate,0.0,5,0,0,0.0
2023-12-21,Tech,0.1486,5,1,8,0.07472
2023-12-21,Utilities,0.0,5,0,0,0.0
2023-12-22,Comm,0.0,5,0,0,0.0
2023-12-22,Consumer,0.0,5,0,0,0.0
2023-12-22,Energy,0.0,5,0,0,0.0
2023-12-22,Financials,0.0,5,0,0,0.0
2023-12-22,Healthcare,0.0,5,0,0,0.0
2023-12-22,Industrials,0.0,5,0,0,0.0
2023-12-22,Materials,0.0,5,0,0,0.0
2023-12-22,RealEstate,0.0,5,0,0,0.0
2023-12-22,Tech,0.09534000000000001,5,1,5,0.1486
2023-12-22,Utilities,0.0,5,0,0,0.0
2023-12-26,Comm,0.0,5,0,0,0.0
2023-12-26,Consumer,0.0,5,0,0,0.0
2023-12-26,Energy,0.0,5,0,0,0.0
2023-12-26,Financials,0.0,5,0,0,0.0
2023-12-26,Healthcare,0.0,5,0,0,0.0
2023-12-26,Industrials,0.0,5,0,0,0.0
2023-12-26,Materials,0.0,5,0,0,0.0
2023-12-26,RealEstate,0.0,5,0,0,0.0
2023-12-26,Tech,0.19246000000000002,5,1,10,0.09534000000000001
2023-12-26,Utilities,0.0,5,0,0,0.0
2023-12-27,Comm,0.0,5,0,0,0.0
2023-12-27,Consumer,0.0,5,0,0,0.0
2023-12-27,Energy,0.0,5,0,0,0.0
2023-12-27,Financials,0.0,5,0,0,0.0
2023-12-27,Healthcare,0.0,5,0,0,0.0
2023-12-27,Industrials,0.0,5,0,0,0.0
2023-12-27,Materials,0.0,5,0,0,0.0
2023-12-27,RealEstate,0.0,5,0,0,0.0
2023-12-27,Tech,0.12498000000000001,5,1,4,0.19246000000000002
2023-12-27,Utilities,0.0,5,0,0,0.0
2023-12-28,Comm,0.0,5,0,0,0.0
2023-12-28,Consumer,0.0,5,0,0,0.0
2023-12-28,Energy,0.0,5,0,0,0.0
2023-12-28,Financials,0.0,5,0,0,0.0
2023-12-28,Healthcare,0.0,5,0,0,0.0
2023-12-28,Industrials,0.0,5,0,0,0.0
2023-12-28,Materials,0.0,5,0,0,0.0
2023-12-28,RealEstate,0.0,5,0,0,0.0
2023-12-28,Tech,0.14006000000000002,5,1,10,0.12498000000000001
2023-12-28,Utilities,0.0,5,0,0,0.0
2023-12-29,Comm,0.0,5,0,0,0.0
2023-12-29,Consumer,0.0,5,0,0,0.0
2023-12-29,Energy,0.0,5,0,0,0.0
2023-12-29,Financials,0.0,5,0,0,0.0
2023-12-29,Healthcare,0.0,5,0,0,0.0
2023-12-29,Industrials,0.0,5,0,0,0.0
2023-12-29,Materials,0.0,5,0,0,0.0
2023-12-29,RealEstate,0.0,5,0,0,0.0
2023-12-29,Tech,0.15556,5,1,8,0.14006000000000002
2023-12-29,Utilities,0.0,5,0,0,0.0
